curve,point_index,source_curve_index,source_path_segment,segment_t,pdf_x_pt,pdf_y_pt,log10_exposure_lux_s,density_status_A,x_low_graphic,x_high_graphic,y_low_graphic,y_high_graphic,exposure_lux_s
R,0,2,0,0,98.947,151.248,-2.400004769,3.679992195,-2.417140181,-2.382869358,3.662865567,3.697118824,0.003981027985
R,1,2,1,0.07142857143,99.18921429,151.2804286,-2.394753705,3.679289167,-2.411889117,-2.377618293,3.662162539,3.696415796,0.004029454863
R,2,2,1,0.1428571429,99.43142857,151.3128571,-2.38950264,3.67858614,-2.406638052,-2.372367228,3.661459511,3.695712768,0.004078470825
R,3,2,1,0.2142857143,99.67364286,151.3452857,-2.384251575,3.677883112,-2.401386987,-2.367116164,3.660756483,3.69500974,0.004128083037
R,4,2,1,0.2857142857,99.91585714,151.3777143,-2.379000511,3.677180084,-2.396135922,-2.361865099,3.660053455,3.694306712,0.004178298753
R,5,2,1,0.3571428571,100.1580714,151.4101429,-2.373749446,3.676477056,-2.390884858,-2.356614034,3.659350427,3.693603684,0.004229125314
R,6,2,1,0.4285714286,100.4002857,151.4425714,-2.368498381,3.675774028,-2.385633793,-2.351362969,3.658647399,3.692900656,0.00428057015
R,7,2,1,0.5,100.6425,151.475,-2.363247317,3.675071,-2.380382728,-2.346111905,3.657944371,3.692197628,0.004332640783
R,8,2,1,0.5714285714,100.8847143,151.5074286,-2.357996252,3.674367972,-2.375131664,-2.34086084,3.657241343,3.6914946,0.004385344824
R,9,2,1,0.6428571429,101.1269286,151.5398571,-2.352745187,3.673664944,-2.369880599,-2.335609775,3.656538315,3.690791572,0.00443868998
R,10,2,1,0.7142857143,101.3691429,151.5722857,-2.347494123,3.672961916,-2.364629534,-2.330358711,3.655835287,3.690088544,0.004492684047
R,11,2,1,0.7857142857,101.6113571,151.6047143,-2.342243058,3.672258888,-2.35937847,-2.325107646,3.655132259,3.689385516,0.004547334922
R,12,2,1,0.8571428571,101.8535714,151.6371429,-2.336991993,3.67155586,-2.354127405,-2.319856581,3.654429231,3.688682488,0.004602650592
R,13,2,1,0.9285714286,102.0957857,151.6695714,-2.331740928,3.670852832,-2.34887634,-2.314605517,3.653726203,3.68797946,0.004658639144
R,14,2,1,1,102.338,151.702,-2.326489864,3.670149804,-2.343625276,-2.309354452,3.653023175,3.687276432,0.004715308765
R,15,2,2,0.07692307692,102.5650769,151.7496154,-2.321566968,3.669117537,-2.33870238,-2.304431556,3.651990908,3.686244165,0.004769062694
R,16,2,2,0.1538461538,102.7921538,151.7972308,-2.316644073,3.66808527,-2.333779485,-2.299508661,3.650958641,3.685211898,0.004823429411
R,17,2,2,0.2307692308,103.0192308,151.8448462,-2.311721177,3.667053002,-2.328856589,-2.294585766,3.649926374,3.684179631,0.004878415902
R,18,2,2,0.3076923077,103.2463077,151.8924615,-2.306798282,3.666020735,-2.323933694,-2.28966287,3.648894107,3.683147364,0.004934029232
R,19,2,2,0.3846153846,103.4733846,151.9400769,-2.301875386,3.664988468,-2.319010798,-2.284739975,3.64786184,3.682115097,0.004990276547
R,20,2,2,0.4615384615,103.7004615,151.9876923,-2.296952491,3.663956201,-2.314087903,-2.279817079,3.646829573,3.68108283,0.005047165074
R,21,2,2,0.5384615385,103.9275385,152.0353077,-2.292029595,3.662923934,-2.309165007,-2.274894184,3.645797305,3.680050563,0.005104702123
R,22,2,2,0.6153846154,104.1546154,152.0829231,-2.2871067,3.661891667,-2.304242112,-2.269971288,3.644765038,3.679018296,0.005162895088
R,23,2,2,0.6923076923,104.3816923,152.1305385,-2.282183804,3.6608594,-2.299319216,-2.265048393,3.643732771,3.677986029,0.005221751445
R,24,2,2,0.7692307692,104.6087692,152.1781538,-2.277260909,3.659827133,-2.294396321,-2.260125497,3.642700504,3.676953761,0.005281278757
R,25,2,2,0.8461538462,104.8358462,152.2257692,-2.272338013,3.658794866,-2.289473425,-2.255202602,3.641668237,3.675921494,0.005341484673
R,26,2,2,0.9230769231,105.0629231,152.2733846,-2.267415118,3.657762599,-2.28455053,-2.250279706,3.64063597,3.674889227,0.005402376929
R,27,2,2,1,105.29,152.321,-2.262492222,3.656730331,-2.279627634,-2.245356811,3.639603703,3.67385696,0.005463963349
R,28,2,3,0.09090909091,105.5224545,152.3897273,-2.257452743,3.655240374,-2.274588155,-2.240317331,3.638113745,3.672367003,0.005527735534
R,29,2,3,0.1818181818,105.7549091,152.4584545,-2.252413264,3.653750416,-2.269548676,-2.235277852,3.636623788,3.670877045,0.005592252031
R,30,2,3,0.2727272727,105.9873636,152.5271818,-2.247373785,3.652260459,-2.264509197,-2.230238373,3.63513383,3.669387087,0.005657521527
R,31,2,3,0.3636363636,106.2198182,152.5959091,-2.242334306,3.650770501,-2.259469717,-2.225198894,3.633643873,3.66789713,0.00572355281
R,32,2,3,0.4545454545,106.4522727,152.6646364,-2.237294826,3.649280544,-2.254430238,-2.220159415,3.632153915,3.666407172,0.005790354772
R,33,2,3,0.5454545455,106.6847273,152.7333636,-2.232255347,3.647790586,-2.249390759,-2.215119935,3.630663957,3.664917215,0.005857936407
R,34,2,3,0.6363636364,106.9171818,152.8020909,-2.227215868,3.646300629,-2.24435128,-2.210080456,3.629174,3.663427257,0.005926306816
R,35,2,3,0.7272727273,107.1496364,152.8708182,-2.222176389,3.644810671,-2.239311801,-2.205040977,3.627684042,3.6619373,0.005995475204
R,36,2,3,0.8181818182,107.3820909,152.9395455,-2.21713691,3.643320713,-2.234272321,-2.200001498,3.626194085,3.660447342,0.006065450885
R,37,2,3,0.9090909091,107.6145455,153.0082727,-2.21209743,3.641830756,-2.229232842,-2.194962019,3.624704127,3.658957384,0.006136243281
R,38,2,3,1,107.847,153.077,-2.207057951,3.640340798,-2.224193363,-2.189922539,3.62321417,3.657467427,0.006207861925
R,39,2,4,0.00390625,107.9754401,153.1220329,-2.204273446,3.639364517,-2.221408857,-2.187138034,3.622237888,3.656491145,0.006247791882
R,40,2,4,0.0078125,108.1038372,153.1679489,-2.201489869,3.638369092,-2.218625281,-2.184354458,3.621242463,3.65549572,0.006287965217
R,41,2,4,0.01171875,108.2321899,153.2147432,-2.198707259,3.637354626,-2.215842671,-2.181571847,3.620227998,3.654481255,0.006328382793
R,42,2,4,0.015625,108.3604963,153.2624109,-2.195925651,3.636321224,-2.213061063,-2.178790239,3.619194596,3.653447853,0.006369045466
R,43,2,4,0.01953125,108.4887548,153.3109474,-2.193145081,3.635268988,-2.210280493,-2.176009669,3.61814236,3.652395617,0.006409954087
R,44,2,4,0.0234375,108.6169637,153.3603479,-2.190365586,3.634198022,-2.207500998,-2.173230175,3.617071393,3.65132465,0.0064511095
R,45,2,4,0.02734375,108.7451214,153.4106075,-2.187587203,3.633108428,-2.204722615,-2.170451791,3.615981799,3.650235056,0.006492512541
R,46,2,4,0.03125,108.8732261,153.4617217,-2.184809967,3.63200031,-2.201945379,-2.167674555,3.614873681,3.649126938,0.00653416404
R,47,2,4,0.03515625,109.0012762,153.5136856,-2.182033915,3.630873771,-2.199169326,-2.164898503,3.613747142,3.648000399,0.00657606482
R,48,2,4,0.0390625,109.1292701,153.5664944,-2.179259083,3.629728914,-2.196394494,-2.162123671,3.612602285,3.646855543,0.006618215697
R,49,2,4,0.04296875,109.257206,153.6201434,-2.176485507,3.628565843,-2.193620919,-2.159350095,3.611439214,3.645692471,0.006660617479
R,50,2,4,0.046875,109.3850822,153.6746278,-2.173713225,3.62738466,-2.190848637,-2.156577813,3.610258031,3.644511289,0.006703270967
R,51,2,4,0.05078125,109.5128971,153.7299429,-2.170942271,3.626185469,-2.188077683,-2.15380686,3.60905884,3.643312098,0.006746176952
R,52,2,4,0.0546875,109.6406491,153.7860838,-2.168172684,3.624968373,-2.185308096,-2.151037272,3.607841745,3.642095002,0.00678933622
R,53,2,4,0.05859375,109.7683363,153.843046,-2.165404498,3.623733476,-2.18253991,-2.148269086,3.606606847,3.640860104,0.006832749547
R,54,2,4,0.0625,109.8959573,153.9008245,-2.16263775,3.62248088,-2.179773162,-2.145502339,3.605354251,3.639607508,0.0068764177
R,55,2,4,0.06640625,110.0235102,153.9594146,-2.159872478,3.621210688,-2.177007889,-2.142737066,3.60408406,3.638337317,0.00692034144
R,56,2,4,0.0703125,110.1509934,154.0188116,-2.157108715,3.619923005,-2.174244127,-2.139973304,3.602796376,3.637049633,0.006964521517
R,57,2,4,0.07421875,110.2784053,154.0790106,-2.154346501,3.618617932,-2.171481913,-2.137211089,3.601491303,3.635744561,0.007008958673
R,58,2,4,0.078125,110.4057441,154.1400071,-2.15158587,3.617295574,-2.168721281,-2.134450458,3.600168945,3.634422202,0.00705365364
R,59,2,4,0.08203125,110.5330081,154.2017961,-2.148826858,3.615956033,-2.16596227,-2.131691447,3.598829404,3.633082662,0.00709860714
R,60,2,4,0.0859375,110.6601958,154.2643729,-2.146069503,3.614599413,-2.163204915,-2.128934092,3.597472784,3.631726041,0.007143819889
R,61,2,4,0.08984375,110.7873054,154.3277328,-2.143313841,3.613225816,-2.160449253,-2.126178429,3.596099188,3.630352445,0.007189292588
R,62,2,4,0.09375,110.9143353,154.3918709,-2.140559908,3.611835347,-2.15769532,-2.123424496,3.594708719,3.628961976,0.007235025933
R,63,2,4,0.09765625,111.0412837,154.4567827,-2.13780774,3.610428108,-2.154943152,-2.120672328,3.59330148,3.627554737,0.007281020606
R,64,2,4,0.1015625,111.1681491,154.5224631,-2.135057373,3.609004203,-2.152192785,-2.117921962,3.591877574,3.626130831,0.007327277281
R,65,2,4,0.10546875,111.2949296,154.5889077,-2.132308845,3.607563734,-2.149444257,-2.115173433,3.590437105,3.624690362,0.007373796619
R,66,2,4,0.109375,111.4216237,154.6561114,-2.129562191,3.606106805,-2.146697603,-2.112426779,3.588980176,3.623233433,0.007420579274
R,67,2,4,0.11328125,111.5482296,154.7240697,-2.126817448,3.604633519,-2.143952859,-2.109682036,3.58750689,3.621760148,0.007467625885
R,68,2,4,0.1171875,111.6747458,154.7927777,-2.124074651,3.603143979,-2.141210063,-2.106939239,3.586017351,3.620270608,0.007514937082
R,69,2,4,0.12109375,111.8011705,154.8622306,-2.121333838,3.601638289,-2.13846925,-2.104198426,3.58451166,3.618764918,0.007562513483
R,70,2,4,0.125,111.927502,154.9324238,-2.118595045,3.600116552,-2.135730456,-2.101459633,3.582989923,3.61724318,0.007610355694
R,71,2,4,0.12890625,112.0537386,155.0033525,-2.115858307,3.59857887,-2.132993719,-2.098722895,3.581452241,3.615705499,0.007658464309
R,72,2,4,0.1328125,112.1798788,155.0750118,-2.113123662,3.597025347,-2.130259074,-2.09598825,3.579898719,3.614151976,0.007706839911
R,73,2,4,0.13671875,112.3059207,155.1473971,-2.110391146,3.595456087,-2.127526558,-2.093255734,3.578329458,3.612582716,0.00775548307
R,74,2,4,0.140625,112.4318628,155.2205035,-2.107660795,3.593871192,-2.124796206,-2.090525383,3.576744564,3.610997821,0.007804394343
R,75,2,4,0.14453125,112.5577034,155.2943264,-2.104932645,3.592270766,-2.122068056,-2.087797233,3.575144138,3.609397395,0.007853574274
R,76,2,4,0.1484375,112.6834407,155.3688609,-2.102206732,3.590654912,-2.119342144,-2.085071321,3.573528283,3.607781541,0.007903023396
R,77,2,4,0.15234375,112.8090732,155.4441023,-2.099483094,3.589023733,-2.116618506,-2.082347682,3.571897104,3.606150361,0.007952742226
R,78,2,4,0.15625,112.934599,155.5200458,-2.096761766,3.587377332,-2.113897178,-2.079626355,3.570250703,3.604503961,0.00800273127
R,79,2,4,0.16015625,113.0600167,155.5966867,-2.094042785,3.585715813,-2.111178197,-2.076907374,3.568589184,3.602842441,0.008052991018
R,80,2,4,0.1640625,113.1853244,155.6740202,-2.091326187,3.584039278,-2.108461599,-2.074190776,3.566912649,3.601165907,0.008103521947
R,81,2,4,0.16796875,113.3105205,155.7520416,-2.088612009,3.582347831,-2.105747421,-2.071476597,3.565221203,3.59947446,0.008154324521
R,82,2,4,0.171875,113.4356033,155.830746,-2.085900286,3.580641576,-2.103035698,-2.068764874,3.563514947,3.597768204,0.008205399189
R,83,2,4,0.17578125,113.5605712,155.9101288,-2.083191055,3.578920614,-2.100326467,-2.066055643,3.561793986,3.596047243,0.008256746384
R,84,2,4,0.1796875,113.6854224,155.9901852,-2.080484353,3.57718505,-2.097619765,-2.063348941,3.560058422,3.594311679,0.008308366525
R,85,2,4,0.18359375,113.8101553,156.0709103,-2.077780215,3.575434987,-2.094915627,-2.060644803,3.558308358,3.592561616,0.008360260016
R,86,2,4,0.1875,113.9347683,156.1522996,-2.075078679,3.573670528,-2.092214091,-2.057943267,3.556543899,3.590797157,0.008412427246
R,87,2,4,0.19140625,114.0592596,156.2343481,-2.07237978,3.571891776,-2.089515191,-2.055244368,3.554765147,3.589018404,0.008464868588
R,88,2,4,0.1953125,114.1836276,156.3170511,-2.069683554,3.570098834,-2.086818966,-2.052548143,3.552972205,3.587225463,0.008517584399
R,89,2,4,0.19921875,114.3078706,156.4004039,-2.066990039,3.568291806,-2.084125451,-2.049854627,3.551165177,3.585418434,0.00857057502
R,90,2,4,0.203125,114.4319868,156.4844017,-2.064299271,3.566470794,-2.081434682,-2.047163859,3.549344165,3.583597423,0.008623840776
R,91,2,4,0.20703125,114.5559748,156.5690397,-2.061611285,3.564635902,-2.078746696,-2.044475873,3.547509273,3.581762531,0.008677381974
R,92,2,4,0.2109375,114.6798326,156.6543133,-2.058926118,3.562787234,-2.07606153,-2.041790706,3.545660605,3.579913862,0.008731198907
R,93,2,4,0.21484375,114.8035588,156.7402175,-2.056243807,3.560924891,-2.073379218,-2.039108395,3.543798263,3.57805152,0.008785291848
R,94,2,4,0.21875,114.9271516,156.8267478,-2.053564387,3.559048978,-2.070699799,-2.036428975,3.54192235,3.576175607,0.008839661053
R,95,2,4,0.22265625,115.0506093,156.9138992,-2.050887896,3.557159598,-2.068023308,-2.033752484,3.54003297,3.574286227,0.008894306763
R,96,2,4,0.2265625,115.1739303,157.0016671,-2.048214369,3.555256854,-2.065349781,-2.031078957,3.538130226,3.572383483,0.008949229199
R,97,2,4,0.23046875,115.2971128,157.0900467,-2.045543843,3.553340849,-2.062679255,-2.028408431,3.536214221,3.570467478,0.009004428563
R,98,2,4,0.234375,115.4201553,157.1790331,-2.042876354,3.551411686,-2.060011766,-2.025740942,3.534285058,3.568538315,0.009059905041
R,99,2,4,0.23828125,115.543056,157.2686218,-2.040211939,3.549469469,-2.057347351,-2.023076527,3.532342841,3.566596098,0.009115658798
R,100,2,4,0.2421875,115.6658132,157.3588078,-2.037550633,3.547514301,-2.054686045,-2.020415222,3.530387672,3.564640929,0.009171689983
R,101,2,4,0.24609375,115.7884253,157.4495865,-2.034892474,3.545546284,-2.052027886,-2.017757062,3.528419656,3.562672913,0.009227998724
R,102,2,4,0.25,115.9108906,157.5409531,-2.032237497,3.543565523,-2.049372909,-2.015102086,3.526438894,3.560692152,0.009284585128
R,103,2,4,0.25390625,116.0332075,157.6329028,-2.02958574,3.54157212,-2.046721151,-2.012450328,3.524445491,3.558698748,0.009341449286
R,104,2,4,0.2578125,116.1553742,157.7254309,-2.026937237,3.539566178,-2.044072649,-2.009801825,3.52243955,3.556692807,0.009398591267
R,105,2,4,0.26171875,116.277389,157.8185326,-2.024292026,3.537547802,-2.041427438,-2.007156614,3.520421173,3.55467443,0.009456011119
R,106,2,4,0.265625,116.3992504,157.9122031,-2.021650143,3.535517093,-2.038785554,-2.004514731,3.518390464,3.552643721,0.009513708872
R,107,2,4,0.26953125,116.5209565,158.0064377,-2.019011623,3.533474155,-2.036147035,-2.001876212,3.516347526,3.550600784,0.009571684532
R,108,2,4,0.2734375,116.6425059,158.1012316,-2.016376505,3.531419092,-2.033511917,-1.999241093,3.514292463,3.54854572,0.009629938087
R,109,2,4,0.27734375,116.7638967,158.19658,-2.013744823,3.529352006,-2.030880235,-1.996609412,3.512225377,3.546478634,0.009688469503
R,110,2,4,0.28125,116.8851272,158.2924783,-2.011116615,3.527273001,-2.028252027,-1.993981203,3.510146372,3.544399629,0.009747278723
R,111,2,4,0.28515625,117.0061959,158.3889216,-2.008491916,3.525182179,-2.025627328,-1.991356505,3.508055551,3.542308808,0.009806365669
R,112,2,4,0.2890625,117.127101,158.4859052,-2.005870764,3.523079645,-2.023006175,-1.988735352,3.505953017,3.540206274,0.009865730243
R,113,2,4,0.29296875,117.2478409,158.5834243,-2.003253193,3.520965502,-2.020388605,-1.986117781,3.503838873,3.53809213,0.009925372321
R,114,2,4,0.296875,117.3684139,158.6814742,-2.000639241,3.518839852,-2.017774653,-1.983503829,3.501713223,3.53596648,0.009985291759
R,115,2,4,0.30078125,117.4888183,158.78005,-1.998028944,3.516702798,-2.015164356,-1.980893532,3.49957617,3.533829427,0.01004548839
R,116,2,4,0.3046875,117.6090524,158.8791471,-1.995422338,3.514554445,-2.01255775,-1.978286926,3.497427816,3.531681074,0.01010596202
R,117,2,4,0.30859375,117.7291146,158.9787607,-1.99281946,3.512394895,-2.009954872,-1.975684048,3.495268266,3.529521523,0.01016671244
R,118,2,4,0.3125,117.8490032,159.078886,-1.990220346,3.510224251,-2.007355758,-1.973084934,3.493097622,3.527350879,0.01022773941
R,119,2,4,0.31640625,117.9687164,159.1795182,-1.987625032,3.508042616,-2.004760444,-1.97048962,3.490915988,3.525169245,0.01028904267
R,120,2,4,0.3203125,118.0882527,159.2806527,-1.985033555,3.505850095,-2.002168966,-1.967898143,3.488723466,3.522976723,0.01035062192
R,121,2,4,0.32421875,118.2076104,159.3822846,-1.98244595,3.503646789,-1.999581362,-1.965310538,3.486520161,3.520773418,0.01041247687
R,122,2,4,0.328125,118.3267877,159.4844091,-1.979862255,3.501432803,-1.996997667,-1.962726843,3.484306174,3.518559431,0.01047460717
R,123,2,4,0.33203125,118.445783,159.5870216,-1.977282506,3.499208239,-1.994417918,-1.960147094,3.48208161,3.516334867,0.01053701247
R,124,2,4,0.3359375,118.5645947,159.6901172,-1.974706739,3.4969732,-1.99184215,-1.957571327,3.479846571,3.514099829,0.01059969238
R,125,2,4,0.33984375,118.683221,159.7936912,-1.97213499,3.49472779,-1.989270401,-1.954999578,3.477601162,3.511854419,0.01066264648
R,126,2,4,0.34375,118.8016602,159.8977389,-1.969567295,3.492472113,-1.986702707,-1.952431883,3.475345484,3.509598741,0.01072587435
R,127,2,4,0.34765625,118.9199108,160.0022554,-1.967003692,3.49020627,-1.984139104,-1.94986828,3.473079641,3.507332899,0.01078937551
R,128,2,4,0.3515625,119.037971,160.107236,-1.964444216,3.487930366,-1.981579628,-1.947308804,3.470803737,3.505056994,0.01085314947
R,129,2,4,0.35546875,119.1558391,160.212676,-1.961888903,3.485644503,-1.979024315,-1.944753492,3.468517874,3.502771132,0.01091719573
R,130,2,4,0.359375,119.2735135,160.3185706,-1.959337791,3.483348785,-1.976473203,-1.942202379,3.466222157,3.500475414,0.01098151373
R,131,2,4,0.36328125,119.3909925,160.424915,-1.956790915,3.481043315,-1.973926327,-1.939655503,3.463916687,3.498169944,0.01104610291
R,132,2,4,0.3671875,119.5082744,160.5317045,-1.954248312,3.478728197,-1.971383724,-1.9371129,3.461601568,3.495854825,0.01111096266
R,133,2,4,0.37109375,119.6253575,160.6389343,-1.951710017,3.476403532,-1.968845429,-1.934574606,3.459276904,3.493530161,0.01117609237
R,134,2,4,0.375,119.7422402,160.7465996,-1.949176069,3.474069426,-1.96631148,-1.932040657,3.456942797,3.491196054,0.01124149137
R,135,2,4,0.37890625,119.8589208,160.8546957,-1.946646501,3.47172598,-1.963781913,-1.92951109,3.454599351,3.488852608,0.01130715898
R,136,2,4,0.3828125,119.9753976,160.9632179,-1.944121352,3.469373298,-1.961256764,-1.926985941,3.452246669,3.486499926,0.0113730945
R,137,2,4,0.38671875,120.0916689,161.0721613,-1.941600658,3.467011483,-1.95873607,-1.924465246,3.449884854,3.484138111,0.01143929717
R,138,2,4,0.390625,120.2077331,161.1815213,-1.939084454,3.464640638,-1.956219866,-1.921949042,3.44751401,3.481767267,0.01150576624
R,139,2,4,0.39453125,120.3235885,161.291293,-1.936572777,3.462260868,-1.953708189,-1.919437365,3.445134239,3.479387496,0.0115725009
R,140,2,4,0.3984375,120.4392334,161.4014716,-1.934065663,3.459872274,-1.951201075,-1.916930252,3.442745645,3.476998902,0.01163950032
R,141,2,4,0.40234375,120.5546661,161.5120525,-1.93156315,3.45747496,-1.948698561,-1.914427738,3.440348331,3.474601588,0.01170676365
R,142,2,4,0.40625,120.6698849,161.6230309,-1.929065272,3.455069029,-1.946200684,-1.91192986,3.4379424,3.472195657,0.01177428999
R,143,2,4,0.41015625,120.7848882,161.734402,-1.926572067,3.452654584,-1.943707479,-1.909436655,3.435527956,3.469781213,0.01184207843
R,144,2,4,0.4140625,120.8996744,161.846161,-1.92408357,3.450231729,-1.941218982,-1.906948159,3.433105101,3.467358358,0.01191012802
R,145,2,4,0.41796875,121.0142416,161.9583032,-1.921599819,3.447800567,-1.938735231,-1.904464407,3.430673939,3.464927196,0.01197843777
R,146,2,4,0.421875,121.1285883,162.0708239,-1.919120849,3.445361201,-1.936256261,-1.901985437,3.428234573,3.46248783,0.01204700667
R,147,2,4,0.42578125,121.2427128,162.1837182,-1.916646697,3.442913735,-1.933782109,-1.899511285,3.425787106,3.460040363,0.01211583368
R,148,2,4,0.4296875,121.3566134,162.2969814,-1.914177399,3.44045827,-1.931312811,-1.897041987,3.423331642,3.457584899,0.01218491772
R,149,2,4,0.43359375,121.4702884,162.4106087,-1.911712991,3.437994911,-1.928848403,-1.89457758,3.420868283,3.45512154,0.01225425768
R,150,2,4,0.4375,121.5837361,162.5245955,-1.909253511,3.435523761,-1.926388923,-1.892118099,3.418397133,3.45265039,0.01232385243
R,151,2,4,0.44140625,121.6969549,162.6389368,-1.906798993,3.433044923,-1.923934405,-1.889663581,3.415918295,3.450171552,0.01239370078
R,152,2,4,0.4453125,121.8099431,162.753628,-1.904349475,3.430558501,-1.921484887,-1.887214063,3.413431872,3.447685129,0.01246380153
R,153,2,4,0.44921875,121.922699,162.8686644,-1.901904993,3.428064596,-1.919040405,-1.884769581,3.410937968,3.445191225,0.01253415345
R,154,2,4,0.453125,122.0352209,162.984041,-1.899465583,3.425563314,-1.916600995,-1.882330171,3.408436685,3.442689942,0.01260475525
R,155,2,4,0.45703125,122.1475072,163.0997533,-1.897031281,3.423054756,-1.914166693,-1.879895869,3.405928127,3.440181384,0.01267560564
R,156,2,4,0.4609375,122.2595562,163.2157964,-1.894602124,3.420539026,-1.911737536,-1.877466713,3.403412397,3.437665654,0.01274670326
R,157,2,4,0.46484375,122.3713662,163.3321655,-1.892178149,3.418016227,-1.909313561,-1.875042737,3.400889598,3.435142856,0.01281804675
R,158,2,4,0.46875,122.4829355,163.4488559,-1.889759391,3.415486463,-1.906894802,-1.872623979,3.398359834,3.432613092,0.0128896347
R,159,2,4,0.47265625,122.5942625,163.5658629,-1.887345886,3.412949836,-1.904481298,-1.870210475,3.395823208,3.430076465,0.01296146566
R,160,2,4,0.4765625,122.7053455,163.6831817,-1.884937672,3.41040645,-1.902073084,-1.867802261,3.393279822,3.427533079,0.01303353816
R,161,2,4,0.48046875,122.8161827,163.8008074,-1.882534785,3.407856409,-1.899670197,-1.865399373,3.39072978,3.424983037,0.01310585067
R,162,2,4,0.484375,122.9267726,163.9187355,-1.88013726,3.405299814,-1.897272672,-1.863001848,3.388173186,3.422426443,0.01317840165
R,163,2,4,0.48828125,123.0371135,164.036961,-1.877745135,3.40273677,-1.894880547,-1.860609723,3.385610141,3.419863399,0.01325118952
R,164,2,4,0.4921875,123.1472036,164.1554793,-1.875358445,3.40016738,-1.892493857,-1.858223033,3.383040751,3.417294008,0.01332421265
R,165,2,4,0.49609375,123.2570413,164.2742855,-1.872977227,3.397591746,-1.890112639,-1.855841815,3.380465117,3.414718375,0.01339746938
R,166,2,4,0.5,123.366625,164.393375,-1.870601517,3.395009972,-1.887736929,-1.853466105,3.377883344,3.412136601,0.01347095802
R,167,2,4,0.50390625,123.4759529,164.5127429,-1.868231352,3.392422162,-1.885366764,-1.85109594,3.375295533,3.409548791,0.01354467685
R,168,2,4,0.5078125,123.5850234,164.6323846,-1.865866768,3.389828418,-1.883002179,-1.848731356,3.37270179,3.406955047,0.01361862409
R,169,2,4,0.51171875,123.6938347,164.7522951,-1.863507801,3.387228844,-1.880643212,-1.846372389,3.370102215,3.404355473,0.01369279794
R,170,2,4,0.515625,123.8023853,164.8724699,-1.861154487,3.384623543,-1.878289899,-1.844019075,3.367496914,3.401750171,0.01376719655
R,171,2,4,0.51953125,123.9106734,164.992904,-1.858806864,3.382012617,-1.875942275,-1.841671452,3.364885989,3.399139246,0.01384181806
R,172,2,4,0.5234375,124.0186974,165.1135928,-1.856464966,3.379396171,-1.873600378,-1.839329554,3.362269542,3.3965228,0.01391666053
R,173,2,4,0.52734375,124.1264556,165.2345315,-1.854128832,3.376774307,-1.871264243,-1.83699342,3.359647679,3.393900936,0.01399172203
R,174,2,4,0.53125,124.2339463,165.3557154,-1.851798496,3.374147129,-1.868933908,-1.834663084,3.357020501,3.391273758,0.01406700054
R,175,2,4,0.53515625,124.3411679,165.4771396,-1.849473995,3.37151474,-1.866609407,-1.832338584,3.354388112,3.388641369,0.01414249405
R,176,2,4,0.5390625,124.4481186,165.5987994,-1.847155367,3.368877243,-1.864290778,-1.830019955,3.351750614,3.386003872,0.01421820047
R,177,2,4,0.54296875,124.5547967,165.7206901,-1.844842646,3.366234741,-1.861978058,-1.827707234,3.349108113,3.38336137,0.01429411772
R,178,2,4,0.546875,124.6612007,165.8428069,-1.842535869,3.363587338,-1.859671281,-1.825400457,3.346460709,3.380713967,0.01437024362
R,179,2,4,0.55078125,124.7673289,165.965145,-1.840235073,3.360935136,-1.857370485,-1.823099661,3.343808507,3.378061765,0.01444657601
R,180,2,4,0.5546875,124.8731794,166.0876997,-1.837940294,3.358278239,-1.855075706,-1.820804882,3.341151611,3.375404868,0.01452311264
R,181,2,4,0.55859375,124.9787508,166.2104662,-1.835651569,3.35561675,-1.85278698,-1.818516157,3.338490122,3.372743379,0.01459985127
R,182,2,4,0.5625,125.0840413,166.3334397,-1.833368933,3.352950773,-1.850504344,-1.816233521,3.335824144,3.370077402,0.01467678957
R,183,2,4,0.56640625,125.1890492,166.4566155,-1.831092423,3.35028041,-1.848227834,-1.813957011,3.333153781,3.367407039,0.01475392521
R,184,2,4,0.5703125,125.2937728,166.5799889,-1.828822075,3.347605764,-1.845957487,-1.811686663,3.330479136,3.364732393,0.01483125579
R,185,2,4,0.57421875,125.3982105,166.703555,-1.826557926,3.34492694,-1.843693338,-1.809422514,3.327800311,3.362053569,0.0149087789
R,186,2,4,0.578125,125.5023606,166.8273092,-1.824300012,3.342244039,-1.841435424,-1.8071646,3.325117411,3.359370668,0.01498649207
R,187,2,4,0.58203125,125.6062215,166.9512466,-1.822048369,3.339557166,-1.839183781,-1.804912957,3.322430538,3.356683795,0.01506439279
R,188,2,4,0.5859375,125.7097914,167.0753625,-1.819803034,3.336866424,-1.836938446,-1.802667622,3.319739795,3.353993052,0.0151424785
R,189,2,4,0.58984375,125.8130686,167.1996521,-1.817564043,3.334171914,-1.834699455,-1.800428631,3.317045286,3.351298543,0.01522074664
R,190,2,4,0.59375,125.9160516,167.3241107,-1.815331433,3.331473742,-1.832466844,-1.798196021,3.314347114,3.348600371,0.01529919455
R,191,2,4,0.59765625,126.0187386,167.4487335,-1.813105239,3.32877201,-1.830240651,-1.795969827,3.311645382,3.345898639,0.01537781958
R,192,2,4,0.6015625,126.1211279,167.5735157,-1.810885498,3.326066821,-1.82802091,-1.793750086,3.308940193,3.34319345,0.01545661901
R,193,2,4,0.60546875,126.2232179,167.6984527,-1.808672246,3.323358279,-1.825807658,-1.791536835,3.30623165,3.340484908,0.01553559008
R,194,2,4,0.609375,126.3250069,167.8235395,-1.806465521,3.320646487,-1.823600933,-1.789330109,3.303519858,3.337773115,0.01561473001
R,195,2,4,0.61328125,126.4264932,167.9487715,-1.804265357,3.317931547,-1.821400769,-1.787129945,3.300804918,3.335058175,0.01569403594
R,196,2,4,0.6171875,126.5276751,168.074144,-1.802071792,3.315213563,-1.819207204,-1.78493638,3.298086934,3.332340192,0.01577350501
R,197,2,4,0.62109375,126.628551,168.1996521,-1.799884861,3.312492639,-1.817020273,-1.78274945,3.29536601,3.329619267,0.0158531343
R,198,2,4,0.625,126.7291191,168.325291,-1.797704602,3.309768877,-1.814840014,-1.78056919,3.292642248,3.326895506,0.01593292083
R,199,2,4,0.62890625,126.8293779,168.4510561,-1.79553105,3.307042381,-1.812666462,-1.778395638,3.289915752,3.324169009,0.0160128616
R,200,2,4,0.6328125,126.9293256,168.5769426,-1.793364242,3.304313253,-1.810499653,-1.77622883,3.287186625,3.321439882,0.01609295358
R,201,2,4,0.63671875,127.0289606,168.7029456,-1.791204213,3.301581598,-1.808339625,-1.774068802,3.28445497,3.318708227,0.01617319365
R,202,2,4,0.640625,127.1282812,168.8290605,-1.789051002,3.298847518,-1.806186413,-1.77191559,3.28172089,3.315974147,0.0162535787
R,203,2,4,0.64453125,127.2272856,168.9552825,-1.786904643,3.296111117,-1.804040054,-1.769769231,3.278984488,3.313237746,0.01633410554
R,204,2,4,0.6484375,127.3259723,169.0816068,-1.784765173,3.293372497,-1.801900585,-1.767629761,3.276245869,3.310499126,0.01641477096
R,205,2,4,0.65234375,127.4243395,169.2080287,-1.782632628,3.290631763,-1.79976804,-1.765497217,3.273505134,3.307758391,0.01649557169
R,206,2,4,0.65625,127.5223857,169.3345434,-1.780507046,3.287889016,-1.797642458,-1.763371634,3.270762387,3.305015645,0.01657650444
R,207,2,4,0.66015625,127.620109,169.4611461,-1.778388461,3.28514436,-1.795523873,-1.761253049,3.268017732,3.302270989,0.01665756585
R,208,2,4,0.6640625,127.7175078,169.5878321,-1.776276911,3.2823979,-1.793412323,-1.759141499,3.265271271,3.299524528,0.01673875253
R,209,2,4,0.66796875,127.8145805,169.7145966,-1.774172432,3.279649736,-1.791307844,-1.75703702,3.262523108,3.296776365,0.01682006106
R,210,2,4,0.671875,127.9113253,169.8414349,-1.77207506,3.276899974,-1.789210472,-1.754939648,3.259773346,3.294026603,0.01690148794
R,211,2,4,0.67578125,128.0077407,169.9683422,-1.769984831,3.274148716,-1.787120243,-1.75284942,3.257022087,3.291275345,0.01698302968
R,212,2,4,0.6796875,128.1038248,170.0953137,-1.767901783,3.271396065,-1.785037194,-1.750766371,3.254269437,3.288522694,0.0170646827
R,213,2,4,0.68359375,128.1995761,170.2223447,-1.76582595,3.268642125,-1.782961362,-1.748690538,3.251515496,3.285768754,0.01714644339
R,214,2,4,0.6875,128.2949929,170.3494304,-1.76375737,3.265886999,-1.780892782,-1.746621958,3.24876037,3.283013627,0.01722830811
R,215,2,4,0.69140625,128.3900735,170.4765661,-1.761696079,3.263130789,-1.778831491,-1.744560667,3.24600416,3.280257418,0.01731027316
R,216,2,4,0.6953125,128.4848162,170.603747,-1.759642113,3.260373599,-1.776777525,-1.742506701,3.243246971,3.277500228,0.01739233481
R,217,2,4,0.69921875,128.5792193,170.7309683,-1.757595508,3.257615533,-1.77473092,-1.740460096,3.240488904,3.274742162,0.01747448929
R,218,2,4,0.703125,128.6732811,170.8582253,-1.755556302,3.254856693,-1.772691713,-1.73842089,3.237730065,3.271983322,0.01755673276
R,219,2,4,0.70703125,128.7670001,170.9855132,-1.753524529,3.252097184,-1.770659941,-1.736389117,3.234970555,3.269223812,0.01763906136
R,220,2,4,0.7109375,128.8603745,171.1128273,-1.751500227,3.249337107,-1.768635639,-1.734364815,3.232210478,3.266463735,0.01772147119
R,221,2,4,0.71484375,128.9534026,171.2401628,-1.749483432,3.246576566,-1.766618844,-1.73234802,3.229449937,3.263703194,0.01780395828
R,222,2,4,0.71875,129.0460827,171.3675149,-1.74747418,3.243815664,-1.764609592,-1.730338768,3.226689035,3.260942293,0.01788651866
R,223,2,4,0.72265625,129.1384133,171.4948788,-1.745472508,3.241054505,-1.76260792,-1.728337096,3.223927876,3.258181134,0.01796914827
R,224,2,4,0.7265625,129.2303925,171.6222499,-1.743478451,3.238293192,-1.760613863,-1.72634304,3.221166563,3.25541982,0.01805184303
R,225,2,4,0.73046875,129.3220188,171.7496234,-1.741492047,3.235531827,-1.758627459,-1.724356635,3.218405199,3.252658456,0.01813459883
R,226,2,4,0.734375,129.4132904,171.8769944,-1.739513332,3.232770515,-1.756648744,-1.72237792,3.215643887,3.249897144,0.01821741149
R,227,2,4,0.73828125,129.5042057,172.0043583,-1.737542341,3.230009358,-1.754677753,-1.720406929,3.21288273,3.247135987,0.01830027681
R,228,2,4,0.7421875,129.594763,172.1317103,-1.735579112,3.22724846,-1.752714523,-1.7184437,3.210121831,3.244375089,0.01838319053
R,229,2,4,0.74609375,129.6849606,172.2590456,-1.73362368,3.224487924,-1.750759092,-1.716488268,3.207361295,3.241614552,0.01846614835
R,230,2,4,0.75,129.7747969,172.3863594,-1.731676082,3.221727852,-1.748811494,-1.71454067,3.204601223,3.238854481,0.01854914594
R,231,2,4,0.75390625,129.8642701,172.513647,-1.729736354,3.218968348,-1.746871766,-1.712600942,3.20184172,3.236094977,0.01863217891
R,232,2,4,0.7578125,129.9533786,172.6409036,-1.727804533,3.216209516,-1.744939945,-1.710669121,3.199082888,3.233336145,0.01871524285
R,233,2,4,0.76171875,130.0421208,172.7681246,-1.725880655,3.213451459,-1.743016067,-1.708745243,3.19632483,3.230578087,0.01879833328
R,234,2,4,0.765625,130.1304949,172.895305,-1.723964756,3.210694279,-1.741100168,-1.706829344,3.19356765,3.227820908,0.01888144569
R,235,2,4,0.76953125,130.2184992,173.0224402,-1.722056873,3.20793808,-1.739192285,-1.704921461,3.190811451,3.225064709,0.01896457554
R,236,2,4,0.7734375,130.3061322,173.1495254,-1.720157042,3.205182965,-1.737292454,-1.70302163,3.188056337,3.222309594,0.01904771824
R,237,2,4,0.77734375,130.393392,173.2765558,-1.718265299,3.202429038,-1.735400711,-1.701129887,3.185302409,3.219555667,0.01913086914
R,238,2,4,0.78125,130.4802771,173.4035266,-1.716381681,3.199676401,-1.733517092,-1.699246269,3.182549773,3.21680303,0.01921402358
R,239,2,4,0.78515625,130.5667858,173.5304332,-1.714506223,3.196925158,-1.731641635,-1.697370812,3.17979853,3.214051787,0.01929717683
R,240,2,4,0.7890625,130.6529163,173.6572708,-1.712638963,3.194175412,-1.729774375,-1.695503552,3.177048783,3.211302041,0.01938032415
R,241,2,4,0.79296875,130.7386671,173.7840345,-1.710779937,3.191427266,-1.727915349,-1.693644525,3.174300638,3.208553895,0.01946346072
R,242,2,4,0.796875,130.8240364,173.9107196,-1.708929181,3.188680824,-1.726064593,-1.691793769,3.171554195,3.205807452,0.01954658171
R,243,2,4,0.80078125,130.9090225,174.0373215,-1.707086731,3.185936188,-1.724222143,-1.689951319,3.168809559,3.203062816,0.01962968223
R,244,2,4,0.8046875,130.9936238,174.1638352,-1.705252623,3.183193462,-1.722388035,-1.688117212,3.166066833,3.20032009,0.01971275737
R,245,2,4,0.80859375,131.0778386,174.2902561,-1.703426895,3.180452748,-1.720562307,-1.686291483,3.16332612,3.197579377,0.01979580216
R,246,2,4,0.8125,131.1616653,174.4165793,-1.701609582,3.177714151,-1.718744994,-1.68447417,3.160587523,3.19484078,0.0198788116
R,247,2,4,0.81640625,131.2451021,174.5428002,-1.699800721,3.174977774,-1.716936133,-1.682665309,3.157851145,3.192104402,0.01996178065
R,248,2,4,0.8203125,131.3281474,174.668914,-1.698000348,3.172243718,-1.71513576,-1.680864936,3.15511709,3.189370347,0.02004470422
R,249,2,4,0.82421875,131.4107994,174.7949159,-1.696208499,3.169512089,-1.713343911,-1.679073087,3.15238546,3.186638718,0.0201275772
R,250,2,4,0.828125,131.4930566,174.9208011,-1.694425211,3.166782989,-1.711560623,-1.677289799,3.14965636,3.183909617,0.02021039442
R,251,2,4,0.83203125,131.5749173,175.0465649,-1.69265052,3.164056521,-1.709785932,-1.675515108,3.146929892,3.181183149,0.02029315069
R,252,2,4,0.8359375,131.6563797,175.1722025,-1.690884462,3.161332788,-1.708019874,-1.67374905,3.144206159,3.178459417,0.02037584076
R,253,2,4,0.83984375,131.7374422,175.2977092,-1.689127074,3.158611894,-1.706262486,-1.671991662,3.141485265,3.175738522,0.02045845937
R,254,2,4,0.84375,131.8181031,175.4230802,-1.687378392,3.155893941,-1.704513804,-1.67024298,3.138767313,3.17302057,0.0205410012
R,255,2,4,0.84765625,131.8983608,175.5483107,-1.685638453,3.153179034,-1.702773864,-1.668503041,3.136052405,3.170305663,0.02062346089
R,256,2,4,0.8515625,131.9782135,175.673396,-1.683907292,3.150467275,-1.701042704,-1.66677188,3.133340646,3.167593903,0.02070583306
R,257,2,4,0.85546875,132.0576596,175.7983314,-1.682184946,3.147758767,-1.699320358,-1.665049534,3.130632138,3.164885395,0.02078811228
R,258,2,4,0.859375,132.1366975,175.923112,-1.680471452,3.145053614,-1.697606864,-1.66333604,3.127926985,3.162180242,0.02087029309
R,259,2,4,0.86328125,132.2153253,176.0477331,-1.678766845,3.142351918,-1.695902257,-1.661631434,3.12522529,3.159478547,0.02095236999
R,260,2,4,0.8671875,132.2935416,176.1721899,-1.677071163,3.139653784,-1.694206575,-1.659935751,3.122527155,3.156780412,0.02103433745
R,261,2,4,0.87109375,132.3713445,176.2964777,-1.675384441,3.136959313,-1.692519853,-1.658249029,3.119832685,3.154085942,0.02111618989
R,262,2,4,0.875,132.4487324,176.4205918,-1.673706716,3.134268611,-1.690842128,-1.656571304,3.117141982,3.151395239,0.02119792172
R,263,2,4,0.87890625,132.5257037,176.5445273,-1.672038024,3.131581778,-1.689173436,-1.654902612,3.11445515,3.148708407,0.02127952728
R,264,2,4,0.8828125,132.6022566,176.6682795,-1.670378401,3.12889892,-1.687513813,-1.65324299,3.111772291,3.146025549,0.02136100091
R,265,2,4,0.88671875,132.6783895,176.7918437,-1.668727885,3.126220139,-1.685863296,-1.651592473,3.10909351,3.143346767,0.0214423369
R,266,2,4,0.890625,132.7541007,176.915215,-1.66708651,3.123545537,-1.684221922,-1.649951098,3.106418909,3.140672166,0.02152352951
R,267,2,4,0.89453125,132.8293885,177.0383887,-1.665454314,3.12087522,-1.682589726,-1.648318902,3.103748591,3.138001848,0.02160457295
R,268,2,4,0.8984375,132.9042513,177.1613602,-1.663831332,3.118209288,-1.680966744,-1.646695921,3.10108266,3.135335917,0.02168546143
R,269,2,4,0.90234375,132.9786873,177.2841245,-1.662217602,3.115547847,-1.679353014,-1.64508219,3.098421218,3.132674476,0.0217661891
R,270,2,4,0.90625,133.052695,177.4066769,-1.660613159,3.112890999,-1.677748571,-1.643477748,3.09576437,3.130017627,0.02184675008
R,271,2,4,0.91015625,133.1262725,177.5290127,-1.659018041,3.110238846,-1.676153452,-1.641882629,3.093112218,3.127365475,0.02192713848
R,272,2,4,0.9140625,133.1994184,177.6511272,-1.657432282,3.107591494,-1.674567694,-1.64029687,3.090464865,3.124718122,0.02200734836
R,273,2,4,0.91796875,133.2721308,177.7730155,-1.65585592,3.104949044,-1.672991331,-1.638720508,3.087822415,3.122075672,0.02208737376
R,274,2,4,0.921875,133.344408,177.8946729,-1.65428899,3.102311599,-1.671424402,-1.637153578,3.085184971,3.119438228,0.02216720868
R,275,2,4,0.92578125,133.4162485,178.0160946,-1.65273153,3.099679264,-1.669866942,-1.635596118,3.082552635,3.116805893,0.0222468471
R,276,2,4,0.9296875,133.4876506,178.1372759,-1.651183575,3.097052141,-1.668318987,-1.634048164,3.079925512,3.11417877,0.02232628296
R,277,2,4,0.93359375,133.5586125,178.258212,-1.649645163,3.094430333,-1.666780574,-1.632509751,3.077303705,3.111556962,0.02240551018
R,278,2,4,0.9375,133.6291326,178.3788982,-1.648116328,3.091813944,-1.66525174,-1.630980916,3.074687316,3.108940573,0.02248452265
R,279,2,4,0.94140625,133.6992092,178.4993297,-1.646597108,3.089203077,-1.66373252,-1.629461696,3.072076448,3.106329706,0.02256331424
R,280,2,4,0.9453125,133.7688406,178.6195017,-1.645087539,3.086597835,-1.662222951,-1.627952127,3.069471206,3.103724464,0.02264187879
R,281,2,4,0.94921875,133.8380252,178.7394094,-1.643587657,3.083998321,-1.660723069,-1.626452245,3.066871692,3.10112495,0.0227202101
R,282,2,4,0.953125,133.9067613,178.8590482,-1.642097499,3.081404639,-1.65923291,-1.624962087,3.06427801,3.098531267,0.02279830195
R,283,2,4,0.95703125,133.9750472,178.9784133,-1.6406171,3.078816891,-1.657752512,-1.623481688,3.061690262,3.095943519,0.02287614812
R,284,2,4,0.9609375,134.0428812,179.0974998,-1.639146498,3.076235181,-1.65628191,-1.622011086,3.059108552,3.093361809,0.02295374233
R,285,2,4,0.96484375,134.1102617,179.2163031,-1.637685728,3.073659612,-1.65482114,-1.620550316,3.056532983,3.09078624,0.0230310783
R,286,2,4,0.96875,134.177187,179.3348183,-1.636234828,3.071090287,-1.653370239,-1.619099416,3.053963658,3.088216916,0.02310814971
R,287,2,4,0.97265625,134.2436553,179.4530408,-1.634793832,3.06852731,-1.651929244,-1.61765842,3.051400681,3.085653938,0.02318495023
R,288,2,4,0.9765625,134.3096651,179.5709657,-1.633362778,3.065970783,-1.65049819,-1.616227366,3.048844155,3.083097412,0.02326147351
R,289,2,4,0.98046875,134.3752147,179.6885883,-1.631941702,3.06342081,-1.649077114,-1.61480629,3.046294182,3.080547439,0.02333771317
R,290,2,4,0.984375,134.4403023,179.8059038,-1.630530641,3.060877495,-1.647666052,-1.613395229,3.043750866,3.078004123,0.0234136628
R,291,2,4,0.98828125,134.5049263,179.9229075,-1.629129629,3.058340939,-1.646265041,-1.611994218,3.04121431,3.075467568,0.023489316
R,292,2,4,0.9921875,134.5690851,180.0395946,-1.627738705,3.055811247,-1.644874117,-1.610603294,3.038684618,3.072937876,0.02356466633
R,293,2,4,0.99609375,134.6327768,180.1559604,-1.626357905,3.053288522,-1.643493316,-1.609222493,3.036161893,3.07041515,0.02363970733
R,294,2,4,1,134.696,180.272,-1.624987263,3.050772866,-1.642122675,-1.607851852,3.033646238,3.067899495,0.02371443253
R,295,2,5,0.1,134.8112,180.483,-1.622489794,3.046198539,-1.639625206,-1.605354383,3.02907191,3.063325167,0.02385119843
R,296,2,5,0.2,134.9264,180.694,-1.619992325,3.041624211,-1.637127737,-1.602856914,3.024497583,3.05875084,0.0239887531
R,297,2,5,0.3,135.0416,180.905,-1.617494857,3.037049884,-1.634630268,-1.600359445,3.019923255,3.054176513,0.02412710107
R,298,2,5,0.4,135.1568,181.116,-1.614997388,3.032475557,-1.632132799,-1.597861976,3.015348928,3.049602185,0.02426624692
R,299,2,5,0.5,135.272,181.327,-1.612499919,3.027901229,-1.629635331,-1.595364507,3.010774601,3.045027858,0.02440619525
R,300,2,5,0.6,135.3872,181.538,-1.61000245,3.023326902,-1.627137862,-1.592867038,3.006200273,3.04045353,0.02454695069
R,301,2,5,0.7,135.5024,181.749,-1.607504981,3.018752574,-1.624640393,-1.590369569,3.001625946,3.035879203,0.0246885179
R,302,2,5,0.8,135.6176,181.96,-1.605007512,3.014178247,-1.622142924,-1.5878721,2.997051618,3.031304876,0.02483090155
R,303,2,5,0.9,135.7328,182.171,-1.602510043,3.00960392,-1.619645455,-1.585374631,2.992477291,3.026730548,0.02497410636
R,304,2,5,1,135.848,182.382,-1.600012574,3.005029592,-1.617147986,-1.582877162,2.987902964,3.022156221,0.02511813706
R,305,2,6,0.1,135.9633,182.6038,-1.597512937,3.000221129,-1.614648349,-1.580377525,2.9830945,3.017347757,0.02526312453
R,306,2,6,0.2,136.0786,182.8256,-1.5950133,2.995412665,-1.612148712,-1.577877889,2.978286036,3.012539294,0.02540894889
R,307,2,6,0.3,136.1939,183.0474,-1.592513663,2.990604201,-1.609649075,-1.575378252,2.973477573,3.00773083,0.02555561499
R,308,2,6,0.4,136.3092,183.2692,-1.590014027,2.985795738,-1.607149438,-1.572878615,2.968669109,3.002922367,0.02570312767
R,309,2,6,0.5,136.4245,183.491,-1.58751439,2.980987274,-1.604649802,-1.570378978,2.963860646,2.998113903,0.02585149183
R,310,2,6,0.6,136.5398,183.7128,-1.585014753,2.976178811,-1.602150165,-1.567879341,2.959052182,2.993305439,0.02600071238
R,311,2,6,0.7,136.6551,183.9346,-1.582515116,2.971370347,-1.599650528,-1.565379704,2.954243718,2.988496976,0.02615079427
R,312,2,6,0.8,136.7704,184.1564,-1.580015479,2.966561883,-1.597150891,-1.562880067,2.949435255,2.983688512,0.02630174246
R,313,2,6,0.9,136.8857,184.3782,-1.577515842,2.96175342,-1.594651254,-1.56038043,2.944626791,2.978880049,0.02645356195
R,314,2,6,1,137.001,184.6,-1.575016205,2.956944956,-1.592151617,-1.557880794,2.939818328,2.974071585,0.02660625779
R,315,2,7,0.00390625,137.1059814,184.8113673,-1.57274027,2.952362666,-1.589875682,-1.555604858,2.935236037,2.969489295,0.02674605478
R,316,2,7,0.0078125,137.2107391,185.0228437,-1.570469183,2.947778011,-1.587604595,-1.553333772,2.930651383,2.96490464,0.02688628615
R,317,2,7,0.01171875,137.3152749,185.2344283,-1.568202908,2.94319101,-1.58533832,-1.551067497,2.926064381,2.960317638,0.02702695332
R,318,2,7,0.015625,137.4195904,185.4461204,-1.565941409,2.938601678,-1.583076821,-1.548805997,2.921475049,2.955728306,0.02716805771
R,319,2,7,0.01953125,137.5236873,185.6579192,-1.563684648,2.934010033,-1.58082006,-1.546549237,2.916883404,2.951136662,0.02730960078
R,320,2,7,0.0234375,137.6275673,185.8698239,-1.561432591,2.929416093,-1.578568003,-1.544297179,2.912289464,2.946542721,0.02745158402
R,321,2,7,0.02734375,137.7312321,186.0818337,-1.559185199,2.924819874,-1.576320611,-1.542049787,2.907693246,2.941946503,0.02759400895
R,322,2,7,0.03125,137.8346833,186.2939477,-1.556942438,2.920221395,-1.57407785,-1.539807026,2.903094766,2.937348023,0.02773687711
R,323,2,7,0.03515625,137.9379226,186.5061653,-1.55470427,2.915620672,-1.571839682,-1.537568858,2.898494043,2.9327473,0.02788019008
R,324,2,7,0.0390625,138.0409517,186.7184855,-1.552470659,2.911017722,-1.569606071,-1.535335247,2.893891093,2.928144351,0.02802394947
R,325,2,7,0.04296875,138.1437722,186.9309077,-1.550241569,2.906412563,-1.567376981,-1.533106157,2.889285934,2.923539192,0.02816815691
R,326,2,7,0.046875,138.246386,187.143431,-1.548016963,2.901805212,-1.565152375,-1.530881551,2.884678583,2.918931841,0.02831281407
R,327,2,7,0.05078125,138.3487945,187.3560546,-1.545796805,2.897195686,-1.562932217,-1.528661393,2.880069058,2.914322315,0.02845792266
R,328,2,7,0.0546875,138.4509996,187.5687777,-1.543581059,2.892584003,-1.560716471,-1.526445647,2.875457374,2.909710632,0.02860348439
R,329,2,7,0.05859375,138.5530028,187.7815995,-1.541369688,2.88797018,-1.5585051,-1.524234276,2.870843551,2.905096808,0.02874950104
R,330,2,7,0.0625,138.6548059,187.9945193,-1.539162656,2.883354233,-1.556298068,-1.522027244,2.866227605,2.900480862,0.0288959744
R,331,2,7,0.06640625,138.7564106,188.2075362,-1.536959927,2.878736181,-1.554095338,-1.519824515,2.861609552,2.89586281,0.02904290629
R,332,2,7,0.0703125,138.8578184,188.4206494,-1.534761463,2.87411604,-1.551896875,-1.517626051,2.856989412,2.891242669,0.02919029856
R,333,2,7,0.07421875,138.9590312,188.6338582,-1.532567229,2.869493828,-1.549702641,-1.515431817,2.8523672,2.886620457,0.02933815312
R,334,2,7,0.078125,139.0600505,188.8471617,-1.530377188,2.864869562,-1.5475126,-1.513241777,2.847742934,2.881996191,0.02948647189
R,335,2,7,0.08203125,139.1608781,189.0605592,-1.528191305,2.86024326,-1.545326717,-1.511055893,2.843116631,2.877369888,0.02963525682
R,336,2,7,0.0859375,139.2615157,189.2740498,-1.526009542,2.855614938,-1.543144953,-1.50887413,2.838488309,2.872741566,0.02978450991
R,337,2,7,0.08984375,139.3619648,189.4876327,-1.523831863,2.850984613,-1.540967274,-1.506696451,2.833857985,2.868111242,0.02993423319
R,338,2,7,0.09375,139.4622273,189.7013073,-1.521658231,2.846352304,-1.538793643,-1.504522819,2.829225675,2.863478932,0.0300844287
R,339,2,7,0.09765625,139.5623047,189.9150726,-1.519488611,2.841718027,-1.536624023,-1.5023532,2.824591398,2.858844655,0.03023509856
R,340,2,7,0.1015625,139.6621987,190.1289279,-1.517322966,2.837081799,-1.534458378,-1.500187555,2.81995517,2.854208428,0.03038624489
R,341,2,7,0.10546875,139.7619111,190.3428723,-1.51516126,2.832443638,-1.532296672,-1.498025848,2.81531701,2.849570267,0.03053786986
R,342,2,7,0.109375,139.8614435,190.5569051,-1.513003456,2.827803561,-1.530138868,-1.495868044,2.810676933,2.84493019,0.03068997567
R,343,2,7,0.11328125,139.9607976,190.7710255,-1.510849518,2.823161586,-1.527984929,-1.493714106,2.806034957,2.840288214,0.03084256456
R,344,2,7,0.1171875,140.059975,190.9852327,-1.508699409,2.818517729,-1.52583482,-1.491563997,2.8013911,2.835644357,0.03099563881
R,345,2,7,0.12109375,140.1589775,191.1995259,-1.506553093,2.813872007,-1.523688505,-1.489417681,2.796745379,2.830998636,0.03114920072
R,346,2,7,0.125,140.2578066,191.4139043,-1.504410534,2.809224439,-1.521545945,-1.487275122,2.79209781,2.826351068,0.03130325265
R,347,2,7,0.12890625,140.3564642,191.6283671,-1.502271695,2.804575041,-1.519407106,-1.485136283,2.787448412,2.82170167,0.03145779698
R,348,2,7,0.1328125,140.4549519,191.8429135,-1.50013654,2.799923831,-1.517271951,-1.483001128,2.782797202,2.817050459,0.03161283615
R,349,2,7,0.13671875,140.5532713,192.0575427,-1.498005032,2.795270825,-1.515140444,-1.48086962,2.778144196,2.812397453,0.03176837261
R,350,2,7,0.140625,140.6514241,192.2722539,-1.495877136,2.790616041,-1.513012548,-1.478741724,2.773489412,2.80774267,0.03192440886
R,351,2,7,0.14453125,140.7494121,192.4870463,-1.493752814,2.785959497,-1.510888226,-1.476617402,2.768832868,2.803086125,0.03208094745
R,352,2,7,0.1484375,140.8472368,192.7019191,-1.491632031,2.781301209,-1.508767443,-1.474496619,2.76417458,2.798427837,0.03223799096
R,353,2,7,0.15234375,140.9449,192.9168716,-1.489514749,2.776641195,-1.506650161,-1.472379338,2.759514566,2.793767823,0.03239554201
R,354,2,7,0.15625,141.0424034,193.1319029,-1.487400934,2.771979471,-1.504536346,-1.470265522,2.754852843,2.7891061,0.03255360326
R,355,2,7,0.16015625,141.1397485,193.3470123,-1.485290547,2.767316057,-1.502425959,-1.468155135,2.750189428,2.784442685,0.03271217741
R,356,2,7,0.1640625,141.2369372,193.5621988,-1.483183553,2.762650967,-1.500318965,-1.466048142,2.745524338,2.779777596,0.0328712672
R,357,2,7,0.16796875,141.333971,193.7774619,-1.481079916,2.757984221,-1.498215328,-1.463944504,2.740857592,2.775110849,0.03303087542
R,358,2,7,0.171875,141.4308517,193.9928005,-1.478979599,2.753315834,-1.496115011,-1.461844187,2.736189205,2.770442463,0.03319100489
R,359,2,7,0.17578125,141.527581,194.208214,-1.476882565,2.748645825,-1.494017977,-1.459747153,2.731519196,2.765772453,0.03335165847
R,360,2,7,0.1796875,141.6241604,194.4237016,-1.474788779,2.74397421,-1.491924191,-1.457653367,2.726847581,2.761100839,0.03351283909
R,361,2,7,0.18359375,141.7205918,194.6392625,-1.472698203,2.739301007,-1.489833615,-1.455562791,2.722174378,2.756427636,0.03367454968
R,362,2,7,0.1875,141.8168767,194.8548958,-1.470610802,2.734626233,-1.487746214,-1.45347539,2.717499604,2.751752862,0.03383679325
R,363,2,7,0.19140625,141.9130169,195.0706007,-1.468526539,2.729949905,-1.485661951,-1.451391128,2.712823277,2.747076534,0.03399957284
R,364,2,7,0.1953125,142.009014,195.2863766,-1.466445378,2.725272041,-1.48358079,-1.449309966,2.708145412,2.74239867,0.03416289152
R,365,2,7,0.19921875,142.1048697,195.5022225,-1.464367282,2.720592658,-1.481502694,-1.44723187,2.703466029,2.737719286,0.03432675242
R,366,2,7,0.203125,142.2005857,195.7181377,-1.462292215,2.715911772,-1.479427627,-1.445156804,2.698785144,2.733038401,0.03449115872
R,367,2,7,0.20703125,142.2961636,195.9341214,-1.460220141,2.711229402,-1.477355553,-1.443084729,2.694102774,2.728356031,0.03465611363
R,368,2,7,0.2109375,142.3916052,196.1501727,-1.458151023,2.706545565,-1.475286435,-1.441015611,2.689418936,2.723672193,0.03482162042
R,369,2,7,0.21484375,142.4869121,196.366291,-1.456084825,2.701860277,-1.473220236,-1.438949413,2.684733648,2.718986906,0.03498768238
R,370,2,7,0.21875,142.582086,196.5824754,-1.45402151,2.697173556,-1.471156921,-1.436886098,2.680046928,2.714300185,0.03515430289
R,371,2,7,0.22265625,142.6771286,196.798725,-1.451961042,2.69248542,-1.469096454,-1.43482563,2.675358791,2.709612048,0.03532148534
R,372,2,7,0.2265625,142.7720416,197.0150392,-1.449903384,2.687795885,-1.467038796,-1.432767973,2.670669256,2.704922513,0.03548923317
R,373,2,7,0.23046875,142.8668265,197.2314171,-1.447848501,2.683104969,-1.464983913,-1.43071309,2.66597834,2.700231597,0.03565754989
R,374,2,7,0.234375,142.9614852,197.4478579,-1.445796356,2.678412689,-1.462931768,-1.428660945,2.66128606,2.695539317,0.03582643904
R,375,2,7,0.23828125,143.0560193,197.6643608,-1.443746913,2.673719062,-1.460882324,-1.426611501,2.656592433,2.69084569,0.0359959042
R,376,2,7,0.2421875,143.1504304,197.8809251,-1.441700134,2.669024105,-1.458835546,-1.424564722,2.651897477,2.686150734,0.03616594903
R,377,2,7,0.24609375,143.2447203,198.0975499,-1.439655984,2.664327837,-1.456791396,-1.422520572,2.647201208,2.681454466,0.03633657721
R,378,2,7,0.25,143.3388906,198.3142344,-1.437614427,2.659630273,-1.454749838,-1.420479015,2.642503645,2.676756902,0.03650779249
R,379,2,7,0.25390625,143.432943,198.5309778,-1.435575425,2.654931432,-1.452710837,-1.418440013,2.637804804,2.672058061,0.03667959865
R,380,2,7,0.2578125,143.5268792,198.7477794,-1.433538943,2.650231331,-1.450674355,-1.416403531,2.633104702,2.667357959,0.03685199953
R,381,2,7,0.26171875,143.6207009,198.9646383,-1.431504944,2.645529986,-1.448640356,-1.414369532,2.628403357,2.662656614,0.03702499903
R,382,2,7,0.265625,143.7144097,199.1815538,-1.429473392,2.640827415,-1.446608804,-1.41233798,2.623700786,2.657954044,0.0371986011
R,383,2,7,0.26953125,143.8080073,199.3985251,-1.42744425,2.636123635,-1.444579662,-1.410308839,2.618997007,2.653250264,0.03737280972
R,384,2,7,0.2734375,143.9014954,199.6155513,-1.425417483,2.631418664,-1.442552894,-1.408282071,2.614292036,2.648545293,0.03754762894
R,385,2,7,0.27734375,143.9948757,199.8326316,-1.423393053,2.626712519,-1.440528464,-1.406257641,2.609585891,2.643839148,0.03772306287
R,386,2,7,0.28125,144.0881498,200.0497654,-1.421370924,2.622005217,-1.438506336,-1.404235512,2.604878588,2.639131846,0.03789911566
R,387,2,7,0.28515625,144.1813195,200.2669516,-1.41935106,2.617296775,-1.436486472,-1.402215648,2.600170147,2.634423404,0.03807579152
R,388,2,7,0.2890625,144.2743863,200.4841897,-1.417333424,2.612587211,-1.434468836,-1.400198012,2.595460582,2.62971384,0.03825309471
R,389,2,7,0.29296875,144.3673521,200.7014788,-1.415317981,2.607876541,-1.432453393,-1.398182569,2.590749913,2.62500317,0.03843102955
R,390,2,7,0.296875,144.4602184,200.918818,-1.413304693,2.603164784,-1.430440105,-1.396169281,2.586038155,2.620291413,0.0386096004
R,391,2,7,0.30078125,144.552987,201.1362066,-1.411293525,2.598451956,-1.428428937,-1.394158113,2.581325327,2.615578584,0.03878881171
R,392,2,7,0.3046875,144.6456595,201.3536439,-1.409284439,2.593738074,-1.426419851,-1.392149027,2.576611445,2.610864703,0.03896866795
R,393,2,7,0.30859375,144.7382375,201.5711289,-1.4072774,2.589023156,-1.424412812,-1.390141988,2.571896528,2.606149785,0.03914917367
R,394,2,7,0.3125,144.8307229,201.7886609,-1.405272372,2.584307219,-1.422407783,-1.38813696,2.567180591,2.601433848,0.03933033345
R,395,2,7,0.31640625,144.9231172,202.0062391,-1.403269317,2.579590281,-1.420404728,-1.386133905,2.562463652,2.59671691,0.03951215197
R,396,2,7,0.3203125,145.0154222,202.2238627,-1.401268199,2.574872358,-1.418403611,-1.384132787,2.557745729,2.591998987,0.03969463393
R,397,2,7,0.32421875,145.1076394,202.441531,-1.399268982,2.570153468,-1.416404394,-1.38213357,2.553026839,2.587280096,0.0398777841
R,398,2,7,0.328125,145.1997707,202.6592431,-1.39727163,2.565433628,-1.414407042,-1.380136218,2.548306999,2.582560256,0.04006160733
R,399,2,7,0.33203125,145.2918176,202.8769981,-1.395276106,2.560712855,-1.412411518,-1.378140695,2.543586226,2.577839484,0.04024610849
R,400,2,7,0.3359375,145.3837819,203.0947955,-1.393282374,2.555991167,-1.410417786,-1.376146963,2.538864538,2.573117795,0.04043129255
R,401,2,7,0.33984375,145.4756652,203.3126342,-1.391290398,2.55126858,-1.40842581,-1.374154986,2.534141952,2.568395209,0.04061716452
R,402,2,7,0.34375,145.5674692,203.5305136,-1.389300141,2.546545113,-1.406435552,-1.372164729,2.529418484,2.563671741,0.04080372947
R,403,2,7,0.34765625,145.6591956,203.7484328,-1.387311566,2.541820782,-1.404446978,-1.370176154,2.524694153,2.55894741,0.04099099253
R,404,2,7,0.3515625,145.7508461,203.9663911,-1.385324637,2.537095604,-1.402460049,-1.368189226,2.519968976,2.554222233,0.04117895892
R,405,2,7,0.35546875,145.8424222,204.1843876,-1.383339319,2.532369597,-1.400474731,-1.366203907,2.515242969,2.549496226,0.04136763389
R,406,2,7,0.359375,145.9339259,204.4024215,-1.381355574,2.527642779,-1.398490986,-1.364220162,2.51051615,2.544769407,0.04155702276
R,407,2,7,0.36328125,146.0253586,204.6204922,-1.379373366,2.522915165,-1.396508778,-1.362237954,2.505788537,2.540041794,0.04174713094
R,408,2,7,0.3671875,146.116722,204.8385986,-1.377392659,2.518186775,-1.394528071,-1.360257247,2.501060146,2.535313403,0.04193796387
R,409,2,7,0.37109375,146.208018,205.0567402,-1.375413416,2.513457624,-1.392548828,-1.358278004,2.496330995,2.530584252,0.04212952707
R,410,2,7,0.375,146.299248,205.274916,-1.373435601,2.50872773,-1.390571013,-1.35630019,2.491601101,2.525854358,0.04232182613
R,411,2,7,0.37890625,146.3904139,205.4931253,-1.371459178,2.50399711,-1.38859459,-1.354323766,2.486870481,2.521123739,0.04251486671
R,412,2,7,0.3828125,146.4815173,205.7113673,-1.36948411,2.499265782,-1.386619522,-1.352348698,2.482139153,2.516392411,0.04270865452
R,413,2,7,0.38671875,146.5725598,205.9296411,-1.367510361,2.494533763,-1.384645773,-1.350374949,2.477407134,2.511660391,0.04290319535
R,414,2,7,0.390625,146.6635432,206.1479461,-1.365537895,2.489801069,-1.382673306,-1.348402483,2.472674441,2.506927698,0.04309849506
R,415,2,7,0.39453125,146.7544691,206.3662813,-1.363566674,2.485067719,-1.380702086,-1.346431262,2.467941091,2.502194348,0.04329455958
R,416,2,7,0.3984375,146.8453392,206.584646,-1.361596663,2.48033373,-1.378732075,-1.344461251,2.463207102,2.497460359,0.0434913949
R,417,2,7,0.40234375,146.9361552,206.8030395,-1.359627825,2.475599119,-1.376763237,-1.342492414,2.45847249,2.492725747,0.04368900709
R,418,2,7,0.40625,147.0269187,207.0214608,-1.357660125,2.470863902,-1.374795536,-1.340524713,2.453737274,2.487990531,0.04388740228
R,419,2,7,0.41015625,147.1176315,207.2399092,-1.355693524,2.466128098,-1.372828936,-1.338558113,2.449001469,2.483254727,0.04408658668
R,420,2,7,0.4140625,147.2082952,207.458384,-1.353727988,2.461391723,-1.3708634,-1.336592576,2.444265095,2.478518352,0.04428656657
R,421,2,7,0.41796875,147.2989115,207.6768842,-1.35176348,2.456654796,-1.368898892,-1.334628068,2.439528167,2.473781424,0.0444873483
R,422,2,7,0.421875,147.3894821,207.8954092,-1.349799963,2.451917332,-1.366935375,-1.332664551,2.434790703,2.469043961,0.04468893831
R,423,2,7,0.42578125,147.4800086,208.1139581,-1.347837401,2.44717935,-1.364972813,-1.330701989,2.430052721,2.464305978,0.04489134309
R,424,2,7,0.4296875,147.5704927,208.3325302,-1.345875757,2.442440866,-1.363011169,-1.328740346,2.425314237,2.459567494,0.04509456922
R,425,2,7,0.43359375,147.6609361,208.5511246,-1.343914996,2.437701898,-1.361050408,-1.326779584,2.420575269,2.454828526,0.04529862336
R,426,2,7,0.4375,147.7513406,208.7697405,-1.341955081,2.432962463,-1.359090493,-1.324819669,2.415835834,2.450089091,0.04550351222
R,427,2,7,0.44140625,147.8417077,208.9883771,-1.339995975,2.428222578,-1.357131387,-1.322860563,2.41109595,2.445349207,0.04570924261
R,428,2,7,0.4453125,147.9320391,209.2070337,-1.338037642,2.423482261,-1.355173054,-1.32090223,2.406355632,2.44060889,0.04591582143
R,429,2,7,0.44921875,148.0223366,209.4257095,-1.336080046,2.418741529,-1.353215457,-1.318944634,2.4016149,2.435868158,0.04612325562
R,430,2,7,0.453125,148.1126017,209.6444036,-1.33412315,2.414000399,-1.351258561,-1.316987738,2.39687377,2.431127027,0.04633155223
R,431,2,7,0.45703125,148.2028363,209.8631153,-1.332166917,2.409258888,-1.349302329,-1.315031506,2.392132259,2.426385517,0.04654071838
R,432,2,7,0.4609375,148.2930418,210.0818437,-1.330211313,2.404517014,-1.347346725,-1.313075901,2.387390385,2.421643642,0.04675076128
R,433,2,7,0.46484375,148.3832202,210.3005881,-1.328256299,2.399774793,-1.345391711,-1.311120887,2.382648165,2.416901422,0.0469616882
R,434,2,7,0.46875,148.4733729,210.5193477,-1.32630184,2.395032244,-1.343437252,-1.309166429,2.377905615,2.412158873,0.04717350651
R,435,2,7,0.47265625,148.5635017,210.7381216,-1.3243479,2.390289383,-1.341483312,-1.307212488,2.373162754,2.407416011,0.04738622366
R,436,2,7,0.4765625,148.6536083,210.9569092,-1.322394442,2.385546227,-1.339529853,-1.30525903,2.368419599,2.402672856,0.04759984718
R,437,2,7,0.48046875,148.7436944,211.1757095,-1.320441429,2.380802795,-1.33757684,-1.303306017,2.363676166,2.397929423,0.04781438469
R,438,2,7,0.484375,148.8337615,211.3945218,-1.318488825,2.376059102,-1.335624237,-1.301353413,2.358932474,2.393185731,0.04802984388
R,439,2,7,0.48828125,148.9238115,211.6133453,-1.316536594,2.371315167,-1.333672006,-1.299401182,2.354188538,2.388441796,0.04824623256
R,440,2,7,0.4921875,149.0138459,211.8321792,-1.3145847,2.366571006,-1.331720111,-1.297449288,2.349444378,2.383697635,0.04846355859
R,441,2,7,0.49609375,149.1038665,212.0510227,-1.312633105,2.361826637,-1.329768517,-1.295497693,2.344700009,2.378953266,0.04868182994
R,442,2,7,0.5,149.193875,212.269875,-1.310681774,2.357082078,-1.327817186,-1.293546363,2.339955449,2.374208706,0.04890105465
R,443,2,7,0.50390625,149.283873,212.4887353,-1.308730671,2.352337344,-1.325866083,-1.291595259,2.335210716,2.369463973,0.04912124088
R,444,2,7,0.5078125,149.3738621,212.7076029,-1.306779758,2.347592454,-1.32391517,-1.289644346,2.330465826,2.364719083,0.04934239685
R,445,2,7,0.51171875,149.4638442,212.9264768,-1.304829,2.342847425,-1.321964412,-1.287693588,2.325720797,2.359974054,0.04956453089
R,446,2,7,0.515625,149.5538208,213.1453564,-1.30287836,2.338102275,-1.320013772,-1.285742948,2.320975646,2.355228903,0.04978765141
R,447,2,7,0.51953125,149.6437936,213.3642408,-1.300927801,2.333357019,-1.318063213,-1.28379239,2.31623039,2.350483648,0.05001176692
R,448,2,7,0.5234375,149.7337643,213.5831292,-1.298977288,2.328611676,-1.3161127,-1.281841877,2.311485047,2.345738305,0.05023688603
R,449,2,7,0.52734375,149.8237346,213.8020209,-1.297026784,2.323866263,-1.314162196,-1.279891373,2.306739634,2.340992891,0.05046301744
R,450,2,7,0.53125,149.9137062,214.020915,-1.295076253,2.319120797,-1.312211665,-1.277940841,2.301994168,2.336247425,0.05069016993
R,451,2,7,0.53515625,150.0036807,214.2398108,-1.293125658,2.314375295,-1.310261069,-1.275990246,2.297248666,2.331501924,0.05091835241
R,452,2,7,0.5390625,150.0936599,214.4587074,-1.291174962,2.309629775,-1.308310374,-1.27403955,2.292503146,2.326756403,0.05114757385
R,453,2,7,0.54296875,150.1836453,214.677604,-1.28922413,2.304884254,-1.306359542,-1.272088718,2.287757625,2.322010882,0.05137784334
R,454,2,7,0.546875,150.2736388,214.8965,-1.287273125,2.300138748,-1.304408536,-1.270137713,2.28301212,2.317265377,0.05160917008
R,455,2,7,0.55078125,150.3636418,215.1153943,-1.28532191,2.295393276,-1.302457322,-1.268186498,2.278266648,2.312519905,0.05184156335
R,456,2,7,0.5546875,150.4536563,215.3342864,-1.28337045,2.290647855,-1.300505862,-1.266235038,2.273521226,2.307774484,0.05207503255
R,457,2,7,0.55859375,150.5436837,215.5531753,-1.281418708,2.285902502,-1.298554119,-1.264283296,2.268775873,2.30302913,0.05230958716
R,458,2,7,0.5625,150.6337258,215.7720603,-1.279466647,2.281157233,-1.296602058,-1.262331235,2.264030605,2.298283862,0.05254523677
R,459,2,7,0.56640625,150.7237843,215.9909406,-1.277514231,2.276412067,-1.294649643,-1.260378819,2.259285439,2.293538696,0.05278199111
R,460,2,7,0.5703125,150.8138609,216.2098153,-1.275561424,2.271667021,-1.292696836,-1.258426012,2.254540392,2.288793649,0.05301985996
R,461,2,7,0.57421875,150.9039572,216.4286838,-1.273608189,2.266922111,-1.290743601,-1.256472777,2.249795482,2.28404874,0.05325885324
R,462,2,7,0.578125,150.9940748,216.6475451,-1.27165449,2.262177356,-1.288789902,-1.254519078,2.245050727,2.279303984,0.05349898099
R,463,2,7,0.58203125,151.0842156,216.8663986,-1.269700291,2.257432771,-1.286835703,-1.252564879,2.240306143,2.2745594,0.05374025332
R,464,2,7,0.5859375,151.1743811,217.0852433,-1.267745555,2.252688376,-1.284880966,-1.250610143,2.235561747,2.269815005,0.05398268048
R,465,2,7,0.58984375,151.2645731,217.3040785,-1.265790245,2.247944186,-1.282925657,-1.248654833,2.230817558,2.265070815,0.05422627282
R,466,2,7,0.59375,151.3547932,217.5229035,-1.263834326,2.24320022,-1.280969738,-1.246698914,2.226073591,2.260326848,0.05447104082
R,467,2,7,0.59765625,151.4450431,217.7417173,-1.261877761,2.238456493,-1.279013173,-1.244742349,2.221329865,2.255583122,0.05471699504
R,468,2,7,0.6015625,151.5353244,217.9605193,-1.259920514,2.233713025,-1.277055926,-1.242785102,2.216586396,2.250839653,0.05496414619
R,469,2,7,0.60546875,151.6256389,218.1793086,-1.257962548,2.228969831,-1.27509796,-1.240827136,2.211843202,2.246096459,0.05521250507
R,470,2,7,0.609375,151.7159883,218.3980844,-1.256003827,2.224226929,-1.273139238,-1.238868415,2.2071003,2.241353558,0.05546208262
R,471,2,7,0.61328125,151.8063742,218.616846,-1.254044314,2.219484337,-1.271179726,-1.236908902,2.202357708,2.236610965,0.05571288987
R,472,2,7,0.6171875,151.8967982,218.8355925,-1.252083973,2.214742071,-1.269219385,-1.234948561,2.197615442,2.231868699,0.055964938
R,473,2,7,0.62109375,151.9872621,219.0543231,-1.250122768,2.210000149,-1.26725818,-1.232987356,2.19287352,2.227126778,0.05621823829
R,474,2,7,0.625,152.0777676,219.2730371,-1.248160662,2.205258588,-1.265296074,-1.23102525,2.188131959,2.222385217,0.05647280215
R,475,2,7,0.62890625,152.1683163,219.4917336,-1.246197619,2.200517406,-1.263333031,-1.229062208,2.183390777,2.217644034,0.05672864111
R,476,2,7,0.6328125,152.2589099,219.7104119,-1.244233603,2.195776619,-1.261369015,-1.227098191,2.17864999,2.212903247,0.05698576683
R,477,2,7,0.63671875,152.34955,219.9290711,-1.242268577,2.191036245,-1.259403989,-1.225133165,2.173909616,2.208162873,0.0572441911
R,478,2,7,0.640625,152.4402385,220.1477105,-1.240302505,2.186296301,-1.257437917,-1.223167093,2.169169672,2.203422929,0.05750392582
R,479,2,7,0.64453125,152.5309768,220.3663293,-1.23833535,2.181556804,-1.255470762,-1.221199938,2.164430175,2.198683433,0.05776498304
R,480,2,7,0.6484375,152.6217668,220.5849266,-1.236367076,2.176817772,-1.253502488,-1.219231664,2.159691144,2.193944401,0.05802737493
R,481,2,7,0.65234375,152.7126101,220.8035017,-1.234397646,2.172079222,-1.251533058,-1.217262235,2.154952593,2.189205851,0.05829111378
R,482,2,7,0.65625,152.8035083,221.0220538,-1.232427025,2.167341171,-1.249562437,-1.215291614,2.150214542,2.1844678,0.05855621203
R,483,2,7,0.66015625,152.8944632,221.2405821,-1.230455176,2.162603636,-1.247590588,-1.213319764,2.145477008,2.179730265,0.05882268225
R,484,2,7,0.6640625,152.9854765,221.4590857,-1.228482062,2.157866635,-1.245617474,-1.21134665,2.140740007,2.174993264,0.05909053715
R,485,2,7,0.66796875,153.0765497,221.6775639,-1.226507647,2.153130185,-1.243643059,-1.209372236,2.136003557,2.170256814,0.05935978956
R,486,2,7,0.671875,153.1676846,221.896016,-1.224531895,2.148394303,-1.241667307,-1.207396483,2.131267674,2.165520932,0.05963045247
R,487,2,7,0.67578125,153.2588829,222.114441,-1.222554769,2.143659006,-1.239690181,-1.205419358,2.126532378,2.160785635,0.059902539
R,488,2,7,0.6796875,153.3501462,222.3328382,-1.220576234,2.138924312,-1.237711645,-1.203440822,2.121797684,2.156050941,0.06017606241
R,489,2,7,0.68359375,153.4414763,222.5512069,-1.218596251,2.134190238,-1.235731663,-1.201460839,2.117063609,2.151316867,0.0604510361
R,490,2,7,0.6875,153.5328748,222.7695461,-1.216614786,2.129456801,-1.233750198,-1.199479374,2.112330172,2.14658343,0.06072747363
R,491,2,7,0.69140625,153.6243433,222.9878552,-1.214631801,2.124724018,-1.231767213,-1.19749639,2.10759739,2.141850647,0.0610053887
R,492,2,7,0.6953125,153.7158836,223.2061333,-1.212647261,2.119991907,-1.229782673,-1.195511849,2.102865278,2.137118536,0.06128479515
R,493,2,7,0.69921875,153.8074973,223.4243796,-1.210661129,2.115260485,-1.227796541,-1.193525717,2.098133856,2.132387113,0.06156570697
R,494,2,7,0.703125,153.8991861,223.6425934,-1.208673369,2.110529769,-1.22580878,-1.191537957,2.09340314,2.127656397,0.06184813831
R,495,2,7,0.70703125,153.9909518,223.8607737,-1.206683943,2.105799776,-1.223819355,-1.189548531,2.088673147,2.122926404,0.06213210347
R,496,2,7,0.7109375,154.0827959,224.07892,-1.204692817,2.101070524,-1.221828229,-1.187557405,2.083943895,2.118197152,0.0624176169
R,497,2,7,0.71484375,154.1747201,224.2970312,-1.202699953,2.096342029,-1.219835364,-1.185564541,2.079215401,2.113468658,0.06270469322
R,498,2,7,0.71875,154.2667262,224.5151067,-1.200705315,2.09161431,-1.217840726,-1.183569903,2.074487681,2.108740939,0.06299334718
R,499,2,7,0.72265625,154.3588157,224.7331457,-1.198708866,2.086887383,-1.215844278,-1.181573454,2.069760755,2.104014012,0.06328359373
R,500,2,7,0.7265625,154.4509905,224.9511473,-1.196710571,2.082161266,-1.213845983,-1.179575159,2.065034637,2.099287895,0.06357544795
R,501,2,7,0.73046875,154.5432521,225.1691108,-1.194710393,2.077435976,-1.211845805,-1.177574981,2.060309347,2.094562604,0.06386892509
R,502,2,7,0.734375,154.6356023,225.3870353,-1.192708295,2.072711529,-1.209843707,-1.175572883,2.055584901,2.089838158,0.06416404057
R,503,2,7,0.73828125,154.7280427,225.6049201,-1.190704242,2.067987945,-1.207839654,-1.17356883,2.050861316,2.085114573,0.06446080997
R,504,2,7,0.7421875,154.8205749,225.8227644,-1.188698196,2.063265238,-1.205833608,-1.171562784,2.04613861,2.080391867,0.06475924906
R,505,2,7,0.74609375,154.9132008,226.0405673,-1.186690121,2.058543428,-1.203825533,-1.16955471,2.041416799,2.075670057,0.06505937375
R,506,2,7,0.75,155.0059219,226.2583281,-1.184679982,2.053822531,-1.201815394,-1.16754457,2.036695902,2.070949159,0.06536120015
R,507,2,7,0.75390625,155.0987399,226.476046,-1.182667741,2.049102564,-1.199803153,-1.165532329,2.031975935,2.066229193,0.06566474452
R,508,2,7,0.7578125,155.1916565,226.6937202,-1.180653362,2.044383545,-1.197788774,-1.163517951,2.027256916,2.061510173,0.06597002332
R,509,2,7,0.76171875,155.2846735,226.9113499,-1.178636809,2.03966549,-1.195772221,-1.161501398,2.022538862,2.056792119,0.06627705318
R,510,2,7,0.765625,155.3777924,227.1289343,-1.176618046,2.034948418,-1.193753458,-1.159482634,2.017821789,2.052075047,0.06658585091
R,511,2,7,0.76953125,155.4710149,227.3464726,-1.174597036,2.030232345,-1.191732447,-1.157461624,2.013105716,2.047358974,0.06689643349
R,512,2,7,0.7734375,155.5643428,227.563964,-1.172573742,2.025517289,-1.189709154,-1.15543833,2.00839066,2.042643918,0.0672088181
R,513,2,7,0.77734375,155.6577777,227.7814077,-1.170548128,2.020803267,-1.18768354,-1.153412716,2.003676638,2.037929895,0.06752302212
R,514,2,7,0.78125,155.7513212,227.9988029,-1.168520159,2.016090295,-1.18565557,-1.151384747,1.998963667,2.033216924,0.06783906309
R,515,2,7,0.78515625,155.8449751,228.2161489,-1.166489797,2.011378392,-1.183625208,-1.149354385,1.994251764,2.028505021,0.06815695876
R,516,2,7,0.7890625,155.938741,228.4334448,-1.164457006,2.006667575,-1.181592417,-1.147321594,1.989540947,2.023794204,0.06847672706
R,517,2,7,0.79296875,156.0326207,228.6506898,-1.162421749,2.001957861,-1.179557161,-1.145286337,1.984831232,2.01908449,0.06879838614
R,518,2,7,0.796875,156.1266157,228.8678831,-1.160383991,1.997249267,-1.177519403,-1.143248579,1.980122638,2.014375895,0.06912195433
R,519,2,7,0.80078125,156.2207279,229.0850239,-1.158343695,1.99254181,-1.175479107,-1.141208283,1.975415181,2.009668439,0.06944745015
R,520,2,7,0.8046875,156.3149587,229.3021115,-1.156300825,1.987835508,-1.173436237,-1.139165413,1.970708879,2.004962136,0.06977489235
R,521,2,7,0.80859375,156.40931,229.5191451,-1.154255344,1.983130377,-1.171390755,-1.137119932,1.966003749,2.000257006,0.07010429987
R,522,2,7,0.8125,156.5037834,229.7361238,-1.152207215,1.978426436,-1.169342627,-1.135071803,1.961299808,1.995553065,0.07043569185
R,523,2,7,0.81640625,156.5983806,229.9530468,-1.150156403,1.973723701,-1.167291815,-1.133020991,1.956597073,1.99085033,0.07076908767
R,524,2,7,0.8203125,156.6931033,230.1699134,-1.148102871,1.96902219,-1.165238283,-1.130967459,1.951895562,1.986148819,0.07110450687
R,525,2,7,0.82421875,156.7879531,230.3867228,-1.146046583,1.96432192,-1.163181995,-1.128911171,1.947195291,1.981448549,0.07144196927
R,526,2,7,0.828125,156.8829317,230.6034741,-1.143987502,1.959622908,-1.161122914,-1.12685209,1.942496279,1.976749536,0.07178149485
R,527,2,7,0.83203125,156.9780408,230.8201666,-1.141925591,1.954925171,-1.159061003,-1.12479018,1.937798542,1.9720518,0.07212310385
R,528,2,7,0.8359375,157.0732821,231.0367995,-1.139860816,1.950228727,-1.156996228,-1.122725404,1.933102098,1.967355356,0.07246681672
R,529,2,7,0.83984375,157.1686573,231.253372,-1.137793138,1.945533593,-1.15492855,-1.120657726,1.928406964,1.962660221,0.07281265411
R,530,2,7,0.84375,157.2641679,231.4698832,-1.135722522,1.940839786,-1.152857934,-1.11858711,1.923713157,1.957966414,0.07316063695
R,531,2,7,0.84765625,157.3598158,231.6863324,-1.133648932,1.936147323,-1.150784343,-1.11651352,1.919020694,1.953273952,0.07351078635
R,532,2,7,0.8515625,157.4556026,231.9027189,-1.13157233,1.931456222,-1.148707742,-1.114436918,1.914329593,1.948582851,0.07386312369
R,533,2,7,0.85546875,157.55153,232.1190417,-1.129492681,1.9267665,-1.146628093,-1.112357269,1.909639871,1.943893128,0.07421767057
R,534,2,7,0.859375,157.6475996,232.3353001,-1.127409948,1.922078174,-1.14454536,-1.110274536,1.904951545,1.939204802,0.07457444882
R,535,2,7,0.86328125,157.7438131,232.5514933,-1.125324095,1.917391261,-1.142459506,-1.108188683,1.900264632,1.93451789,0.07493348054
R,536,2,7,0.8671875,157.8401722,232.7676205,-1.123235085,1.912705779,-1.140370497,-1.106099673,1.89557915,1.929832408,0.07529478804
R,537,2,7,0.87109375,157.9366786,232.983681,-1.121142882,1.908021745,-1.138278294,-1.10400747,1.890895116,1.925148374,0.07565839392
R,538,2,7,0.875,158.033334,233.1996738,-1.11904745,1.903339176,-1.136182862,-1.101912038,1.886212547,1.920465805,0.07602432099
R,539,2,7,0.87890625,158.13014,233.4155983,-1.116948752,1.898658089,-1.134084164,-1.09981334,1.881531461,1.915784718,0.07639259233
R,540,2,7,0.8828125,158.2270983,233.6314536,-1.114846752,1.893978503,-1.131982164,-1.09771134,1.876851874,1.911105131,0.0767632313
R,541,2,7,0.88671875,158.3242106,233.8472389,-1.112741414,1.889300433,-1.129876825,-1.095606002,1.872173804,1.906427061,0.07713626148
R,542,2,7,0.890625,158.4214786,234.0629535,-1.1106327,1.884623897,-1.127768112,-1.093497288,1.867497268,1.901750525,0.07751170674
R,543,2,7,0.89453125,158.518904,234.2785965,-1.108520575,1.879948912,-1.125655987,-1.091385164,1.862822284,1.897075541,0.07788959121
R,544,2,7,0.8984375,158.6164883,234.4941672,-1.106405003,1.875275496,-1.123540415,-1.089269591,1.858148868,1.892402125,0.07826993929
R,545,2,7,0.90234375,158.7142334,234.7096647,-1.104285947,1.870603666,-1.121421358,-1.087150535,1.853477038,1.887730295,0.07865277565
R,546,2,7,0.90625,158.8121409,234.9250882,-1.10216337,1.86593344,-1.119298781,-1.085027958,1.848806811,1.883060068,0.07903812525
R,547,2,7,0.91015625,158.9102124,235.140437,-1.100037236,1.861264833,-1.117172648,-1.082901824,1.844138205,1.878391462,0.07942601331
R,548,2,7,0.9140625,159.0084497,235.3557103,-1.097907509,1.856597865,-1.115042921,-1.080772097,1.839471236,1.873724493,0.07981646534
R,549,2,7,0.91796875,159.1068544,235.5709072,-1.095774152,1.851932551,-1.112909564,-1.07863874,1.834805922,1.869059179,0.08020950716
R,550,2,7,0.921875,159.2054282,235.786027,-1.093637129,1.847268909,-1.110772541,-1.076501718,1.830142281,1.864395538,0.08060516485
R,551,2,7,0.92578125,159.3041728,236.0010689,-1.091496404,1.842606957,-1.108631816,-1.074360993,1.825480328,1.859733586,0.08100346479
R,552,2,7,0.9296875,159.4030898,236.216032,-1.089351941,1.837946711,-1.106487352,-1.072216529,1.820820083,1.85507334,0.08140443368
R,553,2,7,0.93359375,159.502181,236.4309157,-1.087203702,1.83328819,-1.104339114,-1.07006829,1.816161561,1.850414818,0.08180809849
R,554,2,7,0.9375,159.601448,236.645719,-1.085051651,1.828631409,-1.102187063,-1.067916239,1.81150478,1.845758038,0.08221448653
R,555,2,7,0.94140625,159.7008925,236.8604412,-1.082895753,1.823976387,-1.100031165,-1.065760341,1.806849758,1.841103016,0.08262362538
R,556,2,7,0.9453125,159.8005161,237.0750815,-1.08073597,1.81932314,-1.097871382,-1.063600558,1.802196512,1.836449769,0.08303554297
R,557,2,7,0.94921875,159.9003206,237.2896391,-1.078572267,1.814671687,-1.095707679,-1.061436855,1.797545058,1.831798316,0.08345026753
R,558,2,7,0.953125,160.0003077,237.5041132,-1.076404606,1.810022043,-1.093540018,-1.059269194,1.792895415,1.827148672,0.08386782761
R,559,2,7,0.95703125,160.1004789,237.718503,-1.074232952,1.805374227,-1.091368364,-1.05709754,1.788247599,1.822500856,0.08428825208
R,560,2,7,0.9609375,160.200836,237.9328077,-1.072057268,1.800728256,-1.08919268,-1.054921857,1.783601627,1.817854885,0.08471157016
R,561,2,7,0.96484375,160.3013807,238.1470266,-1.069877518,1.796084147,-1.08701293,-1.052742107,1.778957518,1.813210775,0.08513781138
R,562,2,7,0.96875,160.4021146,238.3611587,-1.067693666,1.791441916,-1.084829077,-1.050558254,1.774315288,1.808568545,0.08556700563
R,563,2,7,0.97265625,160.5030394,238.5752034,-1.065505674,1.786801583,-1.082641086,-1.048370262,1.769674954,1.803928211,0.08599918313
R,564,2,7,0.9765625,160.6041569,238.7891598,-1.063313507,1.782163162,-1.080448919,-1.046178095,1.765036534,1.799289791,0.08643437444
R,565,2,7,0.98046875,160.7054686,239.0030272,-1.061117128,1.777526673,-1.07825254,-1.043981716,1.760400044,1.794653302,0.08687261048
R,566,2,7,0.984375,160.8069762,239.2168046,-1.058916501,1.772892132,-1.076051913,-1.041781089,1.755765503,1.790018761,0.08731392253
R,567,2,7,0.98828125,160.9086815,239.4304915,-1.056711589,1.768259556,-1.073847001,-1.039576177,1.751132928,1.785386185,0.08775834222
R,568,2,7,0.9921875,161.0105861,239.6440868,-1.054502357,1.763628963,-1.071637769,-1.037366945,1.746502335,1.780755592,0.08820590155
R,569,2,7,0.99609375,161.1126917,239.8575899,-1.052288767,1.75900037,-1.069424179,-1.035153355,1.741873741,1.776126999,0.08865663289
R,570,2,7,1,161.215,240.071,-1.050070783,1.754373794,-1.067206195,-1.032935371,1.737247165,1.771500423,0.08911056898
R,571,2,8,0.09090909091,161.3203636,240.2915455,-1.047786561,1.749592528,-1.064921973,-1.030651149,1.732465899,1.766719157,0.0895804911
R,572,2,8,0.1818181818,161.4257273,240.5120909,-1.045502339,1.744811262,-1.062637751,-1.028366927,1.727684634,1.761937891,0.09005289133
R,573,2,8,0.2727272727,161.5310909,240.7326364,-1.043218116,1.740029996,-1.060353528,-1.026082705,1.722903368,1.757156625,0.09052778276
R,574,2,8,0.3636363636,161.6364545,240.9531818,-1.040933894,1.73524873,-1.058069306,-1.023798482,1.718122102,1.752375359,0.09100517851
R,575,2,8,0.4545454545,161.7418182,241.1737273,-1.038649672,1.730467464,-1.055785084,-1.02151426,1.713340836,1.747594093,0.09148509179
R,576,2,8,0.5454545455,161.8471818,241.3942727,-1.03636545,1.725686198,-1.053500861,-1.019230038,1.70855957,1.742812827,0.09196753588
R,577,2,8,0.6363636364,161.9525455,241.6148182,-1.034081227,1.720904932,-1.051216639,-1.016945815,1.703778304,1.738031561,0.09245252413
R,578,2,8,0.7272727273,162.0579091,241.8353636,-1.031797005,1.716123666,-1.048932417,-1.014661593,1.698997038,1.733250295,0.09294006995
R,579,2,8,0.8181818182,162.1632727,242.0559091,-1.029512783,1.711342401,-1.046648194,-1.012377371,1.694215772,1.728469029,0.09343018684
R,580,2,8,0.9090909091,162.2686364,242.2764545,-1.02722856,1.706561135,-1.044363972,-1.010093149,1.689434506,1.723687763,0.09392288833
R,581,2,8,1,162.374,242.497,-1.024944338,1.701779869,-1.04207975,-1.007808926,1.68465324,1.718906497,0.09441818808
R,582,2,9,0.09090909091,162.4787273,242.7143636,-1.022673912,1.697067582,-1.039809324,-1.0055385,1.679940954,1.714194211,0.09491308468
R,583,2,9,0.1818181818,162.5834545,242.9317273,-1.020403485,1.692355296,-1.037538897,-1.003268074,1.675228667,1.709481924,0.09541057529
R,584,2,9,0.2727272727,162.6881818,243.1490909,-1.018133059,1.687643009,-1.035268471,-1.000997647,1.670516381,1.704769638,0.09591067352
R,585,2,9,0.3636363636,162.7929091,243.3664545,-1.015862633,1.682930723,-1.032998045,-0.9987272211,1.665804094,1.700057352,0.09641339304
R,586,2,9,0.4545454545,162.8976364,243.5838182,-1.013592207,1.678218436,-1.030727618,-0.9964567948,1.661091808,1.695345065,0.09691874758
R,587,2,9,0.5454545455,163.0023636,243.8011818,-1.01132178,1.67350615,-1.028457192,-0.9941863685,1.656379521,1.690632779,0.09742675096
R,588,2,9,0.6363636364,163.1070909,244.0185455,-1.009051354,1.668793864,-1.026186766,-0.9919159422,1.651667235,1.685920492,0.09793741705
R,589,2,9,0.7272727273,163.2118182,244.2359091,-1.006780928,1.664081577,-1.02391634,-0.9896455159,1.646954948,1.681208206,0.09845075982
R,590,2,9,0.8181818182,163.3165455,244.4532727,-1.004510501,1.659369291,-1.021645913,-0.9873750896,1.642242662,1.676495919,0.0989667933
R,591,2,9,0.9090909091,163.4212727,244.6706364,-1.002240075,1.654657004,-1.019375487,-0.9851046633,1.637530376,1.671783633,0.09948553159
R,592,2,9,1,163.526,244.888,-0.9999696488,1.649944718,-1.017105061,-0.982834237,1.632818089,1.667071346,0.1000069889
R,593,2,10,0.09090909091,163.6307273,245.1007273,-0.9976992225,1.645332944,-1.014834634,-0.9805638107,1.628206316,1.662459573,0.1005311794
R,594,2,10,0.1818181818,163.7354545,245.3134545,-0.9954287962,1.640721171,-1.012564208,-0.9782933844,1.623594542,1.6578478,0.1010581175
R,595,2,10,0.2727272727,163.8401818,245.5261818,-0.9931583699,1.636109398,-1.010293782,-0.9760229581,1.618982769,1.653236026,0.1015878175
R,596,2,10,0.3636363636,163.9449091,245.7389091,-0.9908879436,1.631497624,-1.008023355,-0.9737525318,1.614370995,1.648624253,0.102120294
R,597,2,10,0.4545454545,164.0496364,245.9516364,-0.9886175173,1.626885851,-1.005752929,-0.9714821055,1.609759222,1.644012479,0.1026555615
R,598,2,10,0.5454545455,164.1543636,246.1643636,-0.986347091,1.622274077,-1.003482503,-0.9692116792,1.605147449,1.639400706,0.1031936346
R,599,2,10,0.6363636364,164.2590909,246.3770909,-0.9840766647,1.617662304,-1.001212077,-0.9669412529,1.600535675,1.634788933,0.103734528
R,600,2,10,0.7272727273,164.3638182,246.5898182,-0.9818062384,1.61305053,-0.9989416502,-0.9646708266,1.595923902,1.630177159,0.1042782566
R,601,2,10,0.8181818182,164.4685455,246.8025455,-0.9795358121,1.608438757,-0.9966712239,-0.9624004003,1.591312128,1.625565386,0.1048248351
R,602,2,10,0.9090909091,164.5732727,247.0152727,-0.9772653858,1.603826984,-0.9944007976,-0.960129974,1.586700355,1.620953612,0.1053742785
R,603,2,10,1,164.678,247.228,-0.9749949595,1.59921521,-0.9921303713,-0.9578595477,1.582088582,1.616341839,0.1059266019
R,604,2,11,0.09090909091,164.7827273,247.4368182,-0.9727245332,1.594688183,-0.989859945,-0.9555891214,1.577561554,1.611814812,0.1064818203
R,605,2,11,0.1818181818,164.8874545,247.6456364,-0.9704541069,1.590161156,-0.9875895188,-0.9533186951,1.573034527,1.607287785,0.1070399489
R,606,2,11,0.2727272727,164.9921818,247.8544545,-0.9681836806,1.585634129,-0.9853190925,-0.9510482688,1.5685075,1.602760757,0.1076010029
R,607,2,11,0.3636363636,165.0969091,248.0632727,-0.9659132543,1.581107102,-0.9830486662,-0.9487778425,1.563980473,1.59823373,0.1081649978
R,608,2,11,0.4545454545,165.2016364,248.2720909,-0.963642828,1.576580074,-0.9807782399,-0.9465074162,1.559453446,1.593706703,0.1087319488
R,609,2,11,0.5454545455,165.3063636,248.4809091,-0.9613724017,1.572053047,-0.9785078136,-0.9442369899,1.554926419,1.589179676,0.1093018715
R,610,2,11,0.6363636364,165.4110909,248.6897273,-0.9591019754,1.56752602,-0.9762373873,-0.9419665636,1.550399391,1.584652649,0.1098747815
R,611,2,11,0.7272727273,165.5158182,248.8985455,-0.9568315492,1.562998993,-0.973966961,-0.9396961373,1.545872364,1.580125622,0.1104506945
R,612,2,11,0.8181818182,165.6205455,249.1073636,-0.9545611229,1.558471966,-0.9716965347,-0.937425711,1.541345337,1.575598594,0.1110296261
R,613,2,11,0.9090909091,165.7252727,249.3161818,-0.9522906966,1.553944939,-0.9694261084,-0.9351552847,1.53681831,1.571071567,0.1116115922
R,614,2,11,1,165.83,249.525,-0.9500202703,1.549417911,-0.9671556821,-0.9328848584,1.532291283,1.56654454,0.1121966086
R,615,2,12,0.00390625,165.9077782,249.677636,-0.9483340852,1.546108873,-0.965469497,-0.9311986734,1.528982244,1.563235501,0.1126330682
R,616,2,12,0.0078125,165.9856516,249.8302937,-0.9466458337,1.542799364,-0.9637812456,-0.9295104219,1.525672735,1.559925993,0.1130717637
R,617,2,12,0.01171875,166.0636203,249.9829725,-0.9449555178,1.539489398,-0.9620909296,-0.927820106,1.522362769,1.556616027,0.1135127074
R,618,2,12,0.015625,166.1416842,250.1356719,-0.9432631392,1.536178986,-0.960398551,-0.9261277274,1.519052358,1.553305615,0.1139559119
R,619,2,12,0.01953125,166.2198431,250.2883912,-0.9415686997,1.532868142,-0.9587041115,-0.9244332879,1.515741514,1.549994771,0.1144013897
R,620,2,12,0.0234375,166.2980969,250.4411299,-0.9398722012,1.529556878,-0.957007613,-0.9227367894,1.512430249,1.546683506,0.1148491536
R,621,2,12,0.02734375,166.3764457,250.5938874,-0.9381736455,1.526245205,-0.9553090573,-0.9210382337,1.509118576,1.543371834,0.1152992161
R,622,2,12,0.03125,166.4548893,250.7466632,-0.9364730344,1.522933137,-0.9536084463,-0.9193376226,1.505806508,1.540059765,0.1157515901
R,623,2,12,0.03515625,166.5334276,250.8994567,-0.9347703699,1.519620685,-0.9519057817,-0.917634958,1.502494056,1.536747314,0.1162062884
R,624,2,12,0.0390625,166.6120605,251.0522672,-0.9330656536,1.516307862,-0.9502010654,-0.9159302417,1.499181234,1.533434491,0.116663324
R,625,2,12,0.04296875,166.690788,251.2050943,-0.9313588874,1.512994681,-0.9484942992,-0.9142234756,1.495868052,1.53012131,0.11712271
R,626,2,12,0.046875,166.76961,251.3579374,-0.9296500732,1.509681154,-0.946785485,-0.9125146614,1.492554525,1.526807782,0.1175844594
R,627,2,12,0.05078125,166.8485263,251.5107959,-0.9279392127,1.506367292,-0.9450746245,-0.9108038009,1.489240664,1.523493921,0.1180485854
R,628,2,12,0.0546875,166.927537,251.6636692,-0.9262263079,1.50305311,-0.9433617197,-0.9090908961,1.485926481,1.520179738,0.1185151013
R,629,2,12,0.05859375,167.0066418,251.8165568,-0.9245113605,1.499738618,-0.9416467724,-0.9073759487,1.482611989,1.516865247,0.1189840204
R,630,2,12,0.0625,167.0858408,251.969458,-0.9227943725,1.49642383,-0.9399297843,-0.9056589606,1.479297201,1.513550458,0.1194553562
R,631,2,12,0.06640625,167.1651339,252.1223724,-0.9210753455,1.493108757,-0.9382107573,-0.9039399336,1.475982128,1.510235386,0.1199291221
R,632,2,12,0.0703125,167.2445209,252.2752993,-0.9193542814,1.489793412,-0.9364896932,-0.9022188696,1.472666784,1.506920041,0.1204053317
R,633,2,12,0.07421875,167.3240018,252.4282382,-0.9176311821,1.486477808,-0.9347665939,-0.9004957703,1.469351179,1.503604437,0.1208839988
R,634,2,12,0.078125,167.4035764,252.5811884,-0.9159060494,1.483161957,-0.9330414612,-0.8987706376,1.466035328,1.500288585,0.121365137
R,635,2,12,0.08203125,167.4832448,252.7341495,-0.9141788851,1.47984587,-0.9313142969,-0.8970434733,1.462719242,1.496972499,0.1218487603
R,636,2,12,0.0859375,167.5630068,252.8871209,-0.9124496911,1.476529562,-0.9295851029,-0.8953142793,1.459402933,1.49365619,0.1223348824
R,637,2,12,0.08984375,167.6428624,253.040102,-0.9107184691,1.473213043,-0.927853881,-0.8935830573,1.456086414,1.490339671,0.1228235175
R,638,2,12,0.09375,167.7228114,253.1930922,-0.9089852211,1.469896326,-0.9261206329,-0.8918498093,1.452769698,1.487022955,0.1233146796
R,639,2,12,0.09765625,167.8028538,253.3460909,-0.9072499488,1.466579424,-0.9243853606,-0.890114537,1.449452796,1.483706053,0.1238083829
R,640,2,12,0.1015625,167.8829895,253.4990976,-0.9055126541,1.463262349,-0.9226480659,-0.8883772423,1.446135721,1.480388978,0.1243046416
R,641,2,12,0.10546875,167.9632183,253.6521117,-0.9037733388,1.459945114,-0.9209087506,-0.886637927,1.442818485,1.477071743,0.1248034702
R,642,2,12,0.109375,168.0435403,253.8051327,-0.9020320047,1.456627731,-0.9191674165,-0.8848965929,1.439501102,1.473754359,0.125304883
R,643,2,12,0.11328125,168.1239554,253.9581599,-0.9002886537,1.453310211,-0.9174240655,-0.8831532419,1.436183582,1.47043684,0.1258088945
R,644,2,12,0.1171875,168.2044633,254.1111928,-0.8985432875,1.449992568,-0.9156786993,-0.8814078757,1.43286594,1.467119197,0.1263155195
R,645,2,12,0.12109375,168.2850642,254.2642308,-0.8967959081,1.446674814,-0.9139313199,-0.8796604963,1.429548186,1.463801443,0.1268247725
R,646,2,12,0.125,168.3657578,254.4172734,-0.8950465173,1.443356961,-0.9121819291,-0.8779111054,1.426230333,1.46048359,0.1273366683
R,647,2,12,0.12890625,168.4465441,254.57032,-0.8932951168,1.440039022,-0.9104305286,-0.876159705,1.422912394,1.457165651,0.127851222
R,648,2,12,0.1328125,168.5274231,254.72337,-0.8915417085,1.436721009,-0.9086771203,-0.8744062967,1.419594381,1.453847638,0.1283684483
R,649,2,12,0.13671875,168.6083945,254.8764228,-0.8897862943,1.433402935,-0.9069217061,-0.8726508825,1.416276306,1.450529564,0.1288883624
R,650,2,12,0.140625,168.6894585,255.0294779,-0.8880288759,1.430084811,-0.9051642877,-0.8708934641,1.412958182,1.44721144,0.1294109794
R,651,2,12,0.14453125,168.7706147,255.1825347,-0.8862694552,1.42676665,-0.903404867,-0.8691340434,1.409640022,1.443893279,0.1299363146
R,652,2,12,0.1484375,168.8518633,255.3355926,-0.8845080341,1.423448465,-0.9016434459,-0.8673726223,1.406321837,1.440575094,0.1304643834
R,653,2,12,0.15234375,168.933204,255.4886511,-0.8827446143,1.420130268,-0.8998800261,-0.8656092025,1.403003639,1.437256897,0.130995201
R,654,2,12,0.15625,169.0146368,255.6417096,-0.8809791977,1.416812071,-0.8981146095,-0.8638437859,1.399685442,1.4339387,0.1315287832
R,655,2,12,0.16015625,169.0961617,255.7947675,-0.8792117861,1.413493887,-0.896347198,-0.8620763743,1.396367258,1.430620516,0.1320651454
R,656,2,12,0.1640625,169.1777785,255.9478242,-0.8774423814,1.410175728,-0.8945777932,-0.8603069696,1.393049099,1.427302356,0.1326043034
R,657,2,12,0.16796875,169.2594872,256.1008792,-0.8756709854,1.406857606,-0.8928063972,-0.8585355736,1.389730977,1.423984234,0.1331462731
R,658,2,12,0.171875,169.3412876,256.2539319,-0.8738975998,1.403539534,-0.8910330116,-0.856762188,1.386412905,1.420666162,0.1336910703
R,659,2,12,0.17578125,169.4231797,256.4069818,-0.8721222266,1.400221524,-0.8892576384,-0.8549868148,1.383094895,1.417348152,0.134238711
R,660,2,12,0.1796875,169.5051634,256.5600282,-0.8703448676,1.396903588,-0.8874802794,-0.8532094558,1.37977696,1.414030217,0.1347892114
R,661,2,12,0.18359375,169.5872386,256.7130706,-0.8685655245,1.39358574,-0.8857009363,-0.8514301127,1.376459111,1.410712368,0.1353425876
R,662,2,12,0.1875,169.6694053,256.8661084,-0.8667841993,1.390267991,-0.8839196111,-0.8496487875,1.373141362,1.407394619,0.1358988559
R,663,2,12,0.19140625,169.7516633,257.0191411,-0.8650008938,1.386950353,-0.8821363056,-0.8478654819,1.369823724,1.404076982,0.1364580328
R,664,2,12,0.1953125,169.8340125,257.172168,-0.8632156097,1.383632839,-0.8803510215,-0.8460801979,1.366506211,1.400759468,0.1370201348
R,665,2,12,0.19921875,169.916453,257.3251887,-0.8614283489,1.380315462,-0.8785637607,-0.8442929371,1.363188834,1.397442091,0.1375851783
R,666,2,12,0.203125,169.9989845,257.4782025,-0.8596391133,1.376998234,-0.8767745251,-0.8425037015,1.359871605,1.394124862,0.1381531802
R,667,2,12,0.20703125,170.0816071,257.6312088,-0.8578479047,1.373681167,-0.8749833165,-0.8407124929,1.356554538,1.390807795,0.1387241573
R,668,2,12,0.2109375,170.1643205,257.7842072,-0.8560547248,1.370364273,-0.8731901366,-0.838919313,1.353237644,1.387490901,0.1392981264
R,669,2,12,0.21484375,170.2471248,257.937197,-0.8542595756,1.367047565,-0.8713949874,-0.8371241638,1.349920936,1.384174194,0.1398751046
R,670,2,12,0.21875,170.3300199,258.0901776,-0.8524624589,1.363731055,-0.8695978707,-0.8353270471,1.346604427,1.380857684,0.140455109
R,671,2,12,0.22265625,170.4130056,258.2431485,-0.8506633765,1.360414756,-0.8677987883,-0.8335279646,1.343288128,1.377541385,0.1410381568
R,672,2,12,0.2265625,170.496082,258.3961092,-0.8488623301,1.35709868,-0.8659977419,-0.8317269183,1.339972052,1.374225309,0.1416242653
R,673,2,12,0.23046875,170.5792488,258.5490589,-0.8470593218,1.35378284,-0.8641947336,-0.82992391,1.336656211,1.370909468,0.142213452
R,674,2,12,0.234375,170.662506,258.7019973,-0.8452543532,1.350467247,-0.862389765,-0.8281189414,1.333340618,1.367593876,0.1428057343
R,675,2,12,0.23828125,170.7458536,258.8549237,-0.8434474262,1.347151914,-0.860582838,-0.8263120144,1.330025286,1.364278543,0.1434011301
R,676,2,12,0.2421875,170.8292914,259.0078374,-0.8416385427,1.343836854,-0.8587739545,-0.8245031309,1.326710225,1.360963483,0.1439996569
R,677,2,12,0.24609375,170.9128194,259.1607381,-0.8398277044,1.340522079,-0.8569631162,-0.8226922926,1.32339545,1.357648707,0.1446013327
R,678,2,12,0.25,170.9964375,259.313625,-0.8380149133,1.337207601,-0.8551503251,-0.8208795015,1.320080972,1.354334229,0.1452061754
R,679,2,12,0.25390625,171.0801456,259.4664976,-0.8362001711,1.333893432,-0.8533355829,-0.8190647592,1.316766804,1.351020061,0.1458142032
R,680,2,12,0.2578125,171.1639436,259.6193554,-0.8343834796,1.330579586,-0.8515188914,-0.8172480678,1.313452957,1.347706215,0.1464254342
R,681,2,12,0.26171875,171.2478314,259.7721978,-0.8325648407,1.327266074,-0.8497002525,-0.8154294289,1.310139445,1.344392703,0.1470398867
R,682,2,12,0.265625,171.3318089,259.9250242,-0.8307442563,1.323952909,-0.8478796681,-0.8136088445,1.30682628,1.341079537,0.1476575791
R,683,2,12,0.26953125,171.4158761,260.077834,-0.8289217281,1.320640102,-0.8460571399,-0.8117863163,1.303513474,1.337766731,0.14827853
R,684,2,12,0.2734375,171.5000329,260.2306267,-0.827097258,1.317327668,-0.8442326698,-0.8099618462,1.300201039,1.334454296,0.148902758
R,685,2,12,0.27734375,171.5842792,260.3834016,-0.8252708478,1.314015617,-0.8424062596,-0.8081354359,1.296888988,1.331142246,0.149530282
R,686,2,12,0.28125,171.6686149,260.5361583,-0.8234424993,1.310703962,-0.8405779111,-0.8063070875,1.293577334,1.327830591,0.1501611206
R,687,2,12,0.28515625,171.7530399,260.6888962,-0.8216122144,1.307392716,-0.8387476262,-0.8044768026,1.290266088,1.324519345,0.1507952931
R,688,2,12,0.2890625,171.8375541,260.8416146,-0.8197799949,1.304081892,-0.8369154067,-0.8026445831,1.286955263,1.32120852,0.1514328183
R,689,2,12,0.29296875,171.9221575,260.994313,-0.8179458426,1.3007715,-0.8350812544,-0.8008104308,1.283644871,1.317898129,0.1520737157
R,690,2,12,0.296875,172.00685,261.1469909,-0.8161097594,1.297461554,-0.8332451712,-0.7989743476,1.280334926,1.314588183,0.1527180045
R,691,2,12,0.30078125,172.0916314,261.2996476,-0.8142717471,1.294152066,-0.8314071589,-0.7971363353,1.277025438,1.311278695,0.1533657041
R,692,2,12,0.3046875,172.1765017,261.4522827,-0.8124318075,1.290843049,-0.8295672193,-0.7952963957,1.273716421,1.307969678,0.1540168343
R,693,2,12,0.30859375,172.2614609,261.6048954,-0.8105899424,1.287534515,-0.8277253543,-0.7934545306,1.270407886,1.304661144,0.1546714146
R,694,2,12,0.3125,172.3465088,261.7574854,-0.8087461538,1.284226476,-0.8258815656,-0.791610742,1.267099847,1.301353104,0.1553294649
R,695,2,12,0.31640625,172.4316453,261.9100519,-0.8069004433,1.280918944,-0.8240358551,-0.7897650315,1.263792316,1.298045573,0.1559910052
R,696,2,12,0.3203125,172.5168704,262.0625944,-0.8050528129,1.277611933,-0.8221882247,-0.7879174011,1.260485304,1.294738561,0.1566560555
R,697,2,12,0.32421875,172.602184,262.2151123,-0.8032032643,1.274305454,-0.8203386761,-0.7860678525,1.257178825,1.291432082,0.157324636
R,698,2,12,0.328125,172.687586,262.3676052,-0.8013517994,1.270999519,-0.8184872113,-0.7842163876,1.253872891,1.288126148,0.1579967671
R,699,2,12,0.33203125,172.7730762,262.5200723,-0.7994984201,1.267694142,-0.8166338319,-0.7823630083,1.250567513,1.284820771,0.1586724691
R,700,2,12,0.3359375,172.8586547,262.6725132,-0.7976431281,1.264389334,-0.8147785399,-0.7805077163,1.247262705,1.281515963,0.1593517627
R,701,2,12,0.33984375,172.9443214,262.8249272,-0.7957859253,1.261085108,-0.8129213371,-0.7786505135,1.243958479,1.278211737,0.1600346685
R,702,2,12,0.34375,173.030076,262.9773138,-0.7939268135,1.257781476,-0.8110622254,-0.7767914017,1.240654848,1.274908105,0.1607212074
R,703,2,12,0.34765625,173.1159187,263.1296725,-0.7920657946,1.254478451,-0.8092012064,-0.7749303828,1.237351822,1.27160508,0.1614114004
R,704,2,12,0.3515625,173.2018493,263.2820026,-0.7902028704,1.251176045,-0.8073382822,-0.7730674585,1.234049416,1.268302674,0.1621052684
R,705,2,12,0.35546875,173.2878676,263.4343035,-0.7883380426,1.24787427,-0.8054734544,-0.7712026308,1.230747642,1.265000899,0.1628028328
R,706,2,12,0.359375,173.3739737,263.5865748,-0.7864713132,1.244573139,-0.803606725,-0.7693359014,1.22744651,1.261699768,0.1635041148
R,707,2,12,0.36328125,173.4601674,263.7388158,-0.7846026839,1.241272664,-0.8017380957,-0.7674672721,1.224146035,1.258399293,0.164209136
R,708,2,12,0.3671875,173.5464486,263.891026,-0.7827321567,1.237972858,-0.7998675685,-0.7655967449,1.220846229,1.255099486,0.164917918
R,709,2,12,0.37109375,173.6328173,264.0432048,-0.7808597332,1.234673732,-0.797995145,-0.7637243214,1.217547103,1.251800361,0.1656304824
R,710,2,12,0.375,173.7192734,264.1953516,-0.7789854154,1.231375299,-0.7961208273,-0.7618500036,1.214248671,1.248501928,0.1663468512
R,711,2,12,0.37890625,173.8058168,264.3474658,-0.7771092051,1.228077573,-0.794244617,-0.7599737933,1.210950944,1.245204201,0.1670670464
R,712,2,12,0.3828125,173.8924474,264.4995469,-0.7752311042,1.224780564,-0.792366516,-0.7580956924,1.207653935,1.241907192,0.1677910902
R,713,2,12,0.38671875,173.9791652,264.6515944,-0.7733511143,1.221484285,-0.7904865261,-0.7562157025,1.204357657,1.238610914,0.1685190048
R,714,2,12,0.390625,174.0659699,264.8036076,-0.7714692375,1.218188749,-0.7886046493,-0.7543338256,1.201062121,1.235315378,0.1692508126
R,715,2,12,0.39453125,174.1528617,264.9555859,-0.7695854754,1.214893969,-0.7867208872,-0.7524500636,1.19776734,1.232020597,0.1699865363
R,716,2,12,0.3984375,174.2398403,265.1075289,-0.76769983,1.211599955,-0.7848352418,-0.7505644181,1.194473327,1.228726584,0.1707261985
R,717,2,12,0.40234375,174.3269056,265.2594358,-0.765812303,1.208306722,-0.7829477148,-0.7486768912,1.191180093,1.225433351,0.171469822
R,718,2,12,0.40625,174.4140577,265.4113063,-0.7639228963,1.205014281,-0.7810583081,-0.7467874845,1.187887652,1.222140909,0.1722174299
R,719,2,12,0.41015625,174.5012965,265.5631396,-0.7620316117,1.201722644,-0.7791670236,-0.7448961999,1.184596015,1.218849273,0.1729690453
R,720,2,12,0.4140625,174.5886217,265.7149352,-0.7601384511,1.198431824,-0.777273863,-0.7430030393,1.181305196,1.215558453,0.1737246914
R,721,2,12,0.41796875,174.6760334,265.8666926,-0.7582434163,1.195141834,-0.7753788281,-0.7411080045,1.178015205,1.212268463,0.1744843917
R,722,2,12,0.421875,174.7635315,266.0184112,-0.7563465091,1.191852685,-0.7734819209,-0.7392110973,1.174726057,1.208979314,0.1752481697
R,723,2,12,0.42578125,174.8511158,266.1700903,-0.7544477313,1.188564391,-0.7715831431,-0.7373123195,1.171437762,1.20569102,0.1760160492
R,724,2,12,0.4296875,174.9387864,266.3217295,-0.7525470848,1.185276963,-0.7696824966,-0.735411673,1.168150334,1.202403591,0.1767880539
R,725,2,12,0.43359375,175.026543,266.4733282,-0.7506445714,1.181990414,-0.7677799832,-0.7335091596,1.164863785,1.199117042,0.177564208
R,726,2,12,0.4375,175.1143857,266.6248857,-0.7487401929,1.178704756,-0.7658756048,-0.7316047811,1.161578127,1.195831384,0.1783445355
R,727,2,12,0.44140625,175.2023144,266.7764016,-0.7468339512,1.175420001,-0.763969363,-0.7296985394,1.158293372,1.19254663,0.1791290608
R,728,2,12,0.4453125,175.2903289,266.9278752,-0.7449258481,1.172136163,-0.7620612599,-0.7277904363,1.155009534,1.189262791,0.1799178082
R,729,2,12,0.44921875,175.3784292,267.079306,-0.7430158854,1.168853252,-0.7601512972,-0.7258804736,1.151726624,1.185979881,0.1807108025
R,730,2,12,0.453125,175.4666151,267.2306934,-0.7411040649,1.165571283,-0.7582394768,-0.7239686531,1.148444654,1.182697912,0.1815080684
R,731,2,12,0.45703125,175.5548867,267.3820369,-0.7391903886,1.162290266,-0.7563258004,-0.7220549768,1.145163638,1.179416895,0.1823096307
R,732,2,12,0.4609375,175.6432438,267.5333358,-0.7372748581,1.159010215,-0.7544102699,-0.7201394463,1.141883587,1.176136844,0.1831155146
R,733,2,12,0.46484375,175.7316863,267.6845896,-0.7353574754,1.155731142,-0.7524928872,-0.7182220636,1.138604514,1.172857771,0.1839257453
R,734,2,12,0.46875,175.8202142,267.8357977,-0.7334382422,1.152453059,-0.750573654,-0.7163028304,1.135326431,1.169579688,0.1847403482
R,735,2,12,0.47265625,175.9088274,267.9869596,-0.7315171604,1.149175979,-0.7486525723,-0.7143817486,1.13204935,1.166302608,0.1855593487
R,736,2,12,0.4765625,175.9975257,268.1380747,-0.7295942319,1.145899914,-0.7467296437,-0.7124588201,1.128773285,1.163026542,0.1863827727
R,737,2,12,0.48046875,176.0863092,268.2891424,-0.7276694584,1.142624875,-0.7448048702,-0.7105340466,1.125498247,1.159751504,0.1872106459
R,738,2,12,0.484375,176.1751777,268.4401621,-0.7257428418,1.139350877,-0.7428782536,-0.70860743,1.122224248,1.156477506,0.1880429944
R,739,2,12,0.48828125,176.2641311,268.5911333,-0.7238143839,1.136077931,-0.7409497958,-0.7066789721,1.118951302,1.153204559,0.1888798443
R,740,2,12,0.4921875,176.3531693,268.7420554,-0.7218840866,1.132806049,-0.7390194984,-0.7047486748,1.11567942,1.149932677,0.189721222
R,741,2,12,0.49609375,176.4422923,268.8929278,-0.7199519517,1.129535244,-0.7370873635,-0.7028165399,1.112408615,1.146661872,0.1905671541
R,742,2,12,0.5,176.5315,269.04375,-0.7180179809,1.126265528,-0.7351533927,-0.7008825691,1.109138899,1.143392156,0.1914176672
R,743,2,12,0.50390625,176.6207923,269.1945214,-0.7160821762,1.122996913,-0.733217588,-0.6989467644,1.105870285,1.140123542,0.192272788
R,744,2,12,0.5078125,176.7101691,269.3452414,-0.7141445394,1.119729413,-0.7312799512,-0.6970091275,1.102602784,1.136856042,0.1931325438
R,745,2,12,0.51171875,176.7996303,269.4959094,-0.7122050722,1.116463039,-0.729340484,-0.6950696604,1.09933641,1.133589668,0.1939969615
R,746,2,12,0.515625,176.8891759,269.6465249,-0.7102637766,1.113197804,-0.7273991884,-0.6931283648,1.096071175,1.130324432,0.1948660686
R,747,2,12,0.51953125,176.9788057,269.7970873,-0.7083206543,1.109933719,-0.7254560661,-0.6911852425,1.09280709,1.127060348,0.1957398926
R,748,2,12,0.5234375,177.0685197,269.9475961,-0.7063757072,1.106670798,-0.723511119,-0.6892402954,1.08954417,1.123797427,0.1966184612
R,749,2,12,0.52734375,177.1583177,270.0980506,-0.7044289371,1.103409053,-0.7215643489,-0.6872935253,1.086282424,1.120535682,0.1975018022
R,750,2,12,0.53125,177.2481998,270.2484503,-0.7024803459,1.100148496,-0.7196157577,-0.6853449341,1.083021868,1.117275125,0.1983899437
R,751,2,12,0.53515625,177.3381658,270.3987946,-0.7005299353,1.09688914,-0.7176653471,-0.6833945235,1.079762511,1.114015768,0.1992829138
R,752,2,12,0.5390625,177.4282157,270.549083,-0.6985777073,1.093630996,-0.7157131191,-0.6814422955,1.076504368,1.110757625,0.2001807411
R,753,2,12,0.54296875,177.5183493,270.6993149,-0.6966236636,1.090374078,-0.7137590754,-0.6794882518,1.07324745,1.107500707,0.201083454
R,754,2,12,0.546875,177.6085665,270.8494897,-0.694667806,1.087118398,-0.7118032178,-0.6775323942,1.069991769,1.104245026,0.2019910813
R,755,2,12,0.55078125,177.6988673,270.9996068,-0.6927101364,1.083863967,-0.7098455482,-0.6755747246,1.066737339,1.100990596,0.2029036519
R,756,2,12,0.5546875,177.7892517,271.1496657,-0.6907506567,1.080610799,-0.7078860685,-0.6736152449,1.063484171,1.097737428,0.2038211949
R,757,2,12,0.55859375,177.8797194,271.2996657,-0.6887893686,1.077358906,-0.7059247804,-0.6716539568,1.060232277,1.094485535,0.2047437396
R,758,2,12,0.5625,177.9702705,271.4496064,-0.686826274,1.0741083,-0.7039616858,-0.6696908622,1.056981671,1.091234929,0.2056713156
R,759,2,12,0.56640625,178.0609048,271.5994872,-0.6848613747,1.070858994,-0.7019967865,-0.6677259629,1.053732365,1.087985622,0.2066039523
R,760,2,12,0.5703125,178.1516223,271.7493075,-0.6828946725,1.067610999,-0.7000300843,-0.6657592607,1.05048437,1.084737628,0.2075416798
R,761,2,12,0.57421875,178.2424229,271.8990666,-0.6809261693,1.064364329,-0.6980615812,-0.6637907575,1.0472377,1.081490957,0.208484528
R,762,2,12,0.578125,178.3333064,272.0487641,-0.678955867,1.061118995,-0.6960912788,-0.6618204551,1.043992366,1.078245624,0.2094325271
R,763,2,12,0.58203125,178.4242729,272.1983994,-0.6769837672,1.057875011,-0.694119179,-0.6598483554,1.040748382,1.075001639,0.2103857075
R,764,2,12,0.5859375,178.5153221,272.3479719,-0.6750098719,1.054632387,-0.6921452837,-0.6578744601,1.037505759,1.071759016,0.2113440999
R,765,2,12,0.58984375,178.6064542,272.497481,-0.6730341829,1.051391138,-0.6901695947,-0.6558987711,1.034264509,1.068517767,0.212307735
R,766,2,12,0.59375,178.6976688,272.6469261,-0.671056702,1.048151275,-0.6881921138,-0.6539212902,1.031024646,1.065277903,0.2132766438
R,767,2,12,0.59765625,178.7889661,272.7963068,-0.6690774311,1.04491281,-0.6862128429,-0.6519420193,1.027786181,1.062039439,0.2142508576
R,768,2,12,0.6015625,178.8803458,272.9456224,-0.6670963719,1.041675756,-0.6842317837,-0.6499609601,1.024549128,1.058802385,0.2152304076
R,769,2,12,0.60546875,178.9718079,273.0948723,-0.6651135264,1.038440126,-0.6822489382,-0.6479781146,1.021313497,1.055566755,0.2162153254
R,770,2,12,0.609375,179.0633523,273.244056,-0.6631288963,1.035205931,-0.6802643081,-0.6459934845,1.018079302,1.05233256,0.2172056429
R,771,2,12,0.61328125,179.154979,273.3931729,-0.6611424834,1.031973184,-0.6782778952,-0.6440070716,1.014846556,1.049099813,0.2182013919
R,772,2,12,0.6171875,179.2466878,273.5422225,-0.6591542897,1.028741898,-0.6762897015,-0.6420188779,1.011615269,1.045868527,0.2192026047
R,773,2,12,0.62109375,179.3384787,273.6912041,-0.6571643169,1.025512084,-0.6742997287,-0.6400289051,1.008385456,1.042638713,0.2202093136
R,774,2,12,0.625,179.4303516,273.8401172,-0.6551725668,1.022283756,-0.6723079786,-0.638037155,1.005157127,1.039410385,0.2212215512
R,775,2,12,0.62890625,179.5223063,273.9889612,-0.6531790413,1.019056925,-0.6703144532,-0.6360436295,1.001930296,1.036183554,0.2222393502
R,776,2,12,0.6328125,179.6143429,274.1377356,-0.6511837423,1.015831604,-0.6683191541,-0.6340483305,0.9987049754,1.032958233,0.2232627438
R,777,2,12,0.63671875,179.7064612,274.2864398,-0.6491866715,1.012607805,-0.6663220833,-0.6320512597,0.9954811767,1.029734434,0.224291765
R,778,2,12,0.640625,179.7986611,274.4350731,-0.6471878308,1.009385541,-0.6643232426,-0.630052419,0.9922589127,1.02651217,0.2253264473
R,779,2,12,0.64453125,179.8909426,274.5836352,-0.6451872219,1.006164824,-0.6623226338,-0.6280518101,0.9890381956,1.023291453,0.2263668242
R,780,2,12,0.6484375,179.9833055,274.7321252,-0.6431848469,1.002945667,-0.6603202587,-0.626049435,0.985819038,1.020072295,0.2274129297
R,781,2,12,0.65234375,180.0757499,274.8805428,-0.6411807073,0.9997280808,-0.6583161191,-0.6240452955,0.9826014521,1.016854709,0.2284647977
R,782,2,12,0.65625,180.1682755,275.0288873,-0.6391748052,0.9965120791,-0.656310217,-0.6220393934,0.9793854504,1.013638708,0.2295224625
R,783,2,12,0.66015625,180.2608824,275.1771582,-0.6371671423,0.9932976739,-0.6543025541,-0.6200317305,0.9761710452,1.010424303,0.2305859586
R,784,2,12,0.6640625,180.3535704,275.3253549,-0.6351577205,0.9900848776,-0.6522931323,-0.6180223087,0.9729582489,1.007211506,0.2316553207
R,785,2,12,0.66796875,180.4463394,275.4734767,-0.6331465415,0.9868737025,-0.6502819533,-0.6160111297,0.9697470739,1.004000331,0.2327305836
R,786,2,12,0.671875,180.5391894,275.6215232,-0.6311336073,0.9836641611,-0.6482690191,-0.6139981955,0.9665375325,1.00079079,0.2338117825
R,787,2,12,0.67578125,180.6321203,275.7694938,-0.6291189196,0.9804562658,-0.6462543314,-0.6119835078,0.9633296371,0.9975828944,0.2348989527
R,788,2,12,0.6796875,180.725132,275.9173879,-0.6271024802,0.9772500288,-0.6442378921,-0.6099670684,0.9601234001,0.9943766574,0.2359921298
R,789,2,12,0.68359375,180.8182244,276.0652049,-0.6250842911,0.9740454626,-0.6422197029,-0.6079488793,0.9569188339,0.9911720912,0.2370913496
R,790,2,12,0.6875,180.9113975,276.2129443,-0.623064354,0.9708425795,-0.6401997658,-0.6059289422,0.9537159508,0.9879692081,0.2381966482
R,791,2,12,0.69140625,181.004651,276.3606055,-0.6210426708,0.9676413919,-0.6381780826,-0.603907259,0.9505147633,0.9847680206,0.2393080617
R,792,2,12,0.6953125,181.0979851,276.5081879,-0.6190192433,0.9644419122,-0.6361546551,-0.6018838315,0.9473152836,0.9815685409,0.2404256267
R,793,2,12,0.69921875,181.1913995,276.655691,-0.6169940733,0.9612441528,-0.6341294851,-0.5998586615,0.9441175242,0.9783707815,0.2415493798
R,794,2,12,0.703125,181.2848942,276.8031141,-0.6149671626,0.958048126,-0.6321025744,-0.5978317508,0.9409214974,0.9751747547,0.242679358
R,795,2,12,0.70703125,181.3784691,276.9504567,-0.6129385131,0.9548538443,-0.630073925,-0.5958031013,0.9377272156,0.9719804729,0.2438155985
R,796,2,12,0.7109375,181.4721241,277.0977183,-0.6109081267,0.9516613199,-0.6280435385,-0.5937727149,0.9345346912,0.9687879485,0.2449581386
R,797,2,12,0.71484375,181.5658592,277.2448982,-0.6088760051,0.9484705652,-0.6260114169,-0.5917405933,0.9313439366,0.9655971939,0.2461070161
R,798,2,12,0.71875,181.6596742,277.391996,-0.6068421501,0.9452815927,-0.6239775619,-0.5897067383,0.9281549641,0.9624082214,0.2472622688
R,799,2,12,0.72265625,181.7535691,277.5390109,-0.6048065637,0.9420944147,-0.6219419755,-0.5876711519,0.9249677861,0.9592210434,0.2484239348
R,800,2,12,0.7265625,181.8475437,277.6859425,-0.6027692476,0.9389090436,-0.6199046594,-0.5856338357,0.921782415,0.9560356723,0.2495920525
R,801,2,12,0.73046875,181.9415981,277.8327902,-0.6007302036,0.9357254918,-0.6178656154,-0.5835947918,0.9185988631,0.9528521204,0.2507666605
R,802,2,12,0.734375,182.0357321,277.9795535,-0.5986894336,0.9325437715,-0.6158248455,-0.5815540218,0.9154171429,0.9496704002,0.2519477976
R,803,2,12,0.73828125,182.1299456,278.1262316,-0.5966469395,0.9293638953,-0.6137823513,-0.5795115277,0.9122372666,0.9464905239,0.253135503
R,804,2,12,0.7421875,182.2242386,278.2728241,-0.594602723,0.9261858754,-0.6117381348,-0.5774673112,0.9090592467,0.9433125041,0.254329816
R,805,2,12,0.74609375,182.3186109,278.4193304,-0.592556786,0.9230097243,-0.6096921978,-0.5754213742,0.9058830956,0.9401363529,0.2555307761
R,806,2,12,0.75,182.4130625,278.56575,-0.5905091303,0.9198354543,-0.6076445421,-0.5733737185,0.9027088256,0.9369620829,0.2567384233
R,807,2,12,0.75390625,182.5075933,278.7120822,-0.5884597577,0.9166630778,-0.6055951695,-0.5713243459,0.8995364491,0.9337897064,0.2579527976
R,808,2,12,0.7578125,182.6022032,278.8583265,-0.5864086701,0.9134926072,-0.6035440819,-0.5692732583,0.8963659785,0.9306192358,0.2591739393
R,809,2,12,0.76171875,182.6968921,279.0044823,-0.5843558693,0.9103240548,-0.6014912812,-0.5672204575,0.8931974261,0.9274506834,0.2604018892
R,810,2,12,0.765625,182.79166,279.1505491,-0.5823013572,0.907157433,-0.599436769,-0.5651659454,0.8900308044,0.9242840617,0.261636688
R,811,2,12,0.76953125,182.8865067,279.2965262,-0.5802451355,0.9039927542,-0.5973805473,-0.5631097237,0.8868661256,0.9211193829,0.2628783769
R,812,2,12,0.7734375,182.9814322,279.4424132,-0.578187206,0.9008300308,-0.5953226179,-0.5610517942,0.8837034022,0.9179566595,0.2641269972
R,813,2,12,0.77734375,183.0764364,279.5882093,-0.5761275707,0.8976692752,-0.5932629826,-0.5589921589,0.8805426465,0.9147959038,0.2653825906
R,814,2,12,0.78125,183.1715192,279.7339142,-0.5740662314,0.8945104996,-0.5912016432,-0.5569308196,0.877383871,0.9116371283,0.2666451991
R,815,2,12,0.78515625,183.2666805,279.8795271,-0.5720031898,0.8913537165,-0.5891386016,-0.554867778,0.8742270879,0.9084803452,0.2679148647
R,816,2,12,0.7890625,183.3619202,280.0250476,-0.5699384478,0.8881989383,-0.5870738596,-0.552803036,0.8710723097,0.905325567,0.26919163
R,817,2,12,0.79296875,183.4572383,280.170475,-0.5678720073,0.8850461774,-0.5850074191,-0.5507365955,0.8679195487,0.902172806,0.2704755376
R,818,2,12,0.796875,183.5526346,280.3158088,-0.56580387,0.881895446,-0.5829392818,-0.5486684582,0.8647688174,0.8990220747,0.2717666306
R,819,2,12,0.80078125,183.6481092,280.4610484,-0.5637340379,0.8787467566,-0.5808694497,-0.5465986261,0.861620128,0.8958733853,0.2730649522
R,820,2,12,0.8046875,183.7436618,280.6061932,-0.5616625126,0.8756001216,-0.5787979244,-0.5445271008,0.858473493,0.8927267503,0.2743705459
R,821,2,12,0.80859375,183.8392924,280.7512427,-0.5595892961,0.8724555533,-0.5767247079,-0.5424538843,0.8553289247,0.889582182,0.2756834556
R,822,2,12,0.8125,183.935001,280.8961963,-0.5575143902,0.8693130642,-0.574649802,-0.5403789784,0.8521864355,0.8864396928,0.2770037253
R,823,2,12,0.81640625,184.0307874,281.0410534,-0.5554377967,0.8661726665,-0.5725732086,-0.5383023849,0.8490460378,0.8832992951,0.2783313995
R,824,2,12,0.8203125,184.1266515,281.1858135,-0.5533595175,0.8630343726,-0.5704949293,-0.5362241057,0.845907744,0.8801610013,0.2796665227
R,825,2,12,0.82421875,184.2225934,281.330476,-0.5512795543,0.859898195,-0.5684149661,-0.5341441425,0.8427715664,0.8770248237,0.2810091399
R,826,2,12,0.828125,184.3186128,281.4750402,-0.5491979091,0.856764146,-0.5663333209,-0.5320624973,0.8396375173,0.8738907747,0.2823592963
R,827,2,12,0.83203125,184.4147097,281.6195058,-0.5471145835,0.853632238,-0.5642499953,-0.5299791717,0.8365056093,0.8707588666,0.2837170375
R,828,2,12,0.8359375,184.5108841,281.763872,-0.5450295796,0.8505024833,-0.5621649914,-0.5278941678,0.8333758546,0.8676291119,0.2850824093
R,829,2,12,0.83984375,184.6071358,281.9081383,-0.542942899,0.8473748943,-0.5600783108,-0.5258074872,0.8302482657,0.864501523,0.2864554577
R,830,2,12,0.84375,184.7034647,282.0523041,-0.5408545437,0.8442494834,-0.5579899555,-0.5237191318,0.8271228548,0.8613761121,0.2878362291
R,831,2,12,0.84765625,184.7998708,282.1963689,-0.5387645154,0.841126263,-0.5558999272,-0.5216291035,0.8239996344,0.8582528917,0.2892247702
R,832,2,12,0.8515625,184.896354,282.340332,-0.5366728159,0.8380052455,-0.5538082278,-0.5195374041,0.8208786168,0.8551318742,0.290621128
R,833,2,12,0.85546875,184.9929142,282.484193,-0.5345794472,0.8348864432,-0.5517148591,-0.5174440354,0.8177598145,0.8520130718,0.2920253498
R,834,2,12,0.859375,185.0895513,282.6279513,-0.5324844111,0.8317698684,-0.5496198229,-0.5153489993,0.8146432398,0.8488964971,0.2934374831
R,835,2,12,0.86328125,185.1862652,282.7716062,-0.5303877093,0.8286555337,-0.5475231211,-0.5132522975,0.811528905,0.8457821623,0.2948575758
R,836,2,12,0.8671875,185.2830559,282.9151572,-0.5282893437,0.8255434512,-0.5454247555,-0.5111539319,0.8084168226,0.8426700799,0.2962856762
R,837,2,12,0.87109375,185.3799233,283.0586038,-0.5261893162,0.8224336335,-0.543324728,-0.5090539044,0.8053070049,0.8395602622,0.2977218328
R,838,2,12,0.875,185.4768672,283.2019453,-0.5240876285,0.8193260929,-0.5412230403,-0.5069522167,0.8021994643,0.8364527216,0.2991660942
R,839,2,12,0.87890625,185.5738876,283.3451812,-0.5219842825,0.8162208417,-0.5391196943,-0.5048488707,0.7990942131,0.8333474704,0.3006185097
R,840,2,12,0.8828125,185.6709844,283.488311,-0.51987928,0.8131178924,-0.5370146918,-0.5027438682,0.7959912638,0.8302445211,0.3020791287
R,841,2,12,0.88671875,185.7681576,283.631334,-0.5177726229,0.8100172573,-0.5349080347,-0.5006372111,0.7928906287,0.827143886,0.3035480009
R,842,2,12,0.890625,185.8654069,283.7742496,-0.5156643129,0.8069189488,-0.5327997248,-0.4985289011,0.7897923201,0.8240455774,0.3050251765
R,843,2,12,0.89453125,185.9627325,283.9170574,-0.513554352,0.8038229792,-0.5306897638,-0.4964189402,0.7866963506,0.8209496079,0.3065107057
R,844,2,12,0.8984375,186.0601341,284.0597568,-0.5114427419,0.800729361,-0.5285781537,-0.4943073301,0.7836027323,0.8178559897,0.3080046393
R,845,2,12,0.90234375,186.1576117,284.2023471,-0.5093294845,0.7976381065,-0.5264648963,-0.4921940727,0.7805114778,0.8147647351,0.3095070283
R,846,2,12,0.90625,186.2551652,284.3448278,-0.5072145816,0.794549228,-0.5243499934,-0.4900791697,0.7774225994,0.8116758567,0.3110179242
R,847,2,12,0.91015625,186.3527945,284.4871983,-0.505098035,0.791462738,-0.5222334468,-0.4879626232,0.7743361094,0.8085893667,0.3125373785
R,848,2,12,0.9140625,186.4504995,284.6294581,-0.5029798465,0.7883786489,-0.5201152583,-0.4858444347,0.7712520202,0.8055052775,0.3140654433
R,849,2,12,0.91796875,186.5482802,284.7716065,-0.5008600181,0.7852969729,-0.5179954299,-0.4837246063,0.7681703443,0.8024236016,0.3156021709
R,850,2,12,0.921875,186.6461365,284.9136431,-0.4987385514,0.7822177225,-0.5158739633,-0.4816031396,0.7650910939,0.7993443512,0.3171476141
R,851,2,12,0.92578125,186.7440682,285.0555672,-0.4966154485,0.7791409101,-0.5137508603,-0.4794800367,0.7620142815,0.7962675388,0.3187018258
R,852,2,12,0.9296875,186.8420753,285.1973783,-0.494490711,0.776066548,-0.5116261228,-0.4773552991,0.7589399194,0.7931931767,0.3202648595
R,853,2,12,0.93359375,186.9401578,285.3390758,-0.4923643408,0.7729946486,-0.5094997526,-0.475228929,0.75586802,0.7901212773,0.3218367687
R,854,2,12,0.9375,187.0383154,285.4806592,-0.4902363397,0.7699252243,-0.5073717515,-0.4731009279,0.7527985956,0.7870518529,0.3234176077
R,855,2,12,0.94140625,187.1365482,285.6221278,-0.4881067096,0.7668582874,-0.5052421214,-0.4709712978,0.7497316587,0.7839849161,0.3250074307
R,856,2,12,0.9453125,187.2348561,285.7634811,-0.4859754523,0.7637938503,-0.5031108641,-0.4688400405,0.7466672217,0.780920479,0.3266062925
R,857,2,12,0.94921875,187.3332389,285.9047185,-0.4838425696,0.7607319255,-0.5009779815,-0.4667071578,0.7436052968,0.7778585541,0.3282142482
R,858,2,12,0.953125,187.4316967,286.0458394,-0.4817080634,0.7576725252,-0.4988434752,-0.4645726516,0.7405458965,0.7747991538,0.3298313532
R,859,2,12,0.95703125,187.5302292,286.1868434,-0.4795719355,0.7546156618,-0.4967073473,-0.4624365237,0.7374890332,0.7717422905,0.3314576634
R,860,2,12,0.9609375,187.6288365,286.3277297,-0.4774341877,0.7515613478,-0.4945695995,-0.4602987759,0.7344347191,0.7686879764,0.3330932349
R,861,2,12,0.96484375,187.7275183,286.4684979,-0.4752948218,0.7485095954,-0.4924302337,-0.45815941,0.7313829668,0.7656362241,0.3347381242
R,862,2,12,0.96875,187.8262748,286.6091473,-0.4731538398,0.7454604171,-0.4902892516,-0.4560184279,0.7283337885,0.7625870458,0.3363923883
R,863,2,12,0.97265625,187.9251057,286.7496775,-0.4710112433,0.7424138253,-0.4881466551,-0.4538758315,0.7252871966,0.7595404539,0.3380560843
R,864,2,12,0.9765625,188.024011,286.8900877,-0.4688670342,0.7393698323,-0.486002446,-0.4517316224,0.7222432036,0.7564964609,0.3397292699
R,865,2,12,0.98046875,188.1229906,287.0303776,-0.4667212144,0.7363284504,-0.4838566262,-0.4495858026,0.7192018218,0.7534550791,0.341412003
R,866,2,12,0.984375,188.2220444,287.1705464,-0.4645737857,0.7332896921,-0.4817091976,-0.4474383739,0.7161630635,0.7504163208,0.3431043421
R,867,2,12,0.98828125,188.3211723,287.3105936,-0.46242475,0.7302535698,-0.4795601618,-0.4452893382,0.7131269411,0.7473801984,0.3448063458
R,868,2,12,0.9921875,188.4203743,287.4505186,-0.460274109,0.7272200957,-0.4774095208,-0.4431386972,0.7100934671,0.7443467244,0.3465180733
R,869,2,12,0.99609375,188.5196502,287.590321,-0.4581218645,0.7241892824,-0.4752572764,-0.4409864527,0.7070626537,0.741315911,0.3482395841
R,870,2,12,1,188.619,287.73,-0.4559680185,0.7211611421,-0.4731034303,-0.4388326067,0.7040345134,0.7382877707,0.349970938
R,871,2,13,0.125,188.7595,287.91625,-0.4529220603,0.7171233768,-0.4700574721,-0.4357866485,0.6999967481,0.7342500054,0.3524341142
R,872,2,13,0.25,188.9,288.1025,-0.4498761021,0.7130856115,-0.4670115139,-0.4327406903,0.6959589828,0.7302122401,0.3549146267
R,873,2,13,0.375,189.0405,288.28875,-0.4468301439,0.7090478462,-0.4639655557,-0.4296947321,0.6919212175,0.7261744748,0.3574125978
R,874,2,13,0.5,189.181,288.475,-0.4437841857,0.7050100809,-0.4609195976,-0.4266487739,0.6878834522,0.7221367095,0.3599281501
R,875,2,13,0.625,189.3215,288.66125,-0.4407382275,0.7009723156,-0.4578736394,-0.4236028157,0.6838456869,0.7180989442,0.3624614074
R,876,2,13,0.75,189.462,288.8475,-0.4376922693,0.6969345503,-0.4548276812,-0.4205568575,0.6798079216,0.7140611789,0.3650124944
R,877,2,13,0.875,189.6025,289.03375,-0.4346463111,0.692896785,-0.451781723,-0.4175108993,0.6757701563,0.7100234136,0.3675815366
R,878,2,13,1,189.743,289.22,-0.4316003529,0.6888590197,-0.4487357648,-0.4144649411,0.671732391,0.7059856483,0.3701686602
R,879,2,14,0.125,189.88425,289.39825,-0.4285381352,0.6849946886,-0.445673547,-0.4114027234,0.6678680599,0.7021213172,0.3727879492
R,880,2,14,0.25,190.0255,289.5765,-0.4254759174,0.6811303575,-0.4426113292,-0.4083405056,0.6640037288,0.6982569861,0.3754257721
R,881,2,14,0.375,190.16675,289.75475,-0.4224136997,0.6772660264,-0.4395491115,-0.4052782879,0.6601393977,0.6943926551,0.37808226
R,882,2,14,0.5,190.308,289.933,-0.4193514819,0.6734016953,-0.4364868937,-0.4022160701,0.6562750667,0.690528324,0.3807575451
R,883,2,14,0.625,190.44925,290.11125,-0.4162892641,0.6695373642,-0.433424676,-0.3991538523,0.6524107356,0.6866639929,0.3834517603
R,884,2,14,0.75,190.5905,290.2895,-0.4132270464,0.6656730331,-0.4303624582,-0.3960916346,0.6485464045,0.6827996618,0.3861650397
R,885,2,14,0.875,190.73175,290.46775,-0.4101648286,0.6618087021,-0.4273002404,-0.3930294168,0.6446820734,0.6789353307,0.388897518
R,886,2,14,1,190.873,290.646,-0.4071026109,0.657944371,-0.4242380227,-0.389967199,0.6408177423,0.6750709996,0.3916493311
R,887,2,15,0.125,191.014375,290.816125,-0.4040376832,0.654256184,-0.421173095,-0.3869022714,0.6371295554,0.6713828127,0.394423077
R,888,2,15,0.25,191.15575,290.98625,-0.4009727555,0.6505679971,-0.4181081673,-0.3838373437,0.6334413684,0.6676946257,0.3972164672
R,889,2,15,0.375,191.297125,291.156375,-0.3979078278,0.6468798101,-0.4150432396,-0.380772416,0.6297531814,0.6640064387,0.4000296408
R,890,2,15,0.5,191.4385,291.3265,-0.3948429001,0.6431916231,-0.4119783119,-0.3777074883,0.6260649945,0.6603182518,0.4028627379
R,891,2,15,0.625,191.579875,291.496625,-0.3917779724,0.6395034362,-0.4089133842,-0.3746425606,0.6223768075,0.6566300648,0.4057158996
R,892,2,15,0.75,191.72125,291.66675,-0.3887130447,0.6358152492,-0.4058484565,-0.3715776329,0.6186886205,0.6529418779,0.408589268
R,893,2,15,0.875,191.862625,291.836875,-0.385648117,0.6321270622,-0.4027835289,-0.3685127052,0.6150004336,0.6492536909,0.4114829862
R,894,2,15,1,192.004,292.007,-0.3825831894,0.6284388753,-0.3997186012,-0.3654477775,0.6113122466,0.6455655039,0.4143971984
R,895,2,16,0.015625,192.1350365,292.1599147,-0.3797423947,0.6251237949,-0.3968778065,-0.3626069829,0.6079971663,0.6422504236,0.4171167263
R,896,2,16,0.03125,192.2664911,292.3123763,-0.3768925354,0.6218185383,-0.3940279472,-0.3597571236,0.6046919097,0.638945167,0.4198628647
R,897,2,16,0.046875,192.3983659,292.4643827,-0.3740335658,0.6185231482,-0.3911689776,-0.356898154,0.6013965195,0.6356497768,0.4226359483
R,898,2,16,0.0625,192.5306631,292.6159321,-0.3711654403,0.6152376671,-0.3883008521,-0.3540300285,0.5981110385,0.6323642958,0.4254363164
R,899,2,16,0.078125,192.6633847,292.7670225,-0.3682881132,0.6119621378,-0.385423525,-0.3511527014,0.5948355092,0.6290887665,0.4282643134
R,900,2,16,0.09375,192.7965328,292.9176518,-0.3654015389,0.608696603,-0.3825369507,-0.3482661271,0.5915699743,0.6258232316,0.4311202884
R,901,2,16,0.109375,192.9301096,293.0678181,-0.3625056717,0.6054411053,-0.3796410835,-0.3453702599,0.5883144766,0.6225677339,0.4340045957
R,902,2,16,0.125,193.0641172,293.2175195,-0.359600466,0.6021956873,-0.3767358778,-0.3424650541,0.5850690587,0.619322316,0.4369175946
R,903,2,16,0.140625,193.1985576,293.366754,-0.356685876,0.5989603918,-0.3738212879,-0.3395504642,0.5818337632,0.6160870205,0.4398596496
R,904,2,16,0.15625,193.333433,293.5155196,-0.3537618563,0.5957352615,-0.3708972681,-0.3366264445,0.5786086329,0.6128618902,0.4428311305
R,905,2,16,0.171875,193.4687454,293.6638143,-0.3508283611,0.592520339,-0.3679637729,-0.3336929493,0.5753937103,0.6096469676,0.4458324125
R,906,2,16,0.1875,193.6044971,293.8116362,-0.3478853447,0.589315667,-0.3650207565,-0.3307499329,0.5721890383,0.6064422956,0.4488638759
R,907,2,16,0.203125,193.74069,293.9589833,-0.3449327616,0.5861212881,-0.3620681734,-0.3277973498,0.5689946594,0.6032479167,0.4519259071
R,908,2,16,0.21875,193.8773263,294.1058537,-0.341970566,0.582937245,-0.3591059778,-0.3248351542,0.5658106164,0.6000638737,0.4550188977
R,909,2,16,0.234375,194.0144081,294.2522453,-0.3389987123,0.5797635805,-0.3561341241,-0.3218633005,0.5626369518,0.5968902091,0.4581432451
R,910,2,16,0.25,194.1519375,294.3981562,-0.3360171549,0.5766003371,-0.3531525667,-0.3188817431,0.5594737085,0.5937269658,0.4612993526
R,911,2,16,0.265625,194.2899166,294.5435845,-0.3330258481,0.5734475576,-0.35016126,-0.3158904363,0.5563209289,0.5905741863,0.4644876292
R,912,2,16,0.28125,194.4283475,294.6885281,-0.3300247463,0.5703052846,-0.3471601581,-0.3128893345,0.5531786559,0.5874319133,0.4677084903
R,913,2,16,0.296875,194.5672324,294.8329852,-0.3270138038,0.5671735608,-0.3441492156,-0.309878392,0.5500469321,0.5843001895,0.4709623569
R,914,2,16,0.3125,194.7065732,294.9769536,-0.323992975,0.5640524289,-0.3411283868,-0.3068575632,0.5469258002,0.5811790575,0.4742496565
R,915,2,16,0.328125,194.8463722,295.1204315,-0.3209622141,0.5609419315,-0.3380976259,-0.3038268023,0.5438153028,0.5780685601,0.477570823
R,916,2,16,0.34375,194.9866315,295.2634169,-0.3179214756,0.5578421113,-0.3350568875,-0.3007860638,0.5407154827,0.57496874,0.4809262964
R,917,2,16,0.359375,195.127353,295.4059079,-0.3148707139,0.554753011,-0.3320061257,-0.2977353021,0.5376263824,0.5718796397,0.4843165234
R,918,2,16,0.375,195.2685391,295.5479023,-0.3118098832,0.5516746733,-0.328945295,-0.2946744714,0.5345480447,0.568801302,0.4877419574
R,919,2,16,0.390625,195.4101916,295.6893984,-0.3087389379,0.5486071408,-0.3258743497,-0.2916035261,0.5314805122,0.5657337695,0.4912030583
R,920,2,16,0.40625,195.5523129,295.8303941,-0.3056578323,0.5455504563,-0.3227932441,-0.2885224205,0.5284238276,0.5626770849,0.4947002931
R,921,2,16,0.421875,195.6949049,295.9708874,-0.3025665209,0.5425046623,-0.3197019327,-0.2854311091,0.5253780336,0.5596312909,0.4982341356
R,922,2,16,0.4375,195.8379697,296.1108765,-0.2994649579,0.5394698015,-0.3166003697,-0.2823295461,0.5223431729,0.5565964302,0.5018050667
R,923,2,16,0.453125,195.9815096,296.2503592,-0.2963530977,0.5364459167,-0.3134885095,-0.2792176859,0.5193192881,0.5535725454,0.5054135747
R,924,2,16,0.46875,196.1255265,296.3893337,-0.2932308947,0.5334330505,-0.3103663065,-0.2760954829,0.5163064219,0.5505596792,0.5090601549
R,925,2,16,0.484375,196.2700226,296.5277979,-0.2900983032,0.5304312456,-0.307233715,-0.2729628914,0.5133046169,0.5475578742,0.5127453102
R,926,2,16,0.5,196.415,296.66575,-0.2869552775,0.5274405446,-0.3040906894,-0.2698198657,0.5103139159,0.5445671732,0.5164695512
R,927,2,16,0.515625,196.5604608,296.8031879,-0.2838017721,0.5244609902,-0.3009371839,-0.2666663603,0.5073343616,0.5415876189,0.5202333959
R,928,2,16,0.53125,196.7064071,296.9401097,-0.2806377412,0.5214926251,-0.297773153,-0.2635023294,0.5043659965,0.5386192538,0.5240373705
R,929,2,16,0.546875,196.852841,297.0765134,-0.2774631392,0.518535492,-0.294598551,-0.2603277274,0.5014088634,0.5356621207,0.527882009
R,930,2,16,0.5625,196.9997646,297.212397,-0.2742779204,0.5155896336,-0.2914133322,-0.2571425086,0.4984630049,0.5327162622,0.5317678533
R,931,2,16,0.578125,197.1471801,297.3477586,-0.2710820393,0.5126550924,-0.2882174511,-0.2539466275,0.4955284638,0.5297817211,0.5356954538
R,932,2,16,0.59375,197.2950895,297.4825961,-0.2678754501,0.5097319112,-0.2850108619,-0.2507400383,0.4926052826,0.5268585399,0.5396653692
R,933,2,16,0.609375,197.4434949,297.6169077,-0.2646581072,0.5068201327,-0.281793519,-0.2475226954,0.4896935041,0.5239467614,0.5436781668
R,934,2,16,0.625,197.5923984,297.7506914,-0.2614299649,0.5039197995,-0.2785653767,-0.2442945531,0.4867931709,0.5210464282,0.5477344224
R,935,2,16,0.640625,197.7418022,297.8839452,-0.2581909777,0.5010309544,-0.2753263895,-0.2410555659,0.4839043257,0.518157583,0.5518347208
R,936,2,16,0.65625,197.8917084,298.0166671,-0.2549410998,0.4981536399,-0.2720765116,-0.237805688,0.4810270112,0.5152802685,0.5559796557
R,937,2,16,0.671875,198.042119,298.1488551,-0.2516802856,0.4952878987,-0.2688156974,-0.2345448737,0.4781612701,0.5124145274,0.5601698298
R,938,2,16,0.6875,198.1930361,298.2805073,-0.2484084894,0.4924337736,-0.2655439012,-0.2312730776,0.475307145,0.5095604023,0.5644058553
R,939,2,16,0.703125,198.344462,298.4116218,-0.2451256656,0.4895913072,-0.2622610774,-0.2279902538,0.4724646785,0.5067179359,0.5686883538
R,940,2,16,0.71875,198.4963986,298.5421965,-0.2418317686,0.4867605422,-0.2589671804,-0.2246963568,0.4696339135,0.5038871708,0.5730179563
R,941,2,16,0.734375,198.648848,298.6722295,-0.2385267527,0.4839415211,-0.2556621645,-0.2213913409,0.4668148925,0.5010681498,0.5773953039
R,942,2,16,0.75,198.8018125,298.8017187,-0.2352105722,0.4811342869,-0.252345984,-0.2180751604,0.4640076582,0.4982609155,0.5818210474
R,943,2,16,0.765625,198.9552941,298.9306624,-0.2318831815,0.478338882,-0.2490185933,-0.2147477697,0.4612122533,0.4954655106,0.5862958478
R,944,2,16,0.78125,199.1092948,299.0590584,-0.228544535,0.4755553491,-0.2456799468,-0.2114091231,0.4584287205,0.4926819778,0.5908203765
R,945,2,16,0.796875,199.2638168,299.1869048,-0.2251945869,0.472783731,-0.2423299987,-0.2080591751,0.4556571024,0.4899103597,0.5953953152
R,946,2,16,0.8125,199.4188623,299.3141997,-0.2218332917,0.4700240703,-0.2389687035,-0.2046978799,0.4528974417,0.487150699,0.6000213563
R,947,2,16,0.828125,199.5744333,299.440941,-0.2184606037,0.4672764097,-0.2355960155,-0.2013251919,0.4501497811,0.4844030384,0.6046992032
R,948,2,16,0.84375,199.7305319,299.5671269,-0.2150764772,0.4645407919,-0.232211889,-0.1979410654,0.4474141632,0.4816674206,0.6094295702
R,949,2,16,0.859375,199.8871602,299.6927553,-0.2116808666,0.4618172595,-0.2288162784,-0.1945454548,0.4446906308,0.4789438881,0.6142131828
R,950,2,16,0.875,200.0443203,299.8178242,-0.2082737262,0.4591058552,-0.225409138,-0.1911383144,0.4419792265,0.4762324838,0.619050778
R,951,2,16,0.890625,200.2020144,299.9423318,-0.2048550105,0.4564066216,-0.2219904223,-0.1877195987,0.439279993,0.4735332503,0.6239431046
R,952,2,16,0.90625,200.3602445,300.0662759,-0.2014246736,0.4537196015,-0.2185600855,-0.1842892618,0.4365929729,0.4708462302,0.6288909229
R,953,2,16,0.921875,200.5190128,300.1896548,-0.1979826701,0.4510448376,-0.2151180819,-0.1808472583,0.4339182089,0.4681714662,0.6338950054
R,954,2,16,0.9375,200.6783213,300.3124663,-0.1945289542,0.4483823724,-0.211664366,-0.1773935424,0.4312557437,0.465509001,0.638956137
R,955,2,16,0.953125,200.8381722,300.4347086,-0.1910634803,0.4457322487,-0.2081988921,-0.1739280685,0.42860562,0.4628588773,0.644075115
R,956,2,16,0.96875,200.9985675,300.5563796,-0.1875862027,0.4430945091,-0.2047216145,-0.1704507909,0.4259678805,0.4602211378,0.6492527492
R,957,2,16,0.984375,201.1595094,300.6774774,-0.1840970758,0.4404691964,-0.2012324876,-0.166961664,0.4233425677,0.457595825,0.6544898627
R,958,2,16,1,201.321,300.798,-0.1805960539,0.4378563531,-0.1977314657,-0.1634606421,0.4207297245,0.4549829818,0.6597872914
R,959,2,17,0.1666666667,201.5201667,300.9431667,-0.1762782365,0.4347092448,-0.1934136484,-0.1591428247,0.4175826161,0.4518358734,0.6663797074
R,960,2,17,0.3333333333,201.7193333,301.0883333,-0.1719604192,0.4315621364,-0.189095831,-0.1548250074,0.4144355078,0.4486887651,0.673037993
R,961,2,17,0.5,201.9185,301.2335,-0.1676426018,0.4284150281,-0.1847780136,-0.15050719,0.4112883994,0.4455416567,0.6797628063
R,962,2,17,0.6666666667,202.1176667,301.3786667,-0.1633247844,0.4252679197,-0.1804601962,-0.1461893726,0.4081412911,0.4423945484,0.6865548122
R,963,2,17,0.8333333333,202.3168333,301.5238333,-0.1590069671,0.4221208114,-0.1761423789,-0.1418715552,0.4049941827,0.43924744,0.693414682
R,964,2,17,1,202.516,301.669,-0.1546891497,0.418973703,-0.1718245615,-0.1375537379,0.4018470744,0.4361003317,0.7003430937
R,965,2,18,0.1666666667,202.7176667,301.8095,-0.1503171338,0.4159277646,-0.1674525456,-0.133181722,0.398801136,0.4330543933,0.7074290116
R,966,2,18,0.3333333333,202.9193333,301.95,-0.1459451178,0.4128818263,-0.1630805297,-0.128809706,0.3957551976,0.4300084549,0.7145866233
R,967,2,18,0.5,203.121,302.0905,-0.1415731019,0.4098358879,-0.1587085137,-0.1244376901,0.3927092592,0.4269625165,0.7218166541
R,968,2,18,0.6666666667,203.3226667,302.231,-0.137201086,0.4067899495,-0.1543364978,-0.1200656742,0.3896633208,0.4239165781,0.7291198367
R,969,2,18,0.8333333333,203.5243333,302.3715,-0.1328290701,0.4037440111,-0.1499644819,-0.1156936583,0.3866173824,0.4208706398,0.7364969114
R,970,2,18,1,203.726,302.512,-0.1284570542,0.4006980727,-0.145592466,-0.1113216424,0.3835714441,0.4178247014,0.7439486257
R,971,2,19,0.015625,203.9226328,302.6366764,-0.1241941706,0.3979951775,-0.1413295824,-0.1070587588,0.3808685488,0.4151218061,0.7512869228
R,972,2,19,0.03125,204.1199888,302.7626958,-0.119915607,0.3952631697,-0.1370510188,-0.1027801952,0.3781365411,0.4123897984,0.7587249977
R,973,2,19,0.046875,204.3180516,302.8899961,-0.1156217207,0.3925033917,-0.1327571325,-0.09848630892,0.375376763,0.4096300203,0.7662637475
R,974,2,19,0.0625,204.5168047,303.0185154,-0.111312869,0.3897171856,-0.1284482808,-0.09417745716,0.3725905569,0.4068438142,0.7739040707
R,975,2,19,0.078125,204.7162316,303.1481918,-0.106989409,0.3869058936,-0.1241248208,-0.08985399719,0.369779265,0.4040325223,0.7816468661
R,976,2,19,0.09375,204.9163159,303.2789635,-0.1026516981,0.384070858,-0.1197871099,-0.08551628629,0.3669442294,0.4011974867,0.7894930331
R,977,2,19,0.109375,205.1170411,303.4107685,-0.09830009352,0.381213421,-0.1154355053,-0.08116468171,0.3640867924,0.3983400497,0.7974434707
R,978,2,19,0.125,205.3183906,303.5435449,-0.09393495255,0.3783349248,-0.1110703644,-0.07679954073,0.3612082962,0.3954615535,0.8054990776
R,979,2,19,0.140625,205.5203481,303.6772308,-0.08955663243,0.3754367117,-0.1066920442,-0.07242122062,0.358310083,0.3925633403,0.8136607517
R,980,2,19,0.15625,205.722897,303.8117643,-0.08516549044,0.3725201238,-0.1023009023,-0.06803007863,0.3553934951,0.3896467524,0.8219293893
R,981,2,19,0.171875,205.9260208,303.9470834,-0.08076188385,0.3695865033,-0.09789729566,-0.06362647204,0.3524598746,0.3867131319,0.8303058851
R,982,2,19,0.1875,206.1297031,304.0831262,-0.07634616991,0.3666371925,-0.09348158172,-0.0592107581,0.3495105639,0.3837638212,0.8387911316
R,983,2,19,0.203125,206.3339274,304.2198309,-0.0719187059,0.3636735336,-0.08905411771,-0.05478329409,0.346546905,0.3808001623,0.8473860186
R,984,2,19,0.21875,206.5386772,304.3571355,-0.06747984908,0.3606968689,-0.08461526089,-0.05034443727,0.3435702402,0.3778234975,0.8560914328
R,985,2,19,0.234375,206.7439361,304.4949782,-0.06302995672,0.3577085405,-0.08016536853,-0.0458945449,0.3405819118,0.3748351691,0.8649082572
R,986,2,19,0.25,206.9496875,304.6332969,-0.05856938607,0.3547098906,-0.07570479788,-0.04143397426,0.337583262,0.3718365193,0.8738373708
R,987,2,19,0.265625,207.155915,304.7720298,-0.05409849442,0.3517022616,-0.07123390623,-0.03696308261,0.3345756329,0.3688288902,0.8828796479
R,988,2,19,0.28125,207.3626021,304.911115,-0.04961763902,0.3486869955,-0.06675305083,-0.03248222721,0.3315603668,0.3658136241,0.8920359576
R,989,2,19,0.296875,207.5697322,305.0504905,-0.04512717714,0.3456654346,-0.06226258895,-0.02799176533,0.328538806,0.3627920633,0.9013071636
R,990,2,19,0.3046875,207.6734584,305.1202678,-0.04287845542,0.3441527131,-0.06001386723,-0.02574304361,0.3270260844,0.3612793417,0.9059861208
R,991,2,19,0.3125,207.7772891,305.1900945,-0.04062746605,0.3426389212,-0.05776287786,-0.02349205424,0.3255122925,0.3597655498,0.910694123
R,992,2,19,0.3203125,207.8812223,305.2599628,-0.03837425369,0.3411242267,-0.0555096655,-0.02123884188,0.323997598,0.3582508554,0.9154312763
R,993,2,19,0.328125,207.985256,305.329865,-0.036118863,0.3396087974,-0.05325427482,-0.01898345119,0.3224821688,0.3567354261,0.9201976864
R,994,2,19,0.3359375,208.0893882,305.3997934,-0.03386133865,0.3380928011,-0.05099675046,-0.01672592684,0.3209661724,0.3552194297,0.9249934583
R,995,2,19,0.34375,208.1936167,305.4697401,-0.03160172528,0.3365764055,-0.04873713709,-0.01446631347,0.3194497769,0.3537030342,0.9298186968
R,996,2,19,0.3515625,208.2979395,305.5396976,-0.02934006756,0.3350597785,-0.04647547937,-0.01220465574,0.3179331498,0.3521864071,0.9346735059
R,997,2,19,0.359375,208.4023546,305.609658,-0.02707641014,0.3335430877,-0.04421182195,-0.009940998325,0.3164164591,0.3506697164,0.9395579894
R,998,2,19,0.3671875,208.5068598,305.6796136,-0.02481079768,0.332026501,-0.04194620949,-0.007675385867,0.3148998724,0.3491531297,0.9444722502
R,999,2,19,0.375,208.6114531,305.7495566,-0.02254327484,0.3305101862,-0.03967868665,-0.00540786303,0.3133835576,0.3476368149,0.9494163908
R,1000,2,19,0.3828125,208.7161325,305.8194794,-0.02027388628,0.328994311,-0.03740929809,-0.003138474472,0.3118676824,0.3461209397,0.9543905132
R,1001,2,19,0.390625,208.8208959,305.8893742,-0.01800267666,0.3274790432,-0.03513808847,-0.0008672648508,0.3103524146,0.3446056719,0.9593947185
R,1002,2,19,0.3984375,208.9257413,305.9592332,-0.01572969064,0.3259645507,-0.03286510245,0.001405721176,0.308837922,0.3430911793,0.9644291075
R,1003,2,19,0.40625,209.0306665,306.0290487,-0.01345497286,0.324451001,-0.03059038467,0.003680438949,0.3073243724,0.3415776297,0.9694937801
R,1004,2,19,0.4140625,209.1356695,306.0988129,-0.011178568,0.3229385621,-0.02831397981,0.00595684381,0.3058119335,0.3400651908,0.9745888356
R,1005,2,19,0.421875,209.2407484,306.1685182,-0.008900520709,0.3214274018,-0.02603593252,0.008234891102,0.3043007731,0.3385540304,0.9797143726
R,1006,2,19,0.4296875,209.3459009,306.2381568,-0.006620875645,0.3199176877,-0.02375628746,0.01051453617,0.3027910591,0.3370443164,0.9848704891
R,1007,2,19,0.4375,209.451125,306.3077209,-0.004339677468,0.3184095877,-0.02147508928,0.01279573434,0.3012829591,0.3355362164,0.9900572823
R,1008,2,19,0.4453125,209.5564187,306.3772029,-0.002056970834,0.3169032696,-0.01919238265,0.01507844098,0.2997766409,0.3340298982,0.9952748484
R,1009,2,19,0.453125,209.66178,306.4465949,0.0002271995961,0.3153989011,-0.01690821222,0.01736261141,0.2982722724,0.3325255297,1.000523283
R,1010,2,19,0.4609375,209.7672067,306.5158892,0.002512789166,0.31389665,-0.01462262265,0.01964820098,0.2967700213,0.3310232786,1.005802682
R,1011,2,19,0.46875,209.8726968,306.5850782,0.004799753216,0.312396684,-0.01233565859,0.02193516503,0.2952700554,0.3295233127,1.011113137
R,1012,2,19,0.4765625,209.9782482,306.6541539,0.00708804709,0.3108991711,-0.01004736472,0.0242234589,0.2937725424,0.3280257997,1.016454744
R,1013,2,19,0.484375,210.0838589,306.7231088,0.009377626128,0.3094042788,-0.007757785684,0.02651303794,0.2922776502,0.3265309075,1.021827593
R,1014,2,19,0.4921875,210.1895269,306.7919351,0.01166844567,0.3079121751,-0.00546696614,0.02880385748,0.2907855465,0.3250388038,1.027231777
R,1015,2,19,0.5,210.29525,306.860625,0.01396046106,0.3064230277,-0.003174950748,0.03109587287,0.2892963991,0.3235496564,1.032667386
R,1016,2,19,0.5078125,210.4010262,306.9291708,0.01625362765,0.3049370044,-0.0008817841658,0.03338903946,0.2878103757,0.322063633,1.038134509
R,1017,2,19,0.515625,210.5068535,306.9975648,0.01854790076,0.3034542729,0.001412488948,0.03568331257,0.2863276442,0.3205809015,1.043633235
R,1018,2,19,0.5234375,210.6127297,307.0657991,0.02084323575,0.301975001,0.003707823934,0.03797864756,0.2848483724,0.3191016297,1.049163651
R,1019,2,19,0.53125,210.7186528,307.1338662,0.02313958795,0.3004993565,0.006004176136,0.04027499976,0.2833727279,0.3176259852,1.054725845
R,1020,2,19,0.5390625,210.8246208,307.2017582,0.02543691271,0.2990275073,0.008301500895,0.04257232452,0.2819008786,0.3161541359,1.060319901
R,1021,2,19,0.546875,210.9306317,307.2694674,0.02773516536,0.2975596209,0.01059975355,0.04487057717,0.2804329923,0.3146862496,1.065945905
R,1022,2,19,0.5546875,211.0366832,307.336986,0.03003430126,0.2960958653,0.01289888945,0.04716971307,0.2789692367,0.313222494,1.071603939
R,1023,2,19,0.5625,211.1427734,307.4043064,0.03233427574,0.2946364083,0.01519886393,0.04946968755,0.2775097796,0.3117630369,1.077294086
R,1024,2,19,0.5703125,211.2489003,307.4714208,0.03463504415,0.2931814175,0.01749963233,0.05177045596,0.2760547888,0.3103080461,1.083016427
R,1025,2,19,0.578125,211.3550617,307.5383214,0.03693656181,0.2917310607,0.01980115,0.05407197363,0.2746044321,0.3088576894,1.088771043
R,1026,2,19,0.5859375,211.4612556,307.6050005,0.03923878409,0.2902855059,0.02210337228,0.0563741959,0.2731588772,0.3074121345,1.094558012
R,1027,2,19,0.59375,211.56748,307.6714503,0.04154166632,0.2888449206,0.02440625451,0.05867707813,0.2717182919,0.3059715492,1.100377411
R,1028,2,19,0.6015625,211.6737327,307.7376633,0.04384516384,0.2874094727,0.02670975203,0.06098057565,0.2702828441,0.3045361014,1.106229317
R,1029,2,19,0.609375,211.7800118,307.8036314,0.04614923199,0.28597933,0.02901382018,0.0632846438,0.2688527014,0.3031059587,1.112113805
R,1030,2,19,0.625,211.9926406,307.9348027,0.05075890155,0.2831356313,0.03362348974,0.06789431337,0.2660090027,0.30026226,1.123980823
R,1031,2,19,0.640625,212.20535,308.0649023,0.05537031775,0.2803151666,0.03823490594,0.07250572956,0.263188538,0.2974417953,1.135979039
R,1032,2,19,0.65625,212.4181235,308.1938683,0.05998312332,0.2775192782,0.04284771151,0.07711853513,0.2603926495,0.2946459068,1.148109005
R,1033,2,19,0.671875,212.6309446,308.3216387,0.06459696099,0.2747493082,0.04746154918,0.0817323728,0.2576226795,0.2918759369,1.160371253
R,1034,2,19,0.6875,212.8437969,308.4481516,0.06921147349,0.2720065989,0.05207606168,0.0863468853,0.2548799703,0.2891332276,1.172766288
R,1035,2,19,0.703125,213.0566638,308.5733452,0.07382630356,0.2692924926,0.05669089175,0.09096171538,0.2521658639,0.2864191212,1.185294594
R,1036,2,19,0.71875,213.2695288,308.6971575,0.07844109394,0.2666083313,0.06130568213,0.09557650575,0.2494817027,0.28373496,1.197956626
R,1037,2,19,0.734375,213.4823755,308.8195266,0.08305548736,0.2639554574,0.06592007554,0.1001908992,0.2468288288,0.2810820861,1.210752815
R,1038,2,19,0.75,213.6951875,308.9403906,0.08766912654,0.2613352131,0.07053371473,0.1048045384,0.2442085845,0.2784618418,1.223683563
R,1039,2,19,0.765625,213.9079482,309.0596876,0.09228165424,0.2587489406,0.07514624242,0.109417066,0.2416223119,0.2758755692,1.236749246
R,1040,2,19,0.78125,214.1206411,309.1773557,0.09689271317,0.256197982,0.07975730136,0.114028125,0.2390713534,0.2733246107,1.249950208
R,1041,2,19,0.796875,214.3332498,309.2933329,0.1015019461,0.2536836797,0.08436653427,0.1186373579,0.2365570511,0.2708103084,1.263286765
R,1042,2,19,0.8125,214.5457578,309.4075574,0.1061089957,0.2512073759,0.08897358389,0.1232444075,0.2340807472,0.2683340045,1.276759199
R,1043,2,19,0.828125,214.7581486,309.5199672,0.1107135048,0.2487704127,0.09357809295,0.1278489166,0.231643784,0.2658970413,1.290367763
R,1044,2,19,0.84375,214.9704058,309.6305004,0.115315116,0.2463741324,0.09817970418,0.1324505278,0.2292475037,0.263500761,1.304112675
R,1045,2,19,0.859375,215.1825128,309.7390951,0.1199134721,0.2440198771,0.1027780603,0.137048884,0.2268932485,0.2611465058,1.317994118
R,1046,2,19,0.875,215.3944531,309.8456895,0.1245082159,0.2417089892,0.1073728041,0.1416436278,0.2245823606,0.2588356179,1.332012241
R,1047,2,19,0.890625,215.6062104,309.9502215,0.1290989901,0.2394428109,0.1119635783,0.1462344019,0.2223161822,0.2565694395,1.346167155
R,1048,2,19,0.90625,215.8177681,310.0526292,0.1336854374,0.2372226843,0.1165500256,0.1508208492,0.2200960556,0.2543493129,1.360458935
R,1049,2,19,0.921875,216.0291097,310.1528509,0.1382672005,0.2350499517,0.1211317887,0.1554026124,0.217923323,0.2521765803,1.374887617
R,1050,2,19,0.9375,216.2402187,310.2508245,0.1428439223,0.2329259552,0.1257085105,0.1599793341,0.2157993266,0.2500525839,1.389453197
R,1051,2,19,0.953125,216.4510788,310.3464881,0.1474152453,0.2308520372,0.1302798335,0.1645506571,0.2137254086,0.2479786659,1.404155629
R,1052,2,19,0.96875,216.6616733,310.4397798,0.1519808124,0.2288295398,0.1348454006,0.1691162242,0.2117029112,0.2459561685,1.418994828
R,1053,2,19,0.984375,216.8719859,310.5306378,0.1565402663,0.2268598053,0.1394048545,0.1736756781,0.2097331767,0.243986434,1.433970663
R,1054,2,19,1,217.082,310.619,0.1610932497,0.2249441759,0.1439578379,0.1782286615,0.2078175472,0.2420708045,1.44908296
R,1055,2,20,0.1,217.3052,310.6975,0.1659320957,0.2232423526,0.1487966839,0.1830675075,0.206115724,0.2403689813,1.465318713
R,1056,2,20,0.2,217.5284,310.776,0.1707709418,0.2215405294,0.1536355299,0.1879063536,0.2044139008,0.2386671581,1.481736373
R,1057,2,20,0.3,217.7516,310.8545,0.1756097878,0.2198387062,0.158474376,0.1927451996,0.2027120775,0.2369653348,1.498337979
R,1058,2,20,0.4,217.9748,310.933,0.1804486339,0.218136883,0.163313222,0.1975840457,0.2010102543,0.2352635116,1.515125592
R,1059,2,20,0.5,218.198,311.0115,0.1852874799,0.2164350597,0.1681520681,0.2024228917,0.1993084311,0.2335616884,1.532101296
R,1060,2,20,0.6,218.4212,311.09,0.190126326,0.2147332365,0.1729909141,0.2072617378,0.1976066078,0.2318598652,1.549267198
R,1061,2,20,0.7,218.6444,311.1685,0.194965172,0.2130314133,0.1778297602,0.2121005838,0.1959047846,0.2301580419,1.56662543
R,1062,2,20,0.8,218.8676,311.247,0.199804018,0.21132959,0.1826686062,0.2169394299,0.1942029614,0.2284562187,1.584178147
R,1063,2,20,0.9,219.0908,311.3255,0.2046428641,0.2096277668,0.1875074523,0.2217782759,0.1925011382,0.2267543955,1.601927527
R,1064,2,20,1,219.314,311.404,0.2094817101,0.2079259436,0.1923462983,0.226617122,0.1907993149,0.2250525722,1.619875773
R,1065,2,21,0.09090909091,219.5457273,311.4616364,0.2145054225,0.2066764289,0.1973700107,0.2316408343,0.1895498003,0.2238030576,1.638722522
R,1066,2,21,0.1818181818,219.7774545,311.5192727,0.2195291349,0.2054269142,0.202393723,0.2366645467,0.1883002856,0.2225535429,1.657788547
R,1067,2,21,0.2727272727,220.0091818,311.5769091,0.2245528472,0.2041773996,0.2074174354,0.241688259,0.1870507709,0.2213040282,1.677076399
R,1068,2,21,0.3636363636,220.2409091,311.6345455,0.2295765596,0.2029278849,0.2124411478,0.2467119714,0.1858012562,0.2200545135,1.696588659
R,1069,2,21,0.4545454545,220.4726364,311.6921818,0.2346002719,0.2016783702,0.2174648601,0.2517356837,0.1845517415,0.2188049988,1.716327938
R,1070,2,21,0.5454545455,220.7043636,311.7498182,0.2396239843,0.2004288555,0.2224885725,0.2567593961,0.1833022269,0.2175554842,1.736296878
R,1071,2,21,0.6363636364,220.9360909,311.8074545,0.2446476966,0.1991793408,0.2275122848,0.2617831084,0.1820527122,0.2163059695,1.75649815
R,1072,2,21,0.7272727273,221.1678182,311.8650909,0.249671409,0.1979298262,0.2325359972,0.2668068208,0.1808031975,0.2150564548,1.776934457
R,1073,2,21,0.8181818182,221.3995455,311.9227273,0.2546951213,0.1966803115,0.2375597095,0.2718305332,0.1795536828,0.2138069401,1.797608535
R,1074,2,21,0.9090909091,221.6312727,311.9803636,0.2597188337,0.1954307968,0.2425834219,0.2768542455,0.1783041681,0.2125574254,1.818523149
R,1075,2,21,1,221.863,312.038,0.2647425461,0.1941812821,0.2476071342,0.2818779579,0.1770546535,0.2113079108,1.839681098
R,1076,2,22,0.08333333333,222.1054167,312.0745833,0.2699979982,0.1933881819,0.2528625864,0.2871334101,0.1762615532,0.2105148106,1.862078554
R,1077,2,22,0.1666666667,222.3478333,312.1111667,0.2752534504,0.1925950817,0.2581180386,0.2923888623,0.175468453,0.2097217104,1.884748691
R,1078,2,22,0.25,222.59025,312.14775,0.2805089026,0.1918019815,0.2633734908,0.2976443144,0.1746753528,0.2089286101,1.90769483
R,1079,2,22,0.3333333333,222.8326667,312.1843333,0.2857643548,0.1910088813,0.268628943,0.3028997666,0.1738822526,0.2081355099,1.930920329
R,1080,2,22,0.4166666667,223.0750833,312.2209167,0.291019807,0.1902157811,0.2738843952,0.3081552188,0.1730891524,0.2073424097,1.95442859
R,1081,2,22,0.5,223.3175,312.2575,0.2962752592,0.1894226809,0.2791398474,0.313410671,0.1722960522,0.2065493095,1.978223056
R,1082,2,22,0.5833333333,223.5599167,312.2940833,0.3015307114,0.1886295807,0.2843952996,0.3186661232,0.171502952,0.2057562093,2.002307211
R,1083,2,22,0.6666666667,223.8023333,312.3306667,0.3067861636,0.1878364804,0.2896507518,0.3239215754,0.1707098518,0.2049631091,2.026684582
R,1084,2,22,0.75,224.04475,312.36725,0.3120416158,0.1870433802,0.294906204,0.3291770276,0.1699167516,0.2041700089,2.051358739
R,1085,2,22,0.8333333333,224.2871667,312.4038333,0.317297068,0.18625028,0.3001616562,0.3344324798,0.1691236514,0.2033769087,2.076333294
R,1086,2,22,0.9166666667,224.5295833,312.4404167,0.3225525202,0.1854571798,0.3054171084,0.339687932,0.1683305512,0.2025838085,2.101611906
R,1087,2,22,1,224.772,312.477,0.3278079724,0.1846640796,0.3106725606,0.3449433842,0.167537451,0.2017907083,2.127198276
R,1088,2,23,0.07142857143,225.0101429,312.4924286,0.3329707709,0.1843295993,0.315835359,0.3501061827,0.1672029707,0.201456228,2.152636852
R,1089,2,23,0.1428571429,225.2482857,312.5078571,0.3381335694,0.1839951191,0.3209981575,0.3552689812,0.1668684904,0.2011217477,2.17837964
R,1090,2,23,0.2142857143,225.4864286,312.5232857,0.3432963678,0.1836606388,0.326160956,0.3604317797,0.1665340101,0.2007872675,2.20443028
R,1091,2,23,0.2857142857,225.7245714,312.5387143,0.3484591663,0.1833261585,0.3313237545,0.3655945781,0.1661995299,0.2004527872,2.230792452
R,1092,2,23,0.3571428571,225.9627143,312.5541429,0.3536219648,0.1829916783,0.336486553,0.3707573766,0.1658650496,0.2001183069,2.257469882
R,1093,2,23,0.4285714286,226.2008571,312.5695714,0.3587847633,0.182657198,0.3416493515,0.3759201751,0.1655305693,0.1997838266,2.284466339
R,1094,2,23,0.5,226.439,312.585,0.3639475618,0.1823227177,0.34681215,0.3810829736,0.1651960891,0.1994493464,2.31178564
R,1095,2,23,0.5714285714,226.6771429,312.6004286,0.3691103603,0.1819882374,0.3519749485,0.3862457721,0.1648616088,0.1991148661,2.339431645
R,1096,2,23,0.6428571429,226.9152857,312.6158571,0.3742731588,0.1816537572,0.357137747,0.3914085706,0.1645271285,0.1987803858,2.367408261
R,1097,2,23,0.7142857143,227.1534286,312.6312857,0.3794359573,0.1813192769,0.3623005455,0.3965713691,0.1641926482,0.1984459056,2.395719442
R,1098,2,23,0.7857142857,227.3915714,312.6467143,0.3845987558,0.1809847966,0.367463344,0.4017341676,0.163858168,0.1981114253,2.424369188
R,1099,2,23,0.8571428571,227.6297143,312.6621429,0.3897615543,0.1806503164,0.3726261424,0.4068969661,0.1635236877,0.197776945,2.453361548
R,1100,2,23,0.9285714286,227.8678571,312.6775714,0.3949243527,0.1803158361,0.3777889409,0.4120597646,0.1631892074,0.1974424647,2.48270062
R,1101,2,23,1,228.106,312.693,0.4000871512,0.1799813558,0.3829517394,0.4172225631,0.1628547272,0.1971079845,2.51239055
G,0,0,0,0,98.947,161.857,-2.400004769,3.449996748,-2.417140181,-2.382869358,3.432870119,3.467123377,0.003981027985
G,1,0,1,0.06666666667,99.1808,161.893,-2.394936122,3.449216294,-2.412071533,-2.37780071,3.432089665,3.466342923,0.004027762725
G,2,0,1,0.1333333333,99.4146,161.929,-2.389867474,3.44843584,-2.407002886,-2.372732062,3.431309212,3.465562469,0.004075046101
G,3,0,1,0.2,99.6484,161.965,-2.384798826,3.447655386,-2.401934238,-2.367663414,3.430528758,3.464782015,0.004122884554
G,4,0,1,0.2666666667,99.8822,162.001,-2.379730178,3.446874932,-2.39686559,-2.362594766,3.429748304,3.464001561,0.0041712846
G,5,0,1,0.3333333333,100.116,162.037,-2.37466153,3.446094478,-2.391796942,-2.357526118,3.42896785,3.463221107,0.004220252832
G,6,0,1,0.4,100.3498,162.073,-2.369592882,3.445314024,-2.386728294,-2.35245747,3.428187396,3.462440653,0.004269795919
G,7,0,1,0.4666666667,100.5836,162.109,-2.364524234,3.44453357,-2.381659646,-2.347388823,3.427406942,3.461660199,0.004319920611
G,8,0,1,0.5333333333,100.8174,162.145,-2.359455586,3.443753116,-2.376590998,-2.342320175,3.426626488,3.460879745,0.004370633735
G,9,0,1,0.6,101.0512,162.181,-2.354386939,3.442972662,-2.37152235,-2.337251527,3.425846034,3.460099291,0.004421942199
G,10,0,1,0.6666666667,101.285,162.217,-2.349318291,3.442192208,-2.366453703,-2.332182879,3.42506558,3.459318837,0.004473852992
G,11,0,1,0.7333333333,101.5188,162.253,-2.344249643,3.441411755,-2.361385055,-2.327114231,3.424285126,3.458538383,0.004526373184
G,12,0,1,0.8,101.7526,162.289,-2.339180995,3.440631301,-2.356316407,-2.322045583,3.423504672,3.457757929,0.00457950993
G,13,0,1,0.8666666667,101.9864,162.325,-2.334112347,3.439850847,-2.351247759,-2.316976935,3.422724218,3.456977475,0.004633270468
G,14,0,1,0.9333333333,102.2202,162.361,-2.329043699,3.439070393,-2.346179111,-2.311908287,3.421943764,3.456197021,0.00468766212
G,15,0,1,1,102.454,162.397,-2.323975051,3.438289939,-2.341110463,-2.306839639,3.42116331,3.455416567,0.004742692296
G,16,0,2,0.07692307692,102.6876923,162.4457692,-2.318908738,3.437232657,-2.33604415,-2.301773326,3.420106028,3.454359286,0.004798342696
G,17,0,2,0.1538461538,102.9213846,162.4945385,-2.313842425,3.436175375,-2.330977837,-2.296707013,3.419048747,3.453302004,0.004854646093
G,18,0,2,0.2307692308,103.1550769,162.5433077,-2.308776112,3.435118094,-2.325911524,-2.2916407,3.417991465,3.452244722,0.00491161015
G,19,0,2,0.3076923077,103.3887692,162.5920769,-2.303709799,3.434060812,-2.32084521,-2.286574387,3.416934183,3.451187441,0.00496924262
G,20,0,2,0.3846153846,103.6224615,162.6408462,-2.298643485,3.43300353,-2.315778897,-2.281508074,3.415876902,3.450130159,0.005027551344
G,21,0,2,0.4615384615,103.8561538,162.6896154,-2.293577172,3.431946249,-2.310712584,-2.27644176,3.41481962,3.449072877,0.005086544259
G,22,0,2,0.5384615385,104.0898462,162.7383846,-2.288510859,3.430888967,-2.305646271,-2.271375447,3.413762338,3.448015596,0.005146229392
G,23,0,2,0.6153846154,104.3235385,162.7871538,-2.283444546,3.429831685,-2.300579958,-2.266309134,3.412705057,3.446958314,0.005206614866
G,24,0,2,0.6923076923,104.5572308,162.8359231,-2.278378233,3.428774404,-2.295513645,-2.261242821,3.411647775,3.445901032,0.005267708899
G,25,0,2,0.7692307692,104.7909231,162.8846923,-2.27331192,3.427717122,-2.290447331,-2.256176508,3.410590493,3.444843751,0.005329519805
G,26,0,2,0.8461538462,105.0246154,162.9334615,-2.268245606,3.42665984,-2.285381018,-2.251110195,3.409533212,3.443786469,0.005392055995
G,27,0,2,0.9230769231,105.2583077,162.9822308,-2.263179293,3.425602559,-2.280314705,-2.246043881,3.40847593,3.442729187,0.00545532598
G,28,0,2,1,105.492,163.031,-2.25811298,3.424545277,-2.275248392,-2.240977568,3.407418649,3.441671906,0.005519338371
G,29,0,3,0.09090909091,105.7315455,163.0970909,-2.252919774,3.423112474,-2.270055186,-2.235784362,3.405985845,3.440239103,0.005585733687
G,30,0,3,0.1818181818,105.9710909,163.1631818,-2.247726568,3.421679671,-2.26486198,-2.230591156,3.404553042,3.4388063,0.005652927712
G,31,0,3,0.2727272727,106.2106364,163.2292727,-2.242533362,3.420246868,-2.259668774,-2.22539795,3.403120239,3.437373496,0.005720930053
G,32,0,3,0.3636363636,106.4501818,163.2953636,-2.237340156,3.418814065,-2.254475568,-2.220204744,3.401687436,3.435940693,0.005789750432
G,33,0,3,0.4545454545,106.6897273,163.3614545,-2.23214695,3.417381262,-2.249282362,-2.215011538,3.400254633,3.43450789,0.005859398693
G,34,0,3,0.5454545455,106.9292727,163.4275455,-2.226953744,3.415948459,-2.244089156,-2.209818332,3.39882183,3.433075087,0.005929884792
G,35,0,3,0.6363636364,107.1688182,163.4936364,-2.221760538,3.414515655,-2.23889595,-2.204625126,3.397389027,3.431642284,0.00600121881
G,36,0,3,0.7272727273,107.4083636,163.5597273,-2.216567332,3.413082852,-2.233702744,-2.19943192,3.395956224,3.430209481,0.006073410945
G,37,0,3,0.8181818182,107.6479091,163.6258182,-2.211374126,3.411650049,-2.228509538,-2.194238714,3.394523421,3.428776678,0.006146471522
G,38,0,3,0.9090909091,107.8874545,163.6919091,-2.20618092,3.410217246,-2.223316332,-2.189045508,3.393090617,3.427343875,0.006220410987
G,39,0,3,1,108.127,163.758,-2.200987714,3.408784443,-2.218123126,-2.183852302,3.391657814,3.425911072,0.006295239912
G,40,0,4,0.00390625,108.2770077,163.8016524,-2.197735635,3.407838091,-2.214871047,-2.180600223,3.390711462,3.42496472,0.006342556797
G,41,0,4,0.0078125,108.4265627,163.8462392,-2.194493369,3.406871482,-2.211628781,-2.177357958,3.389744853,3.42399811,0.006390084934
G,42,0,4,0.01171875,108.5756661,163.8917556,-2.191260894,3.405884718,-2.208396306,-2.174125482,3.388758089,3.423011346,0.006437824091
G,43,0,4,0.015625,108.724319,163.938197,-2.188038187,3.404877902,-2.205173598,-2.170902775,3.387751273,3.42200453,0.006485774029
G,44,0,4,0.01953125,108.8725224,163.9855586,-2.184825223,3.403851136,-2.201960635,-2.167689812,3.386724507,3.420977765,0.0065339345
G,45,0,4,0.0234375,109.0202773,164.0338357,-2.181621982,3.402804524,-2.198757393,-2.16448657,3.385677895,3.419931153,0.006582305248
G,46,0,4,0.02734375,109.167585,164.0830235,-2.178428438,3.401738168,-2.19556385,-2.161293026,3.38461154,3.418864797,0.006630886009
G,47,0,4,0.03125,109.3144463,164.1331173,-2.175244569,3.400652171,-2.192379981,-2.158109158,3.383525542,3.4177788,0.006679676511
G,48,0,4,0.03515625,109.4608624,164.1841124,-2.172070353,3.399546635,-2.189205765,-2.154934941,3.382420006,3.416673264,0.006728676471
G,49,0,4,0.0390625,109.6068344,164.2360039,-2.168905766,3.398421663,-2.186041177,-2.151770354,3.381295035,3.415548292,0.006777885602
G,50,0,4,0.04296875,109.7523633,164.2887873,-2.165750784,3.397277358,-2.182886196,-2.148615372,3.38015073,3.414403987,0.006827303605
G,51,0,4,0.046875,109.8974502,164.3424577,-2.162605385,3.396113823,-2.179740797,-2.145469973,3.378987194,3.413240452,0.006876930175
G,52,0,4,0.05078125,110.0420961,164.3970104,-2.159469546,3.39493116,-2.176604958,-2.142334134,3.377804531,3.412057788,0.006926764998
G,53,0,4,0.0546875,110.1863021,164.4524407,-2.156343244,3.393729471,-2.173478656,-2.139207832,3.376602842,3.4108561,0.006976807753
G,54,0,4,0.05859375,110.3300693,164.5087438,-2.153226455,3.39250886,-2.170361867,-2.136091043,3.375382231,3.409635489,0.007027058108
G,55,0,4,0.0625,110.4733987,164.565915,-2.150119157,3.391269429,-2.167254569,-2.132983745,3.374142801,3.408396058,0.007077515726
G,56,0,4,0.06640625,110.6162914,164.6239496,-2.147021326,3.390011281,-2.164156738,-2.129885914,3.372884653,3.40713791,0.007128180261
G,57,0,4,0.0703125,110.7587485,164.6828429,-2.14393294,3.388734519,-2.161068351,-2.126797528,3.37160789,3.405861147,0.00717905136
G,58,0,4,0.07421875,110.900771,164.74259,-2.140853974,3.387439245,-2.157989386,-2.123718563,3.370312616,3.404565873,0.007230128659
G,59,0,4,0.078125,111.04236,164.8031862,-2.137784407,3.386125561,-2.154919819,-2.120648996,3.368998933,3.40325219,0.007281411789
G,60,0,4,0.08203125,111.1835165,164.8646269,-2.134724215,3.384793572,-2.151859627,-2.117588804,3.367666943,3.4019202,0.007332900372
G,61,0,4,0.0859375,111.3242417,164.9269073,-2.131673376,3.383443378,-2.148808787,-2.114537964,3.36631675,3.400570007,0.007384594024
G,62,0,4,0.08984375,111.4645366,164.9900226,-2.128631865,3.382075084,-2.145767276,-2.111496453,3.364948455,3.399201712,0.007436492349
G,63,0,4,0.09375,111.6044022,165.0539681,-2.125599659,3.380688791,-2.142735071,-2.108464248,3.363562162,3.39781542,0.007488594949
G,64,0,4,0.09765625,111.7438396,165.1187391,-2.122576737,3.379284602,-2.139712149,-2.105441325,3.362157974,3.396411231,0.007540901413
G,65,0,4,0.1015625,111.8828499,165.1843309,-2.119563074,3.377862621,-2.136698486,-2.102427662,3.360735992,3.39498925,0.007593411325
G,66,0,4,0.10546875,112.0214342,165.2507386,-2.116558648,3.376422949,-2.13369406,-2.099423236,3.359296321,3.393549578,0.007646124263
G,67,0,4,0.109375,112.1595935,165.3179576,-2.113563436,3.37496569,-2.130698847,-2.096428024,3.357839061,3.392092318,0.007699039793
G,68,0,4,0.11328125,112.2973288,165.3859832,-2.110577414,3.373490945,-2.127712825,-2.093442002,3.356364317,3.390617574,0.007752157478
G,69,0,4,0.1171875,112.4346413,165.4548105,-2.107600559,3.371998819,-2.124735971,-2.090465147,3.35487219,3.389125447,0.007805476871
G,70,0,4,0.12109375,112.571532,165.5244349,-2.104632848,3.370489413,-2.12176826,-2.087497437,3.353362784,3.387616041,0.007858997519
G,71,0,4,0.125,112.708002,165.5948516,-2.101674259,3.36896283,-2.118809671,-2.084538847,3.351836201,3.386089458,0.00791271896
G,72,0,4,0.12890625,112.8440522,165.6660558,-2.098724768,3.367419172,-2.11586018,-2.081589356,3.350292544,3.384545801,0.007966640725
G,73,0,4,0.1328125,112.9796839,165.738043,-2.095784352,3.365858543,-2.112919764,-2.07864894,3.348731915,3.382985172,0.008020762341
G,74,0,4,0.13671875,113.1148981,165.8108082,-2.092852988,3.364281046,-2.1099884,-2.075717576,3.347154417,3.381407674,0.008075083323
G,75,0,4,0.140625,113.2496958,165.8843468,-2.089930652,3.362686782,-2.107066064,-2.072795241,3.345560153,3.37981341,0.008129603182
G,76,0,4,0.14453125,113.384078,165.9586541,-2.087017323,3.361075854,-2.104152735,-2.069881911,3.343949226,3.378202483,0.008184321422
G,77,0,4,0.1484375,113.518046,166.0337252,-2.084112976,3.359448366,-2.101248388,-2.066977564,3.342321738,3.376574995,0.008239237538
G,78,0,4,0.15234375,113.6516006,166.1095555,-2.081217589,3.35780442,-2.098353001,-2.064082177,3.340677791,3.374931049,0.00829435102
G,79,0,4,0.15625,113.7847431,166.1861403,-2.078331139,3.356144118,-2.09546655,-2.061195727,3.33901749,3.373270747,0.00834966135
G,80,0,4,0.16015625,113.9174744,166.2634747,-2.075453601,3.354467564,-2.092589013,-2.05831819,3.337340935,3.371594192,0.008405168003
G,81,0,4,0.1640625,114.0497956,166.3415541,-2.072584955,3.352774859,-2.089720367,-2.055449543,3.335648231,3.369901488,0.008460870449
G,82,0,4,0.16796875,114.1817078,166.4203737,-2.069725175,3.351066107,-2.086860587,-2.052589764,3.333939479,3.368192736,0.00851676815
G,83,0,4,0.171875,114.313212,166.4999288,-2.06687424,3.349341411,-2.084009652,-2.049738828,3.332214782,3.366468039,0.00857286056
G,84,0,4,0.17578125,114.4443093,166.5802146,-2.064032126,3.347600872,-2.081167538,-2.046896714,3.330474243,3.3647275,0.008629147129
G,85,0,4,0.1796875,114.5750008,166.6612264,-2.06119881,3.345844594,-2.078334222,-2.044063398,3.328717965,3.362971222,0.008685627299
G,86,0,4,0.18359375,114.7052876,166.7429595,-2.058374269,3.344072679,-2.075509681,-2.041238857,3.32694605,3.361199308,0.008742300507
G,87,0,4,0.1875,114.8351707,166.8254092,-2.05555848,3.34228523,-2.072693892,-2.038423068,3.325158602,3.359411859,0.008799166181
G,88,0,4,0.19140625,114.9646511,166.9085706,-2.05275142,3.34048235,-2.069886832,-2.035616008,3.323355722,3.357608979,0.008856223746
G,89,0,4,0.1953125,115.0937299,166.9924391,-2.049953065,3.338664142,-2.067088477,-2.032817654,3.321537513,3.35579077,0.008913472617
G,90,0,4,0.19921875,115.2224083,167.07701,-2.047163394,3.336830707,-2.064298805,-2.030027982,3.319704079,3.353957336,0.008970912206
G,91,0,4,0.203125,115.3506872,167.1622784,-2.044382381,3.334982149,-2.061517793,-2.027246969,3.317855521,3.352108778,0.009028541918
G,92,0,4,0.20703125,115.4785678,167.2482397,-2.041610005,3.333118571,-2.058745417,-2.024474594,3.315991942,3.3502452,0.009086361151
G,93,0,4,0.2109375,115.606051,167.3348891,-2.038846243,3.331240075,-2.055981655,-2.021710831,3.314113446,3.348366703,0.009144369298
G,94,0,4,0.21484375,115.733138,167.4222219,-2.036091071,3.329346763,-2.053226483,-2.018955659,3.312220135,3.346473392,0.009202565746
G,95,0,4,0.21875,115.8598298,167.5102333,-2.033344466,3.327438739,-2.050479878,-2.016209055,3.310312111,3.344565368,0.009260949876
G,96,0,4,0.22265625,115.9861275,167.5989186,-2.030606406,3.325516105,-2.047741818,-2.013470994,3.308389477,3.342642734,0.009319521064
G,97,0,4,0.2265625,116.1120322,167.6882731,-2.027876866,3.323578964,-2.045012278,-2.010741454,3.306452336,3.340705593,0.009378278677
G,98,0,4,0.23046875,116.2375448,167.7782921,-2.025155825,3.321627419,-2.042291237,-2.008020413,3.30450079,3.338754048,0.009437222082
G,99,0,4,0.234375,116.3626666,167.8689707,-2.022443258,3.319661572,-2.03957867,-2.005307846,3.302534943,3.3367882,0.009496350636
G,100,0,4,0.23828125,116.4873984,167.9603043,-2.019739143,3.317681525,-2.036874555,-2.002603732,3.300554897,3.334808154,0.009555663692
G,101,0,4,0.2421875,116.6117415,168.0522881,-2.017043458,3.315687382,-2.034178869,-1.999908046,3.298560754,3.332814011,0.009615160598
G,102,0,4,0.24609375,116.7356969,168.1449174,-2.014356177,3.313679246,-2.031491589,-1.997220765,3.296552617,3.330805874,0.009674840695
G,103,0,4,0.25,116.8592656,168.2381875,-2.01167728,3.311657218,-2.028812691,-1.994541868,3.294530589,3.328783847,0.009734703322
G,104,0,4,0.25390625,116.9824487,168.3320936,-2.009006741,3.309621402,-2.026142153,-1.99187133,3.292494773,3.326748031,0.00979474781
G,105,0,4,0.2578125,117.1052473,168.426631,-2.00634454,3.3075719,-2.023479952,-1.989209128,3.290445272,3.324698529,0.009854973486
G,106,0,4,0.26171875,117.2276624,168.5217949,-2.003690651,3.305508816,-2.020826063,-1.98655524,3.288382187,3.322635444,0.009915379672
G,107,0,4,0.265625,117.3496951,168.6175806,-2.001045053,3.30343225,-2.018180465,-1.983909642,3.286305622,3.320558879,0.009975965684
G,108,0,4,0.26953125,117.4713465,168.7139834,-1.998407723,3.301342308,-2.015543134,-1.981272311,3.284215679,3.318468936,0.01003673084
G,109,0,4,0.2734375,117.5926176,168.8109985,-1.995778636,3.29923909,-2.012914048,-1.978643224,3.282112461,3.316365719,0.01009767443
G,110,0,4,0.27734375,117.7135095,168.9086212,-1.99315777,3.2971227,-2.010293182,-1.976022358,3.279996071,3.314249329,0.01015879578
G,111,0,4,0.28125,117.8340232,169.0068468,-1.990545102,3.29499324,-2.007680514,-1.973409691,3.277866612,3.312119869,0.01022009417
G,112,0,4,0.28515625,117.9541599,169.1056705,-1.98794061,3.292850814,-2.005076021,-1.970805198,3.275724185,3.309977442,0.01028156891
G,113,0,4,0.2890625,118.0739205,169.2050876,-1.985344268,3.290695523,-2.00247968,-1.968208857,3.273568894,3.307822152,0.01034321927
G,114,0,4,0.29296875,118.1933062,169.3050934,-1.982756056,3.288527471,-1.999891468,-1.965620644,3.271400842,3.305654099,0.01040504455
G,115,0,4,0.296875,118.312318,169.405683,-1.980175949,3.286346759,-1.997311361,-1.963040538,3.269220131,3.303473388,0.01046704402
G,116,0,4,0.30078125,118.430957,169.5068519,-1.977603925,3.284153492,-1.994739337,-1.960468513,3.267026863,3.301280121,0.01052921696
G,117,0,4,0.3046875,118.5492243,169.6085952,-1.97503996,3.281947771,-1.992175372,-1.957904549,3.264821142,3.2990744,0.01059156265
G,118,0,4,0.30859375,118.6671208,169.7109082,-1.972484032,3.279729699,-1.989619444,-1.95534862,3.262603071,3.296856328,0.01065408035
G,119,0,4,0.3125,118.7846477,169.8137861,-1.969936117,3.277499379,-1.987071529,-1.952800705,3.260372751,3.294626008,0.01071676933
G,120,0,4,0.31640625,118.9018061,169.9172243,-1.967396192,3.275256914,-1.984531604,-1.950260781,3.258130285,3.292383543,0.01077962884
G,121,0,4,0.3203125,119.0185969,170.021218,-1.964864235,3.273002406,-1.981999646,-1.947728823,3.255875777,3.290129034,0.01084265815
G,122,0,4,0.32421875,119.1350213,170.1257625,-1.962340221,3.270735957,-1.979475633,-1.945204809,3.253609329,3.287862586,0.0109058565
G,123,0,4,0.328125,119.2510804,170.230853,-1.959824128,3.268457672,-1.97695954,-1.942688717,3.251331043,3.2855843,0.01096922315
G,124,0,4,0.33203125,119.3667751,170.3364848,-1.957315934,3.266167651,-1.974451346,-1.940180522,3.249041022,3.28329428,0.01103275734
G,125,0,4,0.3359375,119.4821066,170.4426531,-1.954815614,3.263865999,-1.971951026,-1.937680202,3.24673937,3.280992627,0.01109645832
G,126,0,4,0.33984375,119.597076,170.5493532,-1.952323146,3.261552817,-1.969458558,-1.935187734,3.244426188,3.278679445,0.01116032532
G,127,0,4,0.34375,119.7116842,170.6565804,-1.949838506,3.259228208,-1.966973918,-1.932703094,3.242101579,3.276354837,0.01122435758
G,128,0,4,0.34765625,119.8259323,170.76433,-1.947361672,3.256892276,-1.964497084,-1.930226261,3.239765647,3.274018904,0.01128855433
G,129,0,4,0.3515625,119.9398215,170.8725972,-1.944892621,3.254545122,-1.962028033,-1.927757209,3.237418493,3.27167175,0.01135291481
G,130,0,4,0.35546875,120.0533528,170.9813772,-1.942431329,3.252186849,-1.959566741,-1.925295917,3.23506022,3.269313478,0.01141743824
G,131,0,4,0.359375,120.1665272,171.0906654,-1.939977773,3.24981756,-1.957113185,-1.922842361,3.232690932,3.266944189,0.01148212384
G,132,0,4,0.36328125,120.2793459,171.200457,-1.937531931,3.247437359,-1.954667343,-1.920396519,3.23031073,3.264563987,0.01154697084
G,133,0,4,0.3671875,120.3918098,171.3107472,-1.935093779,3.245046346,-1.95222919,-1.917958367,3.227919718,3.262172975,0.01161197846
G,134,0,4,0.37109375,120.5039201,171.4215313,-1.932663293,3.242644626,-1.949798705,-1.915527882,3.225517997,3.259771254,0.0116771459
G,135,0,4,0.375,120.6156777,171.5328047,-1.930240452,3.2402323,-1.947375864,-1.91310504,3.223105672,3.257358929,0.01174247239
G,136,0,4,0.37890625,120.7270839,171.6445625,-1.927825232,3.237809472,-1.944960644,-1.91068982,3.220682843,3.254936101,0.01180795714
G,137,0,4,0.3828125,120.8381395,171.7568,-1.92541761,3.235376244,-1.942553021,-1.908282198,3.218249615,3.252502873,0.01187359935
G,138,0,4,0.38671875,120.9488458,171.8695125,-1.923017562,3.232932719,-1.940152974,-1.90588215,3.21580609,3.250059348,0.01193939823
G,139,0,4,0.390625,121.0592038,171.9826952,-1.920625066,3.230478999,-1.937760478,-1.903489654,3.213352371,3.247605628,0.01200535299
G,140,0,4,0.39453125,121.1692144,172.0963434,-1.918240099,3.228015188,-1.93537551,-1.901104687,3.210888559,3.245141816,0.01207146283
G,141,0,4,0.3984375,121.2788789,172.2104524,-1.915862637,3.225541387,-1.932998049,-1.898727225,3.208414758,3.242668016,0.01213772695
G,142,0,4,0.40234375,121.3881982,172.3250175,-1.913492657,3.2230577,-1.930628069,-1.896357246,3.205931071,3.240184328,0.01220414454
G,143,0,4,0.40625,121.4971735,172.4400338,-1.911130137,3.220564229,-1.928265549,-1.893994726,3.2034376,3.237690858,0.01227071481
G,144,0,4,0.41015625,121.6058057,172.5554967,-1.908775054,3.218061077,-1.925910465,-1.891639642,3.200934448,3.235187706,0.01233743695
G,145,0,4,0.4140625,121.714096,172.6714014,-1.906427383,3.215548346,-1.923562795,-1.889291971,3.198421718,3.232674975,0.01240431016
G,146,0,4,0.41796875,121.8220454,172.7877432,-1.904087103,3.21302614,-1.921222514,-1.886951691,3.195899512,3.230152769,0.01247133363
G,147,0,4,0.421875,121.929655,172.9045174,-1.901754189,3.210494561,-1.918889601,-1.884618777,3.193367932,3.22762119,0.01253850654
G,148,0,4,0.42578125,122.0369259,173.0217191,-1.89942862,3.207953712,-1.916564032,-1.882293208,3.190827083,3.22508034,0.01260582809
G,149,0,4,0.4296875,122.143859,173.1393438,-1.897110371,3.205403694,-1.914245783,-1.879974959,3.188277066,3.222530323,0.01267329747
G,150,0,4,0.43359375,122.2504556,173.2573866,-1.89479942,3.202844612,-1.911934832,-1.877664009,3.185717983,3.219971241,0.01274091386
G,151,0,4,0.4375,122.3567166,173.3758428,-1.892495744,3.200276567,-1.909631156,-1.875360332,3.183149939,3.217403196,0.01280867646
G,152,0,4,0.44140625,122.462643,173.4947076,-1.89019932,3.197699663,-1.907334732,-1.873063908,3.180573035,3.214826292,0.01287658444
G,153,0,4,0.4453125,122.5682361,173.6139764,-1.887910124,3.195114002,-1.905045536,-1.870774712,3.177987373,3.212240631,0.012944637
G,154,0,4,0.44921875,122.6734968,173.7336444,-1.885628133,3.192519687,-1.902763545,-1.868492722,3.175393058,3.209646315,0.01301283331
G,155,0,4,0.453125,122.7784262,173.8537069,-1.883353325,3.18991682,-1.900488737,-1.866217914,3.172790191,3.207043448,0.01308117256
G,156,0,4,0.45703125,122.8830253,173.974159,-1.881085677,3.187305504,-1.898221088,-1.863950265,3.170178875,3.204432132,0.01314965393
G,157,0,4,0.4609375,122.9872953,174.0949962,-1.878825164,3.184685841,-1.895960576,-1.861689752,3.167559213,3.20181247,0.01321827661
G,158,0,4,0.46484375,123.0912372,174.2162136,-1.876571765,3.182057936,-1.893707176,-1.859436353,3.164931307,3.199184564,0.01328703978
G,159,0,4,0.46875,123.194852,174.3378065,-1.874325455,3.179421889,-1.891460867,-1.857190043,3.162295261,3.196548518,0.01335594262
G,160,0,4,0.47265625,123.2981409,174.4597702,-1.872086213,3.176777804,-1.889221625,-1.854950801,3.159651176,3.193904433,0.01342498432
G,161,0,4,0.4765625,123.4011048,174.5821,-1.869854014,3.174125784,-1.886989426,-1.852718603,3.156999155,3.191252413,0.01349416405
G,162,0,4,0.48046875,123.5037449,174.704791,-1.867628837,3.171465931,-1.884764249,-1.850493425,3.154339302,3.18859256,0.01356348099
G,163,0,4,0.484375,123.6060623,174.8278386,-1.865410657,3.168798348,-1.882546069,-1.848275245,3.151671719,3.185924977,0.01363293434
G,164,0,4,0.48828125,123.7080579,174.951238,-1.863199452,3.166123137,-1.880334863,-1.84606404,3.148996509,3.183249766,0.01370252327
G,165,0,4,0.4921875,123.8097328,175.0749846,-1.860995198,3.163440402,-1.87813061,-1.843859786,3.146313773,3.18056703,0.01377224697
G,166,0,4,0.49609375,123.9110882,175.1990735,-1.858797873,3.160750244,-1.875933285,-1.841662461,3.143623616,3.177876873,0.01384210462
G,167,0,4,0.5,124.012125,175.3235,-1.856607453,3.158052767,-1.873742865,-1.839472041,3.140926139,3.175179396,0.0139120954
G,168,0,4,0.50390625,124.1128444,175.4482594,-1.854423915,3.155348074,-1.871559327,-1.837288504,3.138221445,3.172474702,0.0139822185
G,169,0,4,0.5078125,124.2132474,175.573347,-1.852247237,3.152636266,-1.869382649,-1.835111825,3.135509637,3.169762895,0.0140524731
G,170,0,4,0.51171875,124.313335,175.6987579,-1.850077395,3.149917447,-1.867212807,-1.832941983,3.132790818,3.167044076,0.0141228584
G,171,0,4,0.515625,124.4131084,175.8244876,-1.847914366,3.147191719,-1.865049778,-1.830778954,3.130065091,3.164318348,0.01419337358
G,172,0,4,0.51953125,124.5125686,175.9505311,-1.845758127,3.144459186,-1.862893539,-1.828622715,3.127332557,3.161585814,0.01426401782
G,173,0,4,0.5234375,124.6117166,176.0768839,-1.843608655,3.141719949,-1.860744067,-1.826473243,3.12459332,3.158846577,0.01433479032
G,174,0,4,0.52734375,124.7105536,176.2035412,-1.841465927,3.138974111,-1.858601339,-1.824330515,3.121847482,3.15610074,0.01440569027
G,175,0,4,0.53125,124.8090806,176.3304982,-1.83932992,3.136221775,-1.856465331,-1.822194508,3.119095147,3.153348404,0.01447671686
G,176,0,4,0.53515625,124.9072986,176.4577501,-1.83720061,3.133463044,-1.854336022,-1.820065198,3.116336416,3.150589673,0.01454786928
G,177,0,4,0.5390625,125.0052088,176.5852924,-1.835077975,3.130698021,-1.852213386,-1.817942563,3.113571392,3.14782465,0.01461914674
G,178,0,4,0.54296875,125.1028121,176.7131201,-1.832961991,3.127926808,-1.850097403,-1.815826579,3.110800179,3.145053436,0.01469054842
G,179,0,4,0.546875,125.2001097,176.8412287,-1.830852636,3.125149507,-1.847988048,-1.813717224,3.108022878,3.142276136,0.01476207353
G,180,0,4,0.55078125,125.2971026,176.9696133,-1.828749886,3.122366222,-1.845885298,-1.811614474,3.105239593,3.139492851,0.01483372126
G,181,0,4,0.5546875,125.3937919,177.0982692,-1.826653718,3.119577055,-1.84378913,-1.809518307,3.102450426,3.136703684,0.01490549083
G,182,0,4,0.55859375,125.4901787,177.2271917,-1.82456411,3.116782109,-1.841699522,-1.807428698,3.09965548,3.133908738,0.01497738142
G,183,0,4,0.5625,125.5862639,177.356376,-1.822481038,3.113981486,-1.83961645,-1.805345626,3.096854858,3.131108115,0.01504939226
G,184,0,4,0.56640625,125.6820487,177.4858174,-1.820404478,3.11117529,-1.83753989,-1.803269067,3.094048661,3.128301919,0.01512152255
G,185,0,4,0.5703125,125.7775342,177.6155112,-1.818334409,3.108363622,-1.835469821,-1.801198997,3.091236994,3.125490251,0.0151937715
G,186,0,4,0.57421875,125.8727214,177.7454526,-1.816270807,3.105546586,-1.833406219,-1.799135395,3.088419958,3.122673215,0.01526613833
G,187,0,4,0.578125,125.9676113,177.8756369,-1.814213648,3.102724285,-1.83134906,-1.797078236,3.085597656,3.119850913,0.01533862224
G,188,0,4,0.58203125,126.0622051,178.0060594,-1.81216291,3.09989682,-1.829298322,-1.795027498,3.082770191,3.117023449,0.01541122247
G,189,0,4,0.5859375,126.1565038,178.1367153,-1.81011857,3.097064295,-1.827253982,-1.792983158,3.079937666,3.114190923,0.01548393823
G,190,0,4,0.58984375,126.2505084,178.2675999,-1.808080604,3.094226812,-1.825216016,-1.790945192,3.077100183,3.11135344,0.01555676875
G,191,0,4,0.59375,126.3442201,178.3987084,-1.80604899,3.091384474,-1.823184402,-1.788913578,3.074257845,3.108511103,0.01562971325
G,192,0,4,0.59765625,126.4376398,178.5300361,-1.804023704,3.088537384,-1.821159116,-1.786888292,3.071410755,3.105664012,0.01570277096
G,193,0,4,0.6015625,126.5307687,178.6615783,-1.802004723,3.085685644,-1.819140135,-1.784869311,3.068559015,3.102812272,0.01577594112
G,194,0,4,0.60546875,126.6236079,178.7933303,-1.799992025,3.082829357,-1.817127437,-1.782856613,3.065702728,3.099955985,0.01584922297
G,195,0,4,0.609375,126.7161583,178.9252872,-1.797985586,3.079968625,-1.815120997,-1.780850174,3.062841997,3.097095254,0.01592261574
G,196,0,4,0.61328125,126.8084211,179.0574444,-1.795985382,3.077103553,-1.813120794,-1.778849971,3.059976924,3.094230181,0.01599611868
G,197,0,4,0.6171875,126.9003973,179.1897972,-1.793991392,3.074234241,-1.811126804,-1.77685598,3.057107612,3.091360869,0.01606973104
G,198,0,4,0.62109375,126.9920879,179.3223407,-1.792003592,3.071360793,-1.809139004,-1.77486818,3.054234164,3.088487421,0.01614345206
G,199,0,4,0.625,127.0834941,179.4550703,-1.790021958,3.068483311,-1.80715737,-1.772886546,3.051356682,3.08560994,0.016217281
G,200,0,4,0.62890625,127.174617,179.5879812,-1.788046468,3.065601898,-1.80518188,-1.770911057,3.04847527,3.082728527,0.01629121712
G,201,0,4,0.6328125,127.2654575,179.7210687,-1.786077099,3.062716658,-1.803212511,-1.768941687,3.045590029,3.079843286,0.01636525967
G,202,0,4,0.63671875,127.3560167,179.8543281,-1.784113828,3.059827691,-1.801249239,-1.766978416,3.042701063,3.07695432,0.01643940793
G,203,0,4,0.640625,127.4462957,179.9877545,-1.782156631,3.056935102,-1.799292042,-1.765021219,3.039808474,3.074061731,0.01651366117
G,204,0,4,0.64453125,127.5362957,180.1213434,-1.780205485,3.054038993,-1.797340897,-1.763070073,3.036912364,3.071165622,0.01658801866
G,205,0,4,0.6484375,127.6260175,180.2550898,-1.778260367,3.051139466,-1.795395779,-1.761124956,3.034012838,3.068266095,0.01666247967
G,206,0,4,0.65234375,127.7154624,180.3889892,-1.776321255,3.048236625,-1.793456667,-1.759185844,3.031109996,3.065363253,0.01673704349
G,207,0,4,0.65625,127.8046313,180.5230367,-1.774388125,3.045330571,-1.791523537,-1.757252714,3.028203943,3.0624572,0.01681170941
G,208,0,4,0.66015625,127.8935253,180.6572277,-1.772460955,3.042421408,-1.789596366,-1.755325543,3.025294779,3.059548037,0.01688647671
G,209,0,4,0.6640625,127.9821455,180.7915574,-1.77053972,3.039509238,-1.787675131,-1.753404308,3.02238261,3.056635867,0.0169613447
G,210,0,4,0.66796875,128.070493,180.926021,-1.768624398,3.036594164,-1.785759809,-1.751488986,3.019467536,3.053720793,0.01703631268
G,211,0,4,0.671875,128.1585688,181.0606138,-1.766714966,3.033676289,-1.783850377,-1.749579554,3.01654966,3.050802918,0.01711137994
G,212,0,4,0.67578125,128.246374,181.1953311,-1.7648114,3.030755715,-1.781946812,-1.747675988,3.013629086,3.047882344,0.0171865458
G,213,0,4,0.6796875,128.3339096,181.3301682,-1.762913678,3.027832545,-1.78004909,-1.745778267,3.010705916,3.044959174,0.01726180958
G,214,0,4,0.68359375,128.4211768,181.4651203,-1.761021777,3.024906882,-1.778157189,-1.743886366,3.007780253,3.04203351,0.01733717059
G,215,0,4,0.6875,128.5081765,181.6001826,-1.759135674,3.021978828,-1.776271086,-1.742000262,3.004852199,3.039105456,0.01741262817
G,216,0,4,0.69140625,128.5949099,181.7353505,-1.757255345,3.019048486,-1.774390756,-1.740119933,3.001921857,3.036175114,0.01748818164
G,217,0,4,0.6953125,128.681378,181.8706192,-1.755380767,3.016115958,-1.772516179,-1.738245355,2.99898933,3.033242587,0.01756383033
G,218,0,4,0.69921875,128.7675818,182.0059839,-1.753511917,3.013181348,-1.770647329,-1.736376506,2.99605472,3.030307977,0.0176395736
G,219,0,4,0.703125,128.8535225,182.14144,-1.751648773,3.010244759,-1.768784185,-1.734513361,2.99311813,3.027371387,0.01771541078
G,220,0,4,0.70703125,128.9392011,182.2769827,-1.749791311,3.007306292,-1.766926723,-1.732655899,2.990179663,3.02443292,0.01779134122
G,221,0,4,0.7109375,129.0246187,182.4126072,-1.747939508,3.00436605,-1.765074919,-1.730804096,2.987239421,3.021492679,0.0178673643
G,222,0,4,0.71484375,129.1097763,182.5483089,-1.74609334,3.001424136,-1.763228752,-1.728957929,2.984297508,3.018550765,0.01794347937
G,223,0,4,0.71875,129.194675,182.6840829,-1.744252786,2.998480654,-1.761388198,-1.727117374,2.981354025,3.015607282,0.0180196858
G,224,0,4,0.72265625,129.2793159,182.8199246,-1.742417821,2.995535704,-1.759553233,-1.72528241,2.978409076,3.012662333,0.01809598296
G,225,0,4,0.7265625,129.3637,182.9558291,-1.740588423,2.992589391,-1.757723835,-1.723453012,2.975462763,3.00971602,0.01817237025
G,226,0,4,0.73046875,129.4478283,183.0917919,-1.738764569,2.989641817,-1.755899981,-1.721629157,2.972515189,3.006768446,0.01824884703
G,227,0,4,0.734375,129.5317021,183.2278081,-1.736946235,2.986693085,-1.754081647,-1.719810824,2.969566456,3.003819713,0.01832541273
G,228,0,4,0.73828125,129.6153222,183.363873,-1.735133399,2.983743296,-1.752268811,-1.717997987,2.966616667,3.000869925,0.01840206672
G,229,0,4,0.7421875,129.6986899,183.4999818,-1.733326037,2.980792554,-1.750461449,-1.716190625,2.963665926,2.997919183,0.01847880842
G,230,0,4,0.74609375,129.7818061,183.6361299,-1.731524127,2.977840962,-1.748659538,-1.714388715,2.960714334,2.994967591,0.01855563724
G,231,0,4,0.75,129.8646719,183.7723125,-1.729727644,2.974888623,-1.746863056,-1.712592232,2.957761994,2.992015251,0.0186325526
G,232,0,4,0.75390625,129.9472884,183.9085248,-1.727936567,2.971935638,-1.745071979,-1.710801155,2.954809009,2.989062267,0.01870955392
G,233,0,4,0.7578125,130.0296566,184.0447622,-1.726150872,2.968982111,-1.743286284,-1.70901546,2.951855482,2.986108739,0.01878664065
G,234,0,4,0.76171875,130.1117776,184.1810198,-1.724370535,2.966028144,-1.741505947,-1.707235124,2.948901515,2.983154773,0.01886381222
G,235,0,4,0.765625,130.1936525,184.317293,-1.722595535,2.96307384,-1.739730947,-1.705460123,2.945947211,2.980200469,0.01894106807
G,236,0,4,0.76953125,130.2752824,184.453577,-1.720825848,2.960119302,-1.737961259,-1.703690436,2.942992673,2.97724593,0.01901840767
G,237,0,4,0.7734375,130.3566682,184.589867,-1.71906145,2.957164632,-1.736196862,-1.701926038,2.940038003,2.974291261,0.01909583046
G,238,0,4,0.77734375,130.4378111,184.7261584,-1.717302319,2.954209933,-1.73443773,-1.700166907,2.937083304,2.971336562,0.01917333593
G,239,0,4,0.78125,130.5187122,184.8624464,-1.715548431,2.951255308,-1.732683843,-1.698413019,2.934128679,2.968381937,0.01925092354
G,240,0,4,0.78515625,130.5993724,184.9987263,-1.713799764,2.948300859,-1.730935176,-1.696664352,2.931174231,2.965427488,0.01932859277
G,241,0,4,0.7890625,130.6797929,185.1349932,-1.712056294,2.94534669,-1.729191706,-1.694920882,2.928220061,2.962473318,0.01940634312
G,242,0,4,0.79296875,130.7599748,185.2712426,-1.710317999,2.942392902,-1.727453411,-1.693182587,2.925266273,2.95951953,0.01948417409
G,243,0,4,0.796875,130.839919,185.4074697,-1.708584855,2.939439598,-1.725720266,-1.691449443,2.92231297,2.956566227,0.01956208517
G,244,0,4,0.80078125,130.9196267,185.5436696,-1.706856839,2.936486882,-1.72399225,-1.689721427,2.919360253,2.953613511,0.01964007588
G,245,0,4,0.8046875,130.9990989,185.6798377,-1.705133928,2.933534855,-1.722269339,-1.687998516,2.916408227,2.950661484,0.01971814574
G,246,0,4,0.80859375,131.0783366,185.8159693,-1.703416099,2.930583621,-1.720551511,-1.686280687,2.913456993,2.94771025,0.01979629428
G,247,0,4,0.8125,131.1573411,185.9520596,-1.701703329,2.927633283,-1.718838741,-1.684567917,2.910506654,2.944759911,0.01987452104
G,248,0,4,0.81640625,131.2361132,186.0881038,-1.699995595,2.924683942,-1.717131006,-1.682860183,2.907557313,2.94181057,0.01995282555
G,249,0,4,0.8203125,131.3146541,186.2240973,-1.698292873,2.921735701,-1.715428285,-1.681157461,2.904609073,2.93886233,0.02003120736
G,250,0,4,0.82421875,131.3929649,186.3600353,-1.696595141,2.918788664,-1.713730553,-1.67945973,2.901662035,2.935915293,0.02010966605
G,251,0,4,0.828125,131.4710466,186.495913,-1.694902376,2.915842933,-1.712037788,-1.677766964,2.898716304,2.932969561,0.02018820117
G,252,0,4,0.83203125,131.5489002,186.6317258,-1.693214555,2.91289861,-1.710349966,-1.676079143,2.895771981,2.930025239,0.0202668123
G,253,0,4,0.8359375,131.6265269,186.7674689,-1.691531653,2.909955799,-1.708667065,-1.674396242,2.89282917,2.927082427,0.02034549903
G,254,0,4,0.83984375,131.7039277,186.9031375,-1.68985365,2.907014601,-1.706989061,-1.672718238,2.889887972,2.92414123,0.02042426094
G,255,0,4,0.84375,131.7811036,187.0387269,-1.68818052,2.90407512,-1.705315932,-1.671045108,2.886948492,2.921201749,0.02050309764
G,256,0,4,0.84765625,131.8580558,187.1742324,-1.686512242,2.901137459,-1.703647653,-1.66937683,2.88401083,2.918264087,0.02058200875
G,257,0,4,0.8515625,131.9347853,187.3096493,-1.684848791,2.898201719,-1.701984203,-1.667713379,2.88107509,2.915328348,0.02066099386
G,258,0,4,0.85546875,132.0112931,187.4449728,-1.683190146,2.895268004,-1.700325558,-1.666054734,2.878141376,2.912394633,0.02074005262
G,259,0,4,0.859375,132.0875803,187.5801981,-1.681536283,2.892336417,-1.698671694,-1.664400871,2.875209788,2.909463045,0.02081918466
G,260,0,4,0.86328125,132.1636481,187.7153206,-1.679887178,2.889407059,-1.69702259,-1.662751766,2.872280431,2.906533688,0.02089838962
G,261,0,4,0.8671875,132.2394974,187.8503354,-1.67824281,2.886480035,-1.695378221,-1.661107398,2.869353406,2.903606663,0.02097766716
G,262,0,4,0.87109375,132.3151293,187.985238,-1.676603154,2.883555445,-1.693738565,-1.659467742,2.866428817,2.900682074,0.02105701694
G,263,0,4,0.875,132.3905449,188.1200234,-1.674968187,2.880633394,-1.692103599,-1.657832775,2.863506765,2.897760023,0.02113643862
G,264,0,4,0.87890625,132.4657453,188.2546871,-1.673337887,2.877713983,-1.690473299,-1.656202475,2.860587355,2.894840612,0.0212159319
G,265,0,4,0.8828125,132.5407314,188.3892242,-1.671712231,2.874797316,-1.688847643,-1.654576819,2.857670688,2.891923945,0.02129549645
G,266,0,4,0.88671875,132.6155045,188.52363,-1.670091195,2.871883496,-1.687226607,-1.652955783,2.854756867,2.889010124,0.02137513199
G,267,0,4,0.890625,132.6900655,188.6578998,-1.668474756,2.868972624,-1.685610168,-1.651339344,2.851845995,2.886099252,0.02145483821
G,268,0,4,0.89453125,132.7644155,188.7920288,-1.666862892,2.866064803,-1.683998303,-1.64972748,2.848938174,2.883191432,0.02153461483
G,269,0,4,0.8984375,132.8385555,188.9260124,-1.665255578,2.863160137,-1.68239099,-1.648120166,2.846033508,2.880286765,0.02161446158
G,270,0,4,0.90234375,132.9124867,189.0598457,-1.663652793,2.860258727,-1.680788205,-1.646517381,2.843132098,2.877385356,0.0216943782
G,271,0,4,0.90625,132.9862101,189.193524,-1.662054513,2.857360677,-1.679189924,-1.644919101,2.840234048,2.874487306,0.02177436444
G,272,0,4,0.91015625,133.0597268,189.3270427,-1.660460714,2.854466089,-1.677596126,-1.643325302,2.837339461,2.871592718,0.02185442004
G,273,0,4,0.9140625,133.1330378,189.4603969,-1.658871374,2.851575067,-1.676006786,-1.641735963,2.834448438,2.868701695,0.02193454477
G,274,0,4,0.91796875,133.2061442,189.5935819,-1.657286471,2.848687711,-1.674421882,-1.640151059,2.831561083,2.86581434,0.02201473842
G,275,0,4,0.921875,133.279047,189.7265931,-1.655705979,2.845804126,-1.672841391,-1.638570567,2.828677498,2.862930755,0.02209500076
G,276,0,4,0.92578125,133.3517474,189.8594255,-1.654129877,2.842924414,-1.671265289,-1.636994466,2.825797786,2.860051043,0.02217533159
G,277,0,4,0.9296875,133.4242463,189.9920746,-1.652558142,2.840048678,-1.669693554,-1.63542273,2.822922049,2.857175307,0.02225573071
G,278,0,4,0.93359375,133.496545,190.1245356,-1.65099075,2.83717702,-1.668126162,-1.633855339,2.820050391,2.854303649,0.02233619794
G,279,0,4,0.9375,133.5686443,190.2568037,-1.649427679,2.834309543,-1.666563091,-1.632292267,2.817182914,2.851436172,0.02241673311
G,280,0,4,0.94140625,133.6405454,190.3888742,-1.647868905,2.83144635,-1.665004316,-1.630733493,2.814319721,2.848572978,0.02249733605
G,281,0,4,0.9453125,133.7122494,190.5207424,-1.646314404,2.828587543,-1.663449816,-1.629178993,2.811460914,2.845714171,0.0225780066
G,282,0,4,0.94921875,133.7837572,190.6524035,-1.644764155,2.825733225,-1.661899567,-1.627628743,2.808606596,2.842859853,0.02265874462
G,283,0,4,0.953125,133.8550701,190.7838529,-1.643218134,2.822883499,-1.660353546,-1.626082722,2.80575687,2.840010127,0.02273954999
G,284,0,4,0.95703125,133.926189,190.9150856,-1.641676318,2.820038467,-1.65881173,-1.624540906,2.802911838,2.837165096,0.02282042256
G,285,0,4,0.9609375,133.997115,191.0460971,-1.640138684,2.817198232,-1.657274096,-1.623003272,2.800071604,2.834324861,0.02290136224
G,286,0,4,0.96484375,134.0678491,191.1768826,-1.638605208,2.814362897,-1.65574062,-1.621469796,2.797236269,2.831489526,0.02298236892
G,287,0,4,0.96875,134.1383925,191.3074374,-1.637075868,2.811532565,-1.65421128,-1.619940456,2.794405936,2.828659194,0.02306344251
G,288,0,4,0.97265625,134.2087463,191.4377566,-1.635550641,2.808707338,-1.652686053,-1.618415229,2.791580709,2.825833966,0.02314458293
G,289,0,4,0.9765625,134.2789113,191.5678357,-1.634029503,2.805887318,-1.651164915,-1.616894091,2.78876069,2.823013947,0.0232257901
G,290,0,4,0.98046875,134.3488888,191.6976698,-1.632512432,2.803072609,-1.649647844,-1.61537702,2.785945981,2.820199238,0.02330706398
G,291,0,4,0.984375,134.4186798,191.8272541,-1.630999404,2.800263314,-1.648134815,-1.613863992,2.783136685,2.817389942,0.0233884045
G,292,0,4,0.98828125,134.4882854,191.9565841,-1.629490396,2.797459534,-1.646625808,-1.612354984,2.780332905,2.814586162,0.02346981164
G,293,0,4,0.9921875,134.5577065,192.0856549,-1.627985385,2.794661372,-1.645120797,-1.610849973,2.777534744,2.811788001,0.02355128536
G,294,0,4,0.99609375,134.6269444,192.2144618,-1.626484349,2.791868932,-1.643619761,-1.609348937,2.774742304,2.808995561,0.02363282566
G,295,0,4,1,134.696,192.343,-1.624987263,2.789082316,-1.642122675,-1.607851852,2.771955688,2.806208945,0.02371443253
G,296,0,5,0.09090909091,134.8007273,192.5485455,-1.622716837,2.784626239,-1.639852249,-1.605581425,2.767499611,2.801752868,0.02383873264
G,297,0,5,0.1818181818,134.9054545,192.7540909,-1.620446411,2.780170163,-1.637581823,-1.603310999,2.763043534,2.797296791,0.02396368429
G,298,0,5,0.2727272727,135.0101818,192.9596364,-1.618175984,2.775714086,-1.635311396,-1.601040573,2.758587457,2.792840714,0.02408929087
G,299,0,5,0.3636363636,135.1149091,193.1651818,-1.615905558,2.771258009,-1.63304097,-1.598770146,2.75413138,2.788384638,0.02421555582
G,300,0,5,0.4545454545,135.2196364,193.3707273,-1.613635132,2.766801932,-1.630770544,-1.59649972,2.749675304,2.783928561,0.0243424826
G,301,0,5,0.5454545455,135.3243636,193.5762727,-1.611364706,2.762345855,-1.628500117,-1.594229294,2.745219227,2.779472484,0.02447007466
G,302,0,5,0.6363636364,135.4290909,193.7818182,-1.609094279,2.757889779,-1.626229691,-1.591958867,2.74076315,2.775016407,0.02459833551
G,303,0,5,0.7272727273,135.5338182,193.9873636,-1.606823853,2.753433702,-1.623959265,-1.589688441,2.736307073,2.77056033,0.02472726864
G,304,0,5,0.8181818182,135.6385455,194.1929091,-1.604553427,2.748977625,-1.621688838,-1.587418015,2.731850996,2.766104254,0.02485687758
G,305,0,5,0.9090909091,135.7432727,194.3984545,-1.602283,2.744521548,-1.619418412,-1.585147589,2.72739492,2.761648177,0.02498716586
G,306,0,5,1,135.848,194.604,-1.600012574,2.740065471,-1.617147986,-1.582877162,2.722938843,2.7571921,0.02511813706
G,307,0,6,0.09090909091,135.9528182,194.818,-1.597740177,2.735426106,-1.614875589,-1.580604765,2.718299478,2.752552735,0.02524990934
G,308,0,6,0.1818181818,136.0576364,195.032,-1.59546778,2.730786741,-1.612603192,-1.578332368,2.713660112,2.74791337,0.0253823729
G,309,0,6,0.2727272727,136.1624545,195.246,-1.593195383,2.726147376,-1.610330794,-1.576059971,2.709020747,2.743274004,0.02551553139
G,310,0,6,0.3636363636,136.2672727,195.46,-1.590922985,2.72150801,-1.608058397,-1.573787574,2.704381382,2.738634639,0.02564938843
G,311,0,6,0.4545454545,136.3720909,195.674,-1.588650588,2.716868645,-1.605786,-1.571515176,2.699742017,2.733995274,0.02578394771
G,312,0,6,0.5454545455,136.4769091,195.888,-1.586378191,2.71222928,-1.603513603,-1.569242779,2.695102651,2.729355909,0.02591921289
G,313,0,6,0.6363636364,136.5817273,196.102,-1.584105794,2.707589915,-1.601241206,-1.566970382,2.690463286,2.724716543,0.02605518769
G,314,0,6,0.7272727273,136.6865455,196.316,-1.581833397,2.70295055,-1.598968809,-1.564697985,2.685823921,2.720077178,0.02619187583
G,315,0,6,0.8181818182,136.7913636,196.53,-1.579561,2.698311184,-1.596696411,-1.562425588,2.681184556,2.715437813,0.02632928105
G,316,0,6,0.9090909091,136.8961818,196.744,-1.577288603,2.693671819,-1.594424014,-1.560153191,2.67654519,2.710798448,0.02646740711
G,317,0,6,1,137.001,196.958,-1.575016205,2.689032454,-1.592151617,-1.557880794,2.671905825,2.706159083,0.02660625779
G,318,0,7,0.00390625,137.09786,197.1632366,-1.572916337,2.684583073,-1.590051749,-1.555780925,2.667456445,2.701709702,0.02673521389
G,319,0,7,0.0078125,137.1945893,197.3685086,-1.570819302,2.680132925,-1.587954714,-1.55368389,2.663006297,2.697259554,0.02686461976
G,320,0,7,0.01171875,137.2911893,197.5738155,-1.568725071,2.675682019,-1.585860483,-1.551589659,2.65855539,2.692808647,0.02699447769
G,321,0,7,0.015625,137.3876612,197.7791571,-1.566633616,2.671230362,-1.583769028,-1.549498204,2.654103733,2.688356991,0.02712478997
G,322,0,7,0.01953125,137.4840064,197.9845328,-1.564544907,2.666777964,-1.581680319,-1.547409495,2.649651336,2.683904593,0.02725555896
G,323,0,7,0.0234375,137.5802263,198.1899424,-1.562458916,2.662324834,-1.579594328,-1.545323504,2.645198206,2.679451463,0.02738678701
G,324,0,7,0.02734375,137.6763222,198.3953853,-1.560375613,2.657870981,-1.577511025,-1.543240201,2.640744352,2.674997609,0.02751847652
G,325,0,7,0.03125,137.7722954,198.6008612,-1.558294971,2.653416412,-1.575430382,-1.541159559,2.636289783,2.67054304,0.02765062991
G,326,0,7,0.03515625,137.8681472,198.8063697,-1.556216959,2.648961137,-1.573352371,-1.539081547,2.631834508,2.666087765,0.02778324964
G,327,0,7,0.0390625,137.963879,199.0119103,-1.554141549,2.644505164,-1.571276961,-1.537006137,2.627378535,2.661631793,0.02791633819
G,328,0,7,0.04296875,138.0594921,199.2174827,-1.552068713,2.640048502,-1.569204124,-1.534933301,2.622921874,2.657175131,0.02804989807
G,329,0,7,0.046875,138.1549879,199.4230865,-1.54999842,2.635591161,-1.567133832,-1.532863008,2.618464532,2.65271779,0.02818393184
G,330,0,7,0.05078125,138.2503676,199.6287213,-1.547930643,2.631133148,-1.565066055,-1.530795231,2.614006519,2.648259777,0.02831844205
G,331,0,7,0.0546875,138.3456326,199.8343866,-1.545865353,2.626674472,-1.563000764,-1.528729941,2.609547844,2.643801101,0.02845343133
G,332,0,7,0.05859375,138.4407843,200.0400821,-1.54380252,2.622215143,-1.560937931,-1.526667108,2.605088514,2.639341771,0.0285889023
G,333,0,7,0.0625,138.535824,200.2458074,-1.541742115,2.617755168,-1.558877527,-1.524606703,2.600628539,2.634881796,0.02872485763
G,334,0,7,0.06640625,138.6307529,200.451562,-1.539684111,2.613294557,-1.556819522,-1.522548699,2.596167928,2.630421185,0.02886130002
G,335,0,7,0.0703125,138.7255725,200.6573456,-1.537628477,2.608833317,-1.554763889,-1.520493065,2.591706689,2.625959946,0.0289982322
G,336,0,7,0.07421875,138.8202841,200.8631577,-1.535575185,2.604371459,-1.552710597,-1.518439773,2.587244831,2.621498088,0.02913565694
G,337,0,7,0.078125,138.914889,201.068998,-1.533524206,2.599908991,-1.550659618,-1.516388795,2.582782362,2.617035619,0.02927357704
G,338,0,7,0.08203125,139.0093885,201.274866,-1.531475512,2.595445921,-1.548610924,-1.5143401,2.578319292,2.612572549,0.02941199532
G,339,0,7,0.0859375,139.103784,201.4807614,-1.529429073,2.590982258,-1.546564484,-1.512293661,2.573855629,2.608108886,0.02955091464
G,340,0,7,0.08984375,139.1980768,201.6866837,-1.52738486,2.586518011,-1.544520272,-1.510249448,2.569391382,2.603644639,0.0296903379
G,341,0,7,0.09375,139.2922682,201.8926326,-1.525342844,2.582053188,-1.542478256,-1.508207433,2.564926559,2.599179817,0.02983026803
G,342,0,7,0.09765625,139.3863596,202.0986076,-1.523302998,2.577587799,-1.540438409,-1.506167586,2.56046117,2.594714427,0.029970708
G,343,0,7,0.1015625,139.4803523,202.3046084,-1.521265291,2.573121851,-1.538400702,-1.504129879,2.555995223,2.59024848,0.03011166079
G,344,0,7,0.10546875,139.5742477,202.5106345,-1.519229694,2.568655355,-1.536365106,-1.502094282,2.551528726,2.585781983,0.03025312946
G,345,0,7,0.109375,139.668047,202.7166855,-1.51719618,2.564188318,-1.534331592,-1.500060768,2.547061689,2.581314946,0.03039511705
G,346,0,7,0.11328125,139.7617516,202.922761,-1.515164718,2.559720749,-1.53230013,-1.498029307,2.54259412,2.576847377,0.03053762668
G,347,0,7,0.1171875,139.8553628,203.1288607,-1.513135281,2.555252657,-1.530270693,-1.495999869,2.538126028,2.572379285,0.03068066148
G,348,0,7,0.12109375,139.948882,203.3349841,-1.511107839,2.55078405,-1.528243251,-1.493972427,2.533657421,2.567910679,0.03082422462
G,349,0,7,0.125,140.0423105,203.5411309,-1.509082363,2.546314938,-1.526217775,-1.491946952,2.529188309,2.563441567,0.03096831933
G,350,0,7,0.12890625,140.1356497,203.7473005,-1.507058825,2.541845329,-1.524194237,-1.489923413,2.5247187,2.558971957,0.03111294884
G,351,0,7,0.1328125,140.2289008,203.9534927,-1.505037195,2.537375232,-1.522172607,-1.487901784,2.520248603,2.55450186,0.03125811644
G,352,0,7,0.13671875,140.3220652,204.159707,-1.503017445,2.532904655,-1.520152857,-1.485882033,2.515778026,2.550031283,0.03140382545
G,353,0,7,0.140625,140.4151443,204.365943,-1.500999546,2.528433607,-1.518134958,-1.483864134,2.511306978,2.545560236,0.03155007923
G,354,0,7,0.14453125,140.5081393,204.5722003,-1.498983468,2.523962097,-1.51611888,-1.481848056,2.506835469,2.541088726,0.03169688118
G,355,0,7,0.1484375,140.6010516,204.7784786,-1.496969184,2.519490135,-1.514104595,-1.479833772,2.502363506,2.536616763,0.03184423473
G,356,0,7,0.15234375,140.6938825,204.9847773,-1.494956663,2.515017727,-1.512092075,-1.477821251,2.497891098,2.532144356,0.03199214335
G,357,0,7,0.15625,140.7866334,205.1910962,-1.492945877,2.510544883,-1.510081289,-1.475810466,2.493418255,2.527671512,0.03214061055
G,358,0,7,0.16015625,140.8793056,205.3974347,-1.490936798,2.506071613,-1.50807221,-1.473801386,2.488944984,2.523198241,0.0322896399
G,359,0,7,0.1640625,140.9719004,205.6037926,-1.488929396,2.501597924,-1.506064808,-1.471793985,2.484471295,2.518724552,0.03243923497
G,360,0,7,0.16796875,141.0644192,205.8101693,-1.486923643,2.497123825,-1.504059055,-1.469788231,2.479997196,2.514250454,0.03258939941
G,361,0,7,0.171875,141.1568633,206.0165646,-1.484919509,2.492649325,-1.502054921,-1.467784097,2.475522696,2.509775954,0.03274013687
G,362,0,7,0.17578125,141.249234,206.2229779,-1.482916966,2.488174433,-1.500052378,-1.465781554,2.471047804,2.505301062,0.03289145108
G,363,0,7,0.1796875,141.3415326,206.429409,-1.480915985,2.483699157,-1.498051397,-1.463780573,2.466572529,2.500825786,0.03304334579
G,364,0,7,0.18359375,141.4337606,206.6358573,-1.478916536,2.479223507,-1.496051948,-1.461781125,2.462096878,2.496350136,0.03319582479
G,365,0,7,0.1875,141.5259192,206.8423225,-1.476918592,2.47474749,-1.494054004,-1.45978318,2.457620862,2.491874119,0.03334889191
G,366,0,7,0.19140625,141.6180097,207.0488042,-1.474922122,2.470271116,-1.492057534,-1.457786711,2.453144488,2.487397745,0.03350255105
G,367,0,7,0.1953125,141.7100336,207.255302,-1.472927099,2.465794394,-1.490062511,-1.455791687,2.448667765,2.482921022,0.0336568061
G,368,0,7,0.19921875,141.801992,207.4618155,-1.470933493,2.461317331,-1.488068905,-1.453798081,2.444190703,2.47844396,0.03381166105
G,369,0,7,0.203125,141.8938865,207.6683442,-1.468941276,2.456839937,-1.486076688,-1.451805864,2.439713309,2.473966566,0.0339671199
G,370,0,7,0.20703125,141.9857182,207.8748878,-1.466950418,2.452362221,-1.48408583,-1.449815006,2.435235593,2.46948885,0.0341231867
G,371,0,7,0.2109375,142.0774885,208.0814459,-1.46496089,2.447884191,-1.482096302,-1.447825478,2.430757562,2.46501082,0.03427986553
G,372,0,7,0.21484375,142.1691988,208.2880181,-1.462972665,2.443405856,-1.480108076,-1.445837253,2.426279227,2.460532485,0.03443716056
G,373,0,7,0.21875,142.2608504,208.4946039,-1.460985712,2.438927225,-1.478121124,-1.4438503,2.421800596,2.456053853,0.03459507594
G,374,0,7,0.22265625,142.3524446,208.701203,-1.459000003,2.434448306,-1.476135415,-1.441864591,2.417321677,2.451574934,0.03475361593
G,375,0,7,0.2265625,142.4439827,208.907815,-1.457015509,2.429969108,-1.474150921,-1.439880097,2.412842479,2.447095736,0.03491278478
G,376,0,7,0.23046875,142.5354662,209.1144394,-1.455032201,2.425489639,-1.472167613,-1.437896789,2.408363011,2.442616268,0.03507258683
G,377,0,7,0.234375,142.6268962,209.3210759,-1.45305005,2.42100991,-1.470185462,-1.435914638,2.403883281,2.438136539,0.03523302644
G,378,0,7,0.23828125,142.7182743,209.527724,-1.451069028,2.416529928,-1.46820444,-1.433933616,2.399403299,2.433656556,0.03539410802
G,379,0,7,0.2421875,142.8096016,209.7343834,-1.449089105,2.412049701,-1.466224517,-1.431953693,2.394923073,2.42917633,0.03555583604
G,380,0,7,0.24609375,142.9008795,209.9410537,-1.447110253,2.40756924,-1.464245665,-1.429974841,2.390442611,2.424695868,0.035718215
G,381,0,7,0.25,142.9921094,210.1477344,-1.445132442,2.403088552,-1.462267854,-1.42799703,2.385961923,2.42021518,0.03588124946
G,382,0,7,0.25390625,143.0832925,210.3544251,-1.443155644,2.398607646,-1.460291056,-1.426020233,2.381481017,2.415734274,0.03604494404
G,383,0,7,0.2578125,143.1744303,210.5611255,-1.44117983,2.394126531,-1.458315242,-1.424044419,2.376999902,2.411253159,0.03620930338
G,384,0,7,0.26171875,143.2655241,210.7678352,-1.439204971,2.389645215,-1.456340383,-1.422069559,2.372518587,2.406771844,0.0363743322
G,385,0,7,0.265625,143.3565751,210.9745536,-1.437231038,2.385163708,-1.45436645,-1.420095626,2.36803708,2.402290337,0.03654003523
G,386,0,7,0.26953125,143.4475847,211.1812805,-1.435258002,2.380682018,-1.452393414,-1.418122591,2.36355539,2.397808647,0.0367064173
G,387,0,7,0.2734375,143.5385543,211.3880155,-1.433285835,2.376200154,-1.450421247,-1.416150423,2.359073525,2.393326783,0.03687348326
G,388,0,7,0.27734375,143.6294852,211.5947581,-1.431314507,2.371718124,-1.448449918,-1.414179095,2.354591496,2.388844753,0.03704123801
G,389,0,7,0.28125,143.7203786,211.8015079,-1.429343989,2.367235938,-1.446479401,-1.412208577,2.350109309,2.384362566,0.03720968652
G,390,0,7,0.28515625,143.8112361,212.0082646,-1.427374253,2.362753603,-1.444509664,-1.410238841,2.345626974,2.379880232,0.03737883379
G,391,0,7,0.2890625,143.9020588,212.2150276,-1.425405269,2.358271129,-1.442540681,-1.408269857,2.3411445,2.375397758,0.03754868489
G,392,0,7,0.29296875,143.9928481,212.4217967,-1.423437009,2.353788525,-1.440572421,-1.406301598,2.336661896,2.370915153,0.03771924494
G,393,0,7,0.296875,144.0836054,212.6285714,-1.421469445,2.349305798,-1.438604856,-1.404334033,2.33217917,2.366432427,0.03789051911
G,394,0,7,0.30078125,144.1743319,212.8353514,-1.419502546,2.344822959,-1.436637958,-1.402367134,2.32769633,2.361949587,0.03806251263
G,395,0,7,0.3046875,144.2650291,213.0421361,-1.417536284,2.340340015,-1.434671696,-1.400400872,2.323213386,2.357466643,0.03823523078
G,396,0,7,0.30859375,144.3556982,213.2489253,-1.415570631,2.335856975,-1.432706043,-1.398435219,2.318730346,2.352983604,0.03840867888
G,397,0,7,0.3125,144.4463406,213.4557185,-1.413605557,2.331373848,-1.430740968,-1.396470145,2.31424722,2.348500477,0.03858286235
G,398,0,7,0.31640625,144.5369576,213.6625153,-1.411641033,2.326890643,-1.428776445,-1.394505621,2.309764014,2.344017272,0.03875778661
G,399,0,7,0.3203125,144.6275505,213.8693153,-1.40967703,2.322407369,-1.426812442,-1.392541619,2.30528074,2.339533997,0.03893345718
G,400,0,7,0.32421875,144.7181207,214.0761181,-1.407713521,2.317924033,-1.424848933,-1.390578109,2.300797405,2.335050662,0.03910987962
G,401,0,7,0.328125,144.8086696,214.2829233,-1.405750475,2.313440646,-1.422885887,-1.388615063,2.296314017,2.330567274,0.03928705954
G,402,0,7,0.33203125,144.8991983,214.4897306,-1.403787864,2.308957215,-1.420923276,-1.386652452,2.291830586,2.326083843,0.03946500263
G,403,0,7,0.3359375,144.9897084,214.6965394,-1.401825659,2.304473749,-1.418961071,-1.384690247,2.287347121,2.321600378,0.03964371463
G,404,0,7,0.33984375,145.080201,214.9033494,-1.399863831,2.299990258,-1.416999242,-1.382728419,2.282863629,2.317116886,0.03982320133
G,405,0,7,0.34375,145.1706776,215.1101602,-1.397902351,2.295506749,-1.415037762,-1.380766939,2.27838012,2.312633378,0.04000346858
G,406,0,7,0.34765625,145.2611395,215.3169714,-1.39594119,2.291023232,-1.413076602,-1.378805778,2.273896603,2.30814986,0.04018452231
G,407,0,7,0.3515625,145.351588,215.5237826,-1.39398032,2.286539715,-1.411115731,-1.376844908,2.269413086,2.303666344,0.0403663685
G,408,0,7,0.35546875,145.4420244,215.7305933,-1.392019711,2.282056207,-1.409155122,-1.374884299,2.264929578,2.299182835,0.04054901317
G,409,0,7,0.359375,145.5324501,215.9374033,-1.390059334,2.277572716,-1.407194746,-1.372923922,2.260446088,2.294699345,0.04073246245
G,410,0,7,0.36328125,145.6228664,216.1442121,-1.388099162,2.273089252,-1.405234573,-1.37096375,2.255962624,2.290215881,0.04091672248
G,411,0,7,0.3671875,145.7132746,216.3510192,-1.386139164,2.268605824,-1.403274575,-1.369003752,2.251479195,2.285732452,0.04110179951
G,412,0,7,0.37109375,145.8036762,216.5578243,-1.384179311,2.264122439,-1.401314723,-1.3670439,2.24699581,2.281249067,0.04128769982
G,413,0,7,0.375,145.8940723,216.764627,-1.382219576,2.259639106,-1.399354988,-1.365084165,2.242512477,2.276765735,0.04147442977
G,414,0,7,0.37890625,145.9844643,216.9714268,-1.380259929,2.255155835,-1.397395341,-1.363124518,2.238029206,2.272282464,0.04166199578
G,415,0,7,0.3828125,146.0748536,217.1782234,-1.378300342,2.250672634,-1.395435753,-1.36116493,2.233546005,2.267799262,0.04185040436
G,416,0,7,0.38671875,146.1652416,217.3850164,-1.376340784,2.246189511,-1.393476196,-1.359205372,2.229062883,2.26331614,0.04203966204
G,417,0,7,0.390625,146.2556294,217.5918054,-1.374381228,2.241706476,-1.39151664,-1.357245816,2.224579848,2.258833105,0.04222977546
G,418,0,7,0.39453125,146.3460186,217.7985899,-1.372421644,2.237223537,-1.389557056,-1.355286232,2.220096909,2.254350166,0.0424207513
G,419,0,7,0.3984375,146.4364103,218.0053696,-1.370462004,2.232740703,-1.387597416,-1.353326592,2.215614075,2.249867332,0.04261259633
G,420,0,7,0.40234375,146.5268059,218.212144,-1.368502279,2.228257983,-1.38563769,-1.351366867,2.211131354,2.245384612,0.04280531737
G,421,0,7,0.40625,146.6172069,218.4189128,-1.366542439,2.223775385,-1.383677851,-1.349407027,2.206648756,2.240902014,0.04299892133
G,422,0,7,0.41015625,146.7076144,218.6256756,-1.364582456,2.219292918,-1.381717868,-1.347447045,2.20216629,2.236419547,0.04319341516
G,423,0,7,0.4140625,146.7980299,218.8324319,-1.362622302,2.214810591,-1.379757713,-1.34548689,2.197683962,2.23193722,0.04338880592
G,424,0,7,0.41796875,146.8884546,219.0391813,-1.360661946,2.210328412,-1.377797358,-1.343526534,2.193201784,2.227455041,0.04358510072
G,425,0,7,0.421875,146.9788899,219.2459235,-1.358701361,2.205846391,-1.375836773,-1.341565949,2.188719762,2.22297302,0.04378230673
G,426,0,7,0.42578125,147.0693372,219.4526581,-1.356740517,2.201364535,-1.373875929,-1.339605105,2.184237907,2.218491164,0.04398043122
G,427,0,7,0.4296875,147.1597977,219.6593846,-1.354779385,2.196882855,-1.371914797,-1.337643973,2.179756226,2.214009483,0.04417948152
G,428,0,7,0.43359375,147.2502729,219.8661026,-1.352817937,2.192401357,-1.369953349,-1.335682525,2.175274729,2.209527986,0.04437946504
G,429,0,7,0.4375,147.3407639,220.0728118,-1.350856144,2.187920052,-1.367991556,-1.333720732,2.170793423,2.205046681,0.04458038926
G,430,0,7,0.44140625,147.4312722,220.2795117,-1.348893976,2.183438947,-1.366029388,-1.331758564,2.166312319,2.200565576,0.04478226174
G,431,0,7,0.4453125,147.5217992,220.4862019,-1.346931405,2.178958052,-1.364066817,-1.329795993,2.161831424,2.196084681,0.04498509012
G,432,0,7,0.44921875,147.612346,220.6928821,-1.344968402,2.174477376,-1.362103814,-1.32783299,2.157350747,2.191604004,0.0451888821
G,433,0,7,0.453125,147.7029141,220.8995518,-1.343004938,2.169996926,-1.36014035,-1.325869527,2.152870298,2.187123555,0.04539364548
G,434,0,7,0.45703125,147.7935048,221.1062106,-1.341040985,2.165516712,-1.358176397,-1.323905573,2.148390084,2.182643341,0.04559938813
G,435,0,7,0.4609375,147.8841194,221.3128582,-1.339076512,2.161036743,-1.356211924,-1.321941101,2.143910114,2.178163372,0.04580611801
G,436,0,7,0.46484375,147.9747593,221.519494,-1.337111492,2.156557027,-1.354246904,-1.31997608,2.139430398,2.173683655,0.04601384314
G,437,0,7,0.46875,148.0654258,221.7261178,-1.335145896,2.152077572,-1.352281308,-1.318010484,2.134950944,2.169204201,0.04622257165
G,438,0,7,0.47265625,148.1561202,221.9327291,-1.333179694,2.147598388,-1.350315106,-1.316044282,2.13047176,2.164725017,0.04643231171
G,439,0,7,0.4765625,148.2468439,222.1393276,-1.331212857,2.143119484,-1.348348269,-1.314077446,2.125992855,2.160246113,0.04664307162
G,440,0,7,0.48046875,148.3375982,222.3459127,-1.329245358,2.138640868,-1.34638077,-1.312109946,2.121514239,2.155767496,0.04685485975
G,441,0,7,0.484375,148.4283843,222.5524841,-1.327277166,2.134162548,-1.344412578,-1.310141754,2.117035919,2.151289177,0.04706768453
G,442,0,7,0.48828125,148.5192038,222.7590415,-1.325308253,2.129684534,-1.342443665,-1.308172842,2.112557905,2.146811163,0.0472815545
G,443,0,7,0.4921875,148.6100578,222.9655844,-1.323338591,2.125206834,-1.340474003,-1.306203179,2.108080205,2.142333463,0.04749647828
G,444,0,7,0.49609375,148.7009478,223.1721123,-1.321368149,2.120729457,-1.338503561,-1.304232738,2.103602828,2.137856086,0.04771246459
G,445,0,7,0.5,148.791875,223.378625,-1.3193969,2.116252412,-1.336532312,-1.302261488,2.099125783,2.13337904,0.04792952221
G,446,0,7,0.50390625,148.8828408,223.585122,-1.317424815,2.111775707,-1.334560226,-1.300289403,2.094649078,2.128902336,0.04814766004
G,447,0,7,0.5078125,148.9738465,223.7916028,-1.315451863,2.107299351,-1.332587275,-1.298316452,2.090172723,2.12442598,0.04836688706
G,448,0,7,0.51171875,149.0648935,223.9980672,-1.313478018,2.102823353,-1.33061343,-1.296342606,2.085696725,2.119949982,0.04858721232
G,449,0,7,0.515625,149.1559831,224.2045146,-1.311503249,2.098347722,-1.328638661,-1.294367837,2.081221093,2.115474351,0.04880864499
G,450,0,7,0.51953125,149.2471166,224.4109448,-1.309527528,2.093872466,-1.32666294,-1.292392116,2.076745837,2.110999095,0.04903119433
G,451,0,7,0.5234375,149.3382953,224.6173572,-1.307550826,2.089397594,-1.324686237,-1.290415414,2.072270965,2.106524222,0.04925486968
G,452,0,7,0.52734375,149.4295207,224.8237515,-1.305573114,2.084923114,-1.322708525,-1.288437702,2.067796486,2.102049743,0.04947968048
G,453,0,7,0.53125,149.5207939,225.0301273,-1.303594363,2.080449037,-1.320729774,-1.286458951,2.063322408,2.097575665,0.04970563626
G,454,0,7,0.53515625,149.6121164,225.2364842,-1.301614544,2.075975369,-1.318749956,-1.284479132,2.05884874,2.093101998,0.04993274667
G,455,0,7,0.5390625,149.7034895,225.4428217,-1.299633628,2.07150212,-1.31676904,-1.282498217,2.054375491,2.088628749,0.05016102144
G,456,0,7,0.54296875,149.7949145,225.6491395,-1.297651587,2.067029299,-1.314786999,-1.280516176,2.04990267,2.084155928,0.0503904704
G,457,0,7,0.546875,149.8863928,225.8554372,-1.295668392,2.062556914,-1.312803804,-1.27853298,2.045430285,2.079683543,0.05062110347
G,458,0,7,0.55078125,149.9779256,226.0617144,-1.293684013,2.058084974,-1.310819425,-1.276548601,2.040958346,2.075211603,0.0508529307
G,459,0,7,0.5546875,150.0695144,226.2679706,-1.291698422,2.053613488,-1.308833834,-1.27456301,2.036486859,2.070740117,0.05108596221
G,460,0,7,0.55859375,150.1611604,226.4742055,-1.28971159,2.049142465,-1.306847002,-1.272576178,2.032015836,2.066269093,0.05132020824
G,461,0,7,0.5625,150.252865,226.6804187,-1.287723488,2.044671912,-1.3048589,-1.270588076,2.027545284,2.061798541,0.05155567913
G,462,0,7,0.56640625,150.3446295,226.8866097,-1.285734087,2.04020184,-1.302869499,-1.268598675,2.023075211,2.057328469,0.05179238534
G,463,0,7,0.5703125,150.4364553,227.0927782,-1.283743358,2.035732256,-1.30087877,-1.266607946,2.018605628,2.052858885,0.0520303374
G,464,0,7,0.57421875,150.5283436,227.2989238,-1.281751272,2.03126317,-1.298886684,-1.26461586,2.014136541,2.048389799,0.05226954599
G,465,0,7,0.578125,150.6202958,227.505046,-1.279757801,2.02679459,-1.296893213,-1.262622389,2.009667961,2.043921218,0.05251002187
G,466,0,7,0.58203125,150.7123133,227.7111444,-1.277762915,2.022326524,-1.294898327,-1.260627503,2.005199896,2.039453153,0.05275177592
G,467,0,7,0.5859375,150.8043974,227.9172187,-1.275766586,2.017858983,-1.292901998,-1.258631174,2.000732354,2.034985611,0.05299481913
G,468,0,7,0.58984375,150.8965494,228.1232685,-1.273768784,2.013391973,-1.290904196,-1.256633372,1.996265345,2.030518602,0.0532391626
G,469,0,7,0.59375,150.9887707,228.3292932,-1.271769481,2.008925505,-1.288904893,-1.25463407,1.991798876,2.026052133,0.05348481754
G,470,0,7,0.59765625,151.0810625,228.5352927,-1.269768649,2.004459586,-1.28690406,-1.252633237,1.987332957,2.021586215,0.05373179528
G,471,0,7,0.6015625,151.1734262,228.7412664,-1.267766257,1.999994226,-1.284901669,-1.250630845,1.982867597,2.017120854,0.05398010727
G,472,0,7,0.60546875,151.2658632,228.9472139,-1.265762277,1.995529433,-1.282897689,-1.248626865,1.978402804,2.012656061,0.05422976507
G,473,0,7,0.609375,151.3583747,229.1531348,-1.26375668,1.991065215,-1.280892092,-1.246621269,1.973938587,2.008191844,0.05448078036
G,474,0,7,0.61328125,151.4509622,229.3590288,-1.261749438,1.986601583,-1.27888485,-1.244614026,1.969474954,2.003728211,0.05473316493
G,475,0,7,0.6171875,151.5436269,229.5648954,-1.259740521,1.982138543,-1.276875933,-1.24260511,1.965011915,1.999265172,0.0549869307
G,476,0,7,0.62109375,151.6363702,229.7707343,-1.257729901,1.977676106,-1.274865313,-1.240594489,1.960549477,1.994802735,0.05524208972
G,477,0,7,0.625,151.7291934,229.9765449,-1.255717548,1.97321428,-1.27285296,-1.238582137,1.956087651,1.990340908,0.05549865415
G,478,0,7,0.62890625,151.8220978,230.182327,-1.253703434,1.968753073,-1.270838846,-1.236568023,1.951626444,1.985879701,0.05575663628
G,479,0,7,0.6328125,151.9150848,230.3880801,-1.25168753,1.964292494,-1.268822942,-1.234552119,1.947165865,1.981419123,0.05601604852
G,480,0,7,0.63671875,152.0081557,230.5938039,-1.249669807,1.959832552,-1.266805219,-1.232534395,1.942705924,1.976959181,0.05627690342
G,481,0,7,0.640625,152.1013119,230.7994978,-1.247650236,1.955373256,-1.264785648,-1.230514824,1.938246627,1.972499885,0.05653921364
G,482,0,7,0.64453125,152.1945546,231.0051616,-1.245628788,1.950914614,-1.2627642,-1.228493376,1.933787986,1.968041243,0.05680299198
G,483,0,7,0.6484375,152.2878852,231.2107948,-1.243605434,1.946456636,-1.260740846,-1.226470023,1.929330007,1.963583265,0.05706825138
G,484,0,7,0.65234375,152.3813051,231.4163969,-1.241580146,1.941999329,-1.258715558,-1.224444734,1.9248727,1.959125958,0.05733500491
G,485,0,7,0.65625,152.4748155,231.6219677,-1.239552894,1.937542703,-1.256688306,-1.222417482,1.920416074,1.954669332,0.05760326575
G,486,0,7,0.66015625,152.5684179,231.8275067,-1.23752365,1.933086766,-1.254659062,-1.220388238,1.915960137,1.950213395,0.05787304725
G,487,0,7,0.6640625,152.6621135,232.0330135,-1.235492384,1.928631527,-1.252627796,-1.218356972,1.911504898,1.945758156,0.05814436287
G,488,0,7,0.66796875,152.7559036,232.2384878,-1.233459068,1.924176995,-1.25059448,-1.216323656,1.907050366,1.941303624,0.05841722623
G,489,0,7,0.671875,152.8497897,232.443929,-1.231423673,1.919723178,-1.248559085,-1.214288261,1.90259655,1.936849807,0.05869165108
G,490,0,7,0.67578125,152.943773,232.6493368,-1.22938617,1.915270086,-1.246521582,-1.212250758,1.898143457,1.932396714,0.0589676513
G,491,0,7,0.6796875,153.0378548,232.8547108,-1.22734653,1.910817726,-1.244481942,-1.210211118,1.893691097,1.927944355,0.05924524095
G,492,0,7,0.68359375,153.1320366,233.0600505,-1.225304724,1.906366108,-1.242440136,-1.208169312,1.889239479,1.923492737,0.05952443418
G,493,0,7,0.6875,153.2263196,233.2653557,-1.223260724,1.90191524,-1.240396135,-1.206125312,1.884788612,1.919041869,0.05980524535
G,494,0,7,0.69140625,153.3207051,233.4706259,-1.221214499,1.897465132,-1.238349911,-1.204079088,1.880338503,1.91459176,0.06008768891
G,495,0,7,0.6953125,153.4151946,233.6758606,-1.219166023,1.893015791,-1.236301435,-1.202030611,1.875889162,1.910142419,0.0603717795
G,496,0,7,0.69921875,153.5097893,233.8810595,-1.217115265,1.888567226,-1.234250677,-1.199979853,1.871440598,1.905693855,0.06065753189
G,497,0,7,0.703125,153.6044906,234.0862223,-1.215062196,1.884119447,-1.232197608,-1.197926785,1.866992819,1.901246076,0.06094496101
G,498,0,7,0.70703125,153.6992997,234.2913483,-1.213006789,1.879672462,-1.230142201,-1.195871377,1.862545833,1.896799091,0.06123408194
G,499,0,7,0.7109375,153.7942181,234.4964374,-1.210949013,1.87522628,-1.228084425,-1.193813602,1.858099651,1.892352908,0.06152490994
G,500,0,7,0.71484375,153.8892471,234.701489,-1.208888841,1.870780908,-1.226024253,-1.191753429,1.85365428,1.887907537,0.06181746039
G,501,0,7,0.71875,153.984388,234.9065028,-1.206826242,1.866336357,-1.223961654,-1.18969083,1.849209729,1.883462986,0.06211174886
G,502,0,7,0.72265625,154.0796421,235.1114784,-1.204761189,1.861892635,-1.221896601,-1.187625777,1.844766007,1.879019264,0.06240779107
G,503,0,7,0.7265625,154.1750107,235.3164153,-1.202693652,1.857449751,-1.219829064,-1.18555824,1.840323122,1.874576379,0.06270560291
G,504,0,7,0.73046875,154.2704953,235.5213132,-1.200623603,1.853007712,-1.217759014,-1.183488191,1.835881084,1.870134341,0.06300520042
G,505,0,7,0.734375,154.366097,235.7261717,-1.198551012,1.848566529,-1.215686423,-1.1814156,1.8314399,1.865693158,0.06330659982
G,506,0,7,0.73828125,154.4618174,235.9309903,-1.19647585,1.84412621,-1.213611262,-1.179340439,1.826999581,1.861252838,0.06360981751
G,507,0,7,0.7421875,154.5576576,236.1357687,-1.19439809,1.839686762,-1.211533502,-1.177262678,1.822560134,1.856813391,0.06391487004
G,508,0,7,0.74609375,154.6536191,236.3405064,-1.192317701,1.835248196,-1.209453113,-1.175182289,1.818121568,1.852374825,0.06422177415
G,509,0,7,0.75,154.7497031,236.5452031,-1.190234655,1.83081052,-1.207370067,-1.173099243,1.813683892,1.847937149,0.06453054674
G,510,0,7,0.75390625,154.845911,236.7498584,-1.188148924,1.826373743,-1.205284335,-1.171013512,1.809247114,1.843500372,0.06484120489
G,511,0,7,0.7578125,154.9422442,236.9544717,-1.186060477,1.821937873,-1.203195889,-1.168925065,1.804811244,1.839064502,0.06515376588
G,512,0,7,0.76171875,155.0387039,237.1590429,-1.183969287,1.817502919,-1.201104699,-1.166833875,1.80037629,1.834629547,0.06546824715
G,513,0,7,0.765625,155.1352915,237.3635713,-1.181875324,1.81306889,-1.199010736,-1.164739912,1.795942261,1.830195518,0.06578466632
G,514,0,7,0.76953125,155.2320083,237.5680567,-1.179778559,1.808635794,-1.196913971,-1.162643148,1.791509165,1.825762422,0.06610304122
G,515,0,7,0.7734375,155.3288557,237.7724987,-1.177678965,1.80420364,-1.194814376,-1.160543553,1.787077012,1.821330269,0.06642338983
G,516,0,7,0.77734375,155.425835,237.9768968,-1.17557651,1.799772438,-1.192711922,-1.158441099,1.782645809,1.816899066,0.06674573036
G,517,0,7,0.78125,155.5229475,238.1812506,-1.173471168,1.795342195,-1.19060658,-1.156335756,1.778215566,1.812468823,0.06707008119
G,518,0,7,0.78515625,155.6201945,238.3855597,-1.171362908,1.79091292,-1.18849832,-1.154227497,1.773786292,1.808039549,0.0673964609
G,519,0,7,0.7890625,155.7175775,238.5898238,-1.169251703,1.786484623,-1.186387115,-1.152116291,1.769357994,1.803611252,0.06772488826
G,520,0,7,0.79296875,155.8150976,238.7940424,-1.167137522,1.782057311,-1.184272934,-1.150002111,1.764930683,1.79918394,0.06805538224
G,521,0,7,0.796875,155.9127564,238.9982151,-1.165020338,1.777630994,-1.18215575,-1.147884926,1.760504366,1.794757623,0.06838796202
G,522,0,7,0.80078125,156.010555,239.2023416,-1.162900121,1.773205681,-1.180035533,-1.145764709,1.756079052,1.790332309,0.06872264697
G,523,0,7,0.8046875,156.1084948,239.4064213,-1.160776843,1.768781379,-1.177912255,-1.143641431,1.75165475,1.785908008,0.06905945668
G,524,0,7,0.80859375,156.2065772,239.610454,-1.158650474,1.764358098,-1.175785886,-1.141515062,1.747231469,1.781484727,0.06939841095
G,525,0,7,0.8125,156.3048035,239.8144392,-1.156520985,1.759935846,-1.173656397,-1.139385573,1.742809218,1.777062475,0.06973952976
G,526,0,7,0.81640625,156.403175,240.0183765,-1.154388349,1.755514633,-1.17152376,-1.137252937,1.738388004,1.772641262,0.07008283334
G,527,0,7,0.8203125,156.501693,240.2222655,-1.152252535,1.751094467,-1.169387947,-1.135117123,1.733967838,1.768221095,0.07042834212
G,528,0,7,0.82421875,156.6003589,240.4261059,-1.150113515,1.746675356,-1.167248927,-1.132978103,1.729548727,1.763801985,0.07077607674
G,529,0,7,0.828125,156.6991741,240.6298971,-1.14797126,1.742257309,-1.165106672,-1.130835848,1.725130681,1.759383938,0.07112605808
G,530,0,7,0.83203125,156.7981398,240.8336388,-1.145825741,1.737840336,-1.162961153,-1.128690329,1.720713707,1.754966965,0.07147830722
G,531,0,7,0.8359375,156.8972574,241.0373307,-1.14367693,1.733424444,-1.160812341,-1.126541518,1.716297816,1.750551073,0.07183284549
G,532,0,7,0.83984375,156.9965282,241.2409722,-1.141524796,1.729009643,-1.158660208,-1.124389385,1.711883014,1.746136272,0.07218969443
G,533,0,7,0.84375,157.0959535,241.444563,-1.139369313,1.724595941,-1.156504725,-1.122233901,1.707469313,1.74172257,0.07254887583
G,534,0,7,0.84765625,157.1955348,241.6481027,-1.13721045,1.720183347,-1.154345861,-1.120075038,1.703056719,1.737309976,0.07291041168
G,535,0,7,0.8515625,157.2952732,241.851591,-1.135048178,1.71577187,-1.15218359,-1.117912766,1.698645241,1.732898499,0.07327432425
G,536,0,7,0.85546875,157.3951702,242.0550273,-1.132882469,1.711361518,-1.150017881,-1.115747057,1.694234889,1.728488147,0.07364063601
G,537,0,7,0.859375,157.4952271,242.2584112,-1.130713294,1.7069523,-1.147848706,-1.113577883,1.689825672,1.724078929,0.07400936971
G,538,0,7,0.86328125,157.5954452,242.4617425,-1.128540624,1.702544225,-1.145676036,-1.111405213,1.685417597,1.719670854,0.07438054832
G,539,0,7,0.8671875,157.6958258,242.6650207,-1.126364431,1.698137302,-1.143499842,-1.109229019,1.681010673,1.715263931,0.07475419506
G,540,0,7,0.87109375,157.7963703,242.8682453,-1.124184684,1.693731539,-1.141320096,-1.107049272,1.67660491,1.710858168,0.07513033341
G,541,0,7,0.875,157.8970801,243.071416,-1.122001355,1.689326945,-1.139136767,-1.104865944,1.672200316,1.706453573,0.0755089871
G,542,0,7,0.87890625,157.9979564,243.2745324,-1.119814416,1.684923528,-1.136949828,-1.102679005,1.6677969,1.702050157,0.07589018012
G,543,0,7,0.8828125,158.0990005,243.4775941,-1.117623838,1.680521299,-1.13475925,-1.100488426,1.66339467,1.697647927,0.07627393672
G,544,0,7,0.88671875,158.2002139,243.6806006,-1.115429591,1.676120264,-1.132565003,-1.098294179,1.658993635,1.693246893,0.0766602814
G,545,0,7,0.890625,158.3015978,243.8835516,-1.113231647,1.671720433,-1.130367058,-1.096096235,1.654593804,1.688847062,0.07704923895
G,546,0,7,0.89453125,158.4031536,244.0864466,-1.111029976,1.667321815,-1.128165388,-1.093894564,1.650195186,1.684448443,0.07744083442
G,547,0,7,0.8984375,158.5048826,244.2892854,-1.108824551,1.662924418,-1.125959962,-1.091689139,1.645797789,1.680051047,0.07783509313
G,548,0,7,0.90234375,158.6067861,244.4920674,-1.106615341,1.658528251,-1.123750753,-1.089479929,1.641401622,1.67565488,0.07823204068
G,549,0,7,0.90625,158.7088656,244.6947922,-1.104402319,1.654133323,-1.12153773,-1.087266907,1.637006694,1.671259952,0.07863170295
G,550,0,7,0.91015625,158.8111222,244.8974595,-1.102185454,1.649739643,-1.119320866,-1.085050043,1.632613014,1.666866271,0.07903410609
G,551,0,7,0.9140625,158.9135574,245.1000689,-1.099964719,1.645347218,-1.117100131,-1.082829308,1.62822059,1.662473847,0.07943927657
G,552,0,7,0.91796875,159.0161724,245.3026199,-1.097740085,1.640956059,-1.114875497,-1.080604673,1.62382943,1.658082688,0.07984724112
G,553,0,7,0.921875,159.1189687,245.5051121,-1.095511522,1.636566173,-1.112646934,-1.07837611,1.619439545,1.653692802,0.08025802678
G,554,0,7,0.92578125,159.2219475,245.7075452,-1.093279002,1.63217757,-1.110414413,-1.07614359,1.615050941,1.649304199,0.08067166087
G,555,0,7,0.9296875,159.3251101,245.9099188,-1.091042495,1.627790258,-1.108177907,-1.073907083,1.610663629,1.644916887,0.08108817104
G,556,0,7,0.93359375,159.428458,246.1122324,-1.088801973,1.623404246,-1.105937385,-1.071666562,1.606277617,1.640530874,0.08150758521
G,557,0,7,0.9375,159.5319924,246.3144856,-1.086557407,1.619019542,-1.103692819,-1.069421996,1.601892913,1.63614617,0.08192993164
G,558,0,7,0.94140625,159.6357147,246.5166781,-1.084308769,1.614636155,-1.101444181,-1.067173357,1.597509527,1.631762784,0.08235523889
G,559,0,7,0.9453125,159.7396262,246.7188094,-1.082056028,1.610254095,-1.09919144,-1.064920616,1.593127466,1.627380724,0.08278353582
G,560,0,7,0.94921875,159.8437282,246.9208791,-1.079799157,1.605873369,-1.096934569,-1.062663745,1.58874674,1.622999998,0.08321485165
G,561,0,7,0.953125,159.9480221,247.1228869,-1.077538126,1.601493987,-1.094673538,-1.060402714,1.584367358,1.618620616,0.08364921588
G,562,0,7,0.95703125,160.0525092,247.3248323,-1.075272906,1.597115957,-1.092408318,-1.058137494,1.579989328,1.614242585,0.08408665837
G,563,0,7,0.9609375,160.1571909,247.5267149,-1.073003469,1.592739288,-1.090138881,-1.055868057,1.575612659,1.609865916,0.0845272093
G,564,0,7,0.96484375,160.2620684,247.7285343,-1.070729786,1.588363988,-1.087865198,-1.053594374,1.571237359,1.605490617,0.08497089919
G,565,0,7,0.96875,160.3671431,247.9302902,-1.068451827,1.583990067,-1.085587239,-1.051316416,1.566863438,1.601116695,0.0854177589
G,566,0,7,0.97265625,160.4724163,248.1319821,-1.066169565,1.579617533,-1.083304976,-1.049034153,1.562490904,1.596744161,0.08586781963
G,567,0,7,0.9765625,160.5778895,248.3336096,-1.063882969,1.575246394,-1.081018381,-1.046747557,1.558119766,1.592373023,0.08632111293
G,568,0,7,0.98046875,160.6835638,248.5351723,-1.061592011,1.57087666,-1.078727423,-1.0444566,1.553750032,1.588003289,0.08677767072
G,569,0,7,0.984375,160.7894406,248.7366698,-1.059296663,1.56650834,-1.076432075,-1.042161251,1.549381711,1.583634968,0.08723752525
G,570,0,7,0.98828125,160.8955213,248.9381018,-1.056996895,1.562141441,-1.074132307,-1.039861483,1.545014812,1.57926807,0.08770070916
G,571,0,7,0.9921875,161.0018072,249.1394677,-1.054692678,1.557775973,-1.07182809,-1.037557266,1.540649344,1.574902602,0.08816725545
G,572,0,7,0.99609375,161.1082997,249.3407672,-1.052383984,1.553411944,-1.069519396,-1.035248572,1.536285316,1.570538573,0.08863719747
G,573,0,7,1,161.215,249.542,-1.050070783,1.549049364,-1.067206195,-1.032935371,1.531922735,1.566175992,0.08911056898
G,574,0,8,0.09090909091,161.3203636,249.7436364,-1.047786561,1.544678033,-1.064921973,-1.030651149,1.527551405,1.561804662,0.0895804911
G,575,0,8,0.1818181818,161.4257273,249.9452727,-1.045502339,1.540306703,-1.062637751,-1.028366927,1.523180074,1.557433331,0.09005289133
G,576,0,8,0.2727272727,161.5310909,250.1469091,-1.043218116,1.535935372,-1.060353528,-1.026082705,1.518808743,1.553062001,0.09052778276
G,577,0,8,0.3636363636,161.6364545,250.3485455,-1.040933894,1.531564042,-1.058069306,-1.023798482,1.514437413,1.54869067,0.09100517851
G,578,0,8,0.4545454545,161.7418182,250.5501818,-1.038649672,1.527192711,-1.055785084,-1.02151426,1.510066082,1.54431934,0.09148509179
G,579,0,8,0.5454545455,161.8471818,250.7518182,-1.03636545,1.52282138,-1.053500861,-1.019230038,1.505694752,1.539948009,0.09196753588
G,580,0,8,0.6363636364,161.9525455,250.9534545,-1.034081227,1.51845005,-1.051216639,-1.016945815,1.501323421,1.535576679,0.09245252413
G,581,0,8,0.7272727273,162.0579091,251.1550909,-1.031797005,1.514078719,-1.048932417,-1.014661593,1.496952091,1.531205348,0.09294006995
G,582,0,8,0.8181818182,162.1632727,251.3567273,-1.029512783,1.509707389,-1.046648194,-1.012377371,1.49258076,1.526834018,0.09343018684
G,583,0,8,0.9090909091,162.2686364,251.5583636,-1.02722856,1.505336058,-1.044363972,-1.010093149,1.48820943,1.522462687,0.09392288833
G,584,0,8,1,162.374,251.76,-1.024944338,1.500964728,-1.04207975,-1.007808926,1.483838099,1.518091356,0.09441818808
G,585,0,9,0.1,162.4892,251.9796,-1.022446869,1.496203959,-1.039582281,-1.005311457,1.47907733,1.513330587,0.09496271678
G,586,0,9,0.2,162.6044,252.1992,-1.0199494,1.491443189,-1.037084812,-1.002813988,1.474316561,1.508569818,0.09551038589
G,587,0,9,0.3,162.7196,252.4188,-1.017451931,1.48668242,-1.034587343,-1.000316519,1.469555792,1.503809049,0.09606121352
G,588,0,9,0.4,162.8348,252.6384,-1.014954462,1.481921651,-1.032089874,-0.9978190506,1.464795022,1.49904828,0.09661521788
G,589,0,9,0.5,162.95,252.858,-1.012456993,1.477160882,-1.029592405,-0.9953215816,1.460034253,1.494287511,0.0971724173
G,590,0,9,0.6,163.0652,253.0776,-1.009959525,1.472400113,-1.027094936,-0.9928241127,1.455273484,1.489526741,0.0977328302
G,591,0,9,0.7,163.1804,253.2972,-1.007462056,1.467639344,-1.024597467,-0.9903266438,1.450512715,1.484765972,0.09829647511
G,592,0,9,0.8,163.2956,253.5168,-1.004964587,1.462878574,-1.022099998,-0.9878291749,1.445751946,1.480005203,0.09886337067
G,593,0,9,0.9,163.4108,253.7364,-1.002467118,1.458117805,-1.01960253,-0.9853317059,1.440991177,1.475244434,0.09943353564
G,594,0,9,1,163.526,253.956,-0.9999696488,1.453357036,-1.017105061,-0.982834237,1.436230407,1.470483665,0.1000069889
G,595,0,10,0.1,163.6412,254.1742,-0.9974721799,1.448626618,-1.014607592,-0.9803367681,1.431499989,1.465753246,0.1005837493
G,596,0,10,0.2,163.7564,254.3924,-0.994974711,1.4438962,-1.012110123,-0.9778392991,1.426769571,1.461022828,0.101163836
G,597,0,10,0.3,163.8716,254.6106,-0.992477242,1.439165781,-1.009612654,-0.9753418302,1.422039153,1.45629241,0.1017472683
G,598,0,10,0.4,163.9868,254.8288,-0.9899797731,1.434435363,-1.007115185,-0.9728443613,1.417308735,1.451561992,0.1023340652
G,599,0,10,0.5,164.102,255.047,-0.9874823042,1.429704945,-1.004617716,-0.9703468924,1.412578316,1.446831574,0.1029242464
G,600,0,10,0.6,164.2172,255.2652,-0.9849848352,1.424974527,-1.002120247,-0.9678494234,1.407847898,1.442101156,0.1035178313
G,601,0,10,0.7,164.3324,255.4834,-0.9824873663,1.420244109,-0.9996227781,-0.9653519545,1.40311748,1.437370737,0.1041148394
G,602,0,10,0.8,164.4476,255.7016,-0.9799898974,1.41551369,-0.9971253092,-0.9628544856,1.398387062,1.432640319,0.1047152907
G,603,0,10,0.9,164.5628,255.9198,-0.9774924285,1.410783272,-0.9946278403,-0.9603570167,1.393656644,1.427909901,0.1053192048
G,604,0,10,1,164.678,256.138,-0.9749949595,1.406052854,-0.9921303713,-0.9578595477,1.388926225,1.423179483,0.1059266019
G,605,0,11,0.001953125,164.7487624,256.2741962,-0.9734608724,1.403100219,-0.9905962842,-0.9563254606,1.385973591,1.420226848,0.1063014351
G,606,0,11,0.00390625,164.8196395,256.410487,-0.9719242968,1.400145532,-0.9890597086,-0.954788885,1.383018904,1.417272161,0.1066782059
G,607,0,11,0.005859375,164.8906318,256.5468713,-0.9703852269,1.397188819,-0.9875206387,-0.9532498151,1.380062191,1.414315448,0.107056927
G,608,0,11,0.0078125,164.9617393,256.6833479,-0.9688436568,1.394230106,-0.9859790686,-0.951708245,1.377103477,1.411356734,0.1074376111
G,609,0,11,0.009765625,165.0329624,256.8199155,-0.9672995805,1.391269419,-0.9844349923,-0.9501641687,1.37414279,1.408396047,0.1078202711
G,610,0,11,0.01171875,165.1043015,256.956573,-0.9657529922,1.388306783,-0.982888404,-0.9486175804,1.371180155,1.405433412,0.1082049199
G,611,0,11,0.013671875,165.1757566,257.0933191,-0.9642038859,1.385342227,-0.9813392977,-0.9470684741,1.368215598,1.402468855,0.1085915705
G,612,0,11,0.015625,165.2473282,257.2301527,-0.9626522558,1.382375774,-0.9797876676,-0.945516844,1.365249146,1.399502403,0.108980236
G,613,0,11,0.017578125,165.3190165,257.3670724,-0.9610980958,1.379407453,-0.9782335077,-0.943962684,1.362280824,1.396534082,0.1093709298
G,614,0,11,0.01953125,165.3908217,257.5040772,-0.9595414002,1.376437288,-0.976676812,-0.9424059884,1.35931066,1.393563917,0.109763665
G,615,0,11,0.021484375,165.4627442,257.6411658,-0.957982163,1.373465307,-0.9751175748,-0.9408467512,1.356338678,1.390591935,0.1101584552
G,616,0,11,0.0234375,165.5347841,257.778337,-0.9564203783,1.370491534,-0.9735557901,-0.9392849665,1.353364905,1.387618163,0.1105553138
G,617,0,11,0.025390625,165.6069419,257.9155896,-0.9548560401,1.367515997,-0.971991452,-0.9377206283,1.350389368,1.384642625,0.1109542545
G,618,0,11,0.02734375,165.6792177,258.0529224,-0.9532891427,1.364538721,-0.9704245545,-0.9361537309,1.347412092,1.38166535,0.111355291
G,619,0,11,0.029296875,165.7516118,258.1903342,-0.95171968,1.361559733,-0.9688550918,-0.9345842681,1.344433104,1.378686362,0.1117584372
G,620,0,11,0.03125,165.8241246,258.3278238,-0.9501476461,1.358579059,-0.9672830579,-0.9330122343,1.34145243,1.375705687,0.1121637069
G,621,0,11,0.033203125,165.8967562,258.4653899,-0.9485730352,1.355596724,-0.965708447,-0.9314376234,1.338470096,1.372723353,0.1125711142
G,622,0,11,0.03515625,165.9695069,258.6030314,-0.9469958413,1.352612756,-0.9641312531,-0.9298604295,1.335486127,1.369739385,0.1129806733
G,623,0,11,0.037109375,166.0423771,258.7407471,-0.9454160585,1.34962718,-0.9625514703,-0.9282806467,1.332500551,1.366753809,0.1133923984
G,624,0,11,0.0390625,166.1153669,258.8785357,-0.943833681,1.346640023,-0.9609690928,-0.9266982692,1.329513394,1.363766651,0.1138063039
G,625,0,11,0.041015625,166.1884768,259.016396,-0.9422487027,1.34365131,-0.9593841145,-0.9251132909,1.326524681,1.360777938,0.1142224042
G,626,0,11,0.04296875,166.2617068,259.1543269,-0.9406611179,1.340661067,-0.9577965297,-0.923525706,1.323534439,1.357787696,0.114640714
G,627,0,11,0.044921875,166.3350574,259.2923272,-0.9390709205,1.337669322,-0.9562063323,-0.9219355087,1.320542693,1.354795951,0.1150612478
G,628,0,11,0.046875,166.4085287,259.4303955,-0.9374781047,1.3346761,-0.9546135165,-0.9203426929,1.317549471,1.351802728,0.1154840205
G,629,0,11,0.048828125,166.4821211,259.5685308,-0.9358826645,1.331681427,-0.9530180763,-0.9187472527,1.314554798,1.348808055,0.1159090471
G,630,0,11,0.05078125,166.5558348,259.7067318,-0.9342845941,1.328685329,-0.9514200059,-0.9171491823,1.3115587,1.345811958,0.1163363425
G,631,0,11,0.052734375,166.6296701,259.8449973,-0.9326838876,1.325687833,-0.9498192994,-0.9155484758,1.308561204,1.342814461,0.1167659219
G,632,0,11,0.0546875,166.7036273,259.9833261,-0.931080539,1.322688964,-0.9482159508,-0.9139451272,1.305562336,1.339815593,0.1171978005
G,633,0,11,0.056640625,166.7777066,260.121717,-0.9294745424,1.31968875,-0.9466099542,-0.9123391306,1.302562121,1.336815378,0.1176319937
G,634,0,11,0.05859375,166.8519084,260.2601688,-0.9278658919,1.316687215,-0.9450013037,-0.9107304801,1.299560586,1.333813844,0.1180685169
G,635,0,11,0.060546875,166.9262328,260.3986803,-0.9262545816,1.313684387,-0.9433899934,-0.9091191698,1.296557758,1.330811015,0.1185073859
G,636,0,11,0.0625,167.0006802,260.5372502,-0.9246406056,1.31068029,-0.9417760175,-0.9075051938,1.293553662,1.327806919,0.1189486163
G,637,0,11,0.064453125,167.0752508,260.6758775,-0.923023958,1.307674953,-0.9401593699,-0.9058885462,1.290548324,1.324801581,0.1193922239
G,638,0,11,0.06640625,167.1499449,260.8145607,-0.9214046329,1.3046684,-0.9385400447,-0.9042692211,1.287541771,1.321795028,0.1198382248
G,639,0,11,0.068359375,167.2247628,260.9532989,-0.9197826244,1.301660657,-0.9369180362,-0.9026472125,1.284534029,1.318787286,0.120286635
G,640,0,11,0.0703125,167.2997048,261.0920906,-0.9181579265,1.298651752,-0.9352933383,-0.9010225146,1.281525124,1.315778381,0.1207374707
G,641,0,11,0.072265625,167.3747711,261.2309348,-0.9165305333,1.29564171,-0.9336659451,-0.8993951215,1.278515081,1.312768339,0.1211907482
G,642,0,11,0.07421875,167.4499619,261.3698303,-0.914900439,1.292630557,-0.9320358508,-0.8977650272,1.275503928,1.309757186,0.1216464841
G,643,0,11,0.076171875,167.5252777,261.5087758,-0.9132676376,1.28961832,-0.9304030494,-0.8961322258,1.272491691,1.306744948,0.1221046948
G,644,0,11,0.078125,167.6007185,261.6477701,-0.9116321232,1.286605024,-0.928767535,-0.8944967114,1.269478395,1.303731652,0.1225653972
G,645,0,11,0.080078125,167.6762848,261.786812,-0.9099938899,1.283590696,-0.9271293017,-0.8928584781,1.266464067,1.300717324,0.123028608
G,646,0,11,0.08203125,167.7519768,261.9259003,-0.9083529318,1.280575361,-0.9254883436,-0.89121752,1.263448733,1.29770199,0.1234943442
G,647,0,11,0.083984375,167.8277948,262.0650338,-0.906709243,1.277559047,-0.9238446548,-0.8895738312,1.260432419,1.294685676,0.123962623
G,648,0,11,0.0859375,167.9037389,262.2042114,-0.9050628176,1.274541779,-0.9221982294,-0.8879274058,1.257415151,1.291668408,0.1244334615
G,649,0,11,0.087890625,167.9798096,262.3434317,-0.9034136496,1.271523584,-0.9205490614,-0.8862782378,1.254396955,1.288650212,0.1249068771
G,650,0,11,0.08984375,168.0560071,262.4826935,-0.9017617332,1.268504487,-0.918897145,-0.8846263214,1.251377858,1.285631115,0.1253828874
G,651,0,11,0.091796875,168.1323316,262.6219958,-0.9001070624,1.265484514,-0.9172424743,-0.8829716506,1.248357886,1.282611143,0.1258615099
G,652,0,11,0.09375,168.2087834,262.7613372,-0.8984496314,1.262463693,-0.9155850432,-0.8813142196,1.245337064,1.279590321,0.1263427625
G,653,0,11,0.095703125,168.2853628,262.9007166,-0.8967894342,1.259442048,-0.913924846,-0.8796540224,1.242315419,1.276568677,0.126826663
G,654,0,11,0.09765625,168.3620701,263.0401328,-0.8951264649,1.256419607,-0.9122618768,-0.8779910531,1.239292978,1.273546235,0.1273132296
G,655,0,11,0.099609375,168.4389055,263.1795845,-0.8934607177,1.253396395,-0.9105961295,-0.8763253059,1.236269766,1.270523023,0.1278024803
G,656,0,11,0.1015625,168.5158694,263.3190705,-0.8917921865,1.250372438,-0.9089275983,-0.8746567747,1.23324581,1.267499067,0.1282944335
G,657,0,11,0.103515625,168.5929619,263.4585897,-0.8901208655,1.247347763,-0.9072562773,-0.8729854537,1.230221135,1.264474392,0.1287891078
G,658,0,11,0.10546875,168.6701834,263.5981408,-0.8884467488,1.244322396,-0.9055821606,-0.871311337,1.227195768,1.261449025,0.1292865216
G,659,0,11,0.107421875,168.7475341,263.7377227,-0.8867698304,1.241296363,-0.9039052422,-0.8696344186,1.224169734,1.258422992,0.1297866939
G,660,0,11,0.109375,168.8250143,263.877334,-0.8850901045,1.23826969,-0.9022255164,-0.8679546927,1.221143061,1.255396319,0.1302896434
G,661,0,11,0.111328125,168.9026243,264.0169737,-0.8834075652,1.235242403,-0.900542977,-0.8662721534,1.218115775,1.252369032,0.1307953893
G,662,0,11,0.11328125,168.9803643,264.1566404,-0.8817222065,1.232214529,-0.8988576183,-0.8645867947,1.2150879,1.249341158,0.1313039507
G,663,0,11,0.115234375,169.0582347,264.2963331,-0.8800340225,1.229186093,-0.8971694343,-0.8628986107,1.212059464,1.246312722,0.1318153471
G,664,0,11,0.1171875,169.1362356,264.4360504,-0.8783430074,1.226157122,-0.8954784192,-0.8612075956,1.209030493,1.243283751,0.1323295978
G,665,0,11,0.119140625,169.2143674,264.5757913,-0.8766491551,1.223127642,-0.8937845669,-0.8595137433,1.206001013,1.240254271,0.1328467227
G,666,0,11,0.12109375,169.2926304,264.7155544,-0.8749524599,1.220097679,-0.8920878717,-0.857817048,1.20297105,1.237224308,0.1333667414
G,667,0,11,0.123046875,169.3710247,264.8553385,-0.8732529157,1.217067259,-0.8903883275,-0.8561175039,1.19994063,1.234193888,0.1338896741
G,668,0,11,0.125,169.4495508,264.9951426,-0.8715505167,1.214036409,-0.8886859285,-0.8544151049,1.19690978,1.231163037,0.1344155407
G,669,0,11,0.126953125,169.5282088,265.1349653,-0.869845257,1.211005154,-0.8869806688,-0.8527098452,1.193878525,1.228131782,0.1349443616
G,670,0,11,0.12890625,169.606999,265.2748054,-0.8681371306,1.207973521,-0.8852725424,-0.8510017188,1.190846892,1.225100149,0.1354761572
G,671,0,11,0.130859375,169.6859218,265.4146618,-0.8664261317,1.204941535,-0.8835615435,-0.8492907199,1.187814906,1.222068164,0.1360109482
G,672,0,11,0.1328125,169.7649773,265.5545332,-0.8647122543,1.201909224,-0.8818476662,-0.8475768425,1.184782595,1.219035852,0.1365487553
G,673,0,11,0.134765625,169.8441658,265.6944185,-0.8629954926,1.198876613,-0.8801309044,-0.8458600808,1.181749984,1.216003241,0.1370895994
G,674,0,11,0.13671875,169.9234877,265.8343164,-0.8612758406,1.195843728,-0.8784112524,-0.8441404288,1.178717099,1.212970356,0.1376335017
G,675,0,11,0.138671875,170.0029431,265.9742257,-0.8595532924,1.192810595,-0.8766887042,-0.8424178806,1.175683967,1.209937224,0.1381804834
G,676,0,11,0.140625,170.0825325,266.1141452,-0.857827842,1.189777242,-0.8749632539,-0.8406924302,1.172650613,1.20690387,0.1387305659
G,677,0,11,0.142578125,170.1622559,266.2540737,-0.8560994837,1.186743693,-0.8732348955,-0.8389640719,1.169617064,1.203870321,0.1392837709
G,678,0,11,0.14453125,170.2421138,266.39401,-0.8543682115,1.183709975,-0.8715036233,-0.8372327997,1.166583346,1.200836603,0.1398401202
G,679,0,11,0.146484375,170.3221064,266.5339529,-0.8526340194,1.180676114,-0.8697694312,-0.8354986076,1.163549485,1.197802742,0.1403996356
G,680,0,11,0.1484375,170.4022339,266.6739012,-0.8508969016,1.177642136,-0.8680323134,-0.8337614898,1.160515508,1.194768765,0.1409623393
G,681,0,11,0.150390625,170.4824966,266.8138536,-0.8491568521,1.174608068,-0.8662922639,-0.8320214403,1.157481439,1.191734697,0.1415282537
G,682,0,11,0.15234375,170.5628949,266.9538091,-0.8474138651,1.171573936,-0.8645492769,-0.8302784533,1.154447307,1.188700564,0.1420974011
G,683,0,11,0.154296875,170.6434289,267.0937663,-0.8456679346,1.168539765,-0.8628033464,-0.8285325228,1.151413136,1.185666393,0.1426698043
G,684,0,11,0.15625,170.7240989,267.233724,-0.8439190547,1.165505582,-0.8610544665,-0.8267836429,1.148378953,1.18263221,0.143245486
G,685,0,11,0.158203125,170.8049053,267.3736811,-0.8421672196,1.162471413,-0.8593026314,-0.8250318078,1.145344784,1.179598042,0.1438244694
G,686,0,11,0.16015625,170.8858483,267.5136364,-0.8404124232,1.159437284,-0.857547835,-0.8232770114,1.142310656,1.176563913,0.1444067776
G,687,0,11,0.162109375,170.9669281,267.6535886,-0.8386546597,1.156403222,-0.8557900716,-0.8215192479,1.139276593,1.173529851,0.1449924339
G,688,0,11,0.1640625,171.0481451,267.7935365,-0.8368939233,1.153369252,-0.8540293351,-0.8197585114,1.136242624,1.170495881,0.1455814621
G,689,0,11,0.166015625,171.1294994,267.9334789,-0.8351302078,1.150335401,-0.8522656197,-0.817994796,1.133208773,1.16746203,0.1461738858
G,690,0,11,0.16796875,171.2109915,268.0734147,-0.8333635076,1.147301695,-0.8504989194,-0.8162280958,1.130175067,1.164428324,0.146769729
G,691,0,11,0.169921875,171.2926215,268.2133426,-0.8315938166,1.14426816,-0.8487292284,-0.8144584048,1.127141531,1.161394789,0.1473690159
G,692,0,11,0.171875,171.3743897,268.3532614,-0.8298211289,1.141234822,-0.8469565407,-0.8126857171,1.124108193,1.158361451,0.1479717708
G,693,0,11,0.173828125,171.4562965,268.4931698,-0.8280454387,1.138201707,-0.8451808505,-0.8109100269,1.121075079,1.155328336,0.1485780182
G,694,0,11,0.17578125,171.538342,268.6330668,-0.82626674,1.135168842,-0.8434021518,-0.8091313282,1.118042214,1.152295471,0.1491877829
G,695,0,11,0.177734375,171.6205265,268.7729511,-0.8244850269,1.132136253,-0.8416204387,-0.8073496151,1.115009624,1.149262881,0.1498010899
G,696,0,11,0.1796875,171.7028504,268.9128214,-0.8227002935,1.129103965,-0.8398357053,-0.8055648817,1.111977336,1.146230594,0.1504179642
G,697,0,11,0.181640625,171.7853138,269.0526766,-0.8209125339,1.126072005,-0.8380479457,-0.8037771221,1.108945377,1.143198634,0.1510384312
G,698,0,11,0.18359375,171.8679171,269.1925155,-0.8191217422,1.1230404,-0.836257154,-0.8019863304,1.105913771,1.140167028,0.1516625165
G,699,0,11,0.185546875,171.9506606,269.3323368,-0.8173279125,1.120009174,-0.8344633243,-0.8001925006,1.102882546,1.137135803,0.1522902458
G,700,0,11,0.1875,172.0335444,269.4721394,-0.8155310388,1.116978355,-0.8326664506,-0.798395627,1.099851727,1.134104984,0.152921645
G,701,0,11,0.189453125,172.116569,269.611922,-0.8137311153,1.113947969,-0.8308665271,-0.7965957034,1.09682134,1.131074598,0.1535567404
G,702,0,11,0.19140625,172.1997345,269.7516835,-0.811928136,1.110918041,-0.8290635478,-0.7947927242,1.093791413,1.12804467,0.1541955584
G,703,0,11,0.193359375,172.2830412,269.8914226,-0.810122095,1.107888599,-0.8272575068,-0.7929866832,1.09076197,1.125015227,0.1548381255
G,704,0,11,0.1953125,172.3664894,270.0311381,-0.8083129865,1.104859667,-0.8254483983,-0.7911775747,1.087733038,1.121986296,0.1554844685
G,705,0,11,0.197265625,172.4500793,270.1708289,-0.8065008045,1.101831273,-0.8236362163,-0.7893653927,1.084704644,1.118957901,0.1561346146
G,706,0,11,0.19921875,172.5338114,270.3104936,-0.8046855431,1.098803442,-0.8218209549,-0.7875501313,1.081676813,1.11593007,0.1567885909
G,707,0,11,0.201171875,172.6176857,270.4501312,-0.8028671964,1.0957762,-0.8200026082,-0.7857317846,1.078649572,1.112902829,0.1574464249
G,708,0,11,0.203125,172.7017026,270.5897404,-0.8010457585,1.092749575,-0.8181811703,-0.7839103466,1.075622946,1.109876203,0.1581081443
G,709,0,11,0.205078125,172.7858624,270.7293199,-0.7992212234,1.089723591,-0.8163566352,-0.7820858116,1.072596962,1.106850219,0.1587737772
G,710,0,11,0.20703125,172.8701653,270.8688687,-0.7973935853,1.086698275,-0.8145289971,-0.7802581735,1.069571646,1.103824903,0.1594433515
G,711,0,11,0.208984375,172.9546116,271.0083854,-0.7955628383,1.083673653,-0.8126982501,-0.7784274265,1.066547024,1.100800282,0.1601168958
G,712,0,11,0.2109375,173.0392016,271.1478689,-0.7937289764,1.080649752,-0.8108643882,-0.7765935646,1.063523123,1.09777638,0.1607944386
G,713,0,11,0.212890625,173.1239356,271.287318,-0.7918919937,1.077626597,-0.8090274055,-0.7747565819,1.060499968,1.094753225,0.1614760087
G,714,0,11,0.21484375,173.2088137,271.4267314,-0.7900518844,1.074604215,-0.8071872962,-0.7729164726,1.057477586,1.091730843,0.1621616354
G,715,0,11,0.216796875,173.2938364,271.566108,-0.7882086425,1.071582631,-0.8053440543,-0.7710732307,1.054456002,1.08870926,0.1628513479
G,716,0,11,0.21875,173.3790038,271.7054465,-0.7863622621,1.068561873,-0.8034976739,-0.7692268503,1.051435244,1.085688501,0.1635451758
G,717,0,11,0.220703125,173.4643163,271.8447458,-0.7845127373,1.065541965,-0.8016481491,-0.7673773255,1.048415337,1.082668594,0.1642431489
G,718,0,11,0.22265625,173.5497741,271.9840046,-0.7826600622,1.062522935,-0.799795474,-0.7655246503,1.045396307,1.079649564,0.1649452972
G,719,0,11,0.224609375,173.6353775,272.1232217,-0.7808042308,1.059504809,-0.7979396426,-0.763668819,1.04237818,1.076631437,0.1656516512
G,720,0,11,0.2265625,173.7211267,272.2623959,-0.7789452373,1.056487611,-0.7960806491,-0.7618098255,1.039360983,1.07361424,0.1663622413
G,721,0,11,0.228515625,173.8070221,272.4015261,-0.7770830758,1.05347137,-0.7942184876,-0.759947664,1.036344742,1.070597999,0.1670770983
G,722,0,11,0.23046875,173.8930639,272.540611,-0.7752177403,1.050456111,-0.7923531521,-0.7580823285,1.033329482,1.067582739,0.1677962534
G,723,0,11,0.232421875,173.9792523,272.6796493,-0.773349225,1.04744186,-0.7904846368,-0.7562138132,1.030315231,1.064568488,0.1685197379
G,724,0,11,0.234375,174.0655877,272.81864,-0.7714775239,1.044428642,-0.7886129357,-0.7543421121,1.027302014,1.061555271,0.1692475833
G,725,0,11,0.236328125,174.1520703,272.9575818,-0.7696026311,1.041416486,-0.7867380429,-0.7524672193,1.024289857,1.058543114,0.1699798215
G,726,0,11,0.23828125,174.2387004,273.0964734,-0.7677245407,1.038405416,-0.7848599525,-0.7505891289,1.021278787,1.055532044,0.1707164847
G,727,0,11,0.240234375,174.3254783,273.2353137,-0.7658432468,1.035395458,-0.7829786586,-0.748707835,1.018268829,1.052522087,0.1714576051
G,728,0,11,0.2421875,174.4124042,273.3741015,-0.7639587435,1.03238664,-0.7810941553,-0.7468233317,1.015260011,1.049513268,0.1722032154
G,729,0,11,0.244140625,174.4994785,273.5128355,-0.7620710249,1.029378986,-0.7792064367,-0.744935613,1.012252357,1.046505615,0.1729533487
G,730,0,11,0.24609375,174.5867013,273.6515146,-0.760180085,1.026372524,-0.7773154968,-0.7430446732,1.009245895,1.043499152,0.173708038
G,731,0,11,0.248046875,174.6740729,273.7901375,-0.758285918,1.023367279,-0.7754213298,-0.7411505062,1.00624065,1.040493907,0.1744673168
G,732,0,11,0.25,174.7615937,273.9287031,-0.7563885179,1.020363277,-0.7735239297,-0.7392531061,1.003236648,1.037489906,0.175231219
G,733,0,11,0.251953125,174.849264,274.0672101,-0.7544878789,1.017360545,-0.7716232907,-0.7373524671,1.000233916,1.034487174,0.1759997784
G,734,0,11,0.25390625,174.9370838,274.2056574,-0.752583995,1.014359109,-0.7697194068,-0.7354485832,0.9972324802,1.031485738,0.1767730296
G,735,0,11,0.255859375,175.0250537,274.3440436,-0.7506768604,1.011358995,-0.7678122722,-0.7335414485,0.9942323661,1.028485623,0.1775510069
G,736,0,11,0.2578125,175.1131737,274.4823677,-0.748766469,1.008360229,-0.7659018808,-0.7316310572,0.9912336001,1.025486857,0.1783337455
G,737,0,11,0.259765625,175.2014443,274.6206284,-0.746852815,1.005362837,-0.7639882268,-0.7297174032,0.9882362083,1.022489466,0.1791212804
G,738,0,11,0.26171875,175.2898656,274.7588245,-0.7449358926,1.002366846,-0.7620713044,-0.7278004808,0.985240217,1.019493474,0.1799136471
G,739,0,11,0.263671875,175.3784379,274.8969548,-0.7430156957,0.999372281,-0.7601511075,-0.7258802839,0.9822456523,1.01649891,0.1807108815
G,740,0,11,0.265625,175.4671616,275.0350181,-0.7410922184,0.996379169,-0.7582276303,-0.7239568066,0.9792525404,1.013505798,0.1815130196
G,741,0,11,0.267578125,175.5560368,275.1730131,-0.739165455,0.993387536,-0.7563008668,-0.7220300432,0.9762609073,1.010514165,0.1823200978
G,742,0,11,0.26953125,175.6450639,275.3109388,-0.7372353994,0.990397408,-0.7543708112,-0.7200999876,0.9732707794,1.007524037,0.1831321527
G,743,0,11,0.271484375,175.7342431,275.4487938,-0.7353020457,0.9874088113,-0.7524374575,-0.7181666339,0.9702821826,1.00453544,0.1839492216
G,744,0,11,0.2734375,175.8235748,275.5865769,-0.733365388,0.984421772,-0.7505007999,-0.7162299762,0.9672951433,1.001548401,0.1847713415
G,745,0,11,0.275390625,175.9130591,275.724287,-0.7314254205,0.9814363162,-0.7485608323,-0.7142900087,0.9643096875,0.9985629448,0.1855985502
G,746,0,11,0.27734375,176.0026963,275.8619229,-0.7294821372,0.9784524701,-0.746617549,-0.7123467254,0.9613258414,0.9955790987,0.1864308857
G,747,0,11,0.279296875,176.0924868,275.9994833,-0.7275355322,0.9754702598,-0.744670944,-0.7104001204,0.9583436312,0.9925968885,0.1872683861
G,748,0,11,0.28125,176.1824307,276.1369671,-0.7255855996,0.9724897116,-0.7427210114,-0.7084501877,0.955363083,0.9896163403,0.1881110902
G,749,0,11,0.283203125,176.2725284,276.2743729,-0.7236323334,0.9695108516,-0.7407677452,-0.7064969216,0.9523842229,0.9866374803,0.1889590368
G,750,0,11,0.28515625,176.3627802,276.4116997,-0.7216757278,0.9665337059,-0.7388111396,-0.704540316,0.9494070773,0.9836603346,0.1898122653
G,751,0,11,0.287109375,176.4531863,276.5489463,-0.7197157769,0.9635583007,-0.7368511887,-0.7025803651,0.9464316721,0.9806849294,0.1906708151
G,752,0,11,0.2890625,176.5437469,276.6861113,-0.7177524748,0.9605846622,-0.7348878866,-0.700617063,0.9434580335,0.9777112908,0.1915347262
G,753,0,11,0.291015625,176.6344624,276.8231936,-0.7157858154,0.9576128164,-0.7329212273,-0.6986504036,0.9404861878,0.9747394451,0.192404039
G,754,0,11,0.29296875,176.7253331,276.960192,-0.7138157931,0.9546427897,-0.7309512049,-0.6966803812,0.937516161,0.9717694183,0.1932787939
G,755,0,11,0.294921875,176.8163591,277.0971054,-0.7118424017,0.951674608,-0.7289778135,-0.6947069899,0.9345479794,0.9688012367,0.1941590321
G,756,0,11,0.296875,176.9075408,277.2339324,-0.7098656354,0.9487082977,-0.7270010472,-0.6927302236,0.931581669,0.9658349263,0.1950447947
G,757,0,11,0.298828125,176.9988784,277.3706718,-0.7078854884,0.9457438847,-0.7250209002,-0.6907500766,0.9286172561,0.9628705134,0.1959361236
G,758,0,11,0.30078125,177.0903723,277.5073226,-0.7059019546,0.9427813954,-0.7230373664,-0.6887665428,0.9256547668,0.9599080241,0.1968330606
G,759,0,11,0.302734375,177.1820227,277.6438834,-0.7039150282,0.9398208559,-0.72105044,-0.6867796164,0.9226942272,0.9569474845,0.1977356481
G,760,0,11,0.3046875,177.2738298,277.780353,-0.7019247033,0.9368622922,-0.7190601151,-0.6847892915,0.9197356636,0.9539889209,0.198643929
G,761,0,11,0.306640625,177.3657939,277.9167304,-0.699930974,0.9339057307,-0.7170663858,-0.6827955622,0.916779102,0.9510323593,0.1995579464
G,762,0,11,0.30859375,177.4579154,278.0530141,-0.6979338343,0.9309511973,-0.7150692461,-0.6807984225,0.9138245687,0.948077826,0.2004777436
G,763,0,11,0.310546875,177.5501945,278.1892031,-0.6959332783,0.9279987184,-0.7130686902,-0.6787978665,0.9108720898,0.9451253471,0.2014033647
G,764,0,11,0.3125,177.6426313,278.3252961,-0.6939293002,0.92504832,-0.711064712,-0.6767938884,0.9079216914,0.9421749487,0.2023348537
G,765,0,11,0.314453125,177.7352264,278.461292,-0.691921894,0.9221000283,-0.7090573058,-0.6747864822,0.9049733997,0.939226657,0.2032722554
G,766,0,11,0.31640625,177.8279798,278.5971895,-0.6899110538,0.9191538695,-0.7070464657,-0.672775642,0.9020272409,0.9362804982,0.2042156148
G,767,0,11,0.318359375,177.9208919,278.7329873,-0.6878967738,0.9162098697,-0.7050321856,-0.670761362,0.8990832411,0.9333364984,0.2051649772
G,768,0,11,0.3203125,178.0139629,278.8686844,-0.6858790479,0.9132680551,-0.7030144597,-0.6687436361,0.8961414265,0.9303946838,0.2061203884
G,769,0,11,0.322265625,178.1071932,279.0042795,-0.6838578703,0.9103284518,-0.7009932821,-0.6667224585,0.8932018232,0.9274550805,0.2070818946
G,770,0,11,0.32421875,178.2005829,279.1397714,-0.6818332351,0.9073910861,-0.6989686469,-0.6646978232,0.8902644574,0.9245177147,0.2080495424
G,771,0,11,0.326171875,178.2941324,279.2751588,-0.6798051363,0.9044559839,-0.6969405481,-0.6626697245,0.8873293553,0.9215826126,0.2090233788
G,772,0,11,0.328125,178.387842,279.4104407,-0.6777735681,0.9015231716,-0.6949089799,-0.6606381563,0.884396543,0.9186498003,0.2100034512
G,773,0,11,0.330078125,178.4817118,279.5456157,-0.6757385245,0.8985926753,-0.6928739363,-0.6586031127,0.8814660466,0.9157193039,0.2109898073
G,774,0,11,0.33203125,178.5757422,279.6806826,-0.6736999997,0.8956645211,-0.6908354115,-0.6565645879,0.8785378924,0.9127911497,0.2119824954
G,775,0,11,0.333984375,178.6699335,279.8156404,-0.6716579877,0.8927387352,-0.6887933995,-0.6545225759,0.8756121065,0.9098653638,0.2129815642
G,776,0,11,0.3359375,178.7642859,279.9504876,-0.6696124826,0.8898153437,-0.6867478944,-0.6524770708,0.872688715,0.9069419723,0.2139870627
G,777,0,11,0.337890625,178.8587997,280.0852233,-0.6675634785,0.8868943728,-0.6846988903,-0.6504280667,0.8697677442,0.9040210015,0.2149990404
G,778,0,11,0.33984375,178.9534752,280.219846,-0.6655109695,0.8839758487,-0.6826463813,-0.6483755577,0.86684922,0.9011024774,0.2160175472
G,779,0,11,0.341796875,179.0483126,280.3543547,-0.6634549497,0.8810597975,-0.6805903615,-0.6463195379,0.8639331689,0.8981864262,0.2170426335
G,780,0,11,0.34375,179.1433122,280.4887481,-0.6613954132,0.8781462454,-0.678530825,-0.6442600014,0.8610196167,0.8952728741,0.2180743501
G,781,0,11,0.345703125,179.2384743,280.6230251,-0.659332354,0.8752352185,-0.6764677658,-0.6421969422,0.8581085899,0.8923618472,0.2191127482
G,782,0,11,0.34765625,179.3337992,280.7571843,-0.6572657663,0.872326743,-0.6744011781,-0.6401303545,0.8552001144,0.8894533717,0.2201578796
G,783,0,11,0.349609375,179.4292871,280.8912247,-0.6551956441,0.8694208451,-0.672331056,-0.6380602323,0.8522942165,0.8865474738,0.2212097963
G,784,0,11,0.3515625,179.5249383,281.0251449,-0.6531219816,0.8665175509,-0.6702573934,-0.6359865698,0.8493909222,0.8836441795,0.222268551
G,785,0,11,0.353515625,179.6207531,281.1589439,-0.6510447728,0.8636168865,-0.6681801846,-0.633909361,0.8464902579,0.8807435152,0.2233341969
G,786,0,11,0.35546875,179.7167317,281.2926203,-0.6489640118,0.8607188782,-0.6660994236,-0.6318286,0.8435922495,0.8778455069,0.2244067873
G,787,0,11,0.357421875,179.8128745,281.426173,-0.6468796928,0.8578235521,-0.6640151046,-0.6297442809,0.8406969234,0.8749501807,0.2254863763
G,788,0,11,0.359375,179.9091816,281.5596008,-0.6447918097,0.8549309343,-0.6619272215,-0.6276563979,0.8378043056,0.8720575629,0.2265730184
G,789,0,11,0.361328125,180.0056535,281.6929024,-0.6427003567,0.8520410509,-0.6598357685,-0.6255649449,0.8349144223,0.8691676796,0.2276667686
G,790,0,11,0.36328125,180.1022902,281.8260767,-0.6406053279,0.8491539283,-0.6577407397,-0.623469916,0.8320272996,0.866280557,0.2287676822
G,791,0,11,0.365234375,180.1990922,281.9591225,-0.6385067173,0.8462695925,-0.6556421291,-0.6213713055,0.8291429638,0.8633962211,0.2298758154
G,792,0,11,0.3671875,180.2960597,282.0920385,-0.6364045191,0.8433880696,-0.6535399309,-0.6192691073,0.826261441,0.8605146983,0.2309912244
G,793,0,11,0.369140625,180.3931929,282.2248236,-0.6342987274,0.8405093859,-0.6514341392,-0.6171633156,0.8233827572,0.8576360146,0.2321139662
G,794,0,11,0.37109375,180.4904921,282.3574764,-0.6321893362,0.8376335675,-0.649324748,-0.6150539243,0.8205069388,0.8547601961,0.2332440984
G,795,0,11,0.373046875,180.5879577,282.4899959,-0.6300763396,0.8347606405,-0.6472117514,-0.6129409278,0.8176340118,0.8518872691,0.2343816787
G,796,0,11,0.375,180.6855898,282.6223809,-0.6279597317,0.8318906311,-0.6450951435,-0.6108243199,0.8147640024,0.8490172598,0.2355267657
G,797,0,11,0.376953125,180.7833888,282.75463,-0.6258395066,0.8290235655,-0.6429749185,-0.6087040948,0.8118969368,0.8461501941,0.2366794184
G,798,0,11,0.37890625,180.8813549,282.8867421,-0.6237156585,0.8261594698,-0.6408510703,-0.6065802467,0.8090328411,0.8432860984,0.2378396962
G,799,0,11,0.380859375,180.9794884,283.0187161,-0.6215881813,0.8232983702,-0.6387235931,-0.6044527695,0.8061717415,0.8404249988,0.2390076593
G,800,0,11,0.3828125,181.0777896,283.1505506,-0.6194570692,0.8204402928,-0.636592481,-0.6023216574,0.8033136641,0.8375669215,0.2401833682
G,801,0,11,0.384765625,181.1762587,283.2822445,-0.6173223163,0.8175852638,-0.6344577281,-0.6001869045,0.8004586352,0.8347118925,0.2413668839
G,802,0,11,0.38671875,181.274896,283.4137966,-0.6151839166,0.8147333094,-0.6323193284,-0.5980485048,0.7976066807,0.8318599381,0.2425582683
G,803,0,11,0.388671875,181.3737018,283.5452057,-0.6130418643,0.8118844557,-0.6301772761,-0.5959064525,0.794757827,0.8290110843,0.2437575834
G,804,0,11,0.390625,181.4726764,283.6764706,-0.6108961534,0.8090387288,-0.6280315653,-0.5937607416,0.7919121002,0.8261653575,0.2449648921
G,805,0,11,0.392578125,181.57182,283.80759,-0.6087467781,0.806196155,-0.6258821899,-0.5916113663,0.7890695264,0.8233227837,0.2461802577
G,806,0,11,0.39453125,181.6711329,283.9385627,-0.6065937324,0.8033567604,-0.6237291442,-0.5894583206,0.7862301318,0.8204833891,0.247403744
G,807,0,11,0.396484375,181.7706154,284.0693876,-0.6044370103,0.8005205711,-0.6215724222,-0.5873015985,0.7833939425,0.8176471998,0.2486354156
G,808,0,11,0.3984375,181.8702677,284.2000635,-0.6022766061,0.7976876134,-0.6194120179,-0.5851411943,0.7805609847,0.814814242,0.2498753376
G,809,0,11,0.400390625,181.9700901,284.330589,-0.6001125138,0.7948579132,-0.6172479256,-0.582977102,0.7777312846,0.8119845419,0.2511235755
G,810,0,11,0.40234375,182.0700829,284.4609631,-0.5979447274,0.7920314969,-0.6150801393,-0.5808093156,0.7749048683,0.8091581256,0.2523801956
G,811,0,11,0.404296875,182.1702464,284.5911846,-0.5957732412,0.7892083906,-0.612908653,-0.5786378294,0.772081762,0.8063350193,0.2536452647
G,812,0,11,0.40625,182.2705809,284.7212521,-0.593598049,0.7863886204,-0.6107334609,-0.5764626372,0.7692619918,0.8035152491,0.2549188502
G,813,0,11,0.408203125,182.3710865,284.8511646,-0.5914191452,0.7835722125,-0.608554557,-0.5742837334,0.7664455839,0.8006988412,0.2562010202
G,814,0,11,0.41015625,182.4717636,284.9809207,-0.5892365236,0.7807591931,-0.6063719355,-0.5721011118,0.7636325644,0.7978858217,0.2574918434
G,815,0,11,0.412109375,182.5726125,285.1105193,-0.5870501785,0.7779495882,-0.6041855904,-0.5699147667,0.7608229596,0.7950762169,0.2587913889
G,816,0,11,0.4140625,182.6736334,285.2399593,-0.584860104,0.7751434242,-0.6019955158,-0.5677246922,0.7580167955,0.7922700528,0.2600997268
G,817,0,11,0.416015625,182.7748267,285.3692393,-0.582666294,0.772340727,-0.5998017058,-0.5655308822,0.7552140984,0.7894673557,0.2614169275
G,818,0,11,0.41796875,182.8761924,285.4983582,-0.5804687427,0.769541523,-0.5976041545,-0.5633333309,0.7524148943,0.7866681516,0.2627430622
G,819,0,11,0.419921875,182.9777311,285.6273147,-0.5782674443,0.7667458382,-0.5954028561,-0.5611320324,0.7496192095,0.7838724668,0.2640782028
G,820,0,11,0.421875,183.0794428,285.7561077,-0.5760623927,0.7639536987,-0.5931978045,-0.5589269808,0.7468270701,0.7810803274,0.2654224217
G,821,0,11,0.423828125,183.181328,285.884736,-0.573853582,0.7611651309,-0.5909889938,-0.5567181702,0.7440385022,0.7782917595,0.266775792
G,822,0,11,0.42578125,183.2833868,286.0131983,-0.5716410065,0.7583801607,-0.5887764183,-0.5545055947,0.7412535321,0.7755067894,0.2681383876
G,823,0,11,0.427734375,183.3856195,286.1414935,-0.5694246601,0.7555988144,-0.5865600719,-0.5522892483,0.7384721858,0.7727254431,0.2695102829
G,824,0,11,0.4296875,183.4880265,286.2696203,-0.5672045369,0.7528211182,-0.5843399487,-0.5500691251,0.7356944895,0.7699477469,0.2708915531
G,825,0,11,0.431640625,183.5906079,286.3975775,-0.5649806311,0.7500470981,-0.5821160429,-0.5478452192,0.7329204695,0.7671737268,0.272282274
G,826,0,11,0.43359375,183.6933641,286.5253639,-0.5627529366,0.7472767804,-0.5798883485,-0.5456175248,0.7301501518,0.7644034091,0.2736825221
G,827,0,11,0.435546875,183.7962953,286.6529784,-0.5605214477,0.7445101912,-0.5776568596,-0.5433860359,0.7273835626,0.7616368199,0.2750923747
G,828,0,11,0.4375,183.8994019,286.7804197,-0.5582861584,0.7417473567,-0.5754215703,-0.5411507466,0.724620728,0.7588739854,0.2765119097
G,829,0,11,0.439453125,184.0026839,286.9076865,-0.5560470628,0.738988303,-0.5731824747,-0.538911651,0.7218616743,0.7561149316,0.2779412057
G,830,0,11,0.44140625,184.1061419,287.0347778,-0.553804155,0.7362330562,-0.5709395668,-0.5366687432,0.7191064276,0.7533596849,0.2793803422
G,831,0,11,0.443359375,184.2097759,287.1616923,-0.5515574291,0.7334816426,-0.5686928409,-0.5344220173,0.716355014,0.7506082713,0.2808293993
G,832,0,11,0.4453125,184.3135864,287.2884287,-0.5493068791,0.7307340883,-0.5664422909,-0.5321714673,0.7136074597,0.747860717,0.2822884577
G,833,0,11,0.447265625,184.4175735,287.4149859,-0.5470524991,0.7279904195,-0.564187911,-0.5299170873,0.7108637908,0.7451170481,0.2837575991
G,834,0,11,0.44921875,184.5217375,287.5413627,-0.5447942834,0.7252506622,-0.5619296952,-0.5276588715,0.7081240336,0.7423772909,0.2852369058
G,835,0,11,0.451171875,184.6260788,287.6675578,-0.5425322258,0.7225148428,-0.5596676376,-0.525396814,0.7053882141,0.7396414714,0.2867264609
G,836,0,11,0.453125,184.7305975,287.7935701,-0.5402663206,0.7197829872,-0.5574017324,-0.5231309088,0.7026563586,0.7369096159,0.2882263483
G,837,0,11,0.455078125,184.835294,287.9193984,-0.5379965618,0.7170551218,-0.5551319736,-0.5208611499,0.6999284931,0.7341817504,0.2897366526
G,838,0,11,0.45703125,184.9401685,288.0450414,-0.5357229434,0.7143312725,-0.5528583552,-0.5185875316,0.6972046439,0.7314579012,0.2912574592
G,839,0,11,0.458984375,185.0452213,288.1704979,-0.5334454597,0.7116114657,-0.5505808715,-0.5163100479,0.6944848371,0.7287380944,0.2927888543
G,840,0,11,0.4609375,185.1504527,288.2957668,-0.5311641047,0.7088957275,-0.5482995165,-0.5140286929,0.6917690988,0.7260223561,0.294330925
G,841,0,11,0.462890625,185.2558629,288.4208468,-0.5288788724,0.7061840839,-0.5460142842,-0.5117434606,0.6890574553,0.7233107126,0.2958837591
G,842,0,11,0.46484375,185.3614523,288.5457367,-0.526589757,0.7034765613,-0.5437251688,-0.5094543452,0.6863499326,0.7206031899,0.2974474451
G,843,0,11,0.466796875,185.467221,288.6704353,-0.5242967526,0.7007731857,-0.5414321644,-0.5071613408,0.683646557,0.7178998143,0.2990220726
G,844,0,11,0.46875,185.5731694,288.7949414,-0.5219998532,0.6980739832,-0.539135265,-0.5048644414,0.6809473546,0.7152006119,0.3006077319
G,845,0,11,0.470703125,185.6792977,288.9192538,-0.5196990529,0.6953789801,-0.5368344647,-0.5025636411,0.6782523515,0.7125056088,0.302204514
G,846,0,11,0.47265625,185.7856062,289.0433713,-0.5173943459,0.6926882026,-0.5345297577,-0.5002589341,0.6755615739,0.7098148312,0.303812511
G,847,0,11,0.474609375,185.8920952,289.1672927,-0.5150857262,0.6900016767,-0.532221138,-0.4979503144,0.672875048,0.7071283053,0.3054318156
G,848,0,11,0.4765625,185.998765,289.2910167,-0.5127731878,0.6873194286,-0.5299085997,-0.495637776,0.6701927999,0.7044460572,0.3070625217
G,849,0,11,0.478515625,186.1056158,289.4145422,-0.510456725,0.6846414845,-0.5275921368,-0.4933213132,0.6675148558,0.7017681131,0.3087047237
G,850,0,11,0.48046875,186.2126479,289.537868,-0.5081363318,0.6819678705,-0.5252717436,-0.49100092,0.6648412418,0.6990944992,0.3103585172
G,851,0,11,0.482421875,186.3198615,289.6609929,-0.5058120022,0.6792986128,-0.522947414,-0.4886765904,0.6621719842,0.6964252415,0.3120239984
G,852,0,11,0.484375,186.427257,289.7839156,-0.5034837304,0.6766337376,-0.5206191423,-0.4863483186,0.659507109,0.6937603663,0.3137012647
G,853,0,11,0.486328125,186.5348346,289.9066349,-0.5011515105,0.673973271,-0.5182869223,-0.4840160987,0.6568466424,0.6910998997,0.3153904142
G,854,0,11,0.48828125,186.6425946,290.0291497,-0.4988153365,0.6713172392,-0.5159507483,-0.4816799247,0.6541906106,0.6884438679,0.317091546
G,855,0,11,0.490234375,186.7505373,290.1514587,-0.4964752026,0.6686656683,-0.5136106144,-0.4793397908,0.6515390397,0.685792297,0.3188047602
G,856,0,11,0.4921875,186.8586629,290.2735608,-0.4941311027,0.6660185845,-0.5112665145,-0.4769956909,0.6488919559,0.6831452132,0.3205301577
G,857,0,11,0.494140625,186.9669717,290.3954546,-0.4917830311,0.6633760139,-0.5089184429,-0.4746476193,0.6462493853,0.6805026426,0.3222678405
G,858,0,11,0.49609375,187.0754639,290.5171391,-0.4894309818,0.6607379828,-0.5065663936,-0.47229557,0.6436113541,0.6778646115,0.3240179113
G,859,0,11,0.498046875,187.18414,290.6386129,-0.4870749489,0.6581045172,-0.5042103607,-0.4699395371,0.6409778885,0.6752311459,0.3257804742
G,860,0,11,0.5,187.293,290.759875,-0.4847149265,0.6554756433,-0.5018503383,-0.4675795147,0.6383490147,0.672602272,0.3275556338
G,861,0,11,0.501953125,187.4020443,290.8809241,-0.4823509087,0.6528513873,-0.4994863205,-0.4652154969,0.6357247587,0.669978016,0.3293434961
G,862,0,11,0.50390625,187.5112733,291.0017589,-0.4799828895,0.6502317754,-0.4971183013,-0.4628474777,0.6331051467,0.667358404,0.3311441678
G,863,0,11,0.505859375,187.620687,291.1223783,-0.4776108631,0.6476168336,-0.4947462749,-0.4604754513,0.630490205,0.6647434623,0.3329577568
G,864,0,11,0.5078125,187.7302859,291.2427811,-0.4752348235,0.6450065882,-0.4923702353,-0.4580994117,0.6278799596,0.6621332169,0.3347843719
G,865,0,11,0.509765625,187.8400701,291.3629661,-0.4728547649,0.6424010653,-0.4899901767,-0.4557193531,0.6252744367,0.659527694,0.3366241231
G,866,0,11,0.51171875,187.95004,291.482932,-0.4704706813,0.6398002911,-0.4876060931,-0.4533352695,0.6226736624,0.6569269197,0.3384771213
G,867,0,11,0.513671875,188.0601959,291.6026776,-0.4680825668,0.6372042917,-0.4852179786,-0.450947155,0.620077663,0.6543309203,0.3403434784
G,868,0,11,0.515625,188.1705379,291.7222018,-0.4656904155,0.6346130933,-0.4828258273,-0.4485550037,0.6174864646,0.6517397219,0.3422233076
G,869,0,11,0.517578125,188.2810664,291.8415034,-0.4632942216,0.632026722,-0.4804296334,-0.4461588097,0.6149000933,0.6491533506,0.344116723
G,870,0,11,0.51953125,188.3917817,291.9605811,-0.460893979,0.629445204,-0.4780293908,-0.4437585672,0.6123185754,0.6465718327,0.3460238397
G,871,0,11,0.521484375,188.502684,292.0794337,-0.4584896819,0.6268685655,-0.4756250937,-0.44135427,0.6097419368,0.6439951942,0.3479447742
G,872,0,11,0.5234375,188.6137736,292.19806,-0.4560813243,0.6242968326,-0.4732167361,-0.4389459125,0.6071702039,0.6414234613,0.3498796438
G,873,0,11,0.525390625,188.7250507,292.3164588,-0.4536689004,0.6217300315,-0.4708043123,-0.4365334886,0.6046034028,0.6388566601,0.3518285671
G,874,0,11,0.52734375,188.8365157,292.434629,-0.4512524043,0.6191681883,-0.4683878161,-0.4341169925,0.6020415596,0.6362948169,0.3537916638
G,875,0,11,0.529296875,188.9481688,292.5525692,-0.44883183,0.6166113292,-0.4659672418,-0.4316964182,0.5994847005,0.6337379578,0.3557690548
G,876,0,11,0.53125,189.0600103,292.6702784,-0.4464071717,0.6140594803,-0.4635425835,-0.4292717599,0.5969328517,0.631186109,0.357760862
G,877,0,11,0.533203125,189.1720405,292.7877552,-0.4439784233,0.6115126679,-0.4611138351,-0.4268430115,0.5943860392,0.6286392965,0.3597672087
G,878,0,11,0.53515625,189.2842595,292.9049985,-0.4415455791,0.608970918,-0.4586809909,-0.4244101673,0.5918442894,0.6260975467,0.3617882192
G,879,0,11,0.537109375,189.3966678,293.022007,-0.4391086331,0.6064342569,-0.4562440449,-0.4219732213,0.5893076282,0.6235608855,0.3638240189
G,880,0,11,0.5390625,189.5092656,293.1387797,-0.4366675793,0.6039027106,-0.4538029911,-0.4195321675,0.5867760819,0.6210293392,0.3658747348
G,881,0,11,0.541015625,189.6220531,293.2553152,-0.434222412,0.6013763053,-0.4513578238,-0.4170870002,0.5842496767,0.618502934,0.3679404948
G,882,0,11,0.54296875,189.7350306,293.3716123,-0.4317731251,0.5988550673,-0.4489085369,-0.4146377133,0.5817284386,0.615981696,0.370021428
G,883,0,11,0.544921875,189.8481984,293.4876699,-0.4293197128,0.5963390226,-0.4464551246,-0.412184301,0.579212394,0.6134656513,0.3721176651
G,884,0,11,0.546875,189.9615568,293.6034867,-0.4268621691,0.5938281974,-0.4439975809,-0.4097267573,0.5767015688,0.6109548261,0.3742293376
G,885,0,11,0.548828125,190.075106,293.7190616,-0.4244004882,0.5913226179,-0.4415359,-0.4072650763,0.5741959893,0.6084492466,0.3763565787
G,886,0,11,0.55078125,190.1888463,293.8343933,-0.421934664,0.5888223103,-0.4390700759,-0.4047992522,0.5716956816,0.6059489389,0.3784995225
G,887,0,11,0.552734375,190.302778,293.9494806,-0.4194646909,0.5863273006,-0.4366001027,-0.4023292791,0.5692006719,0.6034539293,0.3806583047
G,888,0,11,0.5546875,190.4169014,294.0643223,-0.4169905627,0.5838376151,-0.4341259745,-0.3998551509,0.5667109864,0.6009642437,0.3828330623
G,889,0,11,0.556640625,190.5312167,294.1789173,-0.4145122736,0.5813532798,-0.4316476854,-0.3973768618,0.5642266512,0.5984799085,0.3850239333
G,890,0,11,0.55859375,190.6457242,294.2932642,-0.4120298178,0.5788743211,-0.4291652296,-0.3948944059,0.5617476924,0.5960009497,0.3872310575
G,891,0,11,0.560546875,190.7604242,294.4073619,-0.4095431892,0.5764007649,-0.426678601,-0.3924077773,0.5592741363,0.5935273936,0.3894545758
G,892,0,11,0.5625,190.8753169,294.5212092,-0.4070523819,0.5739326375,-0.4241877937,-0.3899169701,0.5568060089,0.5910592662,0.3916946305
G,893,0,11,0.564453125,190.9904026,294.6348049,-0.4045573902,0.5714699651,-0.421692802,-0.3874219784,0.5543433364,0.5885965938,0.3939513652
G,894,0,11,0.56640625,191.1056817,294.7481478,-0.402058208,0.5690127737,-0.4191936198,-0.3849227962,0.5518861451,0.5861394024,0.3962249251
G,895,0,11,0.568359375,191.2211543,294.8612366,-0.3995548294,0.5665610897,-0.4166902412,-0.3824194176,0.549434461,0.5836877183,0.3985154568
G,896,0,11,0.5703125,191.3368207,294.9740702,-0.3970472486,0.564114939,-0.4141826604,-0.3799118368,0.5469883103,0.5812415676,0.4008231082
G,897,0,11,0.572265625,191.4526812,295.0866474,-0.3945354596,0.5616743479,-0.4116708714,-0.3774000478,0.5445477192,0.5788009765,0.4031480286
G,898,0,11,0.57421875,191.5687361,295.1989668,-0.3920194565,0.5592393425,-0.4091548683,-0.3748840447,0.5421127138,0.5763659711,0.405490369
G,899,0,11,0.576171875,191.6849857,295.3110275,-0.3894992334,0.556809949,-0.4066346452,-0.3723638216,0.5396833203,0.5739365776,0.4078502817
G,900,0,11,0.578125,191.8014302,295.4228281,-0.3869747844,0.5543861935,-0.4041101962,-0.3698393726,0.5372595648,0.5715128222,0.4102279206
G,901,0,11,0.580078125,191.9180699,295.5343673,-0.3844461036,0.5519681022,-0.4015815154,-0.3673106917,0.5348414736,0.5690947309,0.412623441
G,902,0,11,0.58203125,192.0349051,295.6456442,-0.381913185,0.5495557013,-0.3990485968,-0.3647777732,0.5324290727,0.56668233,0.4150369998
G,903,0,11,0.583984375,192.151936,295.7566573,-0.3793760228,0.5471490169,-0.3965114347,-0.362240611,0.5300223883,0.5642756456,0.4174687554
G,904,0,11,0.5859375,192.2691629,295.8674055,-0.3768346111,0.5447480752,-0.3939700229,-0.3596991993,0.5276214466,0.5618747039,0.4199188679
G,905,0,11,0.587890625,192.3865862,295.9778877,-0.3742889439,0.5423529023,-0.3914243557,-0.3571535321,0.5252262737,0.559479531,0.4223874988
G,906,0,11,0.58984375,192.504206,296.0881025,-0.3717390154,0.5399635244,-0.3888744272,-0.3546036036,0.5228368958,0.5570901531,0.4248748112
G,907,0,11,0.591796875,192.6220226,296.1980488,-0.3691848196,0.5375799677,-0.3863202314,-0.3520494078,0.520453339,0.5547065964,0.42738097
G,908,0,11,0.59375,192.7400363,296.3077254,-0.3666263506,0.5352022583,-0.3837617624,-0.3494909388,0.5180756296,0.5523288869,0.4299061416
G,909,0,11,0.595703125,192.8582474,296.4171311,-0.3640636025,0.5328304223,-0.3811990143,-0.3469281906,0.5157037936,0.5499570509,0.432450494
G,910,0,11,0.59765625,192.9766562,296.5262647,-0.3614965694,0.5304644859,-0.3786319812,-0.3443611575,0.5133378573,0.5475911146,0.4350141969
G,911,0,11,0.599609375,193.0952629,296.6351249,-0.3589252453,0.5281044754,-0.3760606571,-0.3417898335,0.5109778467,0.545231104,0.4375974219
G,912,0,11,0.6015625,193.2140678,296.7437105,-0.3563496245,0.5257504167,-0.3734850363,-0.3392142127,0.5086237881,0.5428770454,0.4402003419
G,913,0,11,0.603515625,193.3330711,296.8520204,-0.3537697009,0.5234023362,-0.3709051127,-0.3366342891,0.5062757075,0.5405289648,0.4428231318
G,914,0,11,0.60546875,193.4522732,296.9600534,-0.3511854687,0.5210602599,-0.3683208805,-0.3340500569,0.5039336312,0.5381868886,0.4454659682
G,915,0,11,0.607421875,193.5716744,297.0678082,-0.3485969219,0.518724214,-0.3657323337,-0.3314615101,0.5015975854,0.5358508427,0.4481290295
G,916,0,11,0.609375,193.6912748,297.1752836,-0.3460040547,0.5163942247,-0.3631394665,-0.3288686428,0.4992675961,0.5335208534,0.4508124957
G,917,0,11,0.611328125,193.8110747,297.2824784,-0.343406861,0.5140703182,-0.3605422728,-0.3262714492,0.4969436895,0.5311969468,0.4535165487
G,918,0,11,0.61328125,193.9310745,297.3893915,-0.3408053351,0.5117525205,-0.3579407469,-0.3236699233,0.4946258918,0.5288791491,0.4562413723
G,919,0,11,0.615234375,194.0512745,297.4960216,-0.338199471,0.5094408578,-0.3553348828,-0.3210640592,0.4923142292,0.5265674865,0.4589871521
G,920,0,11,0.6171875,194.1716748,297.6023674,-0.3355892628,0.5071353564,-0.3527246746,-0.318453851,0.4900087277,0.524261985,0.4617540754
G,921,0,11,0.619140625,194.2922757,297.7084279,-0.3329747046,0.5048360423,-0.3501101164,-0.3158392928,0.4877094137,0.521962671,0.4645423316
G,922,0,11,0.62109375,194.4130776,297.8142017,-0.3303557905,0.5025429417,-0.3474912023,-0.3132203787,0.4854163131,0.5196695704,0.4673521119
G,923,0,11,0.623046875,194.5340806,297.9196878,-0.3277325145,0.5002560809,-0.3448679263,-0.3105971027,0.4831294522,0.5173827095,0.4701836093
G,924,0,11,0.625,194.6552852,298.0248848,-0.3251048708,0.4979754858,-0.3422402826,-0.307969459,0.4808488572,0.5151021145,0.473037019
G,925,0,11,0.626953125,194.7766914,298.1297915,-0.3224728534,0.4957011828,-0.3396082653,-0.3053374416,0.4785745541,0.5128278114,0.475912538
G,926,0,11,0.62890625,194.8982997,298.2344069,-0.3198364565,0.4934331979,-0.3369718683,-0.3027010447,0.4763065692,0.5105598265,0.4788103653
G,927,0,11,0.630859375,195.0201103,298.3387296,-0.3171956741,0.4911715573,-0.3343310859,-0.3000602623,0.4740449286,0.5082981859,0.4817307019
G,928,0,11,0.6328125,195.1421234,298.4427584,-0.3145505003,0.4889162871,-0.3316859121,-0.2974150885,0.4717896585,0.5060429158,0.4846737509
G,929,0,11,0.634765625,195.2643394,298.5464922,-0.3119009293,0.4866674136,-0.3290363411,-0.2947655174,0.469540785,0.5037940423,0.4876397172
G,930,0,11,0.63671875,195.3867585,298.6499297,-0.309246955,0.4844249629,-0.3263823668,-0.2921115432,0.4672983343,0.5015515916,0.4906288082
G,931,0,11,0.638671875,195.5093809,298.7530698,-0.3065885716,0.4821889611,-0.3237239834,-0.2894531598,0.4650623325,0.4993155898,0.493641233
G,932,0,11,0.640625,195.632207,298.8559112,-0.3039257732,0.4799594344,-0.321061185,-0.2867903614,0.4628328058,0.4970860631,0.4966772031
G,933,0,11,0.642578125,195.7552371,298.9584527,-0.3012585538,0.477736409,-0.3183939656,-0.284123142,0.4606097804,0.4948630377,0.4997369319
G,934,0,11,0.64453125,195.8784713,299.0606931,-0.2985869076,0.475519911,-0.3157223195,-0.2814514958,0.4583932824,0.4926465397,0.5028206352
G,935,0,11,0.646484375,196.00191,299.1626312,-0.2959108287,0.4733099666,-0.3130462405,-0.2787754169,0.4561833379,0.4904365952,0.5059285308
G,936,0,11,0.6484375,196.1255534,299.2642658,-0.2932303111,0.4711066019,-0.3103657229,-0.2760948993,0.4539799732,0.4882332305,0.5090608389
G,937,0,11,0.650390625,196.2494019,299.3655957,-0.290545349,0.4689098431,-0.3076807608,-0.2734099371,0.4517832144,0.4860364717,0.5122177818
G,938,0,11,0.65234375,196.3734556,299.4666196,-0.2878559363,0.4667197163,-0.3049913481,-0.2707205245,0.4495930876,0.483846345,0.515399584
G,939,0,11,0.654296875,196.4977149,299.5673365,-0.2851620673,0.4645362477,-0.3022974791,-0.2680266555,0.4474096191,0.4816628764,0.5186064725
G,940,0,11,0.65625,196.62218,299.667745,-0.2824637359,0.4623594635,-0.2995991477,-0.2653283241,0.4452328349,0.4794860922,0.5218386765
G,941,0,11,0.658203125,196.7468512,299.767844,-0.2797609364,0.4601893899,-0.2968963482,-0.2626255246,0.4430627612,0.4773160185,0.5250964276
G,942,0,11,0.66015625,196.8717288,299.8676323,-0.2770536627,0.4580260529,-0.2941890745,-0.2599182509,0.4408994242,0.4751526815,0.5283799596
G,943,0,11,0.662109375,196.9968131,299.9671086,-0.274341909,0.4558694787,-0.2914773208,-0.2572064972,0.43874285,0.4729961074,0.5316895088
G,944,0,11,0.6640625,197.1221042,300.0662717,-0.2716256694,0.4537196935,-0.2887610812,-0.2544902575,0.4365930649,0.4708463222,0.5350253141
G,945,0,11,0.666015625,197.2476026,300.1651205,-0.2689049379,0.4515767235,-0.2860403497,-0.2517695261,0.4344500949,0.4687033522,0.5383876166
G,946,0,11,0.66796875,197.3733084,300.2636537,-0.2661797086,0.4494405948,-0.2833151204,-0.2490442968,0.4323139662,0.4665672235,0.5417766599
G,947,0,11,0.669921875,197.499222,300.3618701,-0.2634499757,0.4473113336,-0.2805853875,-0.2463145639,0.4301847049,0.4644379622,0.5451926902
G,948,0,11,0.671875,197.6253436,300.4597686,-0.2607157332,0.445188966,-0.277851145,-0.2435803214,0.4280623373,0.4623155946,0.5486359563
G,949,0,11,0.673828125,197.7516735,300.5573478,-0.2579769752,0.4430735182,-0.275112387,-0.2408415634,0.4259468895,0.4602001468,0.5521067093
G,950,0,11,0.67578125,197.8782119,300.6546067,-0.2552336958,0.4409650163,-0.2723691076,-0.238098284,0.4238383876,0.4580916449,0.5556052031
G,951,0,11,0.677734375,198.0049591,300.751544,-0.2524858891,0.4388634865,-0.2696213009,-0.2353504773,0.4217368579,0.4559901152,0.5591316943
G,952,0,11,0.6796875,198.1319155,300.8481584,-0.2497335492,0.436768955,-0.266868961,-0.2325981374,0.4196423263,0.4538955837,0.5626864418
G,953,0,11,0.681640625,198.2590812,300.9444489,-0.2469766702,0.4346814479,-0.264112082,-0.2298412584,0.4175548193,0.4518080766,0.5662697076
G,954,0,11,0.68359375,198.3864566,301.0404141,-0.2442152461,0.4326009914,-0.2613506579,-0.2270798343,0.4154743627,0.44972762,0.5698817561
G,955,0,11,0.685546875,198.5140419,301.1360529,-0.2414492711,0.4305276116,-0.2585846829,-0.2243138592,0.413400983,0.4476542403,0.5735228545
G,956,0,11,0.6875,198.6418374,301.231364,-0.2386787392,0.4284613347,-0.255814151,-0.2215433274,0.4113347061,0.4455879634,0.5771932729
G,957,0,11,0.689453125,198.7698434,301.3263463,-0.2359036445,0.4264021869,-0.2530390563,-0.2187682327,0.4092755582,0.4435288155,0.5808932841
G,958,0,11,0.69140625,198.8980601,301.4209986,-0.2331239812,0.4243501942,-0.250259393,-0.2159885694,0.4072235656,0.4414768229,0.5846231637
G,959,0,11,0.693359375,199.0264878,301.5153196,-0.2303397433,0.422305383,-0.2474751551,-0.2132043314,0.4051787543,0.4394320116,0.5883831903
G,960,0,11,0.6953125,199.1551268,301.6093081,-0.2275509248,0.4202677792,-0.2446863367,-0.210415513,0.4031411506,0.4373944079,0.5921736452
G,961,0,11,0.697265625,199.2839773,301.702963,-0.22475752,0.4182374092,-0.2418929318,-0.2076221082,0.4011107805,0.4353640378,0.5959948129
G,962,0,11,0.69921875,199.4130397,301.796283,-0.2219595229,0.4162142989,-0.2390949347,-0.2048241111,0.3990876703,0.4333409276,0.5998469806
G,963,0,11,0.701171875,199.5423142,301.889267,-0.2191569275,0.4141984747,-0.2362923393,-0.2020215157,0.3970718461,0.4313251034,0.6037304387
G,964,0,11,0.703125,199.671801,301.9819136,-0.216349728,0.4121899626,-0.2334851398,-0.1992143162,0.395063334,0.4293165913,0.6076454804
G,965,0,11,0.705078125,199.8015005,302.0742217,-0.2135379184,0.4101887889,-0.2306733302,-0.1964025066,0.3930621602,0.4273154175,0.6115924022
G,966,0,11,0.70703125,199.9314129,302.1661902,-0.2107214929,0.4081949796,-0.2278569047,-0.1935860811,0.3910683509,0.4253216083,0.6155715037
G,967,0,11,0.708984375,200.0615385,302.2578177,-0.2079004455,0.406208561,-0.2250358574,-0.1907650337,0.3890819323,0.4233351896,0.6195830874
G,968,0,11,0.7109375,200.1918776,302.3491031,-0.2050747704,0.4042295591,-0.2222101822,-0.1879393586,0.3871029304,0.4213561877,0.6236274593
G,969,0,11,0.712890625,200.3224304,302.4400452,-0.2022444615,0.4022580002,-0.2193798734,-0.1851090497,0.3851313715,0.4193846288,0.6277049283
G,970,0,11,0.71484375,200.4531972,302.5306428,-0.1994095131,0.4002939104,-0.2165449249,-0.1822741013,0.3831672817,0.417420539,0.6318158068
G,971,0,11,0.716796875,200.5841783,302.6208946,-0.1965699192,0.3983373158,-0.213705331,-0.1794345074,0.3812106872,0.4154639445,0.6359604103
G,972,0,11,0.71875,200.715374,302.7107995,-0.1937256738,0.3963882427,-0.2108610856,-0.176590262,0.379261614,0.4135148713,0.6401390577
G,973,0,11,0.720703125,200.8467844,302.8003563,-0.1908767711,0.3944467171,-0.2080121829,-0.1737413593,0.3773200885,0.4115733458,0.6443520712
G,974,0,11,0.72265625,200.97841,302.8895637,-0.1880232052,0.3925127653,-0.205158617,-0.1708877934,0.3753861367,0.409639394,0.6485997767
G,975,0,11,0.724609375,201.110251,302.9784205,-0.1851649701,0.3905864134,-0.202300382,-0.1680295583,0.3734597847,0.407713042,0.652882503
G,976,0,11,0.7265625,201.2423076,303.0669256,-0.18230206,0.3886676875,-0.1994374718,-0.1651666482,0.3715410589,0.4057943162,0.6572005829
G,977,0,11,0.728515625,201.3745801,303.1550777,-0.1794344689,0.3867566139,-0.1965698807,-0.1622990571,0.3696299852,0.4038832425,0.6615543525
G,978,0,11,0.73046875,201.5070688,303.2428756,-0.176562191,0.3848532186,-0.1936976028,-0.1594267792,0.3677265899,0.4019798472,0.6659441513
G,979,0,11,0.732421875,201.639774,303.3303181,-0.1736852202,0.3829575278,-0.190820632,-0.1565498084,0.3658308992,0.4000841565,0.6703703226
G,980,0,11,0.734375,201.7726959,303.417404,-0.1708035508,0.3810695677,-0.1879389626,-0.153668139,0.3639429391,0.3981961964,0.6748332134
G,981,0,11,0.736328125,201.9058348,303.5041322,-0.1679171767,0.3791893645,-0.1850525886,-0.1507817649,0.3620627358,0.3963159932,0.6793331743
G,982,0,11,0.73828125,202.039191,303.5905013,-0.1650260922,0.3773169443,-0.182161504,-0.1478906804,0.3601903156,0.3944435729,0.6838705595
G,983,0,11,0.740234375,202.1727647,303.6765102,-0.1621302912,0.3754523332,-0.179265703,-0.1449948794,0.3583257045,0.3925789619,0.6884457271
G,984,0,11,0.7421875,202.3065563,303.7621577,-0.1592297679,0.3735955574,-0.1763651797,-0.1420943561,0.3564689288,0.3907221861,0.6930590391
G,985,0,11,0.744140625,202.4405659,303.8474426,-0.1563245163,0.3717466432,-0.1734599281,-0.1391891045,0.3546200145,0.3888732718,0.6977108612
G,986,0,11,0.74609375,202.574794,303.9323636,-0.1534145306,0.3699056165,-0.1705499424,-0.1362791188,0.3527789879,0.3870322452,0.7024015631
G,987,0,11,0.748046875,202.7092407,304.0169196,-0.1504998048,0.3680725036,-0.1676352167,-0.133364393,0.350945875,0.3851991323,0.7071315184
G,988,0,11,0.75,202.8439063,304.1011094,-0.1475803331,0.3662473307,-0.1647157449,-0.1304449213,0.3491207021,0.3833739594,0.7119011048
G,989,0,11,0.751953125,202.978791,304.1849317,-0.1446561095,0.3644301239,-0.1617915213,-0.1275206977,0.3473034953,0.3815567526,0.7167107038
G,990,0,11,0.75390625,203.1138953,304.2683853,-0.141727128,0.3626209094,-0.1588625398,-0.1245917162,0.3454942807,0.3797475381,0.7215607013
G,991,0,11,0.755859375,203.2492193,304.3514691,-0.1387933829,0.3608197133,-0.1559287947,-0.1216579711,0.3436930846,0.3779463419,0.726451487
G,992,0,11,0.7578125,203.3847633,304.4341818,-0.1358548682,0.3590265618,-0.15299028,-0.1187194564,0.3418999331,0.3761531904,0.7313834552
G,993,0,11,0.759765625,203.5205275,304.5165222,-0.1329115779,0.357241481,-0.1500469897,-0.1157761661,0.3401148523,0.3743681096,0.7363570041
G,994,0,11,0.76171875,203.6565123,304.5984891,-0.1299635062,0.3554644971,-0.147098918,-0.1128280944,0.3383378684,0.3725911257,0.7413725363
G,995,0,11,0.763671875,203.792718,304.6800814,-0.1270106472,0.3536956362,-0.144146059,-0.1098752354,0.3365690076,0.3708222649,0.7464304587
G,996,0,11,0.765625,203.9291447,304.7612977,-0.1240529949,0.3519349246,-0.1411884067,-0.1069175831,0.3348082959,0.3690615532,0.7515311827
G,997,0,11,0.767578125,204.0657928,304.842137,-0.1210905434,0.3501823883,-0.1382259552,-0.1039551316,0.3330557597,0.367309017,0.756675124
G,998,0,11,0.76953125,204.2026626,304.9225979,-0.1181232869,0.3484380536,-0.1352586987,-0.1009878751,0.331311425,0.3655646823,0.7618627028
G,999,0,11,0.771484375,204.3397542,305.0026793,-0.1151512194,0.3467019466,-0.1322866312,-0.09801580758,0.3295753179,0.3638285752,0.7670943441
G,1000,0,11,0.7734375,204.4770681,305.08238,-0.112174335,0.3449740934,-0.1293097468,-0.09503892318,0.3278474647,0.362100722,0.772370477
G,1001,0,11,0.775390625,204.6146044,305.1616987,-0.1091926278,0.3432545202,-0.1263280396,-0.09205721598,0.3261278915,0.3603811488,0.7776915358
G,1002,0,11,0.77734375,204.7523635,305.2406344,-0.1062060919,0.3415432532,-0.1233415037,-0.08907068007,0.3244166245,0.3586698818,0.7830579591
G,1003,0,11,0.779296875,204.8903455,305.3191856,-0.1032147213,0.3398403184,-0.1203501332,-0.08607930954,0.3227136898,0.3569669471,0.7884701904
G,1004,0,11,0.78125,205.0285508,305.3973513,-0.1002185103,0.3381457422,-0.1173539221,-0.08308309847,0.3210191136,0.3552723709,0.7939286781
G,1005,0,11,0.783203125,205.1669797,305.4751303,-0.09721745278,0.3364595506,-0.1143528646,-0.08008204097,0.319332922,0.3535861793,0.7994338754
G,1006,0,11,0.78515625,205.3056324,305.5525213,-0.09421154293,0.3347817698,-0.1113469547,-0.07707613111,0.3176551412,0.3519083985,0.8049862404
G,1007,0,11,0.787109375,205.4445092,305.6295231,-0.09120077481,0.333112426,-0.1083361866,-0.074065363,0.3159857973,0.3502390546,0.8105862363
G,1008,0,11,0.7890625,205.5836104,305.7061346,-0.08818514253,0.3314515452,-0.1053205543,-0.07104973071,0.3143249166,0.3485781739,0.8162343312
G,1009,0,11,0.791015625,205.7229362,305.7823544,-0.08516464016,0.3297991538,-0.102300052,-0.06802922835,0.3126725251,0.3469257824,0.8219309985
G,1010,0,11,0.79296875,205.8624869,305.8581815,-0.08213926181,0.3281552777,-0.09927467362,-0.06500384999,0.311028649,0.3452819064,0.8276767166
G,1011,0,11,0.794921875,206.0022628,305.9336146,-0.07910900155,0.3265199432,-0.09624441336,-0.06197358974,0.3093933146,0.3436465719,0.8334719691
G,1012,0,11,0.796875,206.1422642,306.0086524,-0.07607385349,0.3248931765,-0.0932092653,-0.05893844167,0.3077665479,0.3420198052,0.8393172452
G,1013,0,11,0.798828125,206.2824913,306.0832939,-0.0730338117,0.3232750037,-0.09016922351,-0.05589839989,0.306148375,0.3404016324,0.8452130391
G,1014,0,11,0.80078125,206.4229444,306.1575377,-0.06998887029,0.3216654509,-0.0871242821,-0.05285345848,0.3045388223,0.3387920796,0.8511598507
G,1015,0,11,0.802734375,206.5636238,306.2313828,-0.06693902333,0.3200645444,-0.08407443514,-0.04980361152,0.3029379157,0.337191173,0.8571581852
G,1016,0,11,0.8046875,206.7045297,306.3048277,-0.06388426493,0.3184723102,-0.08101967674,-0.04674885312,0.3013456816,0.3355989389,0.8632085534
G,1017,0,11,0.806640625,206.8456624,306.3778715,-0.06082458917,0.3168887746,-0.07796000098,-0.04368917736,0.2997621459,0.3340154032,0.8693114719
G,1018,0,11,0.80859375,206.9870223,306.4505128,-0.05775999014,0.3153139636,-0.07489540195,-0.04062457833,0.298187335,0.3324405923,0.8754674626
G,1019,0,11,0.810546875,207.1286095,306.5227505,-0.05469046193,0.3137479035,-0.07182587374,-0.03755505012,0.2966212749,0.3308745322,0.8816770536
G,1020,0,11,0.8125,207.2704243,306.5945833,-0.05161599863,0.3121906204,-0.06875141045,-0.03448058682,0.2950639918,0.3293172491,0.8879407786
G,1021,0,11,0.814453125,207.4124671,306.66601,-0.04853659434,0.3106421405,-0.06567200615,-0.03140118253,0.2935155118,0.3277687691,0.8942591771
G,1022,0,11,0.81640625,207.554738,306.7370294,-0.04545224314,0.3091024899,-0.06258765495,-0.02831683132,0.2919758612,0.3262291185,0.9006327947
G,1023,0,11,0.818359375,207.6972374,306.8076404,-0.04236293911,0.3075716947,-0.05949835092,-0.0252275273,0.2904450661,0.3246983234,0.9070621831
G,1024,0,11,0.8203125,207.8399655,306.8778417,-0.03926867636,0.3060497813,-0.05640408817,-0.02213326455,0.2889231526,0.3231764099,0.9135479
G,1025,0,11,0.822265625,207.9829227,306.9476322,-0.03616944898,0.3045367756,-0.05330486079,-0.01903403716,0.2874101469,0.3216634042,0.9200905094
G,1026,0,11,0.82421875,208.1261091,307.0170105,-0.03306525104,0.3030327038,-0.05020066285,-0.01592983923,0.2859060752,0.3201593325,0.9266905813
G,1027,0,11,0.826171875,208.269525,307.0859755,-0.02995607665,0.3015375922,-0.04709148846,-0.01282066484,0.2844109635,0.3186642208,0.9333486923
G,1028,0,11,0.828125,208.4131708,307.154526,-0.02684191989,0.3000514668,-0.0439773317,-0.009706508077,0.2829248382,0.3171780955,0.9400654254
G,1029,0,11,0.830078125,208.5570467,307.2226608,-0.02372277485,0.2985743539,-0.04085818666,-0.00658736304,0.2814477252,0.3157009826,0.94684137
G,1030,0,11,0.83203125,208.7011529,307.2903786,-0.02059863563,0.2971062796,-0.03773404744,-0.003463223816,0.2799796509,0.3142329082,0.953677122
G,1031,0,11,0.833984375,208.8454898,307.3576784,-0.01746949631,0.29564727,-0.03460490812,-0.0003340844954,0.2785206413,0.3127738986,0.9605732841
G,1032,0,11,0.8359375,208.9900576,307.4245588,-0.01433535098,0.2941973513,-0.03147076279,0.002800060832,0.2770707226,0.3113239799,0.9675304657
G,1033,0,11,0.837890625,209.1348565,307.4910186,-0.01119619373,0.2927565496,-0.02833160555,0.005939218076,0.275629921,0.3098831783,0.9745492829
G,1034,0,11,0.83984375,209.279887,307.5570567,-0.008052018664,0.2913248912,-0.02518743048,0.009083393147,0.2741982626,0.3084515199,0.9816303588
G,1035,0,11,0.841796875,209.4251491,307.6226719,-0.004902819857,0.2899024022,-0.02203823167,0.01223259195,0.2727757735,0.3070290308,0.9887743235
G,1036,0,11,0.84375,209.5706432,307.6878629,-0.001748591404,0.2884891087,-0.01888400322,0.01538682041,0.27136248,0.3056157373,0.9959818141
G,1037,0,11,0.845703125,209.7163697,307.7526285,0.001410672604,0.2870850369,-0.01572473921,0.01854608442,0.2699584082,0.3042116655,1.003253475
G,1038,0,11,0.84765625,209.8623286,307.8169675,0.004574978079,0.2856902129,-0.01256043373,0.02171038989,0.2685635842,0.3028168415,1.010589957
G,1039,0,11,0.849609375,210.0085204,307.8808788,0.007744330929,0.2843046629,-0.009391080882,0.02487974274,0.2671780343,0.3014312916,1.01799192
G,1040,0,11,0.8515625,210.1549453,307.9443611,0.01091873707,0.2829284132,-0.006216674746,0.02805414888,0.2658017845,0.3000550418,1.02546003
G,1041,0,11,0.853515625,210.3016036,308.0074132,0.0140982024,0.2815614897,-0.003037209415,0.03123361421,0.264434861,0.2986881184,1.03299496
G,1042,0,11,0.85546875,210.4484954,308.0700338,0.01728273283,0.2802039187,0.0001473210215,0.03441814464,0.2630772901,0.2973305474,1.040597391
G,1043,0,11,0.857421875,210.5956212,308.1322219,0.02047233428,0.2788557264,0.003336922473,0.0376077461,0.2617290977,0.295982355,1.048268014
G,1044,0,11,0.859375,210.7429812,308.1939762,0.02366701266,0.2775169388,0.006531600849,0.04080242447,0.2603903102,0.2946435675,1.056007524
G,1045,0,11,0.861328125,210.8905756,308.2552954,0.02686677387,0.2761875823,0.00973136206,0.04400218568,0.2590609536,0.2933142109,1.063816627
G,1046,0,11,0.86328125,211.0384048,308.3161784,0.03007162383,0.2748676828,0.01293621202,0.04720703564,0.2577410541,0.2919943115,1.071696035
G,1047,0,11,0.865234375,211.1864689,308.376624,0.03328156844,0.2735572666,0.01614615663,0.05041698025,0.256430638,0.2906838953,1.079646468
G,1048,0,11,0.8671875,211.3347683,308.4366309,0.03649661361,0.2722563598,0.0193612018,0.05363202542,0.2551297312,0.2893829885,1.087668657
G,1049,0,11,0.869140625,211.4833033,308.496198,0.03971676526,0.2709649887,0.02258135345,0.05685217707,0.25383836,0.2880916173,1.095763337
G,1050,0,11,0.87109375,211.6320741,308.555324,0.04294202929,0.2696831792,0.02580661748,0.0600774411,0.2525565506,0.2868098079,1.103931255
G,1051,0,11,0.873046875,211.781081,308.6140078,0.04617241162,0.2684109577,0.02903699981,0.06330782343,0.2512843291,0.2855375864,1.112173164
G,1052,0,11,0.875,211.9303242,308.672248,0.04940791815,0.2671483503,0.03227250634,0.06654332996,0.2500217216,0.2842749789,1.120489828
G,1053,0,11,0.876953125,212.0798041,308.7300437,0.05264855479,0.265895383,0.03551314298,0.0697839666,0.2487687544,0.2830220117,1.128882017
G,1054,0,11,0.87890625,212.2295209,308.7873934,0.05589432746,0.2646520822,0.03875891565,0.07302973927,0.2475254535,0.2817787108,1.137350512
G,1055,0,11,0.880859375,212.3794748,308.8442961,0.05914524206,0.2634184739,0.04200983025,0.07628065387,0.2462918452,0.2805451025,1.145896102
G,1056,0,11,0.8828125,212.5296663,308.9007504,0.0624013045,0.2621945842,0.04526589269,0.07953671631,0.2450679556,0.2793212129,1.154519585
G,1057,0,11,0.884765625,212.6800954,308.9567553,0.0656625207,0.2609804395,0.04852710889,0.08279793251,0.2438538108,0.2781070681,1.163221768
G,1058,0,11,0.88671875,212.8307625,309.0123094,0.06892889656,0.2597760657,0.05179348475,0.08606430837,0.2426494371,0.2769026944,1.172003467
G,1059,0,11,0.888671875,212.9816679,309.0674117,0.07220043799,0.2585814891,0.05506502618,0.0893358498,0.2414548605,0.2757081178,1.180865509
G,1060,0,11,0.890625,213.1328119,309.1220608,0.0754771509,0.2573967359,0.05834173909,0.09261256271,0.2402701072,0.2745233645,1.189808729
G,1061,0,11,0.892578125,213.2841947,309.1762556,0.07875904121,0.2562218321,0.0616236294,0.09589445302,0.2390952034,0.2733484608,1.198833972
G,1062,0,11,0.89453125,213.4358165,309.2299948,0.08204611482,0.255056804,0.06491070301,0.09918152663,0.2379301753,0.2721834326,1.207942092
G,1063,0,11,0.896484375,213.5876777,309.2832773,0.08533837764,0.2539016776,0.06820296583,0.1024737895,0.236775049,0.2710283063,1.217133953
G,1064,0,11,0.8984375,213.7397786,309.3361019,0.08863583558,0.2527564793,0.07150042377,0.1057712474,0.2356298506,0.2698831079,1.226410431
G,1065,0,11,0.900390625,213.8921194,309.3884673,0.09193849456,0.251621235,0.07480308274,0.1090739064,0.2344946064,0.2687478637,1.235772409
G,1066,0,11,0.90234375,214.0447003,309.4403723,0.09524636047,0.250495971,0.07811094866,0.1123817723,0.2333693424,0.2676225997,1.245220783
G,1067,0,11,0.904296875,214.1975217,309.4918158,0.09855943924,0.2493807135,0.08142402743,0.1156948511,0.2322540849,0.2665073422,1.254756457
G,1068,0,11,0.90625,214.3505838,309.5427965,0.1018777368,0.2482754886,0.08474232496,0.1190131486,0.2311488599,0.2654021172,1.264380347
G,1069,0,11,0.908203125,214.5038869,309.5933133,0.105201259,0.2471803224,0.08806584716,0.1223366708,0.2300536937,0.264306951,1.274093379
G,1070,0,11,0.91015625,214.6574313,309.6433648,0.1085300117,0.2460952411,0.09139459994,0.1256654236,0.2289686124,0.2632218697,1.283896491
G,1071,0,11,0.912109375,214.8112172,309.69295,0.111864001,0.2450202708,0.09472858921,0.1289994128,0.2278936422,0.2621468995,1.293790628
G,1072,0,11,0.9140625,214.965245,309.7420675,0.1152032327,0.2439554378,0.09806782088,0.1323386445,0.2268288092,0.2610820665,1.303776752
G,1073,0,11,0.916015625,215.1195148,309.7907163,0.1185477127,0.2429007682,0.1014123009,0.1356831245,0.2257741396,0.2600273969,1.313855831
G,1074,0,11,0.91796875,215.274027,309.838895,0.1218974469,0.2418562881,0.1047620351,0.1390328587,0.2247296595,0.2589829168,1.324028846
G,1075,0,11,0.919921875,215.4287818,309.8866025,0.1252524412,0.2408220238,0.1081170294,0.142387853,0.2236953951,0.2579486524,1.33429679
G,1076,0,11,0.921875,215.5837795,309.9338376,0.1286127016,0.2397980012,0.1114772898,0.1457481134,0.2226713726,0.2569246299,1.344660668
G,1077,0,11,0.923828125,215.7390204,309.9805991,0.1319782339,0.2387842467,0.1148428221,0.1491136457,0.2216576181,0.2559108754,1.355121494
G,1078,0,11,0.92578125,215.8945048,310.0268857,0.1353490441,0.2377807864,0.1182136323,0.1524844559,0.2206541577,0.254907415,1.365680298
G,1079,0,11,0.927734375,216.0502328,310.0726962,0.138725138,0.2367876464,0.1215897262,0.1558605499,0.2196610177,0.253914275,1.376338118
G,1080,0,11,0.9296875,216.2062049,310.1180296,0.1421065217,0.2358048529,0.1249711099,0.1592419335,0.2186782242,0.2529314815,1.387096007
G,1081,0,11,0.931640625,216.3624212,310.1628844,0.1454932009,0.234832432,0.1283577891,0.1626286127,0.2177058033,0.2519590606,1.397955029
G,1082,0,11,0.93359375,216.5188821,310.2072596,0.1488851816,0.2338704099,0.1317497698,0.1660205934,0.2167437813,0.2509970386,1.408916261
G,1083,0,11,0.935546875,216.6755878,310.2511539,0.1522824697,0.2329188128,0.1351470579,0.1694178816,0.2157921842,0.2500454415,1.419980792
G,1084,0,11,0.9375,216.8325386,310.2945662,0.1556850712,0.2319776668,0.1385496594,0.172820483,0.2148510382,0.2491042955,1.431149724
G,1085,0,11,0.939453125,216.9897347,310.3374951,0.1590929919,0.2310469981,0.1419575801,0.1762284037,0.2139203695,0.2481736268,1.442424173
G,1086,0,11,0.94140625,217.1471765,310.3799396,0.1625062377,0.2301268329,0.1453708259,0.1796416495,0.2130002042,0.2472534615,1.453805266
G,1087,0,11,0.943359375,217.3048641,310.4218983,0.1659248146,0.2292171972,0.1487894027,0.1830602264,0.2120905685,0.2463438258,1.465294146
G,1088,0,11,0.9453125,217.462798,310.4633702,0.1693487284,0.2283181173,0.1522133166,0.1864841402,0.2111914886,0.2454447459,1.476891967
G,1089,0,11,0.947265625,217.6209783,310.504354,0.1727779851,0.2274296192,0.1556425733,0.1899133969,0.2103029906,0.2445562479,1.488599899
G,1090,0,11,0.94921875,217.7794053,310.5448484,0.1762125905,0.2265517293,0.1590771787,0.1933480023,0.2094251006,0.243678358,1.500419123
G,1091,0,11,0.951171875,217.9380793,310.5848523,0.1796525507,0.2256844736,0.1625171389,0.1967879625,0.2085578449,0.2428111022,1.512350836
G,1092,0,11,0.953125,218.0970006,310.6243645,0.1830978714,0.2248278782,0.1659624596,0.2002332833,0.2077012496,0.2419545069,1.524396249
G,1093,0,11,0.955078125,218.2561694,310.6633837,0.1865485587,0.2239819695,0.1694131469,0.2036839705,0.2068553408,0.2411085981,1.536556587
G,1094,0,11,0.95703125,218.415586,310.7019088,0.1900046184,0.2231467734,0.1728692066,0.2071400302,0.2060201447,0.240273402,1.548833089
G,1095,0,11,0.958984375,218.5752507,310.7399385,0.1934660564,0.2223223161,0.1763306446,0.2106014682,0.2051956875,0.2394489448,1.561227011
G,1096,0,11,0.9609375,218.7351638,310.7774717,0.1969328786,0.2215086239,0.1797974668,0.2140682904,0.2043819953,0.2386352526,1.57373962
G,1097,0,11,0.962890625,218.8953255,310.8145071,0.200405091,0.2207057229,0.1832696792,0.2175405028,0.2035790942,0.2378323515,1.586372202
G,1098,0,11,0.96484375,219.0557361,310.8510436,0.2038826995,0.2199136392,0.1867472877,0.2210181113,0.2027870105,0.2370402678,1.599126055
G,1099,0,11,0.966796875,219.2163959,310.8870798,0.2073657099,0.219132399,0.1902302981,0.2245011217,0.2020057703,0.2362590276,1.612002496
G,1100,0,11,0.96875,219.3773051,310.9226147,0.2108541282,0.2183620284,0.1937187164,0.22798954,0.2012353998,0.2354886571,1.625002854
G,1101,0,11,0.970703125,219.5384641,310.957647,0.2143479602,0.2176025537,0.1972125484,0.2314833721,0.200475925,0.2347291823,1.638128478
G,1102,0,11,0.97265625,219.699873,310.9921755,0.217847212,0.2168540009,0.2007118002,0.2349826238,0.1997273722,0.2339806295,1.651380728
G,1103,0,11,0.974609375,219.8615322,311.026199,0.2213518894,0.2161163962,0.2042164776,0.2384873012,0.1989897675,0.2332430248,1.664760985
G,1104,0,11,0.9765625,220.0234419,311.0597163,0.2248619983,0.2153897658,0.2077265865,0.2419974101,0.1982631371,0.2325163945,1.678270645
G,1105,0,11,0.978515625,220.1856025,311.0927261,0.2283775446,0.2146741359,0.2112421328,0.2455129564,0.1975475072,0.2318007645,1.691911119
G,1106,0,11,0.98046875,220.3480141,311.1252274,0.2318985343,0.2139695325,0.2147631225,0.2490339461,0.1968429038,0.2310961612,1.705683838
G,1107,0,11,0.982421875,220.5106771,311.1572188,0.2354249732,0.2132759819,0.2182895614,0.252560385,0.1961493533,0.2304026106,1.719590247
G,1108,0,11,0.984375,220.6735917,311.1886992,0.2389568672,0.2125935102,0.2218214554,0.256092279,0.1954668816,0.2297201389,1.73363181
G,1109,0,11,0.986328125,220.8367582,311.2196673,0.2424942223,0.2119221436,0.2253588105,0.2596296342,0.194795515,0.2290487723,1.74781001
G,1110,0,11,0.98828125,221.0001769,311.250122,0.2460370444,0.2112619082,0.2289016326,0.2631724563,0.1941352796,0.2283885369,1.762126346
G,1111,0,11,0.990234375,221.1638481,311.280062,0.2495853394,0.2106128302,0.2324499276,0.2667207512,0.1934862016,0.2277394589,1.776582335
G,1112,0,11,0.9921875,221.3277719,311.3094861,0.2531391132,0.2099749358,0.2360037014,0.270274525,0.1928483071,0.2271015644,1.791179513
G,1113,0,11,0.994140625,221.4919488,311.3383932,0.2566983717,0.209348251,0.2395629599,0.2738337835,0.1922216224,0.2264748797,1.805919434
G,1114,0,11,0.99609375,221.6563789,311.366782,0.2602631208,0.2087328022,0.243127709,0.2773985326,0.1916061735,0.2258594308,1.820803673
G,1115,0,11,0.998046875,221.8210625,311.3946514,0.2638333664,0.2081286153,0.2466979546,0.2809687782,0.1910019866,0.225255244,1.835833821
G,1116,0,11,1,221.986,311.422,0.2674091144,0.2075357166,0.2502737026,0.2845445263,0.190409088,0.2246623453,1.851011489
G,1117,0,12,0.08333333333,222.22475,311.458,0.2725850754,0.2067552626,0.2554496636,0.2897204872,0.189628634,0.2238818913,1.873203995
G,1118,0,12,0.1666666667,222.4635,311.494,0.2777610364,0.2059748087,0.2606256246,0.2948964482,0.18884818,0.2231014373,1.895662576
G,1119,0,12,0.25,222.70225,311.53,0.2829369974,0.2051943547,0.2658015856,0.3000724092,0.1880677261,0.2223209834,1.918390422
G,1120,0,12,0.3333333333,222.941,311.566,0.2881129584,0.2044139008,0.2709775466,0.3052483702,0.1872872721,0.2215405294,1.941390761
G,1121,0,12,0.4166666667,223.17975,311.602,0.2932889194,0.2036334468,0.2761535076,0.3104243312,0.1865068181,0.2207600754,1.964666859
G,1122,0,12,0.5,223.4185,311.638,0.2984648804,0.2028529928,0.2813294686,0.3156002922,0.1857263642,0.2199796215,1.988222025
G,1123,0,12,0.5833333333,223.65725,311.674,0.3036408414,0.2020725389,0.2865054296,0.3207762532,0.1849459102,0.2191991675,2.012059602
G,1124,0,12,0.6666666667,223.896,311.71,0.3088168024,0.2012920849,0.2916813906,0.3259522142,0.1841654562,0.2184187136,2.036182977
G,1125,0,12,0.75,224.13475,311.746,0.3139927634,0.2005116309,0.2968573516,0.3311281752,0.1833850023,0.2176382596,2.060595577
G,1126,0,12,0.8333333333,224.3735,311.782,0.3191687244,0.199731177,0.3020333126,0.3363041362,0.1826045483,0.2168578056,2.08530087
G,1127,0,12,0.9166666667,224.61225,311.818,0.3243446854,0.198950723,0.3072092736,0.3414800972,0.1818240943,0.2160773517,2.110302364
G,1128,0,12,1,224.851,311.854,0.3295206464,0.198170269,0.3123852346,0.3466560582,0.1810436404,0.2152968977,2.13560361
G,1129,0,13,0.07142857143,225.0835,311.8807143,0.334561111,0.1975911226,0.3174256992,0.3516965228,0.180464494,0.2147177513,2.160534029
G,1130,0,13,0.1428571429,225.316,311.9074286,0.3396015756,0.1970119763,0.3224661638,0.3567369875,0.1798853476,0.2141386049,2.185755479
G,1131,0,13,0.2142857143,225.5485,311.9341429,0.3446420403,0.1964328299,0.3275066285,0.3617774521,0.1793062012,0.2135594585,2.211271356
G,1132,0,13,0.2857142857,225.781,311.9608571,0.3496825049,0.1958536835,0.3325470931,0.3668179167,0.1787270548,0.2129803121,2.237085098
G,1133,0,13,0.3571428571,226.0135,311.9875714,0.3547229695,0.1952745371,0.3375875577,0.3718583814,0.1781479084,0.2124011657,2.263200183
G,1134,0,13,0.4285714286,226.246,312.0142857,0.3597634342,0.1946953907,0.3426280224,0.376898846,0.177568762,0.2118220193,2.289620127
G,1135,0,13,0.5,226.4785,312.041,0.3648038988,0.1941162443,0.347668487,0.3819393106,0.1769896156,0.2112428729,2.316348491
G,1136,0,13,0.5714285714,226.711,312.0677143,0.3698443634,0.1935370979,0.3527089516,0.3869797753,0.1764104692,0.2106637265,2.343388873
G,1137,0,13,0.6428571429,226.9435,312.0944286,0.3748848281,0.1929579515,0.3577494163,0.3920202399,0.1758313228,0.2100845801,2.370744917
G,1138,0,13,0.7142857143,227.176,312.1211429,0.3799252927,0.1923788051,0.3627898809,0.3970607045,0.1752521764,0.2095054338,2.398420308
G,1139,0,13,0.7857142857,227.4085,312.1478571,0.3849657573,0.1917996587,0.3678303455,0.4021011692,0.1746730301,0.2089262874,2.426418773
G,1140,0,13,0.8571428571,227.641,312.1745714,0.390006222,0.1912205123,0.3728708102,0.4071416338,0.1740938837,0.208347141,2.454744084
G,1141,0,13,0.9285714286,227.8735,312.2012857,0.3950466866,0.1906413659,0.3779112748,0.4121820984,0.1735147373,0.2077679946,2.483400056
G,1142,0,13,1,228.106,312.228,0.4000871512,0.1900622195,0.3829517394,0.4172225631,0.1729355909,0.2071888482,2.51239055
B,0,1,0,0,98.947,167.392,-2.400004769,3.330001951,-2.417140181,-2.382869358,3.312875322,3.34712858,0.003981027985
B,1,1,1,0.06666666667,99.16346667,167.4822667,-2.395311898,3.328045035,-2.41244731,-2.378176486,3.310918406,3.345171664,0.00402427918
B,2,1,1,0.1333333333,99.37993333,167.5725333,-2.390619027,3.326088119,-2.407754439,-2.373483615,3.30896149,3.343214748,0.004068000271
B,3,1,1,0.2,99.5964,167.6628,-2.385926156,3.324131203,-2.403061567,-2.368790744,3.307004574,3.341257832,0.004112196361
B,4,1,1,0.2666666667,99.81286667,167.7530667,-2.381233284,3.322174287,-2.398368696,-2.364097872,3.305047658,3.339300916,0.004156872613
B,5,1,1,0.3333333333,100.0293333,167.8433333,-2.376540413,3.320217371,-2.393675825,-2.359405001,3.303090742,3.337344,0.004202034241
B,6,1,1,0.4,100.2458,167.9336,-2.371847542,3.318260455,-2.388982953,-2.35471213,3.301133826,3.335387083,0.004247686521
B,7,1,1,0.4666666667,100.4622667,168.0238667,-2.36715467,3.316303539,-2.384290082,-2.350019259,3.29917691,3.333430167,0.004293834782
B,8,1,1,0.5333333333,100.6787333,168.1141333,-2.362461799,3.314346623,-2.379597211,-2.345326387,3.297219994,3.331473251,0.004340484413
B,9,1,1,0.6,100.8952,168.2044,-2.357768928,3.312389707,-2.37490434,-2.340633516,3.295263078,3.329516335,0.004387640861
B,10,1,1,0.6666666667,101.1116667,168.2946667,-2.353076056,3.310432791,-2.370211468,-2.335940645,3.293306162,3.327559419,0.004435309631
B,11,1,1,0.7333333333,101.3281333,168.3849333,-2.348383185,3.308475875,-2.365518597,-2.331247773,3.291349246,3.325602503,0.004483496291
B,12,1,1,0.8,101.5446,168.4752,-2.343690314,3.306518959,-2.360825726,-2.326554902,3.28939233,3.323645587,0.004532206467
B,13,1,1,0.8666666667,101.7610667,168.5654667,-2.338997443,3.304562042,-2.356132854,-2.321862031,3.287435414,3.321688671,0.004581445846
B,14,1,1,0.9333333333,101.9775333,168.6557333,-2.334304571,3.302605126,-2.351439983,-2.317169159,3.285478498,3.319731755,0.004631220178
B,15,1,1,1,102.194,168.746,-2.3296117,3.30064821,-2.346747112,-2.312476288,3.283521582,3.317774839,0.004681535275
B,16,1,2,0.07692307692,102.4144615,168.8456923,-2.324832222,3.298486953,-2.341967634,-2.30769681,3.281360325,3.315613582,0.004733340834
B,17,1,2,0.1538461538,102.6349231,168.9453846,-2.320052744,3.296325696,-2.337188156,-2.302917333,3.279199067,3.313452325,0.00478571967
B,18,1,2,0.2307692308,102.8553846,169.0450769,-2.315273267,3.294164439,-2.332408678,-2.298137855,3.27703781,3.311291068,0.004838678127
B,19,1,2,0.3076923077,103.0758462,169.1447692,-2.310493789,3.292003182,-2.327629201,-2.293358377,3.274876553,3.309129811,0.004892222619
B,20,1,2,0.3846153846,103.2963077,169.2444615,-2.305714311,3.289841925,-2.322849723,-2.288578899,3.272715296,3.306968553,0.004946359631
B,21,1,2,0.4615384615,103.5167692,169.3441538,-2.300934833,3.287680668,-2.318070245,-2.283799421,3.270554039,3.304807296,0.005001095719
B,22,1,2,0.5384615385,103.7372308,169.4438462,-2.296155355,3.28551941,-2.313290767,-2.279019944,3.268392782,3.302646039,0.005056437513
B,23,1,2,0.6153846154,103.9576923,169.5435385,-2.291375878,3.283358153,-2.308511289,-2.274240466,3.266231525,3.300484782,0.005112391716
B,24,1,2,0.6923076923,104.1781538,169.6432308,-2.2865964,3.281196896,-2.303731812,-2.269460988,3.264070268,3.298323525,0.005168965104
B,25,1,2,0.7692307692,104.3986154,169.7429231,-2.281816922,3.279035639,-2.298952334,-2.26468151,3.26190901,3.296162268,0.00522616453
B,26,1,2,0.8461538462,104.6190769,169.8426154,-2.277037444,3.276874382,-2.294172856,-2.259902032,3.259747753,3.294001011,0.00528399692
B,27,1,2,0.9230769231,104.8395385,169.9423077,-2.272257966,3.274713125,-2.289393378,-2.255122555,3.257586496,3.291839753,0.00534246928
B,28,1,2,1,105.06,170.042,-2.267478489,3.272551868,-2.2846139,-2.250343077,3.255425239,3.289678496,0.005401588692
B,29,1,3,0.08333333333,105.27,170.1464167,-2.262925811,3.27028819,-2.280061223,-2.245790399,3.253161561,3.287414819,0.005458510991
B,30,1,3,0.1666666667,105.48,170.2508333,-2.258373133,3.268024512,-2.275508545,-2.241237721,3.250897883,3.285151141,0.005516033142
B,31,1,3,0.25,105.69,170.35525,-2.253820455,3.265760834,-2.270955867,-2.236685044,3.248634206,3.282887463,0.005574161465
B,32,1,3,0.3333333333,105.9,170.4596667,-2.249267778,3.263497156,-2.266403189,-2.232132366,3.246370528,3.280623785,0.005632902348
B,33,1,3,0.4166666667,106.11,170.5640833,-2.2447151,3.261233479,-2.261850512,-2.227579688,3.24410685,3.278360107,0.005692262246
B,34,1,3,0.5,106.32,170.6685,-2.240162422,3.258969801,-2.257297834,-2.22302701,3.241843172,3.276096429,0.005752247683
B,35,1,3,0.5833333333,106.53,170.7729167,-2.235609744,3.256706123,-2.252745156,-2.218474333,3.239579494,3.273832752,0.00581286525
B,36,1,3,0.6666666667,106.74,170.8773333,-2.231057067,3.254442445,-2.248192479,-2.213921655,3.237315816,3.271569074,0.005874121609
B,37,1,3,0.75,106.95,170.98175,-2.226504389,3.252178767,-2.243639801,-2.209368977,3.235052139,3.269305396,0.005936023492
B,38,1,3,0.8333333333,107.16,171.0861667,-2.221951711,3.249915089,-2.239087123,-2.204816299,3.232788461,3.267041718,0.005998577701
B,39,1,3,0.9166666667,107.37,171.1905833,-2.217399034,3.247651412,-2.234534445,-2.200263622,3.230524783,3.26477804,0.00606179111
B,40,1,3,1,107.58,171.295,-2.212846356,3.245387734,-2.229981768,-2.195710944,3.228261105,3.262514363,0.006125670667
B,41,1,4,0.00390625,107.7382326,171.3778257,-2.209415965,3.243592133,-2.226551377,-2.192280553,3.226465504,3.260718761,0.006174247505
B,42,1,4,0.0078125,107.8958461,171.4609045,-2.205998996,3.241791045,-2.223134408,-2.188863584,3.224664416,3.258917673,0.006223017242
B,43,1,4,0.01171875,108.052843,171.5442366,-2.202595394,3.239984464,-2.219730806,-2.185459983,3.222857836,3.257111093,0.006271979146
B,44,1,4,0.015625,108.2092258,171.6278223,-2.199205107,3.238172387,-2.216340519,-2.182069696,3.221045758,3.255299015,0.006321132481
B,45,1,4,0.01953125,108.3649968,171.7116618,-2.195828082,3.236354807,-2.212963493,-2.17869267,3.219228178,3.253481436,0.006370476507
B,46,1,4,0.0234375,108.5201587,171.7957554,-2.192464263,3.23453172,-2.209599675,-2.175328851,3.217405091,3.251658348,0.006420010476
B,47,1,4,0.02734375,108.6747138,171.8801032,-2.189113599,3.23270312,-2.206249011,-2.171978187,3.215576491,3.249829749,0.00646973364
B,48,1,4,0.03125,108.8286646,171.9647055,-2.185776035,3.230869003,-2.202911447,-2.168640624,3.213742374,3.247995632,0.00651964524
B,49,1,4,0.03515625,108.9820135,172.0495626,-2.182451519,3.229029363,-2.199586931,-2.165316107,3.211902734,3.246155992,0.006569744518
B,50,1,4,0.0390625,109.1347631,172.1346746,-2.179139996,3.227184196,-2.196275408,-2.162004584,3.210057567,3.244310824,0.006620030708
B,51,1,4,0.04296875,109.2869159,172.2200418,-2.175841413,3.225333496,-2.192976825,-2.158706002,3.208206867,3.242460124,0.006670503043
B,52,1,4,0.046875,109.4384742,172.3056645,-2.172555718,3.223477258,-2.189691129,-2.155420306,3.206350629,3.240603886,0.006721160748
B,53,1,4,0.05078125,109.5894405,172.3915429,-2.169282855,3.221615477,-2.186418267,-2.152147443,3.204488848,3.238742106,0.00677200305
B,54,1,4,0.0546875,109.7398174,172.4776772,-2.166022772,3.219748148,-2.183158184,-2.14888736,3.20262152,3.236874777,0.006823029166
B,55,1,4,0.05859375,109.8896072,172.5640676,-2.162775416,3.217875267,-2.179910828,-2.145640004,3.200748638,3.235001895,0.006874238315
B,56,1,4,0.0625,110.0388125,172.6507144,-2.159540732,3.215996827,-2.176676144,-2.142405321,3.198870198,3.233123456,0.006925629711
B,57,1,4,0.06640625,110.1874357,172.7376178,-2.156318668,3.214112824,-2.17345408,-2.139183256,3.196986196,3.231239453,0.006977202564
B,58,1,4,0.0703125,110.3354792,172.824778,-2.15310917,3.212223253,-2.170244582,-2.135973758,3.195096625,3.229349882,0.007028956083
B,59,1,4,0.07421875,110.4829456,172.9121953,-2.149912185,3.210328109,-2.167047596,-2.132776773,3.19320148,3.227454738,0.007080889474
B,60,1,4,0.078125,110.6298373,172.99987,-2.146727658,3.208427386,-2.16386307,-2.129592246,3.191300758,3.225554015,0.007133001939
B,61,1,4,0.08203125,110.7761568,173.0878021,-2.143555537,3.20652108,-2.160690949,-2.126420125,3.189394451,3.223647709,0.007185292682
B,62,1,4,0.0859375,110.9219065,173.1759921,-2.140395768,3.204609185,-2.15753118,-2.123260356,3.187482557,3.221735814,0.007237760901
B,63,1,4,0.08984375,111.067089,173.2644401,-2.137248298,3.202691697,-2.154383709,-2.120112886,3.185565069,3.219818326,0.007290405794
B,64,1,4,0.09375,111.2117065,173.3531463,-2.134113072,3.200768611,-2.151248484,-2.116977661,3.183641982,3.217895239,0.007343226559
B,65,1,4,0.09765625,111.3557618,173.442111,-2.130990039,3.19883992,-2.148125451,-2.113854627,3.181713291,3.215966549,0.00739622239
B,66,1,4,0.1015625,111.4992571,173.5313344,-2.127879144,3.196905621,-2.145014555,-2.110743732,3.179778992,3.214032249,0.007449392482
B,67,1,4,0.10546875,111.642195,173.6208168,-2.124780333,3.194965708,-2.141915745,-2.107644921,3.177839079,3.212092336,0.007502736029
B,68,1,4,0.109375,111.7845779,173.7105584,-2.121693554,3.193020176,-2.138828966,-2.104558142,3.175893547,3.210146804,0.007556252223
B,69,1,4,0.11328125,111.9264084,173.8005593,-2.118618753,3.19106902,-2.135754164,-2.101483341,3.173942391,3.208195648,0.007609940258
B,70,1,4,0.1171875,112.0676888,173.89082,-2.115555876,3.189112235,-2.132691287,-2.098420464,3.171985606,3.206238863,0.007663799326
B,71,1,4,0.12109375,112.2084216,173.9813405,-2.11250487,3.187149815,-2.129640281,-2.095369458,3.170023187,3.204276444,0.007717828618
B,72,1,4,0.125,112.3486094,174.0721211,-2.109465681,3.185181757,-2.126601093,-2.092330269,3.168055128,3.202308386,0.007772027329
B,73,1,4,0.12890625,112.4882545,174.1631621,-2.106438256,3.183208054,-2.123573668,-2.089302844,3.166081426,3.200334683,0.007826394652
B,74,1,4,0.1328125,112.6273594,174.2544636,-2.103422542,3.181228702,-2.120557954,-2.08628713,3.164102074,3.198355331,0.007880929781
B,75,1,4,0.13671875,112.7659267,174.346026,-2.100418485,3.179243696,-2.117553897,-2.083283073,3.162117067,3.196370325,0.00793563191
B,76,1,4,0.140625,112.9039587,174.4378495,-2.097426031,3.17725303,-2.114561443,-2.08029062,3.160126401,3.194379659,0.007990500236
B,77,1,4,0.14453125,113.0414579,174.5299342,-2.094445128,3.1752567,-2.11158054,-2.077309716,3.158130071,3.192383328,0.008045533956
B,78,1,4,0.1484375,113.1784269,174.6222805,-2.091475721,3.1732547,-2.108611133,-2.074340309,3.156128071,3.190381328,0.00810073227
B,79,1,4,0.15234375,113.314868,174.7148885,-2.088517757,3.171247025,-2.105653169,-2.071382346,3.154120396,3.188373654,0.008156094379
B,80,1,4,0.15625,113.4507837,174.8077585,-2.085571183,3.16923367,-2.102706595,-2.068435772,3.152107042,3.186360299,0.008211619485
B,81,1,4,0.16015625,113.5861765,174.9008907,-2.082635946,3.167214631,-2.099771358,-2.065500534,3.150088002,3.18434126,0.008267306793
B,82,1,4,0.1640625,113.7210489,174.9942854,-2.079711991,3.165189902,-2.096847403,-2.062576579,3.148063273,3.182316531,0.008323155512
B,83,1,4,0.16796875,113.8554033,175.0879428,-2.076799265,3.163159478,-2.093934677,-2.059663853,3.146032849,3.180286106,0.008379164851
B,84,1,4,0.171875,113.9892422,175.1818631,-2.073897715,3.161123353,-2.091033127,-2.056762304,3.143996725,3.178249982,0.008435334024
B,85,1,4,0.17578125,114.1225681,175.2760465,-2.071007288,3.159081524,-2.0881427,-2.053871876,3.141954895,3.176208153,0.008491662248
B,86,1,4,0.1796875,114.2553834,175.3704934,-2.06812793,3.157033985,-2.085263341,-2.050992518,3.139907356,3.174160613,0.008548148741
B,87,1,4,0.18359375,114.3876906,175.4652039,-2.065259587,3.15498073,-2.082394998,-2.048124175,3.137854101,3.172107358,0.008604792727
B,88,1,4,0.1875,114.5194922,175.5601782,-2.062402205,3.152921755,-2.079537617,-2.045266794,3.135795126,3.170048383,0.008661593433
B,89,1,4,0.19140625,114.6507906,175.6554167,-2.059555733,3.150857054,-2.076691145,-2.042420321,3.133730425,3.167983683,0.008718550091
B,90,1,4,0.1953125,114.7815882,175.7509194,-2.056720115,3.148786623,-2.073855527,-2.039584704,3.131659995,3.165913252,0.008775661935
B,91,1,4,0.19921875,114.9118877,175.8466868,-2.0538953,3.146710457,-2.071030711,-2.036759888,3.129583828,3.163837085,0.008832928205
B,92,1,4,0.203125,115.0416913,175.9427189,-2.051081232,3.14462855,-2.068216644,-2.03394582,3.127501921,3.161755178,0.008890348145
B,93,1,4,0.20703125,115.1710017,176.0390161,-2.048277859,3.142540897,-2.06541327,-2.031142447,3.125414268,3.159667525,0.008947921005
B,94,1,4,0.2109375,115.2998212,176.1355785,-2.045485127,3.140447493,-2.062620539,-2.028349715,3.123320865,3.157574122,0.009005646039
B,95,1,4,0.21484375,115.4281523,176.2324064,-2.042702982,3.138348334,-2.059838394,-2.025567571,3.121221705,3.155474963,0.009063522506
B,96,1,4,0.21875,115.5559976,176.3295001,-2.039931373,3.136243414,-2.057066784,-2.022795961,3.119116785,3.153370042,0.009121549673
B,97,1,4,0.22265625,115.6833593,176.4268597,-2.037170243,3.134132727,-2.054305655,-2.020034832,3.117006099,3.151259356,0.009179726809
B,98,1,4,0.2265625,115.8102401,176.5244855,-2.034419541,3.13201627,-2.051554953,-2.01728413,3.114889641,3.149142899,0.009238053191
B,99,1,4,0.23046875,115.9366424,176.6223778,-2.031679213,3.129894037,-2.048814625,-2.014543802,3.112767408,3.147020665,0.009296528104
B,100,1,4,0.234375,116.0625687,176.7205367,-2.028949206,3.127766022,-2.046084618,-2.011813794,3.110639394,3.144892651,0.009355150835
B,101,1,4,0.23828125,116.1880213,176.8189625,-2.026229465,3.125632222,-2.043364877,-2.009094053,3.108505593,3.14275885,0.009413920682
B,102,1,4,0.2421875,116.3130029,176.9176555,-2.023519938,3.123492629,-2.04065535,-2.006384526,3.106366001,3.140619258,0.009472836948
B,103,1,4,0.24609375,116.4375158,177.0166158,-2.020820571,3.121347241,-2.037955983,-2.003685159,3.104220612,3.13847387,0.009531898942
B,104,1,4,0.25,116.5615625,177.1158437,-2.01813131,3.119196051,-2.035266722,-2.000995898,3.102069422,3.13632268,0.009591105981
B,105,1,4,0.25390625,116.6851455,177.2153395,-2.015452102,3.117039055,-2.032587514,-1.998316691,3.099912426,3.134165683,0.009650457392
B,106,1,4,0.2578125,116.8082673,177.3151034,-2.012782894,3.114876247,-2.029918306,-1.995647483,3.097749618,3.132002875,0.009709952505
B,107,1,4,0.26171875,116.9309302,177.4151355,-2.010123632,3.112707622,-2.027259044,-1.992988221,3.095580993,3.129834251,0.009769590662
B,108,1,4,0.265625,117.0531369,177.5154362,-2.007474263,3.110533176,-2.024609675,-1.990338851,3.093406547,3.127659804,0.009829371212
B,109,1,4,0.26953125,117.1748897,177.6160057,-2.004834733,3.108352902,-2.021970145,-1.987699321,3.091226274,3.125479531,0.009889293511
B,110,1,4,0.2734375,117.2961911,177.7168441,-2.002204989,3.106166797,-2.019340401,-1.985069577,3.089040169,3.123293426,0.009949356926
B,111,1,4,0.27734375,117.4170436,177.8179519,-1.999584977,3.103974855,-2.016720389,-1.982449565,3.086848227,3.121101484,0.01000956083
B,112,1,4,0.28125,117.5374497,177.919329,-1.996974644,3.101777071,-2.014110055,-1.979839232,3.084650442,3.1189037,0.01006990461
B,113,1,4,0.28515625,117.6574118,178.0209759,-1.994373936,3.09957344,-2.011509347,-1.977238524,3.082446811,3.116700069,0.01013038765
B,114,1,4,0.2890625,117.7769323,178.1228928,-1.9917828,3.097363957,-2.008918211,-1.974647388,3.080237328,3.114490585,0.01019100936
B,115,1,4,0.29296875,117.8960138,178.2250798,-1.989201182,3.095148616,-2.006336594,-1.97206577,3.078021987,3.112275245,0.01025176915
B,116,1,4,0.296875,118.0146588,178.3275372,-1.986629029,3.092927413,-2.003764441,-1.969493618,3.075800785,3.110054042,0.01031266644
B,117,1,4,0.30078125,118.1328695,178.4302653,-1.984066288,3.090700343,-2.0012017,-1.966930876,3.073573714,3.107826972,0.01037370066
B,118,1,4,0.3046875,118.2506487,178.5332642,-1.981512905,3.0884674,-1.998648317,-1.964377493,3.071340772,3.105594029,0.01043487125
B,119,1,4,0.30859375,118.3679986,178.6365343,-1.978968826,3.08622858,-1.996104238,-1.961833414,3.069101952,3.103355209,0.01049617768
B,120,1,4,0.3125,118.4849219,178.7400757,-1.976433999,3.083983877,-1.99356941,-1.959298587,3.066857249,3.101110506,0.01055761939
B,121,1,4,0.31640625,118.6014209,178.8438887,-1.973908369,3.081733287,-1.99104378,-1.956772957,3.064606658,3.098859916,0.01061919587
B,122,1,4,0.3203125,118.717498,178.9479735,-1.971391883,3.079476804,-1.988527295,-1.954256471,3.062350175,3.096603433,0.0106809066
B,123,1,4,0.32421875,118.8331559,179.0523303,-1.968884488,3.077214423,-1.986019899,-1.951749076,3.060087794,3.094341052,0.01074275107
B,124,1,4,0.328125,118.9483969,179.1569594,-1.96638613,3.074946139,-1.983521541,-1.949250718,3.057819511,3.092072768,0.0108047288
B,125,1,4,0.33203125,119.0632235,179.2618611,-1.963896755,3.072671948,-1.981032167,-1.946761344,3.055545319,3.089798576,0.0108668393
B,126,1,4,0.3359375,119.1776382,179.3670355,-1.961416312,3.070391843,-1.978551723,-1.9442809,3.053265214,3.087518471,0.0109290821
B,127,1,4,0.33984375,119.2916435,179.4724828,-1.958944744,3.06810582,-1.976080156,-1.941809333,3.050979191,3.085232449,0.01099145676
B,128,1,4,0.34375,119.4052417,179.5782034,-1.956482001,3.065813874,-1.973617412,-1.939346589,3.048687245,3.082940503,0.01105396282
B,129,1,4,0.34765625,119.5184354,179.6841975,-1.954028027,3.063516,-1.971163439,-1.936892615,3.046389371,3.080642629,0.01111659985
B,130,1,4,0.3515625,119.6312271,179.7904652,-1.951582769,3.061212192,-1.968718181,-1.934447358,3.044085564,3.078338821,0.01117936744
B,131,1,4,0.35546875,119.7436191,179.8970068,-1.949146175,3.058902447,-1.966281587,-1.932010763,3.041775818,3.076029075,0.01124226518
B,132,1,4,0.359375,119.8556141,180.0038226,-1.94671819,3.056586757,-1.963853602,-1.929582778,3.039460129,3.073713386,0.01130529268
B,133,1,4,0.36328125,119.9672144,180.1109128,-1.944298761,3.05426512,-1.961434173,-1.927163349,3.037138491,3.071391748,0.01136844956
B,134,1,4,0.3671875,120.0784224,180.2182776,-1.941887834,3.051937528,-1.959023246,-1.924752423,3.0348109,3.069064157,0.01143173545
B,135,1,4,0.37109375,120.1892408,180.3259173,-1.939485357,3.049603978,-1.956620769,-1.922349945,3.03247735,3.066730607,0.01149515001
B,136,1,4,0.375,120.2996719,180.433832,-1.937091275,3.047264465,-1.954226687,-1.919955863,3.030137836,3.064391093,0.01155869289
B,137,1,4,0.37890625,120.4097182,180.5420221,-1.934705536,3.044918982,-1.951840947,-1.917570124,3.027792354,3.062045611,0.01162236377
B,138,1,4,0.3828125,120.5193821,180.6504877,-1.932328085,3.042567526,-1.949463497,-1.915192673,3.025440897,3.059694155,0.01168616235
B,139,1,4,0.38671875,120.6286662,180.7592291,-1.929958869,3.040210091,-1.947094281,-1.912823457,3.023083462,3.05733672,0.01175008832
B,140,1,4,0.390625,120.7375729,180.8682466,-1.927597835,3.037846672,-1.944733247,-1.910462423,3.020720043,3.0549733,0.01181414141
B,141,1,4,0.39453125,120.8461047,180.9775403,-1.92524493,3.035477263,-1.942380341,-1.908109518,3.018350635,3.052603892,0.01187832136
B,142,1,4,0.3984375,120.954264,181.0871105,-1.922900099,3.033101861,-1.940035511,-1.905764687,3.015975232,3.05022849,0.01194262791
B,143,1,4,0.40234375,121.0620533,181.1969574,-1.920563289,3.030720459,-1.937698701,-1.903427877,3.013593831,3.047847088,0.01200706083
B,144,1,4,0.40625,121.1694751,181.3070812,-1.918234448,3.028333054,-1.93536986,-1.901099036,3.011206425,3.045459682,0.0120716199
B,145,1,4,0.41015625,121.2765318,181.4174823,-1.915913521,3.025939638,-1.933048932,-1.898778109,3.00881301,3.043066267,0.01213630492
B,146,1,4,0.4140625,121.3832259,181.5281608,-1.913600455,3.023540209,-1.930735866,-1.896465043,3.00641358,3.040666837,0.0122011157
B,147,1,4,0.41796875,121.4895599,181.6391169,-1.911295196,3.02113476,-1.928430608,-1.894159784,3.004008131,3.038261388,0.01226605207
B,148,1,4,0.421875,121.5955362,181.750351,-1.908997691,3.018723286,-1.926133103,-1.891862279,3.001596657,3.035849915,0.01233111389
B,149,1,4,0.42578125,121.7011573,181.8618632,-1.906707887,3.016305783,-1.923843299,-1.889572475,2.999179154,3.033432411,0.01239630099
B,150,1,4,0.4296875,121.8064257,181.9736537,-1.90442573,3.013882245,-1.921561142,-1.887290318,2.996755616,3.031008873,0.01246161328
B,151,1,4,0.43359375,121.9113438,182.0857228,-1.902151167,3.011452667,-1.919286579,-1.885015755,2.994326038,3.028579295,0.01252705064
B,152,1,4,0.4375,122.0159141,182.1980708,-1.899884144,3.009017044,-1.917019556,-1.882748732,2.991890416,3.026143673,0.01259261298
B,153,1,4,0.44140625,122.120139,182.3106978,-1.897624607,3.006575372,-1.914760019,-1.880489196,2.989448743,3.023702,0.01265830025
B,154,1,4,0.4453125,122.2240211,182.4236042,-1.895372504,3.004127644,-1.912507916,-1.878237092,2.987001016,3.021254273,0.01272411237
B,155,1,4,0.44921875,122.3275628,182.53679,-1.893127781,3.001673857,-1.910263193,-1.875992369,2.984547228,3.018800485,0.01279004932
B,156,1,4,0.453125,122.4307665,182.6502556,-1.890890384,2.999214004,-1.908025795,-1.873754972,2.982087375,3.016340633,0.01285611109
B,157,1,4,0.45703125,122.5336348,182.7640013,-1.888660259,2.996748081,-1.905795671,-1.871524848,2.979621452,3.01387471,0.01292229766
B,158,1,4,0.4609375,122.6361701,182.8780271,-1.886437354,2.994276083,-1.903572766,-1.869301943,2.977149454,3.011402712,0.01298860907
B,159,1,4,0.46484375,122.7383748,182.9923334,-1.884221615,2.991798005,-1.901357027,-1.867086204,2.974671376,3.008924633,0.01305504534
B,160,1,4,0.46875,122.8402515,183.1069205,-1.882012989,2.989313841,-1.899148401,-1.864877577,2.972187212,3.006440469,0.01312160654
B,161,1,4,0.47265625,122.9418025,183.2217884,-1.879811421,2.986823586,-1.896946833,-1.862676009,2.969696958,3.003950215,0.01318829274
B,162,1,4,0.4765625,123.0430304,183.3369376,-1.877616859,2.984327236,-1.894752271,-1.860481447,2.967200608,3.001453865,0.01325510404
B,163,1,4,0.48046875,123.1439376,183.4523681,-1.875429249,2.981824786,-1.892564661,-1.858293837,2.964698157,2.998951415,0.01332204054
B,164,1,4,0.484375,123.2445267,183.5680803,-1.873248538,2.97931623,-1.89038395,-1.856113126,2.962189601,2.996442858,0.01338910237
B,165,1,4,0.48828125,123.3448,183.6840743,-1.871074671,2.976801563,-1.888210083,-1.85393926,2.959674934,2.993928192,0.0134562897
B,166,1,4,0.4921875,123.44476,183.8003505,-1.868907597,2.97428078,-1.886043009,-1.851772185,2.957154151,2.991407409,0.01352360269
B,167,1,4,0.49609375,123.5444092,183.9169089,-1.86674726,2.971753876,-1.883882672,-1.849611848,2.954627248,2.988880505,0.01359104154
B,168,1,4,0.5,123.64375,184.03375,-1.864593608,2.969220847,-1.88172902,-1.847458197,2.952094218,2.986347475,0.01365860644
B,169,1,4,0.50390625,123.742785,184.1508739,-1.862446588,2.966681686,-1.879582,-1.845311176,2.949555057,2.983808315,0.01372629765
B,170,1,4,0.5078125,123.8415165,184.2682808,-1.860306145,2.964136389,-1.877441557,-1.843170733,2.947009761,2.981263018,0.0137941154
B,171,1,4,0.51171875,123.9399471,184.3859709,-1.858172227,2.961584951,-1.875307639,-1.841036815,2.944458323,2.97871158,0.01386205997
B,172,1,4,0.515625,124.0380793,184.5039446,-1.856044779,2.959027367,-1.873180191,-1.838909367,2.941900739,2.976153996,0.01393013165
B,173,1,4,0.51953125,124.1359154,184.6222021,-1.853923749,2.956463632,-1.871059161,-1.836788337,2.939337003,2.97359026,0.01399833076
B,174,1,4,0.5234375,124.233458,184.7407435,-1.851809083,2.95389374,-1.868944495,-1.834673671,2.936767111,2.971020368,0.01406665763
B,175,1,4,0.52734375,124.3307095,184.8595691,-1.849700727,2.951317686,-1.866836139,-1.832565315,2.934191058,2.968444315,0.01413511262
B,176,1,4,0.53125,124.4276724,184.9786791,-1.847598628,2.948735466,-1.86473404,-1.830463216,2.931608838,2.965862095,0.01420369611
B,177,1,4,0.53515625,124.5243491,185.0980739,-1.845502733,2.946147075,-1.862638145,-1.828367321,2.929020446,2.963273704,0.01427240849
B,178,1,4,0.5390625,124.6207421,185.2177535,-1.843412987,2.943552507,-1.860548399,-1.826277576,2.926425878,2.960679135,0.0143412502
B,179,1,4,0.54296875,124.716854,185.3377183,-1.841329339,2.940951757,-1.858464751,-1.824193927,2.923825128,2.958078386,0.01441022166
B,180,1,4,0.546875,124.8126871,185.4579685,-1.839251733,2.93834482,-1.856387145,-1.822116321,2.921218191,2.955471449,0.01447932335
B,181,1,4,0.55078125,124.9082439,185.5785043,-1.837180117,2.935731691,-1.854315529,-1.820044706,2.918605063,2.95285832,0.01454855575
B,182,1,4,0.5546875,125.0035269,185.6993259,-1.835114438,2.933112366,-1.85224985,-1.817979026,2.915985737,2.950238995,0.01461791938
B,183,1,4,0.55859375,125.0985385,185.8204336,-1.833054641,2.930486838,-1.850190053,-1.815919229,2.91336021,2.947613467,0.01468741476
B,184,1,4,0.5625,125.1932813,185.9418276,-1.831000673,2.927855104,-1.848136085,-1.813865261,2.910728475,2.944981732,0.01475704246
B,185,1,4,0.56640625,125.2877576,186.0635082,-1.828952481,2.925217157,-1.846087893,-1.811817069,2.908090528,2.942343785,0.01482680305
B,186,1,4,0.5703125,125.38197,186.1854756,-1.826910012,2.922572993,-1.844045424,-1.8097746,2.905446364,2.939699621,0.01489669714
B,187,1,4,0.57421875,125.4759209,186.3077299,-1.824873211,2.919922606,-1.842008623,-1.807737799,2.902795978,2.937049235,0.01496672535
B,188,1,4,0.578125,125.5696127,186.4302716,-1.822842026,2.917265992,-1.839977438,-1.805706614,2.900139364,2.934392621,0.01503688832
B,189,1,4,0.58203125,125.6630481,186.5531007,-1.820816402,2.914603146,-1.837951814,-1.803680991,2.897476518,2.931729775,0.01510718674
B,190,1,4,0.5859375,125.7562293,186.6762175,-1.818796287,2.911934062,-1.835931699,-1.801660876,2.894807434,2.929060691,0.0151776213
B,191,1,4,0.58984375,125.8491589,186.7996223,-1.816781628,2.909258736,-1.833917039,-1.799646216,2.892132107,2.926385365,0.01524819272
B,192,1,4,0.59375,125.9418394,186.9233152,-1.814772369,2.906577162,-1.831907781,-1.797636957,2.889450533,2.923703791,0.01531890175
B,193,1,4,0.59765625,126.0342731,187.0472966,-1.812768459,2.903889335,-1.829903871,-1.795633047,2.886762707,2.921015964,0.01538974915
B,194,1,4,0.6015625,126.1264627,187.1715667,-1.810769843,2.901195251,-1.827905255,-1.793634431,2.884068622,2.918321879,0.01546073573
B,195,1,4,0.60546875,126.2184105,187.2961256,-1.808776469,2.898494903,-1.825911881,-1.791641057,2.881368275,2.915621532,0.01553186229
B,196,1,4,0.609375,126.310119,187.4209736,-1.806788282,2.895788288,-1.823923694,-1.78965287,2.878661659,2.912914917,0.01560312968
B,197,1,4,0.61328125,126.4015906,187.546111,-1.804805229,2.8930754,-1.821940641,-1.787669817,2.875948771,2.910202028,0.01567453878
B,198,1,4,0.6171875,126.4928279,187.671538,-1.802827257,2.890356233,-1.819962669,-1.785691846,2.873229604,2.907482862,0.01574609048
B,199,1,4,0.62109375,126.5838334,187.7972548,-1.800854313,2.887630784,-1.817989724,-1.783718901,2.870504155,2.904757412,0.0158177857
B,200,1,4,0.625,126.6746094,187.9232617,-1.798886342,2.884899046,-1.816021754,-1.78175093,2.867772417,2.902025674,0.01588962538
B,201,1,4,0.62890625,126.7651584,188.0495589,-1.796923291,2.882161015,-1.814058703,-1.77978788,2.865034386,2.899287643,0.01596161049
B,202,1,4,0.6328125,126.855483,188.1761466,-1.794965108,2.879416685,-1.81210052,-1.777829696,2.862290056,2.896543314,0.01603374204
B,203,1,4,0.63671875,126.9455855,188.303025,-1.793011738,2.876666052,-1.810147149,-1.775876326,2.859539423,2.893792681,0.01610602105
B,204,1,4,0.640625,127.0354684,188.4301945,-1.791063127,2.873909111,-1.808198539,-1.773927716,2.856782482,2.891035739,0.01617844857
B,205,1,4,0.64453125,127.1251343,188.5576551,-1.789119224,2.871145856,-1.806254635,-1.771983812,2.854019227,2.888272484,0.01625102568
B,206,1,4,0.6484375,127.2145855,188.6854072,-1.787179973,2.868376282,-1.804315385,-1.770044561,2.851249653,2.885502911,0.01632375347
B,207,1,4,0.65234375,127.3038246,188.8134511,-1.785245322,2.865600385,-1.802380733,-1.76810991,2.848473756,2.882727013,0.01639663309
B,208,1,4,0.65625,127.392854,188.9417868,-1.783315216,2.862818158,-1.800450628,-1.766179805,2.84569153,2.879944787,0.01646966568
B,209,1,4,0.66015625,127.4816762,189.0704147,-1.781389604,2.860029598,-1.798525016,-1.764254192,2.84290297,2.877156227,0.01654285244
B,210,1,4,0.6640625,127.5702935,189.199335,-1.779468431,2.857234699,-1.796603842,-1.762333019,2.840108071,2.874361328,0.01661619458
B,211,1,4,0.66796875,127.6587086,189.328548,-1.777551643,2.854433457,-1.794687055,-1.760416231,2.837306828,2.871560085,0.01668969334
B,212,1,4,0.671875,127.7469239,189.4580537,-1.775639188,2.851625864,-1.792774599,-1.758503776,2.834499236,2.868752493,0.01676334999
B,213,1,4,0.67578125,127.8349418,189.5878526,-1.773731011,2.848811918,-1.790866423,-1.756595599,2.83168529,2.865938547,0.01683716583
B,214,1,4,0.6796875,127.9227648,189.7179449,-1.771827059,2.845991613,-1.788962471,-1.754691648,2.828864984,2.863118242,0.01691114217
B,215,1,4,0.68359375,128.0103953,189.8483307,-1.76992728,2.843164943,-1.787062692,-1.752791868,2.826038315,2.860291572,0.01698528038
B,216,1,4,0.6875,128.0978359,189.9790103,-1.768031619,2.840331904,-1.78516703,-1.750896207,2.823205276,2.857458533,0.01705958183
B,217,1,4,0.69140625,128.185089,190.1099839,-1.766140022,2.837492491,-1.783275434,-1.74900461,2.820365862,2.854619119,0.01713404794
B,218,1,4,0.6953125,128.2721571,190.2412518,-1.764252437,2.834646698,-1.781387849,-1.747117026,2.817520069,2.851773326,0.01720868015
B,219,1,4,0.69921875,128.3590426,190.3728142,-1.76236881,2.83179452,-1.779504222,-1.745233399,2.814667892,2.848921149,0.01728347993
B,220,1,4,0.703125,128.445748,190.5046713,-1.760489088,2.828935953,-1.7776245,-1.743353676,2.811809325,2.846062582,0.01735844877
B,221,1,4,0.70703125,128.5322757,190.6368234,-1.758613217,2.826070991,-1.775748628,-1.741477805,2.808944363,2.84319762,0.01743358821
B,222,1,4,0.7109375,128.6186283,190.7692707,-1.756741143,2.82319963,-1.773876554,-1.739605731,2.806073001,2.840326258,0.0175088998
B,223,1,4,0.71484375,128.7048082,190.9020134,-1.754872813,2.820321863,-1.772008225,-1.737737401,2.803195235,2.837448492,0.01758438513
B,224,1,4,0.71875,128.7908179,191.0350518,-1.753008174,2.817437687,-1.770143586,-1.735872762,2.800311058,2.834564316,0.01766004583
B,225,1,4,0.72265625,128.8766598,191.1683861,-1.751147172,2.814547095,-1.768282584,-1.73401176,2.797420467,2.831673724,0.01773588353
B,226,1,4,0.7265625,128.9623363,191.3020166,-1.749289754,2.811650084,-1.766425165,-1.732154342,2.794523455,2.828776713,0.01781189993
B,227,1,4,0.73046875,129.0478501,191.4359434,-1.747435865,2.808746647,-1.764571277,-1.730300454,2.791620019,2.825873276,0.01788809673
B,228,1,4,0.734375,129.1332034,191.5701668,-1.745585454,2.805836781,-1.762720866,-1.728450042,2.788710152,2.822963409,0.01796447566
B,229,1,4,0.73828125,129.2183989,191.7046871,-1.743738466,2.802920479,-1.760873878,-1.726603054,2.78579385,2.820047107,0.01804103852
B,230,1,4,0.7421875,129.3034389,191.8395044,-1.741894848,2.799997736,-1.75903026,-1.724759436,2.782871108,2.817124365,0.0181177871
B,231,1,4,0.74609375,129.388326,191.9746191,-1.740054546,2.797068548,-1.757189958,-1.722919134,2.77994192,2.814195177,0.01819472323
B,232,1,4,0.75,129.4730625,192.1100312,-1.738217507,2.79413291,-1.755352919,-1.721082096,2.777006282,2.811259539,0.01827184879
B,233,1,4,0.75390625,129.557651,192.2457412,-1.736383678,2.791190816,-1.75351909,-1.719248266,2.774064188,2.808317445,0.01834916568
B,234,1,4,0.7578125,129.6420939,192.3817492,-1.734553005,2.788242262,-1.751688416,-1.717417593,2.771115633,2.805368891,0.01842667582
B,235,1,4,0.76171875,129.7263937,192.5180554,-1.732725434,2.785287242,-1.749860845,-1.715590022,2.768160613,2.80241387,0.01850438119
B,236,1,4,0.765625,129.8105529,192.6546601,-1.730900912,2.782325751,-1.748036323,-1.7137655,2.765199122,2.79945238,0.01858228379
B,237,1,4,0.76953125,129.8945739,192.7915635,-1.729079385,2.779357784,-1.746214797,-1.711943974,2.762231156,2.796484413,0.01866038564
B,238,1,4,0.7734375,129.9784592,192.9287658,-1.727260801,2.776383337,-1.744396213,-1.710125389,2.759256708,2.793509965,0.01873868881
B,239,1,4,0.77734375,130.0622113,193.0662674,-1.725445106,2.773402403,-1.742580517,-1.708309694,2.756275774,2.790529032,0.01881719539
B,240,1,4,0.78125,130.1458325,193.2040683,-1.723632245,2.770414978,-1.740767657,-1.706496833,2.75328835,2.787541607,0.01889590753
B,241,1,4,0.78515625,130.2293255,193.3421689,-1.721822166,2.767421057,-1.738957578,-1.704686755,2.750294429,2.784547686,0.01897482738
B,242,1,4,0.7890625,130.3126926,193.4805693,-1.720014816,2.764420635,-1.737150228,-1.702879404,2.747294007,2.781547264,0.01905395714
B,243,1,4,0.79296875,130.3959363,193.6192699,-1.71821014,2.761413707,-1.735345552,-1.701074728,2.744287079,2.778540336,0.01913329906
B,244,1,4,0.796875,130.4790591,193.7582709,-1.716408086,2.758400268,-1.733543498,-1.699272674,2.741273639,2.775526896,0.0192128554
B,245,1,4,0.80078125,130.5620635,193.8975724,-1.714608599,2.755380312,-1.731744011,-1.697473188,2.738253683,2.77250694,0.01929262846
B,246,1,4,0.8046875,130.6449519,194.0371747,-1.712811627,2.752353834,-1.729947039,-1.695676215,2.735227206,2.769480463,0.01937262058
B,247,1,4,0.80859375,130.7277268,194.1770781,-1.711017116,2.74932083,-1.728152528,-1.693881704,2.732194202,2.766447459,0.01945283414
B,248,1,4,0.8125,130.8103906,194.3172827,-1.709225012,2.746281295,-1.726360424,-1.6920896,2.729154666,2.763407923,0.01953327155
B,249,1,4,0.81640625,130.8929459,194.4577889,-1.707435263,2.743235223,-1.724570674,-1.690299851,2.726108594,2.760361851,0.01961393526
B,250,1,4,0.8203125,130.975395,194.5985968,-1.705647813,2.740182609,-1.722783225,-1.688512401,2.72305598,2.757309237,0.01969482775
B,251,1,4,0.82421875,131.0577405,194.7397067,-1.703862611,2.737123448,-1.720998023,-1.686727199,2.719996819,2.754250076,0.01977595153
B,252,1,4,0.828125,131.1399848,194.8811189,-1.702079602,2.734057735,-1.719215014,-1.684944191,2.716931106,2.751184364,0.01985730917
B,253,1,4,0.83203125,131.2221304,195.0228334,-1.700298734,2.730985465,-1.717434146,-1.683163322,2.713858837,2.748112094,0.01993890325
B,254,1,4,0.8359375,131.3041797,195.1648507,-1.698519952,2.727906634,-1.715655364,-1.68138454,2.710780005,2.745033262,0.02002073641
B,255,1,4,0.83984375,131.3861353,195.3071709,-1.696743203,2.724821235,-1.713878615,-1.679607792,2.707694606,2.741947863,0.02010281132
B,256,1,4,0.84375,131.4679995,195.4497943,-1.694968435,2.721729264,-1.712103846,-1.677833023,2.704602635,2.738855892,0.02018513068
B,257,1,4,0.84765625,131.5497749,195.592721,-1.693195592,2.718630716,-1.710331004,-1.67606018,2.701504087,2.735757344,0.02026769724
B,258,1,4,0.8515625,131.6314639,195.7359513,-1.691424622,2.715525585,-1.708560034,-1.67428921,2.698398956,2.732652214,0.02035051378
B,259,1,4,0.85546875,131.713069,195.8794856,-1.689655471,2.712413867,-1.706790883,-1.67252006,2.695287238,2.729540496,0.02043358311
B,260,1,4,0.859375,131.7945926,196.0233239,-1.687888087,2.709295557,-1.705023499,-1.670752675,2.692168928,2.726422185,0.02051690811
B,261,1,4,0.86328125,131.8760372,196.1674665,-1.686122414,2.706170649,-1.703257826,-1.668987003,2.68904402,2.723297277,0.02060049166
B,262,1,4,0.8671875,131.9574053,196.3119137,-1.684358401,2.703039138,-1.701493813,-1.667222989,2.685912509,2.720165767,0.02068433672
B,263,1,4,0.87109375,132.0386994,196.4566657,-1.682595993,2.69990102,-1.699731405,-1.665460581,2.682774391,2.717027649,0.02076844625
B,264,1,4,0.875,132.1199219,196.6017227,-1.680835137,2.696756289,-1.697970549,-1.663699725,2.67962966,2.713882918,0.02085282328
B,265,1,4,0.87890625,132.2010752,196.7470849,-1.67907578,2.69360494,-1.696211192,-1.661940368,2.676478312,2.710731569,0.02093747087
B,266,1,4,0.8828125,132.2821619,196.8927527,-1.677317868,2.690446969,-1.694453279,-1.660182456,2.67332034,2.707573597,0.02102239212
B,267,1,4,0.88671875,132.3631844,197.0387262,-1.675561347,2.687282369,-1.692696759,-1.658425935,2.67015574,2.704408998,0.02110759017
B,268,1,4,0.890625,132.4441452,197.1850056,-1.673806164,2.684111136,-1.690941576,-1.656670752,2.666984508,2.701237765,0.0211930682
B,269,1,4,0.89453125,132.5250467,197.3315912,-1.672052266,2.680933266,-1.689187678,-1.654916855,2.663806637,2.698059894,0.02127882945
B,270,1,4,0.8984375,132.6058915,197.4784833,-1.6702996,2.677748752,-1.687435011,-1.653164188,2.660622123,2.694875381,0.02136487717
B,271,1,4,0.90234375,132.6866819,197.6256821,-1.668548111,2.67455759,-1.685683522,-1.651412699,2.657430961,2.691684219,0.02145121468
B,272,1,4,0.90625,132.7674204,197.7731877,-1.666797746,2.671359774,-1.683933158,-1.649662334,2.654233146,2.688486403,0.02153784534
B,273,1,4,0.91015625,132.8481096,197.9210004,-1.665048452,2.668155301,-1.682183864,-1.64791304,2.651028672,2.685281929,0.02162477253
B,274,1,4,0.9140625,132.9287518,198.0691206,-1.663300176,2.664944164,-1.680435587,-1.646164764,2.647817535,2.682070792,0.02171199971
B,275,1,4,0.91796875,133.0093496,198.2175483,-1.661552863,2.661726358,-1.678688275,-1.644417451,2.644599729,2.678852986,0.02179953035
B,276,1,4,0.921875,133.0899053,198.3662839,-1.659806461,2.658501878,-1.676941872,-1.642671049,2.64137525,2.675628507,0.02188736797
B,277,1,4,0.92578125,133.1704216,198.5153275,-1.658060915,2.655270721,-1.675196327,-1.640925503,2.638144092,2.672397349,0.02197551617
B,278,1,4,0.9296875,133.2509008,198.6646794,-1.656316173,2.652032879,-1.673451585,-1.639180762,2.63490625,2.669159507,0.02206397855
B,279,1,4,0.93359375,133.3313454,198.8143399,-1.654572182,2.648788348,-1.671707593,-1.63743677,2.63166172,2.665914977,0.02215275878
B,280,1,4,0.9375,133.4117578,198.9643091,-1.652828886,2.645537124,-1.669964298,-1.635693474,2.628410495,2.662663753,0.02224186056
B,281,1,4,0.94140625,133.4921406,199.1145873,-1.651086234,2.642279201,-1.668221646,-1.633950822,2.625152572,2.659405829,0.02233128766
B,282,1,4,0.9453125,133.5724962,199.2651748,-1.649344171,2.639014573,-1.666479583,-1.63220876,2.621887945,2.656141202,0.02242104388
B,283,1,4,0.94921875,133.6528271,199.4160717,-1.647602645,2.635743237,-1.664738057,-1.630467233,2.618616608,2.652869866,0.02251113306
B,284,1,4,0.953125,133.7331357,199.5672783,-1.645861601,2.632465186,-1.662997013,-1.628726189,2.615338558,2.649591815,0.02260155911
B,285,1,4,0.95703125,133.8134245,199.7187949,-1.644120987,2.629180417,-1.661256398,-1.626985575,2.612053788,2.646307045,0.02269232597
B,286,1,4,0.9609375,133.893696,199.8706217,-1.642380748,2.625888923,-1.65951616,-1.625245336,2.608762294,2.643015551,0.02278343763
B,287,1,4,0.96484375,133.9739526,200.0227588,-1.640640831,2.622590699,-1.657776243,-1.623505419,2.605464071,2.639717328,0.02287489813
B,288,1,4,0.96875,134.0541968,200.1752066,-1.638901184,2.619285741,-1.656036595,-1.621765772,2.602159113,2.63641237,0.02296671158
B,289,1,4,0.97265625,134.1344311,200.3279653,-1.637161751,2.615974044,-1.654297163,-1.620026339,2.598847415,2.633100673,0.0230588821
B,290,1,4,0.9765625,134.2146579,200.481035,-1.635422481,2.612655602,-1.652557892,-1.618287069,2.595528974,2.629782231,0.0231514139
B,291,1,4,0.98046875,134.2948797,200.6344161,-1.633683319,2.609330411,-1.65081873,-1.616547907,2.592203782,2.626457039,0.02324431121
B,292,1,4,0.984375,134.3750989,200.7881088,-1.631944212,2.605998464,-1.649079623,-1.6148088,2.588871836,2.623125093,0.02333757832
B,293,1,4,0.98828125,134.4553181,200.9421133,-1.630205106,2.602659758,-1.647340518,-1.613069694,2.58553313,2.619786387,0.02343121959
B,294,1,4,0.9921875,134.5355397,201.0964299,-1.628465948,2.599314287,-1.64560136,-1.611330537,2.582187659,2.616440916,0.0235252394
B,295,1,4,0.99609375,134.6157662,201.2510587,-1.626726685,2.595962047,-1.643862097,-1.609591273,2.578835418,2.613088675,0.02361964221
B,296,1,4,1,134.696,201.406,-1.624987263,2.592603031,-1.642122675,-1.607851852,2.575476402,2.609729659,0.02371443253
B,297,1,5,0.09090909091,134.8007273,201.6128182,-1.622716837,2.588119362,-1.639852249,-1.605581425,2.570992734,2.605245991,0.02383873264
B,298,1,5,0.1818181818,134.9054545,201.8196364,-1.620446411,2.583635694,-1.637581823,-1.603310999,2.566509065,2.600762322,0.02396368429
B,299,1,5,0.2727272727,135.0101818,202.0264545,-1.618175984,2.579152025,-1.635311396,-1.601040573,2.562025396,2.596278654,0.02408929087
B,300,1,5,0.3636363636,135.1149091,202.2332727,-1.615905558,2.574668356,-1.63304097,-1.598770146,2.557541728,2.591794985,0.02421555582
B,301,1,5,0.4545454545,135.2196364,202.4400909,-1.613635132,2.570184688,-1.630770544,-1.59649972,2.553058059,2.587311316,0.0243424826
B,302,1,5,0.5454545455,135.3243636,202.6469091,-1.611364706,2.565701019,-1.628500117,-1.594229294,2.54857439,2.582827648,0.02447007466
B,303,1,5,0.6363636364,135.4290909,202.8537273,-1.609094279,2.561217351,-1.626229691,-1.591958867,2.544090722,2.578343979,0.02459833551
B,304,1,5,0.7272727273,135.5338182,203.0605455,-1.606823853,2.556733682,-1.623959265,-1.589688441,2.539607053,2.573860311,0.02472726864
B,305,1,5,0.8181818182,135.6385455,203.2673636,-1.604553427,2.552250013,-1.621688838,-1.587418015,2.535123385,2.569376642,0.02485687758
B,306,1,5,0.9090909091,135.7432727,203.4741818,-1.602283,2.547766345,-1.619418412,-1.585147589,2.530639716,2.564892973,0.02498716586
B,307,1,5,1,135.848,203.681,-1.600012574,2.543282676,-1.617147986,-1.582877162,2.526156047,2.560409305,0.02511813706
B,308,1,6,0.09090909091,135.9528182,203.8938182,-1.597740177,2.538668932,-1.614875589,-1.580604765,2.521542303,2.55579556,0.02524990934
B,309,1,6,0.1818181818,136.0576364,204.1066364,-1.59546778,2.534055188,-1.612603192,-1.578332368,2.516928559,2.551181816,0.0253823729
B,310,1,6,0.2727272727,136.1624545,204.3194545,-1.593195383,2.529441443,-1.610330794,-1.576059971,2.512314815,2.546568072,0.02551553139
B,311,1,6,0.3636363636,136.2672727,204.5322727,-1.590922985,2.524827699,-1.608058397,-1.573787574,2.50770107,2.541954328,0.02564938843
B,312,1,6,0.4545454545,136.3720909,204.7450909,-1.588650588,2.520213955,-1.605786,-1.571515176,2.503087326,2.537340583,0.02578394771
B,313,1,6,0.5454545455,136.4769091,204.9579091,-1.586378191,2.51560021,-1.603513603,-1.569242779,2.498473582,2.532726839,0.02591921289
B,314,1,6,0.6363636364,136.5817273,205.1707273,-1.584105794,2.510986466,-1.601241206,-1.566970382,2.493859838,2.528113095,0.02605518769
B,315,1,6,0.7272727273,136.6865455,205.3835455,-1.581833397,2.506372722,-1.598968809,-1.564697985,2.489246093,2.523499351,0.02619187583
B,316,1,6,0.8181818182,136.7913636,205.5963636,-1.579561,2.501758978,-1.596696411,-1.562425588,2.484632349,2.518885606,0.02632928105
B,317,1,6,0.9090909091,136.8961818,205.8091818,-1.577288603,2.497145233,-1.594424014,-1.560153191,2.480018605,2.514271862,0.02646740711
B,318,1,6,1,137.001,206.022,-1.575016205,2.492531489,-1.592151617,-1.557880794,2.47540486,2.509658118,0.02660625779
B,319,1,7,0.00390625,137.0930371,206.2184737,-1.573020895,2.488272082,-1.590156307,-1.555885483,2.471145454,2.505398711,0.02672877808
B,320,1,7,0.0078125,137.1850472,206.4149414,-1.571026169,2.484012803,-1.588161581,-1.553890758,2.466886174,2.501139432,0.02685182639
B,321,1,7,0.01171875,137.2770308,206.6114032,-1.569032018,2.479753654,-1.586167429,-1.551896606,2.462627025,2.496880282,0.02697540554
B,322,1,7,0.015625,137.3689886,206.8078589,-1.567038427,2.475494637,-1.584173839,-1.549903015,2.458368008,2.492621265,0.02709951841
B,323,1,7,0.01953125,137.460921,207.0043083,-1.565045386,2.471235755,-1.582180798,-1.547909974,2.454109126,2.488362383,0.02722416788
B,324,1,7,0.0234375,137.5528286,207.2007514,-1.563052882,2.46697701,-1.580188294,-1.54591747,2.449850382,2.484103639,0.02734935687
B,325,1,7,0.02734375,137.644712,207.3971881,-1.561060903,2.462718406,-1.578196315,-1.543925491,2.445591777,2.479845034,0.02747508831
B,326,1,7,0.03125,137.7365718,207.5936182,-1.559069437,2.458459943,-1.576204849,-1.541934026,2.441333315,2.475586572,0.02760136514
B,327,1,7,0.03515625,137.8284084,207.7900416,-1.557078473,2.454201626,-1.574213885,-1.539943061,2.437074997,2.471328255,0.02772819036
B,328,1,7,0.0390625,137.9202225,207.9864582,-1.555087998,2.449943456,-1.57222341,-1.537952586,2.432816827,2.467070084,0.02785556695
B,329,1,7,0.04296875,138.0120145,208.1828679,-1.553098,2.445685435,-1.570233411,-1.535962588,2.428558807,2.462812064,0.02798349794
B,330,1,7,0.046875,138.1037851,208.3792706,-1.551108467,2.441427567,-1.568243878,-1.533973055,2.424300938,2.458554196,0.02811198636
B,331,1,7,0.05078125,138.1955348,208.5756662,-1.549119386,2.437169854,-1.566254798,-1.531983975,2.420043225,2.454296482,0.02824103529
B,332,1,7,0.0546875,138.2872642,208.7720545,-1.547130747,2.432912297,-1.564266159,-1.529995336,2.415785669,2.450038926,0.02837064781
B,333,1,7,0.05859375,138.3789737,208.9684354,-1.545142537,2.428654901,-1.562277949,-1.528007126,2.411528272,2.44578153,0.02850082705
B,334,1,7,0.0625,138.4706641,209.1648088,-1.543154744,2.424397666,-1.560290156,-1.526019332,2.407271038,2.441524295,0.02863157612
B,335,1,7,0.06640625,138.5623357,209.3611747,-1.541167356,2.420140597,-1.558302768,-1.524031944,2.403013968,2.437267225,0.02876289819
B,336,1,7,0.0703125,138.6539893,209.5575328,-1.53918036,2.415883694,-1.556315772,-1.522044949,2.398757065,2.433010323,0.02889479646
B,337,1,7,0.07421875,138.7456252,209.7538832,-1.537193746,2.411626961,-1.554329158,-1.520058334,2.394500332,2.428753589,0.02902727411
B,338,1,7,0.078125,138.8372442,209.9502256,-1.5352075,2.4073704,-1.552342912,-1.518072088,2.390243771,2.424497028,0.02916033439
B,339,1,7,0.08203125,138.9288467,210.1465599,-1.533221611,2.403114013,-1.550357023,-1.516086199,2.385987384,2.420240642,0.02929398055
B,340,1,7,0.0859375,139.0204333,210.3428861,-1.531236067,2.398857803,-1.548371479,-1.514100655,2.381731175,2.415984432,0.02942821587
B,341,1,7,0.08984375,139.1120046,210.539204,-1.529250855,2.394601773,-1.546386267,-1.512115444,2.377475145,2.411728402,0.02956304365
B,342,1,7,0.09375,139.203561,210.7355135,-1.527265964,2.390345925,-1.544401376,-1.510130553,2.373219296,2.407472554,0.02969846723
B,343,1,7,0.09765625,139.2951033,210.9318145,-1.525281382,2.386090261,-1.542416794,-1.50814597,2.368963632,2.40321689,0.02983448996
B,344,1,7,0.1015625,139.3866318,211.1281069,-1.523297097,2.381834784,-1.540432508,-1.506161685,2.364708155,2.398961413,0.02997111523
B,345,1,7,0.10546875,139.4781472,211.3243906,-1.521313096,2.377579496,-1.538448507,-1.504177684,2.360452868,2.394706125,0.03010834643
B,346,1,7,0.109375,139.5696501,211.5206654,-1.519329367,2.373324401,-1.536464779,-1.502193955,2.356197772,2.390451029,0.030246187
B,347,1,7,0.11328125,139.6611409,211.7169312,-1.517345899,2.369069499,-1.534481311,-1.500210487,2.35194287,2.386196128,0.03038464041
B,348,1,7,0.1171875,139.7526203,211.913188,-1.515362679,2.364814794,-1.532498091,-1.498227268,2.347688166,2.381941423,0.03052371013
B,349,1,7,0.12109375,139.8440888,212.1094356,-1.513379696,2.360560289,-1.530515108,-1.496244285,2.34343366,2.377686918,0.03066339967
B,350,1,7,0.125,139.9355469,212.3056738,-1.511396938,2.356305985,-1.528532349,-1.494261526,2.339179356,2.373432614,0.03080371257
B,351,1,7,0.12890625,140.0269952,212.5019027,-1.509414391,2.352051885,-1.526549803,-1.49227898,2.334925257,2.369178514,0.0309446524
B,352,1,7,0.1328125,140.1184343,212.698122,-1.507432045,2.347797992,-1.524567457,-1.490296634,2.330671364,2.364924621,0.03108622275
B,353,1,7,0.13671875,140.2098647,212.8943317,-1.505449888,2.343544309,-1.5225853,-1.488314476,2.32641768,2.360670937,0.03122842724
B,354,1,7,0.140625,140.3012869,213.0905316,-1.503467906,2.339290836,-1.520603318,-1.486332494,2.322164208,2.356417465,0.03137126951
B,355,1,7,0.14453125,140.3927016,213.2867216,-1.501486089,2.335037578,-1.518621501,-1.484350677,2.31791095,2.352164207,0.03151475323
B,356,1,7,0.1484375,140.4841093,213.4829017,-1.499504424,2.330784537,-1.516639836,-1.482369012,2.313657908,2.347911165,0.03165888212
B,357,1,7,0.15234375,140.5755105,213.6790716,-1.497522899,2.326531714,-1.514658311,-1.480387488,2.309405085,2.343658343,0.0318036599
B,358,1,7,0.15625,140.6669058,213.8752314,-1.495541503,2.322279113,-1.512676915,-1.478406091,2.305152484,2.339405742,0.03194909033
B,359,1,7,0.16015625,140.7582957,214.0713808,-1.493560222,2.318026736,-1.510695634,-1.47642481,2.300900107,2.335153365,0.03209517719
B,360,1,7,0.1640625,140.8496808,214.2675197,-1.491579046,2.313774585,-1.508714458,-1.474443634,2.296647957,2.330901214,0.03224192431
B,361,1,7,0.16796875,140.9410617,214.4636481,-1.489597961,2.309522664,-1.506733373,-1.47246255,2.292396035,2.326649292,0.03238933553
B,362,1,7,0.171875,141.0324389,214.6597658,-1.487616957,2.305270973,-1.504752369,-1.470481545,2.288144345,2.322397602,0.03253741472
B,363,1,7,0.17578125,141.123813,214.8558728,-1.485636021,2.301019517,-1.502771433,-1.468500609,2.283892888,2.318146145,0.0326861658
B,364,1,7,0.1796875,141.2151844,215.0519688,-1.48365514,2.296768297,-1.500790552,-1.466519728,2.279641668,2.313894925,0.03283559268
B,365,1,7,0.18359375,141.3065539,215.2480538,-1.481674304,2.292517315,-1.498809716,-1.464538892,2.275390687,2.309643944,0.03298569935
B,366,1,7,0.1875,141.3979219,215.4441277,-1.479693499,2.288266575,-1.496828911,-1.462558087,2.271139947,2.305393204,0.03313648979
B,367,1,7,0.19140625,141.4892889,215.6401903,-1.477712714,2.284016079,-1.494848126,-1.460577302,2.26688945,2.301142708,0.03328796803
B,368,1,7,0.1953125,141.5806556,215.8362416,-1.475731937,2.279765829,-1.492867349,-1.458596525,2.2626392,2.296892458,0.03344013813
B,369,1,7,0.19921875,141.6720225,216.0322814,-1.473751156,2.275515828,-1.490886568,-1.456615744,2.258389199,2.292642456,0.03359300417
B,370,1,7,0.203125,141.7633902,216.2283097,-1.471770359,2.271266077,-1.48890577,-1.454634947,2.254139449,2.288392706,0.03374657028
B,371,1,7,0.20703125,141.8547592,216.4243262,-1.469789533,2.267016581,-1.486924945,-1.452654121,2.249889952,2.284143209,0.0339008406
B,372,1,7,0.2109375,141.94613,216.6203309,-1.467808667,2.26276734,-1.484944079,-1.450673255,2.245640712,2.279893969,0.03405581933
B,373,1,7,0.21484375,142.0375032,216.8163237,-1.465827748,2.258518359,-1.48296316,-1.448692337,2.24139173,2.275644987,0.03421151066
B,374,1,7,0.21875,142.1288794,217.0123044,-1.463846766,2.254269638,-1.480982177,-1.446711354,2.237143009,2.271396267,0.03436791886
B,375,1,7,0.22265625,142.2202591,217.208273,-1.461865706,2.250021181,-1.479001118,-1.444730295,2.232894552,2.267147809,0.0345250482
B,376,1,7,0.2265625,142.3116429,217.4042293,-1.459884559,2.24577299,-1.477019971,-1.442749147,2.228646361,2.262899618,0.03468290299
B,377,1,7,0.23046875,142.4030314,217.6001732,-1.457903311,2.241525067,-1.475038722,-1.440767899,2.224398438,2.258651696,0.03484148759
B,378,1,7,0.234375,142.494425,217.7961047,-1.45592195,2.237277415,-1.473057362,-1.438786538,2.220150786,2.254404044,0.03500080637
B,379,1,7,0.23828125,142.5858244,217.9920235,-1.453940465,2.233030037,-1.471075877,-1.436805053,2.215903408,2.250156666,0.03516086374
B,380,1,7,0.2421875,142.67723,218.1879296,-1.451958843,2.228782935,-1.469094255,-1.434823431,2.211656306,2.245909563,0.03532166416
B,381,1,7,0.24609375,142.7686426,218.3838228,-1.449977073,2.224536111,-1.467112484,-1.432841661,2.207409482,2.241662739,0.03548321211
B,382,1,7,0.25,142.8600625,218.5797031,-1.447995142,2.220289567,-1.465130553,-1.43085973,2.203162939,2.237416196,0.0356455121
B,383,1,7,0.25390625,142.9514904,218.7755704,-1.446013038,2.216043308,-1.46314845,-1.428877626,2.198916679,2.233169936,0.03580856869
B,384,1,7,0.2578125,143.0429268,218.9714244,-1.44403075,2.211797334,-1.461166161,-1.426895338,2.194670705,2.228923962,0.03597238646
B,385,1,7,0.26171875,143.1343723,219.1672651,-1.442048264,2.207551648,-1.459183676,-1.424912853,2.190425019,2.224678277,0.03613697004
B,386,1,7,0.265625,143.2258275,219.3630925,-1.44006557,2.203306253,-1.457200982,-1.422930159,2.186179624,2.220432882,0.03630232409
B,387,1,7,0.26953125,143.3172928,219.5589063,-1.438082656,2.199061151,-1.455218067,-1.420947244,2.181934523,2.21618778,0.0364684533
B,388,1,7,0.2734375,143.4087688,219.7547064,-1.436099508,2.194816345,-1.45323492,-1.418964096,2.177689716,2.211942974,0.0366353624
B,389,1,7,0.27734375,143.5002562,219.9504929,-1.434116116,2.190571837,-1.451251527,-1.416980704,2.173445209,2.207698466,0.03680305616
B,390,1,7,0.28125,143.5917554,220.1462654,-1.432132466,2.18632763,-1.449267878,-1.414997054,2.169201001,2.203454259,0.0369715394
B,391,1,7,0.28515625,143.683267,220.342024,-1.430148548,2.182083726,-1.44728396,-1.413013136,2.164957097,2.199210355,0.03714081694
B,392,1,7,0.2890625,143.7747915,220.5377684,-1.428164349,2.177840127,-1.44529976,-1.411028937,2.160713499,2.194966756,0.03731089367
B,393,1,7,0.29296875,143.8663296,220.7334987,-1.426179856,2.173596837,-1.443315268,-1.409044444,2.156470208,2.190723466,0.03748177452
B,394,1,7,0.296875,143.9578818,220.9292146,-1.424195059,2.169353857,-1.441330471,-1.407059647,2.152227228,2.186480486,0.03765346443
B,395,1,7,0.30078125,144.0494486,221.1249161,-1.422209945,2.16511119,-1.439345356,-1.405074533,2.147984561,2.182237819,0.03782596841
B,396,1,7,0.3046875,144.1410305,221.3206031,-1.420224501,2.160868839,-1.437359913,-1.403089089,2.14374221,2.177995467,0.03799929148
B,397,1,7,0.30859375,144.2326282,221.5162754,-1.418238716,2.156626805,-1.435374128,-1.401103305,2.139500176,2.173753434,0.03817343873
B,398,1,7,0.3125,144.3242422,221.7119329,-1.416252578,2.152385092,-1.43338799,-1.399117167,2.135258463,2.169511721,0.03834841526
B,399,1,7,0.31640625,144.415873,221.9075755,-1.414266075,2.148143702,-1.431401487,-1.397130664,2.131017073,2.16527033,0.03852422623
B,400,1,7,0.3203125,144.5075212,222.1032031,-1.412279195,2.143902637,-1.429414607,-1.395143783,2.126776008,2.161029266,0.03870087684
B,401,1,7,0.32421875,144.5991874,222.2988155,-1.410291926,2.1396619,-1.427427337,-1.393156514,2.122535271,2.156788529,0.03887837231
B,402,1,7,0.328125,144.6908721,222.4944128,-1.408304255,2.135421494,-1.425439667,-1.391168843,2.118294865,2.152548122,0.03905671793
B,403,1,7,0.33203125,144.7825759,222.6899947,-1.406316171,2.13118142,-1.423451582,-1.389180759,2.114054791,2.148308048,0.03923591901
B,404,1,7,0.3359375,144.8742993,222.8855611,-1.404327661,2.126941681,-1.421463073,-1.387192249,2.109815052,2.14406831,0.03941598091
B,405,1,7,0.33984375,144.9660428,223.0811119,-1.402338714,2.12270228,-1.419474126,-1.385203302,2.105575652,2.139828909,0.03959690904
B,406,1,7,0.34375,145.0578071,223.2766471,-1.400349318,2.11846322,-1.417484729,-1.383213906,2.101336591,2.135589848,0.03977870883
B,407,1,7,0.34765625,145.1495927,223.4721664,-1.39835946,2.114224502,-1.415494872,-1.381224048,2.097097873,2.13135113,0.03996138577
B,408,1,7,0.3515625,145.2414001,223.6676698,-1.396369128,2.109986129,-1.41350454,-1.379233717,2.0928595,2.127112758,0.0401449454
B,409,1,7,0.35546875,145.3332299,223.8631572,-1.394378312,2.105748104,-1.411513723,-1.3772429,2.088621475,2.122874733,0.04032939328
B,410,1,7,0.359375,145.4250827,224.0586284,-1.392386997,2.101510429,-1.409522409,-1.375251585,2.0843838,2.118637058,0.04051473503
B,411,1,7,0.36328125,145.516959,224.2540834,-1.390395173,2.097273107,-1.407530585,-1.373259761,2.080146478,2.114399735,0.04070097632
B,412,1,7,0.3671875,145.6088593,224.449522,-1.388402827,2.093036139,-1.405538239,-1.371267415,2.07590951,2.110162768,0.04088812284
B,413,1,7,0.37109375,145.7007843,224.6449441,-1.386409948,2.088799529,-1.40354536,-1.369274536,2.071672901,2.105926158,0.04107618036
B,414,1,7,0.375,145.7927344,224.8403496,-1.384416523,2.084563279,-1.401551935,-1.367281111,2.067436651,2.101689908,0.04126515466
B,415,1,7,0.37890625,145.8847102,225.0357384,-1.38242254,2.080327392,-1.399557952,-1.365287128,2.063200763,2.097454021,0.04145505159
B,416,1,7,0.3828125,145.9767123,225.2311103,-1.380427987,2.07609187,-1.397563399,-1.363292576,2.058965241,2.093218498,0.04164587704
B,417,1,7,0.38671875,146.0687413,225.4264653,-1.378432853,2.071856715,-1.395568265,-1.361297441,2.054730086,2.088983343,0.04183763694
B,418,1,7,0.390625,146.1607977,225.6218033,-1.376437125,2.06762193,-1.393572537,-1.359301713,2.050495301,2.084748558,0.04203033728
B,419,1,7,0.39453125,146.252882,225.817124,-1.374440791,2.063387517,-1.391576203,-1.357305379,2.046260888,2.080514145,0.04222398408
B,420,1,7,0.3984375,146.3449948,226.0124275,-1.372443839,2.059153479,-1.389579251,-1.355308427,2.04202685,2.076280108,0.04241858342
B,421,1,7,0.40234375,146.4371366,226.2077135,-1.370446257,2.054919818,-1.387581669,-1.353310845,2.03779319,2.072046447,0.04261414143
B,422,1,7,0.40625,146.5293081,226.4029821,-1.368448033,2.050686537,-1.385583445,-1.351312621,2.033559909,2.067813166,0.04281066429
B,423,1,7,0.41015625,146.6215097,226.598233,-1.366449155,2.046453639,-1.383584567,-1.349313744,2.02932701,2.063580268,0.04300815821
B,424,1,7,0.4140625,146.7137421,226.7934662,-1.364449612,2.042221125,-1.381585023,-1.3473142,2.025094496,2.059347754,0.04320662947
B,425,1,7,0.41796875,146.8060057,226.9886815,-1.36244939,2.037988998,-1.379584801,-1.345313978,2.02086237,2.055115627,0.04340608439
B,426,1,7,0.421875,146.8983012,227.1838788,-1.360448478,2.033757262,-1.377583889,-1.343313066,2.016630633,2.05088389,0.04360652934
B,427,1,7,0.42578125,146.9906291,227.379058,-1.358446863,2.029525917,-1.375582275,-1.341311452,2.012399288,2.046652545,0.04380797076
B,428,1,7,0.4296875,147.0829899,227.5742191,-1.356444535,2.025294967,-1.373579947,-1.339309123,2.008168338,2.042421595,0.04401041511
B,429,1,7,0.43359375,147.1753842,227.7693618,-1.354441481,2.021064414,-1.371576892,-1.337306069,2.003937785,2.038191042,0.04421386892
B,430,1,7,0.4375,147.2678125,227.9644861,-1.352437688,2.01683426,-1.3695731,-1.335302276,1.999707631,2.033960889,0.04441833877
B,431,1,7,0.44140625,147.3602755,228.1595918,-1.350433145,2.012604509,-1.367568557,-1.333297733,1.99547788,2.029731137,0.0446238313
B,432,1,7,0.4453125,147.4527736,228.3546789,-1.34842784,2.008375162,-1.365563251,-1.331292428,1.991248533,2.02550179,0.04483035318
B,433,1,7,0.44921875,147.5453074,228.5497472,-1.34642176,2.004146222,-1.363557172,-1.329286348,1.987019593,2.02127285,0.04503791116
B,434,1,7,0.453125,147.6378775,228.7447966,-1.344414894,1.999917691,-1.361550306,-1.327279482,1.982791063,2.01704432,0.04524651203
B,435,1,7,0.45703125,147.7304844,228.9398271,-1.34240723,1.995689573,-1.359542642,-1.325271818,1.978562944,2.012816202,0.04545616263
B,436,1,7,0.4609375,147.8231287,229.1348384,-1.340398755,1.991461869,-1.357534167,-1.323263343,1.97433524,2.008588497,0.04566686988
B,437,1,7,0.46484375,147.915811,229.3298305,-1.338389458,1.987234582,-1.35552487,-1.321254046,1.970107953,2.00436121,0.04587864071
B,438,1,7,0.46875,148.0085317,229.5248032,-1.336379326,1.983007714,-1.353514738,-1.319243914,1.965881085,2.000134342,0.04609148216
B,439,1,7,0.47265625,148.1012915,229.7197565,-1.334368348,1.978781268,-1.35150376,-1.317232936,1.961654639,1.995907896,0.04630540128
B,440,1,7,0.4765625,148.1940909,229.9146902,-1.332356511,1.974555246,-1.349491923,-1.315221099,1.957428617,1.991681875,0.04652040521
B,441,1,7,0.48046875,148.2869305,230.1096042,-1.330343804,1.970329651,-1.347479216,-1.313208392,1.953203022,1.98745628,0.04673650112
B,442,1,7,0.484375,148.3798107,230.3044984,-1.328330214,1.966104485,-1.345465626,-1.311194802,1.948977857,1.983231114,0.04695369627
B,443,1,7,0.48828125,148.4727323,230.4993727,-1.326315729,1.961879751,-1.343451141,-1.309180317,1.944753123,1.97900638,0.04717199794
B,444,1,7,0.4921875,148.5656956,230.694227,-1.324300338,1.957655451,-1.34143575,-1.307164926,1.940528823,1.97478208,0.04739141351
B,445,1,7,0.49609375,148.6587013,230.8890611,-1.322284028,1.953431588,-1.33941944,-1.305148616,1.93630496,1.970558217,0.04761195038
B,446,1,7,0.5,148.75175,231.083875,-1.320266787,1.949208164,-1.337402199,-1.303131375,1.932081536,1.966334793,0.04783361604
B,447,1,7,0.50390625,148.8448421,231.2786685,-1.318248603,1.944985182,-1.335384015,-1.301113192,1.927858553,1.962111811,0.04805641802
B,448,1,7,0.5078125,148.9379783,231.4734415,-1.316229465,1.940762644,-1.333364877,-1.299094053,1.923636015,1.957889272,0.04828036393
B,449,1,7,0.51171875,149.0311591,231.668194,-1.31420936,1.936540552,-1.331344771,-1.297073948,1.919413923,1.953667181,0.04850546143
B,450,1,7,0.515625,149.1243851,231.8629257,-1.312188276,1.932318909,-1.329323687,-1.295052864,1.915192281,1.949445538,0.04873171823
B,451,1,7,0.51953125,149.2176567,232.0576365,-1.3101662,1.928097718,-1.327301612,-1.293030789,1.91097109,1.945224347,0.04895914214
B,452,1,7,0.5234375,149.3109746,232.2523265,-1.308143122,1.923876981,-1.325278534,-1.291007711,1.906750353,1.94100361,0.04918774099
B,453,1,7,0.52734375,149.4043394,232.4469954,-1.306119029,1.9196567,-1.323254441,-1.288983618,1.902530072,1.936783329,0.04941752271
B,454,1,7,0.53125,149.4977515,232.6416431,-1.304093909,1.915436879,-1.321229321,-1.286958498,1.89831025,1.932563507,0.04964849526
B,455,1,7,0.53515625,149.5912115,232.8362695,-1.30206775,1.911217518,-1.319203162,-1.284932339,1.89409089,1.928344147,0.0498806667
B,456,1,7,0.5390625,149.68472,233.0308746,-1.30004054,1.906998622,-1.317175952,-1.282905129,1.889871993,1.92412525,0.05011404512
B,457,1,7,0.54296875,149.7782776,233.2254581,-1.298012267,1.902780192,-1.315147679,-1.280876855,1.885653563,1.91990682,0.05034863871
B,458,1,7,0.546875,149.8718847,233.42002,-1.295982919,1.89856223,-1.31311833,-1.278847507,1.881435602,1.915688859,0.05058445571
B,459,1,7,0.55078125,149.965542,233.6145602,-1.293952483,1.89434474,-1.311087895,-1.276817071,1.877218112,1.911471369,0.05082150442
B,460,1,7,0.5546875,150.05925,233.8090785,-1.291920948,1.890127724,-1.30905636,-1.274785537,1.873001095,1.907254353,0.05105979322
B,461,1,7,0.55859375,150.1530092,234.0035748,-1.289888302,1.885911184,-1.307023714,-1.27275289,1.868784555,1.903037813,0.05129933055
B,462,1,7,0.5625,150.2468203,234.1980491,-1.287854533,1.881695123,-1.304989945,-1.270719121,1.864568494,1.898821751,0.05154012494
B,463,1,7,0.56640625,150.3406837,234.3925011,-1.285819628,1.877479543,-1.30295504,-1.268684217,1.860352914,1.894606171,0.05178218496
B,464,1,7,0.5703125,150.4346001,234.5869309,-1.283783576,1.873264446,-1.300918988,-1.266648165,1.856137818,1.890391075,0.05202551926
B,465,1,7,0.57421875,150.5285699,234.7813382,-1.281746365,1.869049836,-1.298881777,-1.264610953,1.851923207,1.886176465,0.05227013658
B,466,1,7,0.578125,150.6225938,234.975723,-1.279707982,1.864835714,-1.296843394,-1.262572571,1.847709086,1.881962343,0.05251604571
B,467,1,7,0.58203125,150.7166723,235.1700852,-1.277668416,1.860622084,-1.294803828,-1.260533004,1.843495455,1.877748712,0.05276325552
B,468,1,7,0.5859375,150.8108059,235.3644245,-1.275627654,1.856408947,-1.292763066,-1.258492243,1.839282318,1.873535575,0.05301177494
B,469,1,7,0.58984375,150.9049952,235.558741,-1.273585685,1.852196305,-1.290721097,-1.256450273,1.835069677,1.869322934,0.053261613
B,470,1,7,0.59375,150.9992407,235.7530345,-1.271542497,1.847984163,-1.288677908,-1.254407085,1.830857534,1.865110792,0.05351277879
B,471,1,7,0.59765625,151.0935431,235.9473049,-1.269498076,1.843772521,-1.286633488,-1.252362664,1.826645893,1.86089915,0.05376528147
B,472,1,7,0.6015625,151.1879028,236.1415521,-1.267452412,1.839561383,-1.284587824,-1.250317001,1.822434755,1.856688012,0.05401913027
B,473,1,7,0.60546875,151.2823205,236.3357759,-1.265405493,1.835350751,-1.282540905,-1.248270081,1.818224122,1.85247738,0.05427433453
B,474,1,7,0.609375,151.3767966,236.5299763,-1.263357306,1.831140627,-1.280492717,-1.246221894,1.814013999,1.848267256,0.05453090362
B,475,1,7,0.61328125,151.4713317,236.7241531,-1.261307839,1.826931014,-1.278443251,-1.244172427,1.809804386,1.844057643,0.05478884703
B,476,1,7,0.6171875,151.5659264,236.9183062,-1.25925708,1.822721915,-1.276392492,-1.242121668,1.805595286,1.839848543,0.0550481743
B,477,1,7,0.62109375,151.6605813,237.1124356,-1.257205018,1.818513331,-1.274340429,-1.240069606,1.801386702,1.83563996,0.05530889506
B,478,1,7,0.625,151.7552969,237.306541,-1.255151639,1.814305266,-1.272287051,-1.238016228,1.797178637,1.831431894,0.05557101902
B,479,1,7,0.62890625,151.8500737,237.5006224,-1.253096933,1.810097721,-1.270232345,-1.235961522,1.792971092,1.827224349,0.05583455597
B,480,1,7,0.6328125,151.9449123,237.6946797,-1.251040887,1.805890699,-1.268176299,-1.233905476,1.788764071,1.823017328,0.05609951577
B,481,1,7,0.63671875,152.0398133,237.8887127,-1.24898349,1.801684204,-1.266118901,-1.231848078,1.784557575,1.818810832,0.05636590839
B,482,1,7,0.640625,152.1347772,238.0827214,-1.246924728,1.797478236,-1.26406014,-1.229789316,1.780351607,1.814604865,0.05663374386
B,483,1,7,0.64453125,152.2298045,238.2767056,-1.24486459,1.793272799,-1.262000002,-1.227729178,1.77614617,1.810399428,0.05690303229
B,484,1,7,0.6484375,152.3248959,238.4706652,-1.242803064,1.789067895,-1.259938476,-1.225667652,1.771941267,1.806194524,0.05717378389
B,485,1,7,0.65234375,152.4200519,238.6646001,-1.240740138,1.784863527,-1.25787555,-1.223604727,1.767736898,1.801990156,0.05744600895
B,486,1,7,0.65625,152.5152729,238.8585102,-1.238675801,1.780659697,-1.255811212,-1.221540389,1.763533068,1.797786326,0.05771971784
B,487,1,7,0.66015625,152.6105597,239.0523953,-1.236610039,1.776456407,-1.25374545,-1.219474627,1.759329779,1.793583036,0.05799492103
B,488,1,7,0.6640625,152.7059128,239.2462554,-1.234542841,1.772253661,-1.251678252,-1.217407429,1.755127032,1.789380289,0.05827162905
B,489,1,7,0.66796875,152.8013326,239.4400903,-1.232474194,1.76805146,-1.249609606,-1.215338782,1.750924831,1.785178088,0.05854985256
B,490,1,7,0.671875,152.8968198,239.6339,-1.230404088,1.763849807,-1.2475395,-1.213268676,1.746723178,1.780976435,0.05882960226
B,491,1,7,0.67578125,152.9923749,239.8276842,-1.228332509,1.759648704,-1.245467921,-1.211197097,1.742522075,1.776775332,0.05911088899
B,492,1,7,0.6796875,153.0879984,240.021443,-1.226259446,1.755448154,-1.243394858,-1.209124034,1.738321525,1.772574783,0.05939372364
B,493,1,7,0.68359375,153.183691,240.2151761,-1.224184887,1.75124816,-1.241320299,-1.207049475,1.734121531,1.768374788,0.05967811721
B,494,1,7,0.6875,153.2794531,240.4088835,-1.222108819,1.747048723,-1.239244231,-1.204973407,1.729922095,1.764175352,0.0599640808
B,495,1,7,0.69140625,153.3752854,240.6025651,-1.220031231,1.742849847,-1.237166643,-1.20289582,1.725723218,1.759976476,0.06025162559
B,496,1,7,0.6953125,153.4711884,240.7962207,-1.217952111,1.738651534,-1.235087523,-1.200816699,1.721524905,1.755778162,0.06054076285
B,497,1,7,0.69921875,153.5671626,240.9898502,-1.215871446,1.734453786,-1.233006858,-1.198736034,1.717327157,1.751580414,0.06083150396
B,498,1,7,0.703125,153.6632086,241.1834536,-1.213789225,1.730256605,-1.230924637,-1.196653813,1.713129977,1.747383234,0.06112386038
B,499,1,7,0.70703125,153.7593269,241.3770306,-1.211705435,1.726059995,-1.228840847,-1.194570023,1.708933366,1.743186624,0.06141784369
B,500,1,7,0.7109375,153.8555182,241.5705812,-1.209620065,1.721863958,-1.226755477,-1.192484653,1.704737329,1.738990586,0.06171346554
B,501,1,7,0.71484375,153.9517829,241.7641053,-1.207533102,1.717668495,-1.224668514,-1.19039769,1.700541867,1.734795124,0.0620107377
B,502,1,7,0.71875,154.0481216,241.9576028,-1.205444535,1.713473611,-1.222579946,-1.188309123,1.696346982,1.730600239,0.06230967203
B,503,1,7,0.72265625,154.1445349,242.1510734,-1.203354351,1.709279306,-1.220489762,-1.186218939,1.692152678,1.726405935,0.06261028049
B,504,1,7,0.7265625,154.2410233,242.3445172,-1.201262538,1.705085584,-1.21839795,-1.184127126,1.687958956,1.722212213,0.06291257514
B,505,1,7,0.73046875,154.3375874,242.5379341,-1.199169084,1.700892448,-1.216304496,-1.182033673,1.683765819,1.718019076,0.06321656815
B,506,1,7,0.734375,154.4342277,242.7313238,-1.197073978,1.696699898,-1.21420939,-1.179938567,1.67957327,1.713826527,0.06352227179
B,507,1,7,0.73828125,154.5309448,242.9246863,-1.194977207,1.692507939,-1.212112619,-1.177841796,1.67538131,1.709634568,0.06382969843
B,508,1,7,0.7421875,154.6277393,243.1180215,-1.19287876,1.688316572,-1.210014172,-1.175743348,1.671189944,1.705443201,0.06413886054
B,509,1,7,0.74609375,154.7246117,243.3113292,-1.190778623,1.6841258,-1.207914035,-1.173643211,1.666999172,1.701252429,0.06444977073
B,510,1,7,0.75,154.8215625,243.5046094,-1.188676786,1.679935626,-1.205812198,-1.171541374,1.662808997,1.697062255,0.06476244167
B,511,1,7,0.75390625,154.9185923,243.6978619,-1.186573236,1.675746052,-1.203708647,-1.169437824,1.658619423,1.69287268,0.06507688616
B,512,1,7,0.7578125,155.0157017,243.8910866,-1.18446796,1.671557079,-1.201603372,-1.167332549,1.654430451,1.688683708,0.06539311712
B,513,1,7,0.76171875,155.1128912,244.0842834,-1.182360948,1.667368712,-1.19949636,-1.165225536,1.650242084,1.684495341,0.06571114757
B,514,1,7,0.765625,155.2101614,244.2774522,-1.180252187,1.663180952,-1.197387599,-1.163116775,1.646054324,1.680307581,0.06603099063
B,515,1,7,0.76953125,155.3075129,244.4705929,-1.178141665,1.658993802,-1.195277077,-1.161006253,1.641867174,1.676120431,0.06635265955
B,516,1,7,0.7734375,155.4049461,244.6637053,-1.17602937,1.654807264,-1.193164782,-1.158893958,1.637680636,1.671933893,0.0666761677
B,517,1,7,0.77734375,155.5024616,244.8567894,-1.17391529,1.650621341,-1.191050701,-1.156779878,1.633494713,1.66774797,0.06700152852
B,518,1,7,0.78125,155.6000601,245.049845,-1.171799412,1.646436035,-1.188934824,-1.154664,1.629309407,1.663562664,0.06732875563
B,519,1,7,0.78515625,155.697742,245.242872,-1.169681726,1.642251349,-1.186817137,-1.152546314,1.62512472,1.659377978,0.06765786272
B,520,1,7,0.7890625,155.7955079,245.4358703,-1.167562218,1.638067285,-1.18469763,-1.150426806,1.620940656,1.655193914,0.06798886361
B,521,1,7,0.79296875,155.8933583,245.6288399,-1.165440877,1.633883846,-1.182576289,-1.148305465,1.616757217,1.651010474,0.06832177224
B,522,1,7,0.796875,155.9912939,245.8217804,-1.163317691,1.629701033,-1.180453102,-1.146182279,1.612574405,1.646827662,0.06865660267
B,523,1,7,0.80078125,156.0893151,246.014692,-1.161192647,1.625518851,-1.178328059,-1.144057235,1.608392222,1.642645479,0.06899336909
B,524,1,7,0.8046875,156.1874226,246.2075744,-1.159065734,1.6213373,-1.176201146,-1.141930322,1.604210671,1.638463929,0.06933208581
B,525,1,7,0.80859375,156.2856169,246.4004275,-1.15693694,1.617156384,-1.174072352,-1.139801528,1.600029755,1.634283012,0.06967276724
B,526,1,7,0.8125,156.3838984,246.5932512,-1.154806252,1.612976105,-1.171941664,-1.137670841,1.595849476,1.630102733,0.07001542794
B,527,1,7,0.81640625,156.4822679,246.7860455,-1.152673659,1.608796465,-1.169809071,-1.135538248,1.591669836,1.625923094,0.07036008259
B,528,1,7,0.8203125,156.5807258,246.9788101,-1.150539149,1.604617467,-1.167674561,-1.133403737,1.587490839,1.621744096,0.07070674601
B,529,1,7,0.82421875,156.6792728,247.171545,-1.148402709,1.600439114,-1.165538121,-1.131267297,1.583312485,1.617565743,0.07105543311
B,530,1,7,0.828125,156.7779092,247.36425,-1.146264328,1.596261408,-1.163399739,-1.129128916,1.579134779,1.613388036,0.07140615897
B,531,1,7,0.83203125,156.8766358,247.5569252,-1.144123993,1.592084351,-1.161259404,-1.126988581,1.574957722,1.609210979,0.07175893877
B,532,1,7,0.8359375,156.9754531,247.7495702,-1.141981692,1.587907945,-1.159117104,-1.12484628,1.570781317,1.605034574,0.07211378786
B,533,1,7,0.83984375,157.0743616,247.9421851,-1.139837414,1.583732195,-1.156972826,-1.122702002,1.566605566,1.600858823,0.07247072169
B,534,1,7,0.84375,157.1733618,248.1347696,-1.137691146,1.579557101,-1.154826558,-1.120555734,1.562430472,1.596683729,0.07282975584
B,535,1,7,0.84765625,157.2724544,248.3273238,-1.135542876,1.575382666,-1.152678288,-1.118407465,1.558256037,1.592509294,0.07319090607
B,536,1,7,0.8515625,157.3716399,248.5198474,-1.133392593,1.571208893,-1.150528005,-1.116257181,1.554082264,1.588335521,0.07355418822
B,537,1,7,0.85546875,157.4709188,248.7123404,-1.131240284,1.567035784,-1.148375696,-1.114104872,1.549909155,1.584162412,0.07391961832
B,538,1,7,0.859375,157.5702917,248.9048026,-1.129085937,1.562863342,-1.146221349,-1.111950526,1.545736713,1.57998997,0.0742872125
B,539,1,7,0.86328125,157.6697591,249.097234,-1.126929541,1.558691569,-1.144064953,-1.109794129,1.54156494,1.575818197,0.07465698706
B,540,1,7,0.8671875,157.7693217,249.2896344,-1.124771083,1.554520467,-1.141906494,-1.107635671,1.537393839,1.571647096,0.07502895843
B,541,1,7,0.87109375,157.8689799,249.4820037,-1.12261055,1.55035004,-1.139745962,-1.105475138,1.533223411,1.567476669,0.07540314318
B,542,1,7,0.875,157.9687344,249.6743418,-1.120447932,1.546180289,-1.137583344,-1.10331252,1.529053661,1.563306918,0.07577955803
B,543,1,7,0.87890625,158.0685856,249.8666486,-1.118283216,1.542011218,-1.135418628,-1.101147804,1.524884589,1.559137846,0.07615821985
B,544,1,7,0.8828125,158.1685341,250.0589239,-1.11611639,1.537842827,-1.133251802,-1.098980978,1.520716199,1.554969456,0.07653914566
B,545,1,7,0.88671875,158.2685805,250.2511677,-1.113947442,1.533675121,-1.131082853,-1.09681203,1.516548493,1.55080175,0.07692235263
B,546,1,7,0.890625,158.3687254,250.4433798,-1.111776359,1.529508102,-1.128911771,-1.094640948,1.512381473,1.54663473,0.07730785806
B,547,1,7,0.89453125,158.4689693,250.6355601,-1.109603131,1.525341771,-1.126738543,-1.092467719,1.508215142,1.5424684,0.07769567943
B,548,1,7,0.8984375,158.5693126,250.8277086,-1.107427745,1.521176132,-1.124563157,-1.090292333,1.504049503,1.53830276,0.07808583437
B,549,1,7,0.90234375,158.6697561,251.019825,-1.105250188,1.517011186,-1.1223856,-1.088114776,1.499884558,1.534137815,0.07847834065
B,550,1,7,0.90625,158.7703003,251.2119093,-1.10307045,1.512846937,-1.120205861,-1.085935038,1.495720308,1.529973566,0.07887321621
B,551,1,7,0.91015625,158.8709457,251.4039614,-1.100888517,1.508683387,-1.118023929,-1.083753105,1.491556758,1.525810016,0.07927047915
B,552,1,7,0.9140625,158.9716928,251.5959811,-1.098704378,1.504520538,-1.115839789,-1.081568966,1.487393909,1.521647167,0.07967014772
B,553,1,7,0.91796875,159.0725422,251.7879684,-1.09651802,1.500358393,-1.113653432,-1.079382608,1.483231764,1.517485021,0.08007224035
B,554,1,7,0.921875,159.1734946,251.9799231,-1.094329432,1.496196954,-1.111464844,-1.077194021,1.479070325,1.513323583,0.0804767756
B,555,1,7,0.92578125,159.2745503,252.1718451,-1.092138602,1.492036224,-1.109274014,-1.075003191,1.474909595,1.509162852,0.08088377224
B,556,1,7,0.9296875,159.3757101,252.3637343,-1.089945518,1.487876205,-1.10708093,-1.072810106,1.470749576,1.505002833,0.08129324917
B,557,1,7,0.93359375,159.4769744,252.5555906,-1.087750167,1.483716899,-1.104885579,-1.070614755,1.466590271,1.500843528,0.08170522548
B,558,1,7,0.9375,159.5783438,252.7474138,-1.085552538,1.47955831,-1.10268795,-1.068417126,1.462431682,1.496684939,0.08211972041
B,559,1,7,0.94140625,159.6798188,252.9392039,-1.083352618,1.47540044,-1.10048803,-1.066217206,1.458273811,1.492527068,0.0825367534
B,560,1,7,0.9453125,159.7814,253.1309607,-1.081150396,1.47124329,-1.098285808,-1.064014984,1.454116662,1.488369919,0.08295634404
B,561,1,7,0.94921875,159.883088,253.3226842,-1.078945859,1.467086865,-1.096081271,-1.061810447,1.449960236,1.484213493,0.0833785121
B,562,1,7,0.953125,159.9848834,253.5143742,-1.076738996,1.462931165,-1.093874408,-1.059603584,1.445804536,1.480057793,0.08380327754
B,563,1,7,0.95703125,160.0867866,253.7060305,-1.074529794,1.458776193,-1.091665206,-1.057394382,1.441649565,1.475902822,0.08423066048
B,564,1,7,0.9609375,160.1887982,253.8976532,-1.072318241,1.454621953,-1.089453653,-1.055182829,1.437495324,1.471748582,0.08466068122
B,565,1,7,0.96484375,160.2909188,254.089242,-1.070104326,1.450468446,-1.087239738,-1.052968914,1.433341818,1.467595075,0.08509336027
B,566,1,7,0.96875,160.3931489,254.2807968,-1.067888036,1.446315675,-1.085023448,-1.050752624,1.429189047,1.463442304,0.0855287183
B,567,1,7,0.97265625,160.4954892,254.4723176,-1.065669359,1.442163643,-1.082804771,-1.048533948,1.425037014,1.459290271,0.08596677617
B,568,1,7,0.9765625,160.59794,254.6638043,-1.063448284,1.438012351,-1.080583696,-1.046312872,1.420885723,1.45513898,0.08640755492
B,569,1,7,0.98046875,160.7005021,254.8552566,-1.061224798,1.433861803,-1.07836021,-1.044089386,1.416735174,1.450988432,0.0868510758
B,570,1,7,0.984375,160.803176,255.0466746,-1.058998889,1.429712,-1.0761343,-1.041863477,1.412585372,1.446838629,0.08729736024
B,571,1,7,0.98828125,160.9059621,255.238058,-1.056770545,1.425562946,-1.073905956,-1.039635133,1.408436318,1.442689575,0.08774642986
B,572,1,7,0.9921875,161.0088611,255.4294068,-1.054539754,1.421414643,-1.071675166,-1.037404342,1.404288014,1.438541272,0.08819830647
B,573,1,7,0.99609375,161.1118736,255.6207208,-1.052306504,1.417267093,-1.069441916,-1.035171092,1.400140464,1.434393721,0.08865301211
B,574,1,7,1,161.215,255.812,-1.050070783,1.413120298,-1.067206195,-1.032935371,1.39599367,1.430246927,0.08911056898
B,575,1,8,0.1,161.3309,256.0215,-1.047558139,1.40857849,-1.064693551,-1.030422727,1.391451861,1.425705118,0.08962761939
B,576,1,8,0.2,161.4468,256.231,-1.045045494,1.404036681,-1.062180906,-1.027910082,1.386910053,1.42116331,0.0901476699
B,577,1,8,0.3,161.5627,256.4405,-1.04253285,1.399494873,-1.059668262,-1.025397438,1.382368244,1.416621502,0.09067073793
B,578,1,8,0.4,161.6786,256.65,-1.040020205,1.394953064,-1.057155617,-1.022884793,1.377826436,1.412079693,0.09119684097
B,579,1,8,0.5,161.7945,256.8595,-1.037507561,1.390411256,-1.054642973,-1.020372149,1.373284627,1.407537885,0.09172599665
B,580,1,8,0.6,161.9104,257.069,-1.034994916,1.385869447,-1.052130328,-1.017859504,1.368742819,1.402996076,0.09225822268
B,581,1,8,0.7,162.0263,257.2785,-1.032482272,1.381327639,-1.049617683,-1.01534686,1.36420101,1.398454268,0.09279353686
B,582,1,8,0.8,162.1422,257.488,-1.029969627,1.37678583,-1.047105039,-1.012834215,1.359659202,1.393912459,0.09333195713
B,583,1,8,0.9,162.2581,257.6975,-1.027456983,1.372244022,-1.044592394,-1.010321571,1.355117393,1.389370651,0.09387350149
B,584,1,8,1,162.374,257.907,-1.024944338,1.367702213,-1.04207975,-1.007808926,1.350575585,1.384828842,0.09441818808
B,585,1,9,0.1,162.4892,258.1115,-1.022446869,1.363268801,-1.039582281,-1.005311457,1.346142173,1.38039543,0.09496271678
B,586,1,9,0.2,162.6044,258.316,-1.0199494,1.358835389,-1.037084812,-1.002813988,1.341708761,1.375962018,0.09551038589
B,587,1,9,0.3,162.7196,258.5205,-1.017451931,1.354401977,-1.034587343,-1.000316519,1.337275348,1.371528606,0.09606121352
B,588,1,9,0.4,162.8348,258.725,-1.014954462,1.349968565,-1.032089874,-0.9978190506,1.332841936,1.367095194,0.09661521788
B,589,1,9,0.5,162.95,258.9295,-1.012456993,1.345535153,-1.029592405,-0.9953215816,1.328408524,1.362661782,0.0971724173
B,590,1,9,0.6,163.0652,259.134,-1.009959525,1.341101741,-1.027094936,-0.9928241127,1.323975112,1.35822837,0.0977328302
B,591,1,9,0.7,163.1804,259.3385,-1.007462056,1.336668329,-1.024597467,-0.9903266438,1.3195417,1.353794957,0.09829647511
B,592,1,9,0.8,163.2956,259.543,-1.004964587,1.332234917,-1.022099998,-0.9878291749,1.315108288,1.349361545,0.09886337067
B,593,1,9,0.9,163.4108,259.7475,-1.002467118,1.327801505,-1.01960253,-0.9853317059,1.310674876,1.344928133,0.09943353564
B,594,1,9,1,163.526,259.952,-0.9999696488,1.323368092,-1.017105061,-0.982834237,1.306241464,1.340494721,0.1000069889
B,595,1,10,0.1,163.6412,260.1514,-0.9974721799,1.319045245,-1.014607592,-0.9803367681,1.301918616,1.336171873,0.1005837493
B,596,1,10,0.2,163.7564,260.3508,-0.994974711,1.314722397,-1.012110123,-0.9778392991,1.297595768,1.331849026,0.101163836
B,597,1,10,0.3,163.8716,260.5502,-0.992477242,1.310399549,-1.009612654,-0.9753418302,1.29327292,1.327526178,0.1017472683
B,598,1,10,0.4,163.9868,260.7496,-0.9899797731,1.306076701,-1.007115185,-0.9728443613,1.288950073,1.32320333,0.1023340652
B,599,1,10,0.5,164.102,260.949,-0.9874823042,1.301753853,-1.004617716,-0.9703468924,1.284627225,1.318880482,0.1029242464
B,600,1,10,0.6,164.2172,261.1484,-0.9849848352,1.297431006,-1.002120247,-0.9678494234,1.280304377,1.314557634,0.1035178313
B,601,1,10,0.7,164.3324,261.3478,-0.9824873663,1.293108158,-0.9996227781,-0.9653519545,1.275981529,1.310234787,0.1041148394
B,602,1,10,0.8,164.4476,261.5472,-0.9799898974,1.28878531,-0.9971253092,-0.9628544856,1.271658681,1.305911939,0.1047152907
B,603,1,10,0.9,164.5628,261.7466,-0.9774924285,1.284462462,-0.9946278403,-0.9603570167,1.267335834,1.301589091,0.1053192048
B,604,1,10,1,164.678,261.946,-0.9749949595,1.280139615,-0.9921303713,-0.9578595477,1.263012986,1.297266243,0.1059266019
B,605,1,11,0.001953125,164.750814,262.0677839,-0.9734163937,1.277499428,-0.9905518055,-0.9562809819,1.260372799,1.294626056,0.1063123226
B,606,1,11,0.00390625,164.8237796,262.1896661,-0.9718345434,1.27485711,-0.9889699552,-0.9546991316,1.257730481,1.291983739,0.1067002548
B,607,1,11,0.005859375,164.8968966,262.3116454,-0.9702494082,1.272212687,-0.98738482,-0.9531139964,1.255086058,1.289339315,0.1070904126
B,608,1,11,0.0078125,164.9701652,262.4337207,-0.9686609881,1.269566183,-0.9857963999,-0.9515255763,1.252439555,1.286692812,0.10748281
B,609,1,11,0.009765625,165.0435853,262.5558907,-0.9670692828,1.266917625,-0.9842046946,-0.949933871,1.249790997,1.284044254,0.1078774612
B,610,1,11,0.01171875,165.117157,262.6781544,-0.9654742922,1.264267038,-0.982609704,-0.9483388803,1.247140409,1.281393666,0.1082743806
B,611,1,11,0.013671875,165.1908802,262.8005105,-0.9638760159,1.261614446,-0.9810114277,-0.9467406041,1.244487817,1.278741074,0.1086735825
B,612,1,11,0.015625,165.2647549,262.9229579,-0.9622744539,1.258959874,-0.9794098657,-0.9451390421,1.241833246,1.276086503,0.1090750815
B,613,1,11,0.017578125,165.3387813,263.0454954,-0.9606696059,1.25630335,-0.9778050177,-0.9435341941,1.239176721,1.273429978,0.1094788922
B,614,1,11,0.01953125,165.4129592,263.1681219,-0.9590614717,1.253644896,-0.9761968835,-0.9419260599,1.236518268,1.270771525,0.1098850293
B,615,1,11,0.021484375,165.4872887,263.2908361,-0.9574500511,1.25098454,-0.9745854629,-0.9403146393,1.233857911,1.268111168,0.1102935077
B,616,1,11,0.0234375,165.5617698,263.413637,-0.9558353439,1.248322305,-0.9729707557,-0.9386999321,1.231195677,1.265448934,0.1107043423
B,617,1,11,0.025390625,165.6364026,263.5365234,-0.9542173499,1.245658218,-0.9713527618,-0.9370819381,1.22853159,1.262784847,0.1111175482
B,618,1,11,0.02734375,165.7111869,263.659494,-0.952596069,1.242992304,-0.9697314808,-0.9354606572,1.225865675,1.260118933,0.1115331405
B,619,1,11,0.029296875,165.7861229,263.7825478,-0.9509715008,1.240324587,-0.9681069126,-0.933836089,1.223197959,1.257451216,0.1119511345
B,620,1,11,0.03125,165.8612105,263.9056835,-0.9493436452,1.237655094,-0.966479057,-0.9322082334,1.220528466,1.254781723,0.1123715457
B,621,1,11,0.033203125,165.9364497,264.0289,-0.947712502,1.234983849,-0.9648479139,-0.9305770902,1.217857221,1.252110478,0.1127943895
B,622,1,11,0.03515625,166.0118406,264.1521961,-0.9460780711,1.232310878,-0.9632134829,-0.9289426592,1.21518425,1.249437507,0.1132196815
B,623,1,11,0.037109375,166.0873832,264.2755707,-0.9444403521,1.229636206,-0.9615757639,-0.9273049403,1.212509578,1.246762835,0.1136474375
B,624,1,11,0.0390625,166.1630775,264.3990226,-0.9427993449,1.226959859,-0.9599347567,-0.925663933,1.20983323,1.244086487,0.1140776734
B,625,1,11,0.041015625,166.2389234,264.5225506,-0.9411550492,1.22428186,-0.958290461,-0.9240196374,1.207155232,1.241408489,0.114510405
B,626,1,11,0.04296875,166.314921,264.6461536,-0.939507465,1.221602237,-0.9566428768,-0.9223720532,1.204475609,1.238728866,0.1149456486
B,627,1,11,0.044921875,166.3910703,264.7698304,-0.9378565919,1.218921014,-0.9549920037,-0.9207211801,1.201794385,1.236047643,0.1153834202
B,628,1,11,0.046875,166.4673714,264.8935798,-0.9362024298,1.216238216,-0.9533378416,-0.919067018,1.199111588,1.233364845,0.1158237362
B,629,1,11,0.048828125,166.5438241,265.0174007,-0.9345449785,1.21355387,-0.9516803903,-0.9174095667,1.196427241,1.230680498,0.1162666131
B,630,1,11,0.05078125,166.6204286,265.1412918,-0.9328842378,1.210867999,-0.9500196496,-0.915748826,1.19374137,1.227994627,0.1167120674
B,631,1,11,0.052734375,166.6971849,265.2652521,-0.9312202074,1.208180629,-0.9483556192,-0.9140847956,1.191054,1.225307258,0.1171601159
B,632,1,11,0.0546875,166.7740928,265.3892804,-0.9295528872,1.205491786,-0.946688299,-0.9124174754,1.188365157,1.222618414,0.1176107753
B,633,1,11,0.056640625,166.8511526,265.5133755,-0.927882277,1.202801494,-0.9450176888,-0.9107468652,1.185674866,1.219928123,0.1180640625
B,634,1,11,0.05859375,166.9283641,265.6375362,-0.9262083765,1.20010978,-0.9433437883,-0.9090729647,1.182983152,1.217236409,0.1185199947
B,635,1,11,0.060546875,167.0057274,265.7617613,-0.9245311856,1.197416668,-0.9416665974,-0.9073957738,1.18029004,1.214543297,0.1189785891
B,636,1,11,0.0625,167.0832424,265.8860498,-0.922850704,1.194722184,-0.9399861158,-0.9057152922,1.177595556,1.211848813,0.1194398628
B,637,1,11,0.064453125,167.1609093,266.0104004,-0.9211669316,1.192026353,-0.9383023434,-0.9040315198,1.174899724,1.209152982,0.1199038335
B,638,1,11,0.06640625,167.238728,266.134812,-0.9194798681,1.1893292,-0.93661528,-0.9023444563,1.172202571,1.206455829,0.1203705187
B,639,1,11,0.068359375,167.3166985,266.2592834,-0.9177895134,1.186630751,-0.9349249252,-0.9006541016,1.169504122,1.203757379,0.120839936
B,640,1,11,0.0703125,167.3948208,266.3838134,-0.9160958673,1.18393103,-0.9332312791,-0.8989604555,1.166804401,1.201057659,0.1213121033
B,641,1,11,0.072265625,167.4730949,266.5084009,-0.9143989295,1.181230063,-0.9315343413,-0.8972635176,1.164103435,1.198356692,0.1217870387
B,642,1,11,0.07421875,167.5515209,266.6330447,-0.9126986998,1.178527876,-0.9298341116,-0.895563288,1.161401247,1.195654505,0.1222647601
B,643,1,11,0.076171875,167.6300987,266.7577436,-0.910995178,1.175824493,-0.9281305898,-0.8938597662,1.158697865,1.192951122,0.1227452859
B,644,1,11,0.078125,167.7088284,266.8824965,-0.909288364,1.17311994,-0.9264237758,-0.8921529522,1.155993312,1.190246569,0.1232286345
B,645,1,11,0.080078125,167.78771,267.0073022,-0.9075782576,1.170414243,-0.9247136694,-0.8904428458,1.153287614,1.187540872,0.1237148242
B,646,1,11,0.08203125,167.8667434,267.1321596,-0.9058648584,1.167707426,-0.9230002702,-0.8887294466,1.150580797,1.184834054,0.1242038739
B,647,1,11,0.083984375,167.9459288,267.2570674,-0.9041481664,1.164999514,-0.9212835782,-0.8870127546,1.147872886,1.182126143,0.1246958022
B,648,1,11,0.0859375,168.025266,267.3820245,-0.9024281813,1.162290534,-0.9195635931,-0.8852927695,1.145163905,1.179417162,0.1251906282
B,649,1,11,0.087890625,168.1047552,267.5070298,-0.900704903,1.15958051,-0.9178403148,-0.8835694912,1.142453881,1.176707138,0.1256883708
B,650,1,11,0.08984375,168.1843962,267.6320821,-0.8989783311,1.156869467,-0.916113743,-0.8818429193,1.139742838,1.173996096,0.1261890494
B,651,1,11,0.091796875,168.2641892,267.7571802,-0.8972484656,1.154157431,-0.9143838774,-0.8801130538,1.137030803,1.17128406,0.1266926833
B,652,1,11,0.09375,168.3441341,267.8823229,-0.8955153062,1.151444428,-0.912650718,-0.8783798944,1.134317799,1.168571057,0.1271992919
B,653,1,11,0.095703125,168.424231,268.0075091,-0.8937788527,1.148730482,-0.9109142645,-0.8766434409,1.131603853,1.16585711,0.127708895
B,654,1,11,0.09765625,168.5044798,268.1327376,-0.8920391049,1.146015618,-0.9091745168,-0.8749036931,1.12888899,1.163142247,0.1282215124
B,655,1,11,0.099609375,168.5848806,268.2580072,-0.8902960627,1.143299863,-0.9074314745,-0.8731606509,1.126173234,1.160426491,0.1287371639
B,656,1,11,0.1015625,168.6654334,268.3833169,-0.8885497257,1.14058324,-0.9056851375,-0.8714143139,1.123456612,1.157709869,0.1292558697
B,657,1,11,0.103515625,168.7461381,268.5086653,-0.8868000938,1.137865777,-0.9039355057,-0.869664682,1.120739148,1.154992405,0.1297776501
B,658,1,11,0.10546875,168.8269948,268.6340514,-0.8850471669,1.135147497,-0.9021825787,-0.8679117551,1.118020868,1.152274125,0.1303025255
B,659,1,11,0.107421875,168.9080036,268.759474,-0.8832909446,1.132428426,-0.9004263564,-0.8661555328,1.115301797,1.149555054,0.1308305163
B,660,1,11,0.109375,168.9891643,268.8849319,-0.8815314268,1.129708589,-0.8986668387,-0.864396015,1.112581961,1.146835218,0.1313616434
B,661,1,11,0.111328125,169.0704771,269.0104239,-0.8797686134,1.126988012,-0.8969040252,-0.8626332016,1.109861384,1.144114641,0.1318959276
B,662,1,11,0.11328125,169.1519419,269.135949,-0.878002504,1.124266721,-0.8951379158,-0.8608670922,1.107140092,1.141393349,0.13243339
B,663,1,11,0.115234375,169.2335587,269.2615058,-0.8762330985,1.121544739,-0.8933685103,-0.8590976867,1.10441811,1.138671367,0.1329740516
B,664,1,11,0.1171875,169.3153276,269.3870933,-0.8744603967,1.118822092,-0.8915958085,-0.8573249849,1.101695464,1.135948721,0.1335179339
B,665,1,11,0.119140625,169.3972486,269.5127103,-0.8726843983,1.116098807,-0.8898198102,-0.8555489865,1.098972178,1.133225436,0.1340650584
B,666,1,11,0.12109375,169.4793216,269.6383556,-0.8709051033,1.113374907,-0.8880405151,-0.8537696915,1.096248279,1.130501536,0.1346154467
B,667,1,11,0.123046875,169.5615467,269.7640281,-0.8691225113,1.110650419,-0.8862579231,-0.8519870995,1.093523791,1.127777048,0.1351691207
B,668,1,11,0.125,169.6439238,269.8897266,-0.8673366222,1.107925368,-0.884472034,-0.8502012104,1.090798739,1.125051996,0.1357261024
B,669,1,11,0.126953125,169.7264531,270.0154498,-0.8655474358,1.105199778,-0.8826828476,-0.848412024,1.088073149,1.122326407,0.1362864139
B,670,1,11,0.12890625,169.8091345,270.1411968,-0.8637549518,1.102473675,-0.8808903636,-0.84661954,1.085347047,1.119600304,0.1368500776
B,671,1,11,0.130859375,169.8919679,270.2669662,-0.8619591701,1.099747085,-0.879094582,-0.8448237583,1.082620457,1.116873714,0.1374171161
B,672,1,11,0.1328125,169.9749536,270.3927569,-0.8601600905,1.097020033,-0.8772955023,-0.8430246787,1.079893404,1.114146662,0.1379875518
B,673,1,11,0.134765625,170.0580913,270.5185678,-0.8583577128,1.094292544,-0.8754931246,-0.8412223009,1.077165915,1.111419172,0.1385614078
B,674,1,11,0.13671875,170.1413812,270.6443977,-0.8565520367,1.091564642,-0.8736874485,-0.8394166248,1.074438014,1.108691271,0.139138707
B,675,1,11,0.138671875,170.2248232,270.7702455,-0.854743062,1.088836355,-0.8718784738,-0.8376076502,1.071709726,1.105962983,0.1397194727
B,676,1,11,0.140625,170.3084174,270.8961098,-0.8529307886,1.086107706,-0.8700662004,-0.8357953768,1.068981077,1.103234335,0.1403037282
B,677,1,11,0.142578125,170.3921638,271.0219897,-0.8511152163,1.083378721,-0.8682506281,-0.8339798045,1.066252093,1.10050535,0.140891497
B,678,1,11,0.14453125,170.4760623,271.1478839,-0.8492963448,1.080649426,-0.8664317566,-0.832160933,1.063522797,1.097776055,0.141482803
B,679,1,11,0.146484375,170.560113,271.2737913,-0.8474741739,1.077919845,-0.8646095858,-0.8303387621,1.060793217,1.095046474,0.1420776699
B,680,1,11,0.1484375,170.6443159,271.3997107,-0.8456487035,1.075190005,-0.8627841154,-0.8285132917,1.058063376,1.092316633,0.142676122
B,681,1,11,0.150390625,170.7286711,271.5256408,-0.8438199334,1.072459929,-0.8609553452,-0.8266845216,1.0553333,1.089586558,0.1432781834
B,682,1,11,0.15234375,170.8131784,271.6515807,-0.8419878633,1.069729644,-0.8591232751,-0.8248524515,1.052603016,1.086856273,0.1438838787
B,683,1,11,0.154296875,170.897838,271.7775291,-0.840152493,1.066999175,-0.8572879048,-0.8230170812,1.049872546,1.084125804,0.1444932325
B,684,1,11,0.15625,170.9826498,271.9034847,-0.8383138223,1.064268547,-0.8554492342,-0.8211784105,1.047141918,1.081395175,0.1451062697
B,685,1,11,0.158203125,171.0676139,272.0294466,-0.8364718511,1.061537785,-0.8536072629,-0.8193364393,1.044411156,1.078664414,0.1457230152
B,686,1,11,0.16015625,171.1527302,272.1554134,-0.8346265791,1.058806915,-0.851761991,-0.8174911673,1.041680286,1.075933543,0.1463434944
B,687,1,11,0.162109375,171.2379987,272.2813841,-0.8327780062,1.056075962,-0.849913418,-0.8156425944,1.038949333,1.07320259,0.1469677325
B,688,1,11,0.1640625,171.3234196,272.4073575,-0.8309261321,1.05334495,-0.8480615439,-0.8137907202,1.036218322,1.070471579,0.1475957553
B,689,1,11,0.166015625,171.4089927,272.5333323,-0.8290709565,1.050613907,-0.8462063683,-0.8119355447,1.033487278,1.067740535,0.1482275886
B,690,1,11,0.16796875,171.4947181,272.6593075,-0.8272124794,1.047882856,-0.8443478913,-0.8100770676,1.030756227,1.065009484,0.1488632583
B,691,1,11,0.169921875,171.5805958,272.7852819,-0.8253507006,1.045151823,-0.8424861124,-0.8082152888,1.028025194,1.062278452,0.1495027907
B,692,1,11,0.171875,171.6666259,272.9112542,-0.8234856197,1.042420833,-0.8406210315,-0.8063502079,1.025294205,1.059547462,0.1501462121
B,693,1,11,0.173828125,171.7528082,273.0372234,-0.8216172366,1.039689912,-0.8387526485,-0.8044818248,1.022563283,1.056816541,0.1507935492
B,694,1,11,0.17578125,171.8391429,273.1631883,-0.8197455512,1.036959085,-0.836880963,-0.8026101394,1.019832456,1.054085714,0.1514448289
B,695,1,11,0.177734375,171.9256299,273.2891477,-0.8178705632,1.034228377,-0.835005975,-0.8007351513,1.017101748,1.051355005,0.152100078
B,696,1,11,0.1796875,172.0122693,273.4151004,-0.8159922723,1.031497813,-0.8331276841,-0.7988568605,1.014371184,1.048624442,0.1527593239
B,697,1,11,0.181640625,172.099061,273.5410453,-0.8141106785,1.028767419,-0.8312460903,-0.7969752667,1.01164079,1.045894048,0.1534225941
B,698,1,11,0.18359375,172.186005,273.6669811,-0.8122257815,1.02603722,-0.8293611933,-0.7950903696,1.008910591,1.043163849,0.154089916
B,699,1,11,0.185546875,172.2731015,273.7929069,-0.810337581,1.023307241,-0.8274729928,-0.7932021692,1.006180613,1.04043387,0.1547613178
B,700,1,11,0.1875,172.3603503,273.9188213,-0.808446077,1.020577508,-0.8255814888,-0.7913106652,1.003450879,1.037704137,0.1554368273
B,701,1,11,0.189453125,172.4477516,274.0447232,-0.8065512691,1.017848046,-0.8236866809,-0.7894158573,1.000721417,1.034974674,0.1561164729
B,702,1,11,0.19140625,172.5353052,274.1706115,-0.8046531572,1.015118879,-0.8217885691,-0.7875177454,0.9979922505,1.032245508,0.1568002832
B,703,1,11,0.193359375,172.6230113,274.2964849,-0.8027517412,1.012390034,-0.819887153,-0.7856163293,0.9952634054,1.029516663,0.1574882869
B,704,1,11,0.1953125,172.7108697,274.4223423,-0.8008470207,1.009661536,-0.8179824325,-0.7837116088,0.992534907,1.026788164,0.1581805129
B,705,1,11,0.197265625,172.7988806,274.5481826,-0.7989389955,1.006933409,-0.8160744073,-0.7818035837,0.9898067805,1.024060038,0.1588769904
B,706,1,11,0.19921875,172.887044,274.6740046,-0.7970276656,1.00420568,-0.8141630774,-0.7798922538,0.9870790512,1.021332309,0.1595777489
B,707,1,11,0.201171875,172.9753598,274.7998071,-0.7951130306,1.001478373,-0.8122484424,-0.7779776188,0.9843517444,1.018605002,0.160282818
B,708,1,11,0.203125,173.063828,274.9255889,-0.7931950904,0.998751514,-0.8103305022,-0.7760596786,0.9816248854,1.015878143,0.1609922276
B,709,1,11,0.205078125,173.1524487,275.0513489,-0.7912738448,0.996025128,-0.8084092566,-0.774138433,0.9788984993,1.013151757,0.1617060077
B,710,1,11,0.20703125,173.2412219,275.1770859,-0.7893492936,0.9932992403,-0.8064847054,-0.7722138818,0.9761726116,1.010425869,0.1624241888
B,711,1,11,0.208984375,173.3301476,275.3027988,-0.7874214365,0.9905738761,-0.8045568483,-0.7702860247,0.9734472475,1.007700505,0.1631468014
B,712,1,11,0.2109375,173.4192258,275.4284864,-0.7854902733,0.9878490609,-0.8026256852,-0.7683548615,0.9707224322,1.00497569,0.1638738763
B,713,1,11,0.212890625,173.5084565,275.5541474,-0.783555804,0.9851248198,-0.8006912158,-0.7664203922,0.9679981911,1.002251448,0.1646054446
B,714,1,11,0.21484375,173.5978397,275.6797809,-0.7816180282,0.9824011781,-0.79875344,-0.7644826164,0.9652745495,0.9995278068,0.1653415375
B,715,1,11,0.216796875,173.6873754,275.8053855,-0.7796769457,0.9796781611,-0.7968123575,-0.7625415339,0.9625515325,0.9968047898,0.1660821867
B,716,1,11,0.21875,173.7770637,275.9309601,-0.7777325564,0.9769557942,-0.7948679682,-0.7605971446,0.9598291655,0.9940824228,0.1668274239
B,717,1,11,0.220703125,173.8669045,276.0565036,-0.7757848601,0.9742341024,-0.7929202719,-0.7586494483,0.9571074738,0.9913607311,0.1675772811
B,718,1,11,0.22265625,173.9568979,276.1820147,-0.7738338565,0.9715131113,-0.7909692683,-0.7566984446,0.9543864826,0.9886397399,0.1683317907
B,719,1,11,0.224609375,174.0470438,276.3074924,-0.7718795454,0.9687928459,-0.7890149572,-0.7547441336,0.9516662173,0.9859194746,0.1690909852
B,720,1,11,0.2265625,174.1373423,276.4329354,-0.7699219267,0.9660733317,-0.7870573385,-0.7527865149,0.948946703,0.9831999603,0.1698548974
B,721,1,11,0.228515625,174.2277933,276.5583427,-0.7679610001,0.9633545938,-0.7850964119,-0.7508255883,0.9462279651,0.9804812224,0.1706235603
B,722,1,11,0.23046875,174.318397,276.6837129,-0.7659967655,0.9606366576,-0.7831321773,-0.7488613537,0.9435100289,0.9777632862,0.1713970073
B,723,1,11,0.232421875,174.4091533,276.809045,-0.7640292226,0.9579195483,-0.7811646344,-0.7468938107,0.9407929197,0.975046177,0.1721752719
B,724,1,11,0.234375,174.5000621,276.9343378,-0.7620583712,0.9552032913,-0.779193783,-0.7449229594,0.9380766626,0.9723299199,0.172958388
B,725,1,11,0.236328125,174.5911236,277.0595901,-0.7600842111,0.9524879117,-0.777219623,-0.7429487993,0.9353612831,0.9696145404,0.1737463896
B,726,1,11,0.23828125,174.6823377,277.1848008,-0.7581067422,0.9497734349,-0.775242154,-0.7409713304,0.9326468063,0.9669000636,0.1745393112
B,727,1,11,0.240234375,174.7737045,277.3099686,-0.7561259642,0.9470598862,-0.773261376,-0.7389905524,0.9299332576,0.9641865149,0.1753371874
B,728,1,11,0.2421875,174.8652239,277.4350925,-0.754141877,0.9443472908,-0.7712772888,-0.7370064652,0.9272206622,0.9614739195,0.1761400531
B,729,1,11,0.244140625,174.9568959,277.5601713,-0.7521544802,0.9416356741,-0.769289892,-0.7350190684,0.9245090454,0.9587623027,0.1769479436
B,730,1,11,0.24609375,175.0487207,277.6852037,-0.7501637738,0.9389250612,-0.7672991856,-0.733028362,0.9217984325,0.9560516898,0.1777608942
B,731,1,11,0.248046875,175.140698,277.8101887,-0.7481697575,0.9362154775,-0.7653051693,-0.7310343456,0.9190888488,0.9533421061,0.1785789407
B,732,1,11,0.25,175.2328281,277.935125,-0.746172431,0.9335069482,-0.7633078429,-0.7290370192,0.9163803196,0.9506335769,0.1794021192
B,733,1,11,0.251953125,175.3251109,278.0600115,-0.7441717943,0.9307994987,-0.7613072062,-0.7270363825,0.91367287,0.9479261273,0.180230466
B,734,1,11,0.25390625,175.4175464,278.1848471,-0.7421678472,0.9280931542,-0.759303259,-0.7250324353,0.9109665255,0.9452197828,0.1810640177
B,735,1,11,0.255859375,175.5101345,278.3096305,-0.7401605893,0.9253879399,-0.7572960011,-0.7230251775,0.9082613113,0.9425145686,0.1819028111
B,736,1,11,0.2578125,175.6028755,278.4343606,-0.7381500205,0.9226838813,-0.7552854323,-0.7210146087,0.9055572526,0.9398105099,0.1827468836
B,737,1,11,0.259765625,175.6957691,278.5590363,-0.7361361406,0.9199810034,-0.7532715524,-0.7190007288,0.9028543748,0.9371076321,0.1835962724
B,738,1,11,0.26171875,175.7888155,278.6836563,-0.7341189494,0.9172793317,-0.7512543612,-0.7169835376,0.9001527031,0.9344059604,0.1844510155
B,739,1,11,0.263671875,175.8820146,278.8082195,-0.7320984467,0.9145788915,-0.7492338585,-0.7149630349,0.8974522628,0.9317055201,0.1853111509
B,740,1,11,0.265625,175.9753665,278.9327247,-0.7300746323,0.9118797078,-0.7472100441,-0.7129392205,0.8947530792,0.9290063365,0.186176717
B,741,1,11,0.267578125,176.0688711,279.0571708,-0.728047506,0.9091818062,-0.7451829178,-0.7109120942,0.8920551775,0.9263084349,0.1870477524
B,742,1,11,0.26953125,176.1625285,279.1815566,-0.7260170675,0.9064852118,-0.7431524794,-0.7088816557,0.8893585831,0.9236118404,0.1879242962
B,743,1,11,0.271484375,176.2563387,279.305881,-0.7239833168,0.9037899499,-0.7411187286,-0.706847905,0.8866633213,0.9209165786,0.1888063877
B,744,1,11,0.2734375,176.3503017,279.4301427,-0.7219462535,0.9010960458,-0.7390816653,-0.7048108417,0.8839694172,0.9182226745,0.1896940664
B,745,1,11,0.275390625,176.4444176,279.5543406,-0.7199058775,0.8984035248,-0.7370412893,-0.7027704657,0.8812768962,0.9155301535,0.1905873724
B,746,1,11,0.27734375,176.5386862,279.6784736,-0.7178621886,0.8957124122,-0.7349976004,-0.7007267768,0.8785857835,0.9128390408,0.1914863458
B,747,1,11,0.279296875,176.6331076,279.8025404,-0.7158151866,0.8930227331,-0.7329505984,-0.6986797748,0.8758961045,0.9101493618,0.1923910272
B,748,1,11,0.28125,176.7276819,279.9265399,-0.7137648712,0.890334513,-0.730900283,-0.6966294594,0.8732078844,0.9074611417,0.1933014576
B,749,1,11,0.283203125,176.822409,280.050471,-0.7117112423,0.8876477771,-0.7288466541,-0.6945758305,0.8705211485,0.9047744058,0.1942176781
B,750,1,11,0.28515625,176.917289,280.1743324,-0.7096542997,0.8849625507,-0.7267897115,-0.6925188879,0.867835922,0.9020891794,0.1951397303
B,751,1,11,0.287109375,177.0123219,280.2981231,-0.7075940431,0.882278859,-0.7247294549,-0.6904586313,0.8651522304,0.8994054877,0.196067656
B,752,1,11,0.2890625,177.1075076,280.4218418,-0.7055304724,0.8795967274,-0.7226658842,-0.6883950606,0.8624700987,0.896723356,0.1970014976
B,753,1,11,0.291015625,177.2028461,280.5454873,-0.7034635873,0.876916181,-0.7205989992,-0.6863281755,0.8597895524,0.8940428097,0.1979412975
B,754,1,11,0.29296875,177.2983376,280.6690586,-0.7013933877,0.8742372453,-0.7185287996,-0.6842579759,0.8571106166,0.8913638739,0.1988870986
B,755,1,11,0.294921875,177.393982,280.7925544,-0.6993198734,0.8715599454,-0.7164552852,-0.6821844616,0.8544333167,0.888686574,0.1998389442
B,756,1,11,0.296875,177.4897793,280.9159736,-0.6972430441,0.8688843067,-0.7143784559,-0.6801076323,0.851757678,0.8860109353,0.2007968779
B,757,1,11,0.298828125,177.5857295,281.039315,-0.6951628997,0.8662103543,-0.7122983115,-0.6780274878,0.8490837257,0.883336983,0.2017609436
B,758,1,11,0.30078125,177.6818326,281.1625774,-0.6930794399,0.8635381137,-0.7102148517,-0.675944028,0.8464114851,0.8806647424,0.2027311856
B,759,1,11,0.302734375,177.7780887,281.2857597,-0.6909926645,0.8608676101,-0.7081280763,-0.6738572527,0.8437409815,0.8779942388,0.2037076485
B,760,1,11,0.3046875,177.8744977,281.4088608,-0.6889025734,0.8581988688,-0.7060379852,-0.6717671616,0.8410722401,0.8753254974,0.2046903773
B,761,1,11,0.306640625,177.9710596,281.5318794,-0.6868091663,0.8555319149,-0.7039445781,-0.6696737545,0.8384052863,0.8726585436,0.2056794175
B,762,1,11,0.30859375,178.0677746,281.6548143,-0.6847124431,0.852866774,-0.7018478549,-0.6675770312,0.8357401453,0.8699934026,0.2066748147
B,763,1,11,0.310546875,178.1646425,281.7776645,-0.6826124034,0.8502034711,-0.6997478153,-0.6654769916,0.8330768424,0.8673300997,0.2076766151
B,764,1,11,0.3125,178.2616633,281.9004287,-0.6805090473,0.8475420315,-0.6976444591,-0.6633736354,0.8304154029,0.8646686602,0.208684865
B,765,1,11,0.314453125,178.3588372,282.0231058,-0.6784023743,0.8448824807,-0.6955377861,-0.6612669625,0.827755852,0.8620091093,0.2096996114
B,766,1,11,0.31640625,178.4561641,282.1456946,-0.6762923844,0.8422248438,-0.6934277962,-0.6591569726,0.8250982151,0.8593514724,0.2107209015
B,767,1,11,0.318359375,178.553644,282.268194,-0.6741790773,0.8395691461,-0.6913144891,-0.6570436655,0.8224425174,0.8566957747,0.2117487829
B,768,1,11,0.3203125,178.6512769,282.3906028,-0.6720624528,0.8369154129,-0.6891978646,-0.654927041,0.8197887842,0.8540420415,0.2127833036
B,769,1,11,0.322265625,178.7490628,282.5129197,-0.6699425107,0.8342636694,-0.6870779225,-0.6528070989,0.8171370408,0.8513902981,0.2138245119
B,770,1,11,0.32421875,178.8470018,282.6351437,-0.6678192508,0.8316139411,-0.6849546627,-0.650683839,0.8144873124,0.8487405697,0.2148724566
B,771,1,11,0.326171875,178.9450938,282.7572736,-0.665692673,0.828966253,-0.6828280848,-0.6485572612,0.8118396244,0.8460928817,0.215927187
B,772,1,11,0.328125,179.0433389,282.8793083,-0.663562777,0.8263206306,-0.6806981888,-0.6464273652,0.8091940019,0.8434472592,0.2169887525
B,773,1,11,0.330078125,179.141737,283.0012465,-0.6614295625,0.823677099,-0.6785649744,-0.6442941507,0.8065504704,0.8408037277,0.2180572032
B,774,1,11,0.33203125,179.2402882,283.123087,-0.6592930295,0.8210356837,-0.6764284413,-0.6421576177,0.803909055,0.8381623123,0.2191325893
B,775,1,11,0.333984375,179.3389925,283.2448288,-0.6571531777,0.8183964097,-0.6742885895,-0.6400177659,0.8012697811,0.8355230384,0.2202149618
B,776,1,11,0.3359375,179.4378499,283.3664707,-0.6550100069,0.8157593025,-0.6721454187,-0.6378745951,0.7986326739,0.8328859312,0.2213043717
B,777,1,11,0.337890625,179.5368604,283.4880114,-0.6528635169,0.8131243874,-0.6699989287,-0.635728105,0.7959977587,0.830251016,0.2224008707
B,778,1,11,0.33984375,179.636024,283.6094498,-0.6507137074,0.8104916894,-0.6678491192,-0.6335782956,0.7933650608,0.8276183181,0.2235045108
B,779,1,11,0.341796875,179.7353408,283.7307849,-0.6485605784,0.8078612341,-0.6656959902,-0.6314251666,0.7907346055,0.8249878628,0.2246153445
B,780,1,11,0.34375,179.8348106,283.8520153,-0.6464041295,0.8052330466,-0.6635395413,-0.6292687177,0.788106418,0.8223596753,0.2257334247
B,781,1,11,0.345703125,179.9344336,283.9731399,-0.6442443607,0.8026071522,-0.6613797725,-0.6271089489,0.7854805236,0.8197337809,0.2268588046
B,782,1,11,0.34765625,180.0342098,284.0941576,-0.6420812716,0.7999835763,-0.6592166834,-0.6249458598,0.7828569476,0.8171102049,0.2279915381
B,783,1,11,0.349609375,180.1341391,284.2150672,-0.6399148621,0.797362344,-0.6570502739,-0.6227794503,0.7802357153,0.8144889726,0.2291316792
B,784,1,11,0.3515625,180.2342216,284.3358675,-0.637745132,0.7947434807,-0.6548805438,-0.6206097202,0.777616852,0.8118701093,0.2302792827
B,785,1,11,0.353515625,180.3344573,284.4565573,-0.635572081,0.7921270116,-0.6527074928,-0.6184366692,0.7750003829,0.8092536402,0.2314344036
B,786,1,11,0.35546875,180.4348461,284.5771356,-0.6333957091,0.789512962,-0.6505311209,-0.6162602973,0.7723863333,0.8066395906,0.2325970975
B,787,1,11,0.357421875,180.5353882,284.6976011,-0.6312160159,0.7869013572,-0.6483514277,-0.6140806041,0.7697747286,0.8040279859,0.2337674202
B,788,1,11,0.359375,180.6360835,284.8179527,-0.6290330012,0.7842922225,-0.6461684131,-0.6118975894,0.7671655939,0.8014188512,0.2349454283
B,789,1,11,0.361328125,180.7369319,284.9381891,-0.626846665,0.7816855832,-0.6439820768,-0.6097112532,0.7645589545,0.7988122118,0.2361311787
B,790,1,11,0.36328125,180.8379336,285.0583093,-0.6246570069,0.7790814645,-0.6417924187,-0.6075215951,0.7619548358,0.7962080931,0.2373247287
B,791,1,11,0.365234375,180.9390886,285.178312,-0.6224640267,0.7764798917,-0.6395994386,-0.6053286149,0.759353263,0.7936065203,0.2385261362
B,792,1,11,0.3671875,181.0403968,285.2981962,-0.6202677244,0.7738808901,-0.6374031362,-0.6031323126,0.7567542614,0.7910075187,0.2397354595
B,793,1,11,0.369140625,181.1418582,285.4179606,-0.6180680995,0.7712844849,-0.6352035114,-0.6009326877,0.7541578563,0.7884111136,0.2409527573
B,794,1,11,0.37109375,181.2434729,285.537604,-0.6158651521,0.7686907015,-0.6330005639,-0.5987297403,0.7515640729,0.7858173302,0.242178089
B,795,1,11,0.373046875,181.3452409,285.6571254,-0.6136588818,0.7660995652,-0.6307942936,-0.59652347,0.7489729365,0.7832261938,0.2434115143
B,796,1,11,0.375,181.4471621,285.7765234,-0.6114492884,0.7635111011,-0.6285847002,-0.5943138766,0.7463844725,0.7806377298,0.2446530935
B,797,1,11,0.376953125,181.5492367,285.8957971,-0.6092363718,0.7609253347,-0.6263717836,-0.59210096,0.743798706,0.7780519633,0.2459028874
B,798,1,11,0.37890625,181.6514645,286.0149451,-0.6070201317,0.7583422911,-0.6241555435,-0.5898847199,0.7412156624,0.7754689197,0.2471609571
B,799,1,11,0.380859375,181.7538456,286.1339664,-0.6048005679,0.7557619956,-0.6219359798,-0.5876651561,0.738635367,0.7728886243,0.2484273645
B,800,1,11,0.3828125,181.8563801,286.2528598,-0.6025776803,0.7531844736,-0.6197130922,-0.5854422685,0.736057845,0.7703111023,0.2497021718
B,801,1,11,0.384765625,181.9590679,286.371624,-0.6003514687,0.7506097503,-0.6174868805,-0.5832160569,0.7334831217,0.767736379,0.2509854418
B,802,1,11,0.38671875,182.061909,286.490258,-0.5981219327,0.748037851,-0.6152573446,-0.5809865209,0.7309112223,0.7651644796,0.2522772378
B,803,1,11,0.388671875,182.1649035,286.6087606,-0.5958890723,0.7454688009,-0.6130244842,-0.5787536605,0.7283421722,0.7625954296,0.2535776237
B,804,1,11,0.390625,182.2680514,286.7271306,-0.5936528873,0.7429026254,-0.6107882991,-0.5765174755,0.7257759967,0.760029254,0.2548866637
B,805,1,11,0.392578125,182.3713526,286.8453668,-0.5914133773,0.7403393496,-0.6085487891,-0.5742779655,0.723212721,0.7574659783,0.2562044228
B,806,1,11,0.39453125,182.4748071,286.9634681,-0.5891705423,0.737778999,-0.6063059541,-0.5720351305,0.7206523704,0.7549056277,0.2575309665
B,807,1,11,0.396484375,182.5784151,287.0814333,-0.586924382,0.7352215988,-0.6040597938,-0.5697889702,0.7180949701,0.7523482274,0.2588663606
B,808,1,11,0.3984375,182.6821765,287.1992613,-0.5846748962,0.7326671742,-0.601810308,-0.5675394844,0.7155405456,0.7497938029,0.2602106717
B,809,1,11,0.400390625,182.7860912,287.3169508,-0.5824220847,0.7301157506,-0.5995574965,-0.5652866729,0.7129891219,0.7472423792,0.2615639669
B,810,1,11,0.40234375,182.8901594,287.4345007,-0.5801659474,0.7275673531,-0.5973013592,-0.5630305356,0.7104407245,0.7446939818,0.2629263138
B,811,1,11,0.404296875,182.994381,287.5519099,-0.5779064839,0.7250220072,-0.5950418957,-0.5607710721,0.7078953785,0.7421486358,0.2642977805
B,812,1,11,0.40625,183.098756,287.6691771,-0.5756436942,0.722479738,-0.592779106,-0.5585082824,0.7053531094,0.7396063667,0.2656784359
B,813,1,11,0.408203125,183.2032845,287.7863013,-0.5733775779,0.7199405709,-0.5905129898,-0.5562421661,0.7028139423,0.7370671996,0.2670683493
B,814,1,11,0.41015625,183.3079664,287.9032812,-0.571108135,0.7174045311,-0.5882435468,-0.5539727232,0.7002779025,0.7345311598,0.2684675905
B,815,1,11,0.412109375,183.4128018,288.0201157,-0.5688353652,0.714871644,-0.585970777,-0.5516999534,0.6977450153,0.7319982726,0.2698762301
B,816,1,11,0.4140625,183.5177906,288.1368036,-0.5665592682,0.7123419347,-0.58369468,-0.5494238564,0.695215306,0.7294685633,0.2712943391
B,817,1,11,0.416015625,183.6229329,288.2533437,-0.564279844,0.7098154286,-0.5814152558,-0.5471444322,0.6926887999,0.7269420572,0.2727219893
B,818,1,11,0.41796875,183.7282287,288.369735,-0.5619970922,0.7072921509,-0.5791325041,-0.5448616804,0.6901655222,0.7244187795,0.2741592528
B,819,1,11,0.419921875,183.833678,288.4859761,-0.5597110128,0.7047721269,-0.5768464246,-0.542575601,0.6876454983,0.7218987556,0.2756062026
B,820,1,11,0.421875,183.9392808,288.602066,-0.5574216054,0.702255382,-0.5745570172,-0.5402861936,0.6851287533,0.7193820107,0.2770629121
B,821,1,11,0.423828125,184.0450372,288.7180035,-0.5551288699,0.6997419414,-0.5722642817,-0.5379934581,0.6826153127,0.71686857,0.2785294555
B,822,1,11,0.42578125,184.150947,288.8337874,-0.5528328061,0.6972318303,-0.5699682179,-0.5356973943,0.6801052016,0.7143584589,0.2800059074
B,823,1,11,0.427734375,184.2570104,288.9494165,-0.5505334138,0.694725074,-0.5676688256,-0.533398002,0.6775984454,0.7118517027,0.2814923432
B,824,1,11,0.4296875,184.3632273,289.0648897,-0.5482306927,0.6922216979,-0.5653661045,-0.5310952809,0.6750950692,0.7093483265,0.2829888389
B,825,1,11,0.431640625,184.4695978,289.1802059,-0.5459246428,0.6897217272,-0.5630600546,-0.5287892309,0.6725950985,0.7068483558,0.2844954711
B,826,1,11,0.43359375,184.5761218,289.2953638,-0.5436152637,0.6872251871,-0.5607506755,-0.5264798518,0.6700985584,0.7043518158,0.2860123171
B,827,1,11,0.435546875,184.6827994,289.4103623,-0.5413025552,0.684732103,-0.558437967,-0.5241671434,0.6676054744,0.7018587317,0.2875394547
B,828,1,11,0.4375,184.7896306,289.5252002,-0.5389865172,0.6822425002,-0.5561219291,-0.5218511054,0.6651158715,0.6993691288,0.2890769625
B,829,1,11,0.439453125,184.8966154,289.6398764,-0.5366671495,0.6797564038,-0.5538025614,-0.5195317377,0.6626297752,0.6968830325,0.2906249198
B,830,1,11,0.44140625,185.0037538,289.7543896,-0.5343444519,0.6772738393,-0.5514798637,-0.5172090401,0.6601472106,0.6944004679,0.2921834065
B,831,1,11,0.443359375,185.1110458,289.8687388,-0.5320184241,0.6747948318,-0.5491538359,-0.5148830123,0.6576682032,0.6919214605,0.293752503
B,832,1,11,0.4453125,185.2184914,289.9829227,-0.529689066,0.6723194067,-0.5468244778,-0.5125536542,0.655192778,0.6894460353,0.2953322907
B,833,1,11,0.447265625,185.3260906,290.0969403,-0.5273563773,0.6698475892,-0.5444917891,-0.5102209655,0.6527209606,0.6869742179,0.2969228515
B,834,1,11,0.44921875,185.4338435,290.2107902,-0.5250203579,0.6673794046,-0.5421557697,-0.5078849461,0.650252776,0.6845060333,0.298524268
B,835,1,11,0.451171875,185.54175,290.3244714,-0.5226810075,0.6649148783,-0.5398164193,-0.5055455957,0.6477882496,0.6820415069,0.3001366235
B,836,1,11,0.453125,185.6498101,290.4379827,-0.520338326,0.6624540353,-0.5374737378,-0.5032029142,0.6453274067,0.679580664,0.301760002
B,837,1,11,0.455078125,185.758024,290.5513229,-0.5179923131,0.6599969012,-0.5351277249,-0.5008569013,0.6428702725,0.6771235298,0.3033944884
B,838,1,11,0.45703125,185.8663915,290.6644909,-0.5156429687,0.657543501,-0.5327783805,-0.4985075569,0.6404168724,0.6746701297,0.3050401679
B,839,1,11,0.458984375,185.9749127,290.7774855,-0.5132902925,0.6550938602,-0.5304257043,-0.4961548807,0.6379672316,0.6722204889,0.3066971269
B,840,1,11,0.4609375,186.0835875,290.8903055,-0.5109342843,0.652648004,-0.5280696961,-0.4937988725,0.6355213753,0.6697746326,0.3083654521
B,841,1,11,0.462890625,186.1924161,291.0029498,-0.508574944,0.6502059576,-0.5257103558,-0.4914395322,0.6330793289,0.6673325862,0.3100452313
B,842,1,11,0.46484375,186.3013984,291.1154172,-0.5062122713,0.6477677464,-0.5233476831,-0.4890768595,0.6306411177,0.664894375,0.3117365529
B,843,1,11,0.466796875,186.4105344,291.2277065,-0.503846266,0.6453333955,-0.5209816778,-0.4867108542,0.6282067669,0.6624600242,0.3134395059
B,844,1,11,0.46875,186.5198242,291.3398165,-0.5014769279,0.6429029304,-0.5186123398,-0.4843415161,0.6257763018,0.6600295591,0.3151541803
B,845,1,11,0.470703125,186.6292677,291.4517462,-0.4991042569,0.6404763763,-0.5162396687,-0.4819688451,0.6233497476,0.6576030049,0.3168806667
B,846,1,11,0.47265625,186.7388649,291.5634943,-0.4967282527,0.6380537584,-0.5138636645,-0.4795928409,0.6209271298,0.6551803871,0.3186190565
B,847,1,11,0.474609375,186.8486159,291.6750596,-0.4943489151,0.6356351021,-0.5114843269,-0.4772135033,0.6185084734,0.6527617307,0.3203694421
B,848,1,11,0.4765625,186.9585207,291.7864411,-0.491966244,0.6332204326,-0.5091016558,-0.4748308321,0.6160938039,0.6503470612,0.3221319162
B,849,1,11,0.478515625,187.0685792,291.8976375,-0.489580239,0.6308097752,-0.5067156508,-0.4724448272,0.6136831465,0.6479364038,0.3239065729
B,850,1,11,0.48046875,187.1787915,292.0086477,-0.4871909001,0.6284031551,-0.5043263119,-0.4700554882,0.6112765265,0.6455297838,0.3256935065
B,851,1,11,0.482421875,187.2891576,292.1194704,-0.4847982269,0.6260005977,-0.5019336387,-0.4676628151,0.6088739691,0.6431272264,0.3274928126
B,852,1,11,0.484375,187.3996775,292.2301046,-0.4824022194,0.6236021283,-0.4995376312,-0.4652668076,0.6064754996,0.6407287569,0.3293045873
B,853,1,11,0.486328125,187.5103513,292.3405491,-0.4800028773,0.621207772,-0.4971382891,-0.4628674654,0.6040811434,0.6383344007,0.3311289277
B,854,1,11,0.48828125,187.6211788,292.4508027,-0.4776002003,0.6188175543,-0.4947356121,-0.4604647885,0.6016909256,0.6359441829,0.3329659316
B,855,1,11,0.490234375,187.7321602,292.5608642,-0.4751941884,0.6164315003,-0.4923296002,-0.4580587766,0.5993048716,0.6335581289,0.3348156978
B,856,1,11,0.4921875,187.8432955,292.6707325,-0.4727848413,0.6140496354,-0.4899202531,-0.4556494294,0.5969230067,0.631176264,0.3366783257
B,857,1,11,0.494140625,187.9545845,292.7804064,-0.4703721587,0.6116719848,-0.4875075705,-0.4532367469,0.5945453561,0.6287986134,0.3385539158
B,858,1,11,0.49609375,188.0660275,292.8898847,-0.4679561406,0.6092985738,-0.4850915524,-0.4508207288,0.5921719451,0.6264252024,0.3404425693
B,859,1,11,0.498046875,188.1776243,292.9991663,-0.4655367866,0.6069294277,-0.4826721984,-0.4484013748,0.589802799,0.6240560563,0.3423443884
B,860,1,11,0.5,188.289375,293.10825,-0.4631140966,0.6045645717,-0.4802495084,-0.4459786848,0.5874379431,0.6216912004,0.344259476
B,861,1,11,0.501953125,188.4012796,293.2171347,-0.4606880704,0.6022040312,-0.4778234822,-0.4435526586,0.5850774026,0.6193306599,0.3461879361
B,862,1,11,0.50390625,188.5133381,293.3258191,-0.4582587078,0.5998478315,-0.4753941196,-0.441123296,0.5827212028,0.6169744601,0.3481298734
B,863,1,11,0.505859375,188.6255505,293.4343021,-0.4558260086,0.5974959977,-0.4729614204,-0.4386905967,0.580369369,0.6146226263,0.3500853937
B,864,1,11,0.5078125,188.7379168,293.5425826,-0.4533899725,0.5951485552,-0.4705253843,-0.4362545607,0.5780219266,0.6122751839,0.3520546035
B,865,1,11,0.509765625,188.850437,293.6506594,-0.4509505994,0.5928055293,-0.4680860112,-0.4338151876,0.5756789006,0.6099321579,0.3540376102
B,866,1,11,0.51171875,188.9631112,293.7585312,-0.4485078891,0.5904669452,-0.4656433009,-0.4313724773,0.5733403165,0.6075935739,0.3560345225
B,867,1,11,0.513671875,189.0759393,293.866197,-0.4460618413,0.5881328282,-0.4631972531,-0.4289264295,0.5710061996,0.6052594569,0.3580454496
B,868,1,11,0.515625,189.1889213,293.9736556,-0.4436124559,0.5858032037,-0.4607478677,-0.4264770441,0.568676575,0.6029298323,0.3600705019
B,869,1,11,0.517578125,189.3020574,294.0809058,-0.4411597327,0.5834780968,-0.4582951445,-0.4240243209,0.5663514681,0.6006047254,0.3621097906
B,870,1,11,0.51953125,189.4153474,294.1879465,-0.4387036714,0.5811575328,-0.4558390832,-0.4215682596,0.5640309042,0.5982841615,0.364163428
B,871,1,11,0.521484375,189.5287913,294.2947764,-0.4362442719,0.5788415371,-0.4533796837,-0.4191088601,0.5617149085,0.5959681658,0.3662315273
B,872,1,11,0.5234375,189.6423893,294.4013945,-0.433781534,0.576530135,-0.4509169458,-0.4166461221,0.5594035063,0.5936567636,0.3683142026
B,873,1,11,0.525390625,189.7561413,294.5077995,-0.4313154574,0.5742233516,-0.4484508692,-0.4141800455,0.5570967229,0.5913499802,0.3704115692
B,874,1,11,0.52734375,189.8700473,294.6139902,-0.4288460419,0.5719212123,-0.4459814537,-0.4117106301,0.5547945836,0.5890478409,0.3725237431
B,875,1,11,0.529296875,189.9841073,294.7199656,-0.4263732874,0.5696237423,-0.4435086992,-0.4092378756,0.5524971136,0.5867503709,0.3746508417
B,876,1,11,0.53125,190.0983213,294.8257245,-0.4238971936,0.567330967,-0.4410326054,-0.4067617818,0.5502043383,0.5844575956,0.376792983
B,877,1,11,0.533203125,190.2126894,294.9312656,-0.4214177604,0.5650429115,-0.4385531722,-0.4042823486,0.5479162829,0.5821695402,0.3789502864
B,878,1,11,0.53515625,190.3272115,295.0365879,-0.4189349875,0.5627596013,-0.4360703993,-0.4017995757,0.5456329726,0.5798862299,0.381122872
B,879,1,11,0.537109375,190.4418877,295.1416901,-0.4164488748,0.5604810615,-0.4335842866,-0.3993134629,0.5433544329,0.5776076902,0.3833108612
B,880,1,11,0.5390625,190.5567179,295.2465711,-0.4139594219,0.5582073175,-0.4310948338,-0.3968240101,0.5410806888,0.5753339462,0.3855143763
B,881,1,11,0.541015625,190.6717023,295.3512297,-0.4114666289,0.5559383945,-0.4286020407,-0.394331217,0.5388117658,0.5730650232,0.3877335408
B,882,1,11,0.54296875,190.7868407,295.4556647,-0.4089704953,0.5536743178,-0.4261059071,-0.3918350835,0.5365476891,0.5708009465,0.3899684791
B,883,1,11,0.544921875,190.9021332,295.5598751,-0.4064710211,0.5514151127,-0.4236064329,-0.3893356093,0.534288484,0.5685417413,0.3922193169
B,884,1,11,0.546875,191.0175798,295.6638596,-0.403968206,0.5491608044,-0.4211036178,-0.3868327942,0.5320341758,0.5662874331,0.3944861807
B,885,1,11,0.548828125,191.1331805,295.767617,-0.4014620498,0.5469114183,-0.4185974616,-0.384326638,0.5297847897,0.564038047,0.3967691985
B,886,1,11,0.55078125,191.2489353,295.8711462,-0.3989525523,0.5446669797,-0.4160879641,-0.3818171405,0.527540351,0.5617936083,0.3990684991
B,887,1,11,0.552734375,191.3648443,295.9744461,-0.3964397134,0.5424275137,-0.4135751252,-0.3793043016,0.525300885,0.5595541423,0.4013842126
B,888,1,11,0.5546875,191.4809074,296.0775154,-0.3939235327,0.5401930457,-0.4110589446,-0.3767881209,0.523066417,0.5573196743,0.40371647
B,889,1,11,0.556640625,191.5971246,296.180353,-0.3914040102,0.5379636009,-0.408539422,-0.3742685984,0.5208369723,0.5550902296,0.4060654038
B,890,1,11,0.55859375,191.7134961,296.2829577,-0.3888811456,0.5357392047,-0.4060165574,-0.3717457338,0.518612576,0.5528658334,0.4084311474
B,891,1,11,0.560546875,191.8300216,296.3853284,-0.3863549387,0.5335198823,-0.4034903505,-0.3692195269,0.5163932536,0.550646511,0.4108138353
B,892,1,11,0.5625,191.9467014,296.4874639,-0.3838253893,0.531305659,-0.4009608011,-0.3666899775,0.5141790303,0.5484322877,0.4132136036
B,893,1,11,0.564453125,192.0635354,296.589363,-0.3812924972,0.5290965601,-0.398427909,-0.3641570854,0.5119699314,0.5462231887,0.4156305891
B,894,1,11,0.56640625,192.1805235,296.6910245,-0.3787562622,0.5268926108,-0.395891674,-0.3616208504,0.5097659821,0.5440192395,0.4180649302
B,895,1,11,0.568359375,192.2976659,296.7924474,-0.3762166841,0.5246938365,-0.3933520959,-0.3590812723,0.5075672078,0.5418204651,0.4205167661
B,896,1,11,0.5703125,192.4149625,296.8936304,-0.3736737627,0.5225002623,-0.3908091745,-0.3565383508,0.5053736337,0.539626891,0.4229862377
B,897,1,11,0.572265625,192.5324133,296.9945724,-0.3711274977,0.5203119137,-0.3882629095,-0.3539920859,0.503185285,0.5374385423,0.4254734867
B,898,1,11,0.57421875,192.6500183,297.0952721,-0.3685778891,0.5181288158,-0.3857133009,-0.3514424773,0.5010021872,0.5352554445,0.4279786563
B,899,1,11,0.576171875,192.7677776,297.1957285,-0.3660249365,0.515950994,-0.3831603484,-0.3488895247,0.4988243653,0.5330776226,0.430501891
B,900,1,11,0.578125,192.8856911,297.2959404,-0.3634686399,0.5137784735,-0.3806040517,-0.3463332281,0.4966518448,0.5309051021,0.4330433364
B,901,1,11,0.580078125,193.0037589,297.3959065,-0.3609089989,0.5116112796,-0.3780444107,-0.3437735871,0.4944846509,0.5287379083,0.4356031395
B,902,1,11,0.58203125,193.1219809,297.4956258,-0.3583460134,0.5094494376,-0.3754814252,-0.3412106016,0.4923228089,0.5265760662,0.4381814484
B,903,1,11,0.583984375,193.2403573,297.595097,-0.3557796831,0.5072929727,-0.3729150949,-0.3386442713,0.4901663441,0.5244196014,0.4407784129
B,904,1,11,0.5859375,193.3588879,297.6943191,-0.353210008,0.5051419103,-0.3703454198,-0.3360745962,0.4880152817,0.522268539,0.4433941838
B,905,1,11,0.587890625,193.4775729,297.7932908,-0.3506369877,0.5029962757,-0.3677723995,-0.3335015759,0.485869647,0.5201229043,0.4460289134
B,906,1,11,0.58984375,193.5964121,297.892011,-0.3480606221,0.500856094,-0.3651960339,-0.3309252102,0.4837294653,0.5179827227,0.4486827551
B,907,1,11,0.591796875,193.7154057,297.9904784,-0.3454809109,0.4987213906,-0.3626163227,-0.3283454991,0.4815947619,0.5158480193,0.4513558639
B,908,1,11,0.59375,193.8345536,298.088692,-0.342897854,0.4965921908,-0.3600332658,-0.3257624422,0.4794655621,0.5137188194,0.4540483962
B,909,1,11,0.595703125,193.9538558,298.1866506,-0.3403114512,0.4944685198,-0.357446863,-0.3231760394,0.4773418911,0.5115951484,0.4567605096
B,910,1,11,0.59765625,194.0733124,298.284353,-0.3377217022,0.4923504029,-0.354857114,-0.3205862904,0.4752237742,0.5094770315,0.4594923632
B,911,1,11,0.599609375,194.1929233,298.381798,-0.3351286069,0.4902378654,-0.3522640187,-0.317993195,0.4731112367,0.5073644941,0.4622441176
B,912,1,11,0.6015625,194.3126886,298.4789845,-0.332532165,0.4881309326,-0.3496675768,-0.3153967532,0.4710043039,0.5052575612,0.4650159346
B,913,1,11,0.603515625,194.4326083,298.5759113,-0.3299323764,0.4860296297,-0.3470677882,-0.3127969646,0.4689030011,0.5031562584,0.4678079776
B,914,1,11,0.60546875,194.5526823,298.6725772,-0.3273292408,0.4839339821,-0.3444646526,-0.310193829,0.4668073535,0.5010606108,0.4706204115
B,915,1,11,0.607421875,194.6729108,298.7689811,-0.3247227581,0.481844015,-0.3418581699,-0.3075873462,0.4647173864,0.4989706437,0.4734534025
B,916,1,11,0.609375,194.7932936,298.8651218,-0.322112928,0.4797597537,-0.3392483398,-0.3049775162,0.462633125,0.4968863823,0.4763071183
B,917,1,11,0.611328125,194.9138309,298.9609982,-0.3194997503,0.4776812234,-0.3366351621,-0.3023643385,0.4605545948,0.4948078521,0.4791817284
B,918,1,11,0.61328125,195.0345225,299.056609,-0.3168832249,0.4756084495,-0.3340186367,-0.2997478131,0.4584818209,0.4927350782,0.4820774034
B,919,1,11,0.615234375,195.1553687,299.1519532,-0.3142633515,0.4735414573,-0.3313987633,-0.2971279397,0.4564148286,0.4906680859,0.4849943156
B,920,1,11,0.6171875,195.2763692,299.2470295,-0.31164013,0.4714802719,-0.3287755418,-0.2945047182,0.4543536433,0.4886069006,0.4879326389
B,921,1,11,0.619140625,195.3975242,299.3418368,-0.3090135601,0.4694249187,-0.3261489719,-0.2918781483,0.4522982901,0.4865515474,0.4908925487
B,922,1,11,0.62109375,195.5188337,299.4363739,-0.3063836416,0.467375423,-0.3235190534,-0.2892482298,0.4502487944,0.4845020517,0.4938742218
B,923,1,11,0.623046875,195.6402976,299.5306396,-0.3037503743,0.4653318101,-0.3208857861,-0.2866149625,0.4482051814,0.4824584387,0.496877837
B,924,1,11,0.625,195.761916,299.6246328,-0.3011137581,0.4632941051,-0.3182491699,-0.2839783463,0.4461674765,0.4804207338,0.4999035743
B,925,1,11,0.626953125,195.8836889,299.7183523,-0.2984737927,0.4612623335,-0.3156092045,-0.2813383808,0.4441357048,0.4783889622,0.5029516154
B,926,1,11,0.62890625,196.0056163,299.811797,-0.2958304779,0.4592365204,-0.3129658897,-0.278695066,0.4421098918,0.4763631491,0.5060221437
B,927,1,11,0.630859375,196.1276982,299.9049657,-0.2931838135,0.4572166912,-0.3103192253,-0.2760484016,0.4400900626,0.4743433199,0.5091153444
B,928,1,11,0.6328125,196.2499346,299.9978572,-0.2905337993,0.4552028712,-0.3076692111,-0.2733983875,0.4380762425,0.4723294998,0.5122314039
B,929,1,11,0.634765625,196.3723255,300.0904703,-0.2878804351,0.4531950856,-0.3050158469,-0.2707450233,0.4360684569,0.4703217142,0.5153705109
B,930,1,11,0.63671875,196.494871,300.1828039,-0.2852237207,0.4511933596,-0.3023591326,-0.2680883089,0.434066731,0.4683199883,0.5185328552
B,931,1,11,0.638671875,196.617571,300.2748568,-0.282563656,0.4491977187,-0.2996990678,-0.2654282442,0.43207109,0.4663243473,0.5217186286
B,932,1,11,0.640625,196.7404256,300.3666279,-0.2799002406,0.447208188,-0.2970356524,-0.2627648288,0.4300815593,0.4643348166,0.5249280247
B,933,1,11,0.642578125,196.8634347,300.458116,-0.2772334745,0.4452247928,-0.2943688863,-0.2600980626,0.4280981641,0.4623514214,0.5281612387
B,934,1,11,0.64453125,196.9865984,300.5493199,-0.2745633573,0.4432475584,-0.2916987691,-0.2574279455,0.4261209298,0.4603741871,0.5314184676
B,935,1,11,0.646484375,197.1099167,300.6402384,-0.2718898889,0.4412765102,-0.2890253007,-0.2547544771,0.4241498815,0.4584031388,0.5346999101
B,936,1,11,0.6484375,197.2333895,300.7308704,-0.2692130691,0.4393116733,-0.286348481,-0.2520776573,0.4221850446,0.4564383019,0.5380057668
B,937,1,11,0.650390625,197.357017,300.8212148,-0.2665328978,0.437353073,-0.2836683096,-0.2493974859,0.4202264444,0.4544797017,0.5413362402
B,938,1,11,0.65234375,197.4807991,300.9112703,-0.2638493745,0.4354007347,-0.2809847864,-0.2467139627,0.4182741061,0.4525273634,0.5446915343
B,939,1,11,0.654296875,197.6047357,301.0010358,-0.2611624993,0.4334546836,-0.2782979111,-0.2440270875,0.416328055,0.4505813123,0.5480718553
B,940,1,11,0.65625,197.7288271,301.0905101,-0.2584722719,0.431514945,-0.2756076837,-0.2413368601,0.4143883163,0.4486415737,0.5514774111
B,941,1,11,0.658203125,197.853073,301.1796921,-0.255778692,0.4295815442,-0.2729141038,-0.2386432802,0.4124549155,0.4467081728,0.5549084114
B,942,1,11,0.66015625,197.9774736,301.2685806,-0.2530817595,0.4276545064,-0.2702171713,-0.2359463477,0.4105278777,0.444781135,0.558365068
B,943,1,11,0.662109375,198.1020289,301.3571744,-0.2503814742,0.4257338569,-0.267516886,-0.2332460624,0.4086072282,0.4428604855,0.5618475945
B,944,1,11,0.6640625,198.2267388,301.4454723,-0.2476778359,0.423819621,-0.2648132477,-0.2305424241,0.4066929924,0.4409462497,0.5653562064
B,945,1,11,0.666015625,198.3516034,301.5334733,-0.2449708443,0.421911824,-0.2621062561,-0.2278354325,0.4047851954,0.4390384527,0.5688911212
B,946,1,11,0.66796875,198.4766226,301.6211761,-0.2422604993,0.4200104912,-0.2593959111,-0.2251250875,0.4028838625,0.4371371199,0.5724525585
B,947,1,11,0.669921875,198.6017966,301.7085795,-0.2395468007,0.4181156478,-0.2566822125,-0.2224113888,0.4009890192,0.4352422765,0.5760407396
B,948,1,11,0.671875,198.7271253,301.7956824,-0.2368297482,0.4162273192,-0.25396516,-0.2196943364,0.3991006905,0.4333539478,0.5796558882
B,949,1,11,0.673828125,198.8526086,301.8824837,-0.2341093416,0.4143455305,-0.2512447535,-0.2169739298,0.3972189018,0.4314721591,0.5832982297
B,950,1,11,0.67578125,198.9782467,301.9689821,-0.2313855809,0.4124703071,-0.2485209927,-0.2142501691,0.3953436785,0.4295969358,0.5869679917
B,951,1,11,0.677734375,199.1040396,302.0551766,-0.2286584657,0.4106016743,-0.2457938775,-0.2115230538,0.3934750456,0.4277283029,0.5906654039
B,952,1,11,0.6796875,199.2299871,302.1410658,-0.2259279958,0.4087396573,-0.2430634076,-0.208792584,0.3916130286,0.4258662859,0.5943906979
B,953,1,11,0.681640625,199.3560894,302.2266488,-0.2231941711,0.4068842814,-0.2403295829,-0.2060587593,0.3897576528,0.4240109101,0.5981441078
B,954,1,11,0.68359375,199.4823465,302.3119242,-0.2204569913,0.4050355719,-0.2375924031,-0.2033215795,0.3879089433,0.4221622006,0.6019258694
B,955,1,11,0.685546875,199.6087583,302.3968909,-0.2177164563,0.4031935541,-0.2348518681,-0.2005810444,0.3860669255,0.4203201828,0.6057362209
B,956,1,11,0.6875,199.735325,302.4815479,-0.2149725658,0.4013582533,-0.2321079776,-0.197837154,0.3842316246,0.4184848819,0.6095754027
B,957,1,11,0.689453125,199.8620464,302.5658938,-0.2122253196,0.3995296946,-0.2293607314,-0.1950899078,0.382403066,0.4166563233,0.6134436572
B,958,1,11,0.69140625,199.9889225,302.6499275,-0.2094747176,0.3977079035,-0.2266101294,-0.1923393058,0.3805812749,0.4148345322,0.6173412293
B,959,1,11,0.693359375,200.1159535,302.733648,-0.2067207595,0.3958929052,-0.2238561713,-0.1895853477,0.3787662766,0.4130195339,0.6212683659
B,960,1,11,0.6953125,200.2431394,302.8170539,-0.2039634451,0.394084725,-0.221098857,-0.1868280333,0.3769580963,0.4112113536,0.6252253162
B,961,1,11,0.697265625,200.37048,302.9001442,-0.2012027743,0.392283388,-0.2183381861,-0.1840673625,0.3751567594,0.4094100167,0.6292123318
B,962,1,11,0.69921875,200.4979755,302.9829176,-0.1984387468,0.3904889198,-0.2155741586,-0.181303335,0.3733622911,0.4076155484,0.6332296666
B,963,1,11,0.701171875,200.6256258,303.065373,-0.1956713624,0.3887013454,-0.2128067742,-0.1785359506,0.3715747167,0.405827974,0.6372775766
B,964,1,11,0.703125,200.7534309,303.1475093,-0.192900621,0.3869206902,-0.2100360328,-0.1757652092,0.3697940615,0.4040473189,0.6413563205
B,965,1,11,0.705078125,200.8813909,303.2293253,-0.1901265222,0.3851469795,-0.207261934,-0.1729911104,0.3680203508,0.4022736081,0.6454661592
B,966,1,11,0.70703125,201.0095058,303.3108197,-0.187349066,0.3833802385,-0.2044844778,-0.1702136542,0.3662536098,0.4005068671,0.6496073558
B,967,1,11,0.708984375,201.1377756,303.3919915,-0.1845682521,0.3816204925,-0.2017036639,-0.1674328403,0.3644938639,0.3987471212,0.6537801763
B,968,1,11,0.7109375,201.2662003,303.4728395,-0.1817840803,0.3798677669,-0.1989194921,-0.1646486685,0.3627411382,0.3969943955,0.6579848887
B,969,1,11,0.712890625,201.3947798,303.5533625,-0.1789965504,0.3781220868,-0.1961319622,-0.1618611386,0.3609954581,0.3952487154,0.6622217638
B,970,1,11,0.71484375,201.5235143,303.6335593,-0.1762056622,0.3763834776,-0.193341074,-0.1590702504,0.3592568489,0.3935101062,0.6664910745
B,971,1,11,0.716796875,201.6524037,303.7134288,-0.1734114155,0.3746519645,-0.1905468273,-0.1562760037,0.3575253358,0.3917785931,0.6707930967
B,972,1,11,0.71875,201.781448,303.7929698,-0.1706138101,0.3729275728,-0.1877492219,-0.1534783983,0.3558009442,0.3900542015,0.6751281085
B,973,1,11,0.720703125,201.9106472,303.8721812,-0.1678128458,0.3712103278,-0.1849482576,-0.150677434,0.3540836992,0.3883369565,0.6794963907
B,974,1,11,0.72265625,202.0400014,303.9510617,-0.1650085224,0.3695002549,-0.1821439342,-0.1478731106,0.3523736262,0.3866268835,0.6838982267
B,975,1,11,0.724609375,202.1695105,304.0296103,-0.1622008397,0.3677973791,-0.1793362515,-0.1450654278,0.3506707505,0.3849240078,0.6883339024
B,976,1,11,0.7265625,202.2991746,304.1078257,-0.1593897974,0.3661017259,-0.1765252092,-0.1422543856,0.3489750972,0.3832283546,0.6928037066
B,977,1,11,0.728515625,202.4289937,304.1857068,-0.1565753955,0.3644133205,-0.1737108073,-0.1394399837,0.3472866919,0.3815399492,0.6973079306
B,978,1,11,0.73046875,202.5589678,304.2632524,-0.1537576336,0.3627321882,-0.1708930454,-0.1366222218,0.3456055595,0.3798588169,0.7018468683
B,979,1,11,0.732421875,202.6890968,304.3404613,-0.1509365117,0.3610583543,-0.1680719235,-0.1338010998,0.3439317256,0.3781849829,0.7064208165
B,980,1,11,0.734375,202.8193809,304.4173324,-0.1481120294,0.359391844,-0.1652474412,-0.1309766176,0.3422652153,0.3765184726,0.7110300747
B,981,1,11,0.736328125,202.9498199,304.4938645,-0.1452841865,0.3577326826,-0.1624195984,-0.1281487747,0.340606054,0.3748593113,0.7156749452
B,982,1,11,0.73828125,203.080414,304.5700565,-0.142452983,0.3560808955,-0.1595883948,-0.1253175712,0.3389542668,0.3732075241,0.7203557332
B,983,1,11,0.740234375,203.2111631,304.6459072,-0.1396184185,0.3544365078,-0.1567538303,-0.1224830067,0.3373098792,0.3715631365,0.7250727465
B,984,1,11,0.7421875,203.3420672,304.7214154,-0.1367804929,0.3527995449,-0.1539159047,-0.1196450811,0.3356729163,0.3699261736,0.7298262959
B,985,1,11,0.744140625,203.4731264,304.7965799,-0.133939206,0.3511700321,-0.1510746178,-0.1168037942,0.3340434034,0.3682966607,0.7346166951
B,986,1,11,0.74609375,203.6043407,304.8713997,-0.1310945575,0.3495479945,-0.1482299693,-0.1139591457,0.3324213659,0.3666746232,0.7394442607
B,987,1,11,0.748046875,203.73571,304.9458734,-0.1282465473,0.3479334576,-0.1453819591,-0.1111111355,0.3308068289,0.3650600863,0.7443093124
B,988,1,11,0.75,203.8672344,305.02,-0.1253951751,0.3463264465,-0.142530587,-0.1082597633,0.3291998179,0.3634530752,0.7492121726
B,989,1,11,0.751953125,203.9989138,305.0937783,-0.1225404409,0.3447269867,-0.1396758527,-0.105405029,0.327600358,0.3618536153,0.754153167
B,990,1,11,0.75390625,204.1307484,305.1672071,-0.1196823442,0.3431351032,-0.136817756,-0.1025469324,0.3260084746,0.3602617319,0.759132624
B,991,1,11,0.755859375,204.2627381,305.2402853,-0.116820885,0.3415508215,-0.1339562968,-0.0996854732,0.3244241928,0.3586774501,0.7641508754
B,992,1,11,0.7578125,204.3948829,305.3130116,-0.1139560631,0.3399741668,-0.1310914749,-0.09682065125,0.3228475381,0.3571007954,0.769208256
B,993,1,11,0.759765625,204.5271828,305.385385,-0.1110878782,0.3384051643,-0.12822329,-0.09395246635,0.3212785356,0.355531793,0.7743051037
B,994,1,11,0.76171875,204.6596378,305.4574042,-0.1082163301,0.3368438394,-0.1253517419,-0.0910809183,0.3197172107,0.3539704681,0.7794417595
B,995,1,11,0.763671875,204.792248,305.5290681,-0.1053414187,0.3352902173,-0.1224768305,-0.08820600688,0.3181635887,0.352416846,0.7846185677
B,996,1,11,0.765625,204.9250133,305.6003756,-0.1024631437,0.3337443234,-0.1195985555,-0.0853277319,0.3166176947,0.350870952,0.7898358758
B,997,1,11,0.767578125,205.0579338,305.6713254,-0.09958150497,0.3322061828,-0.1167169168,-0.08244609316,0.3150795542,0.3493328115,0.7950940345
B,998,1,11,0.76953125,205.1910094,305.7419164,-0.09669650226,0.3306758209,-0.1138319141,-0.07956109045,0.3135491923,0.3478024496,0.800393398
B,999,1,11,0.771484375,205.3242403,305.8121474,-0.09380813538,0.329153263,-0.1109435472,-0.07667272357,0.3120266344,0.3462798917,0.8057343236
B,1000,1,11,0.7734375,205.4576263,305.8820173,-0.09091640413,0.3276385343,-0.1080518159,-0.07378099232,0.3105119056,0.344765163,0.811117172
B,1001,1,11,0.775390625,205.5911675,305.9515249,-0.0880213083,0.3261316601,-0.1051567201,-0.07088589649,0.3090050314,0.3432582888,0.8165423074
B,1002,1,11,0.77734375,205.7248639,306.020669,-0.0851228477,0.3246326657,-0.1022582595,-0.06798743589,0.307506037,0.3417592944,0.8220100973
B,1003,1,11,0.779296875,205.8587156,306.0894485,-0.08222102212,0.3231415764,-0.09935643393,-0.06508561031,0.3060149477,0.340268205,0.8275209127
B,1004,1,11,0.78125,205.9927224,306.1578622,-0.07931583135,0.3216584174,-0.09645124316,-0.06218041954,0.3045317887,0.338785046,0.8330751282
B,1005,1,11,0.783203125,206.1268845,306.2259089,-0.0764072752,0.320183214,-0.09354268701,-0.05927186339,0.3030565853,0.3373098426,0.8386731219
B,1006,1,11,0.78515625,206.2612019,306.2935875,-0.07349535346,0.3187159915,-0.09063076527,-0.05635994165,0.3015893629,0.3358426202,0.8443152752
B,1007,1,11,0.787109375,206.3956745,306.3608967,-0.07058006593,0.3172567752,-0.08771547775,-0.05344465412,0.3001301466,0.3343834039,0.8500019735
B,1008,1,11,0.7890625,206.5303023,306.4278355,-0.06766141241,0.3158055904,-0.08479682423,-0.0505260006,0.2986789618,0.3329322191,0.8557336057
B,1009,1,11,0.791015625,206.6650855,306.4944027,-0.0647393927,0.3143624623,-0.08187480451,-0.04760398089,0.2972358337,0.331489091,0.8615105642
B,1010,1,11,0.79296875,206.8000239,306.5605971,-0.06181400659,0.3129274163,-0.0789494184,-0.04467859477,0.2958007876,0.3300540449,0.8673332453
B,1011,1,11,0.794921875,206.9351176,306.6264175,-0.05888525387,0.3115004775,-0.07602066568,-0.04174984206,0.2943738488,0.3286271062,0.873202049
B,1012,1,11,0.796875,207.0703666,306.6918627,-0.05595313436,0.3100816713,-0.07308854617,-0.03881772255,0.2929550427,0.3272083,0.8791173791
B,1013,1,11,0.798828125,207.2057709,306.7569317,-0.05301764784,0.308671023,-0.07015305965,-0.03588223602,0.2915443943,0.3257976516,0.8850796433
B,1014,1,11,0.80078125,207.3413305,306.8216232,-0.05007879411,0.3072685578,-0.06721420592,-0.0329433823,0.2901419291,0.3243951865,0.891089253
B,1015,1,11,0.802734375,207.4770454,306.8859361,-0.04713657297,0.305874301,-0.06427198478,-0.03000116116,0.2887476724,0.3230009297,0.8971466236
B,1016,1,11,0.8046875,207.6129157,306.9498692,-0.04419098421,0.3044882779,-0.06132639603,-0.0270555724,0.2873616493,0.3216149066,0.9032521745
B,1017,1,11,0.806640625,207.7489414,307.0134213,-0.04124202765,0.3031105138,-0.05837743946,-0.02410661584,0.2859838852,0.3202371425,0.909406329
B,1018,1,11,0.80859375,207.8851224,307.0765913,-0.03828970306,0.301741034,-0.05542511487,-0.02115429125,0.2846144053,0.3188676626,0.9156095144
B,1019,1,11,0.810546875,208.0214587,307.139378,-0.03533401025,0.3003798636,-0.05246942207,-0.01819859844,0.283253235,0.3175064923,0.9218621622
B,1020,1,11,0.8125,208.1579504,307.2017803,-0.03237494902,0.2990270281,-0.04951036084,-0.01523953721,0.2819003995,0.3161536568,0.9281647079
B,1021,1,11,0.814453125,208.2945976,307.2637969,-0.02941251917,0.2976825527,-0.04654793098,-0.01227710736,0.280555924,0.3148091814,0.9345175911
B,1022,1,11,0.81640625,208.4314001,307.3254267,-0.02644672049,0.2963464626,-0.0435821323,-0.009311308675,0.279219834,0.3134730913,0.9409212558
B,1023,1,11,0.818359375,208.568358,307.3866686,-0.02347755277,0.2950187832,-0.04061296458,-0.00634214096,0.2778921546,0.3121454119,0.9473761499
B,1024,1,11,0.8203125,208.7054713,307.4475213,-0.02050501582,0.2936995398,-0.03764042763,-0.003369604012,0.2765729111,0.3108261684,0.953882726
B,1025,1,11,0.822265625,208.84274,307.5079838,-0.01752910944,0.2923887575,-0.03466452125,-0.0003936976287,0.2752621288,0.3095153861,0.9604414408
B,1026,1,11,0.82421875,208.9801642,307.5680548,-0.01454983342,0.2910864617,-0.03168524523,0.002585578393,0.273959833,0.3082130903,0.9670527552
B,1027,1,11,0.826171875,209.1177438,307.6277332,-0.01156718755,0.2897926776,-0.02870259937,0.005568224257,0.272666049,0.3069193063,0.9737171347
B,1028,1,11,0.828125,209.2554789,307.6870177,-0.008581171648,0.2885074307,-0.02571658346,0.008554240163,0.271380802,0.3056340593,0.9804350493
B,1029,1,11,0.830078125,209.3933694,307.7459074,-0.005591785495,0.287230746,-0.02272719731,0.01154362632,0.2701041173,0.3043573746,0.9872069735
B,1030,1,11,0.83203125,209.5314154,307.8044009,-0.002599028894,0.2859626489,-0.0197344407,0.01453638292,0.2688360203,0.3030892776,0.9940333862
B,1031,1,11,0.833984375,209.6696168,307.8624971,0.0003970983589,0.2847031647,-0.01673831345,0.01753251017,0.2675765361,0.3018297934,1.000914771
B,1032,1,11,0.8359375,209.8079738,307.9201949,0.003396596465,0.2834523187,-0.01373881535,0.02053200828,0.2663256901,0.3005789474,1.007851616
B,1033,1,11,0.837890625,209.9464862,307.9774931,0.006399465628,0.2822101361,-0.01073594618,0.02353487744,0.2650835075,0.2993367648,1.014844414
B,1034,1,11,0.83984375,210.0851542,308.0343904,0.00940570605,0.2809766422,-0.007729705761,0.02654111786,0.2638500136,0.2981032709,1.021893663
B,1035,1,11,0.841796875,210.2239776,308.0908858,0.01241531793,0.2797518624,-0.004720093878,0.02955072974,0.2626252337,0.296878491,1.028999865
B,1036,1,11,0.84375,210.3629566,308.1469781,0.01542830148,0.2785358218,-0.001707110331,0.03256371329,0.2614091931,0.2956624504,1.036163528
B,1037,1,11,0.845703125,210.5020912,308.2026662,0.01844465689,0.2773285457,0.001309245082,0.0355800687,0.2602019171,0.2944551744,1.043385163
B,1038,1,11,0.84765625,210.6413812,308.2579487,0.02146438438,0.2761300595,0.004328972565,0.03859979619,0.2590034308,0.2932566882,1.050665288
B,1039,1,11,0.849609375,210.7808268,308.3128247,0.02448748413,0.2749403884,0.007352072319,0.04162289594,0.2578137597,0.292067017,1.058004425
B,1040,1,11,0.8515625,210.920428,308.3672929,0.02751395636,0.2737595577,0.01037854455,0.04464936817,0.256632929,0.2908861863,1.065403101
B,1041,1,11,0.853515625,211.0601848,308.4213521,0.03054380126,0.2725875926,0.01340838945,0.04767921307,0.255460964,0.2897142213,1.072861847
B,1042,1,11,0.85546875,211.2000971,308.4750012,0.03357701905,0.2714245185,0.01644160724,0.05071243086,0.2542978899,0.2885511472,1.080381202
B,1043,1,11,0.857421875,211.340165,308.5282391,0.03661360991,0.2702703607,0.0194781981,0.05374902172,0.253143732,0.2873969893,1.087961707
B,1044,1,11,0.859375,211.4803885,308.5810645,0.03965357406,0.2691251443,0.02251816225,0.05678898588,0.2519985157,0.286251773,1.095603911
B,1045,1,11,0.861328125,211.6207676,308.6334763,0.0426969117,0.2679888947,0.02556149989,0.05983232351,0.2508622661,0.2851155234,1.103308367
B,1046,1,11,0.86328125,211.7613024,308.6854733,0.04574362303,0.2668616372,0.02860821122,0.06287903484,0.2497350086,0.2839882659,1.111075633
B,1047,1,11,0.865234375,211.9019927,308.7370543,0.04879370825,0.2657433971,0.03165829644,0.06592912006,0.2486167684,0.2828700257,1.118906272
B,1048,1,11,0.8671875,212.0428387,308.7882183,0.05184716756,0.2646341995,0.03471175575,0.06898257937,0.2475075709,0.2817608282,1.126800854
B,1049,1,11,0.869140625,212.1838404,308.838964,0.05490400117,0.2635340699,0.03776858936,0.07203941298,0.2464074412,0.2806606985,1.134759954
B,1050,1,11,0.87109375,212.3249977,308.8892902,0.05796420928,0.2624430334,0.04082879747,0.07509962109,0.2453164048,0.2795696621,1.142784153
B,1051,1,11,0.873046875,212.4663107,308.9391958,0.0610277921,0.2613611154,0.04389238028,0.07816320391,0.2442344868,0.2784877441,1.150874035
B,1052,1,11,0.875,212.6077793,308.9886797,0.06409474981,0.2602883412,0.046959338,0.08123016162,0.2431617125,0.2774149698,1.159030194
B,1053,1,11,0.876953125,212.7494036,309.0377406,0.06716508264,0.2592247359,0.05002967083,0.08430049445,0.2420981073,0.2763513646,1.167253225
B,1054,1,11,0.87890625,212.8911836,309.0863774,0.07023879077,0.258170325,0.05310337896,0.08737420258,0.2410436963,0.2752969536,1.175543734
B,1055,1,11,0.880859375,213.0331193,309.134589,0.07331587442,0.2571251336,0.05618046261,0.09045128623,0.2399985049,0.2742517623,1.183902328
B,1056,1,11,0.8828125,213.1752108,309.1823741,0.07639633378,0.2560891871,0.05926092197,0.09353174559,0.2389625584,0.2732158157,1.192329622
B,1057,1,11,0.884765625,213.3174579,309.2297316,0.07948016906,0.2550625107,0.06234475725,0.09661558087,0.2379358821,0.2721891394,1.200826239
B,1058,1,11,0.88671875,213.4598608,309.2766603,0.08256738046,0.2540451297,0.06543196865,0.09970279227,0.2369185011,0.2711717584,1.209392805
B,1059,1,11,0.888671875,213.6024194,309.3231591,0.08565796818,0.2530370695,0.06852255637,0.10279338,0.2359104408,0.2701636981,1.218029953
B,1060,1,11,0.890625,213.7451338,309.3692268,0.08875193243,0.2520383552,0.07161652062,0.1058873442,0.2349117265,0.2691649838,1.226738322
B,1061,1,11,0.892578125,213.8880039,309.4148622,0.09184927341,0.2510490121,0.07471386159,0.1089846852,0.2339223835,0.2681756408,1.235518559
B,1062,1,11,0.89453125,214.0310298,309.4600642,0.09494999131,0.2500690656,0.0778145795,0.1120854031,0.2329424369,0.2671956942,1.244371315
B,1063,1,11,0.896484375,214.1742114,309.5048316,0.09805408635,0.2490985409,0.08091867454,0.1151894982,0.2319719122,0.2662251695,1.253297249
B,1064,1,11,0.8984375,214.3175489,309.5491632,0.1011615587,0.2481374632,0.08402614691,0.1182969705,0.2310108346,0.2652640919,1.262297025
B,1065,1,11,0.900390625,214.4610421,309.5930579,0.1042724086,0.247185858,0.08713699682,0.1214078204,0.2300592293,0.2643124866,1.271371315
B,1066,1,11,0.90234375,214.6046912,309.6365145,0.1073866363,0.2462437504,0.09025122448,0.1245220481,0.2291171217,0.263370379,1.280520797
B,1067,1,11,0.904296875,214.748496,309.6795319,0.1105042419,0.2453111657,0.09336883007,0.1276396537,0.228184537,0.2624377943,1.289746155
B,1068,1,11,0.90625,214.8924567,309.7221088,0.1136252256,0.2443881292,0.09648981381,0.1307606374,0.2272615005,0.2615147579,1.299048081
B,1069,1,11,0.908203125,215.0365732,309.7642441,0.1167495877,0.2434746662,0.0996141759,0.1338849995,0.2263480375,0.2606012948,1.308427272
B,1070,1,11,0.91015625,215.1808456,309.8059366,0.1198773284,0.2425708019,0.1027419165,0.1370127402,0.2254441733,0.2596974306,1.317884434
B,1071,1,11,0.912109375,215.3252738,309.8471852,0.1230084477,0.2416765617,0.1058730359,0.1401438596,0.2245499331,0.2588031904,1.327420278
B,1072,1,11,0.9140625,215.4698578,309.8879888,0.1261429461,0.2407919709,0.1090075343,0.1432783579,0.2236653422,0.2579185995,1.337035523
B,1073,1,11,0.916015625,215.6145978,309.928346,0.1292808236,0.2399170546,0.1121454118,0.1464162354,0.2227904259,0.2570436832,1.346730896
B,1074,1,11,0.91796875,215.7594936,309.9682559,0.1324220805,0.2390518382,0.1152866687,0.1495574923,0.2219252095,0.2561784668,1.356507129
B,1075,1,11,0.919921875,215.9045453,310.0077171,0.1355667169,0.2381963469,0.1184313051,0.1527021287,0.2210697183,0.2553229756,1.366364962
B,1076,1,11,0.921875,216.0497529,310.0467286,0.1387147331,0.2373506061,0.1215793213,0.1558501449,0.2202239775,0.2544772348,1.376305144
B,1077,1,11,0.923828125,216.1951164,310.0852892,0.1418661293,0.236514641,0.1247307175,0.1590015411,0.2193880124,0.2536412697,1.386328429
B,1078,1,11,0.92578125,216.3406358,310.1233976,0.1450209056,0.2356884769,0.1278854938,0.1621563174,0.2185618483,0.2528151056,1.39643558
B,1079,1,11,0.927734375,216.4863112,310.1610528,0.1481790623,0.2348721391,0.1310436505,0.1653144741,0.2177455104,0.2519987677,1.406627366
B,1080,1,11,0.9296875,216.6321424,310.1982536,0.1513405996,0.2340656528,0.1342051878,0.1684760114,0.2169390241,0.2511922815,1.416904565
B,1081,1,11,0.931640625,216.7781297,310.2349988,0.1545055177,0.2332690433,0.1373701059,0.1716409295,0.2161424147,0.250395672,1.427267963
B,1082,1,11,0.93359375,216.9242728,310.2712873,0.1576738167,0.232482336,0.1405384049,0.1748092285,0.2153557074,0.2496089647,1.437718353
B,1083,1,11,0.935546875,217.070572,310.3071178,0.1608454969,0.2317055561,0.1437100851,0.1779809088,0.2145789274,0.2488321847,1.448256535
B,1084,1,11,0.9375,217.2170271,310.3424893,0.1640205586,0.2309387288,0.1468851468,0.1811559704,0.2138121001,0.2480653574,1.458883319
B,1085,1,11,0.939453125,217.3636382,310.3774004,0.1671990018,0.2301818794,0.15006359,0.1843344136,0.2130552508,0.2473085081,1.469599521
B,1086,1,11,0.94140625,217.5104053,310.4118502,0.1703808268,0.2294350333,0.153245415,0.1875162386,0.2123084047,0.246561662,1.480405967
B,1087,1,11,0.943359375,217.6573284,310.4458374,0.1735660338,0.2286982157,0.156430622,0.1907014456,0.2115715871,0.2458248444,1.491303488
B,1088,1,11,0.9453125,217.8044075,310.4793608,0.176754623,0.2279714519,0.1596192111,0.1938900348,0.2108448233,0.2450980806,1.502292928
B,1089,1,11,0.947265625,217.9516426,310.5124194,0.1799465945,0.2272547671,0.1628111827,0.1970820064,0.2101281385,0.2443813958,1.513375136
B,1090,1,11,0.94921875,218.0990337,310.5450118,0.1831419487,0.2265481867,0.1660065369,0.2002773605,0.2094215581,0.2436748154,1.52455097
B,1091,1,11,0.951171875,218.2465809,310.577137,0.1863406857,0.2258517359,0.1692052739,0.2034760975,0.2087251073,0.2429783646,1.535821297
B,1092,1,11,0.953125,218.3942841,310.6087937,0.1895428057,0.22516544,0.1724073939,0.2066782175,0.2080388114,0.2422920687,1.547186993
B,1093,1,11,0.955078125,218.5421434,310.6399809,0.1927483089,0.2244893243,0.1756128971,0.2098837207,0.2073626957,0.241615953,1.558648941
B,1094,1,11,0.95703125,218.6901588,310.6706974,0.1959571956,0.2238234141,0.1788217837,0.2130926074,0.2066967854,0.2409500427,1.570208036
B,1095,1,11,0.958984375,218.8383302,310.7009419,0.1991694658,0.2231677346,0.182034054,0.2163048776,0.2060411059,0.2402943632,1.581865178
B,1096,1,11,0.9609375,218.9866577,310.7307134,0.2023851199,0.2225223111,0.185249708,0.2195205317,0.2053956824,0.2396489397,1.593621278
B,1097,1,11,0.962890625,219.1351413,310.7600106,0.2056041579,0.2218871688,0.1884687461,0.2227395697,0.2047605402,0.2390137975,1.605477258
B,1098,1,11,0.96484375,219.283781,310.7888324,0.2088265802,0.2212623332,0.1916911684,0.225961992,0.2041357046,0.2383889619,1.617434045
B,1099,1,11,0.966796875,219.4325768,310.8171776,0.2120523869,0.2206478294,0.1949169751,0.2291877988,0.2035212008,0.2377744581,1.629492579
B,1100,1,11,0.96875,219.5815288,310.845045,0.2152815783,0.2200436828,0.1981461665,0.2324169901,0.2029170541,0.2371703114,1.641653808
B,1101,1,11,0.970703125,219.7306368,310.8724336,0.2185141545,0.2194499186,0.2013787427,0.2356495663,0.2023232899,0.2365765472,1.653918688
B,1102,1,11,0.97265625,219.8799011,310.8993421,0.2217501157,0.218866562,0.2046147039,0.2388855275,0.2017399334,0.2359931907,1.666288188
B,1103,1,11,0.974609375,220.0293214,310.9257693,0.2249894621,0.2182936384,0.2078540503,0.2421248739,0.2011670098,0.2354202671,1.678763284
B,1104,1,11,0.9765625,220.1788979,310.9517142,0.228232194,0.2177311731,0.2110967822,0.2453676058,0.2006045445,0.2348578018,1.691344962
B,1105,1,11,0.978515625,220.3286306,310.9771754,0.2314783115,0.2171791913,0.2143428997,0.2486137233,0.2000525627,0.23430582,1.704034218
B,1106,1,11,0.98046875,220.4785195,311.002152,0.2347278149,0.2166377183,0.2175924031,0.2518632267,0.1995110897,0.233764347,1.716832061
B,1107,1,11,0.982421875,220.6285646,311.0266426,0.2379807043,0.2161067794,0.2208452925,0.2551161161,0.1989801508,0.2332334081,1.729739505
B,1108,1,11,0.984375,220.7787658,311.0506461,0.24123698,0.2155863999,0.2241015681,0.2583723918,0.1984597712,0.2327130285,1.742757578
B,1109,1,11,0.986328125,220.9291233,311.0741614,0.2444966421,0.215076605,0.2273612303,0.2616320539,0.1979499763,0.2322032336,1.755887318
B,1110,1,11,0.98828125,221.0796369,311.0971873,0.2477596908,0.21457742,0.230624279,0.2648951026,0.1974507913,0.2317040486,1.769129771
B,1111,1,11,0.990234375,221.2303068,311.1197227,0.2510261264,0.2140888702,0.2338907146,0.2681615383,0.1969622416,0.2312154989,1.782485996
B,1112,1,11,0.9921875,221.381133,311.1417663,0.2542959491,0.2136109809,0.2371605373,0.2714313609,0.1964843523,0.2307376096,1.795957061
B,1113,1,11,0.994140625,221.5321153,311.163317,0.2575691591,0.2131437774,0.2404337472,0.2747045709,0.1960171487,0.230270406,1.809544047
B,1114,1,11,0.99609375,221.683254,311.1843736,0.2608457564,0.2126872849,0.2437103446,0.2779811683,0.1955606562,0.2298139135,1.823248045
B,1115,1,11,0.998046875,221.8345488,311.204935,0.2641257415,0.2122415287,0.2469903297,0.2812611533,0.1951149001,0.2293681574,1.837070154
B,1116,1,11,1,221.986,311.225,0.2674091144,0.2118065341,0.2502737026,0.2845445263,0.1946799055,0.2289331628,1.851011489
B,1117,1,12,0.08333333333,222.22475,311.2514167,0.2725850754,0.2112338399,0.2554496636,0.2897204872,0.1941072113,0.2283604686,1.873203995
B,1118,1,12,0.1666666667,222.4635,311.2778333,0.2777610364,0.2106611457,0.2606256246,0.2948964482,0.193534517,0.2277877743,1.895662576
B,1119,1,12,0.25,222.70225,311.30425,0.2829369974,0.2100884514,0.2658015856,0.3000724092,0.1929618228,0.2272150801,1.918390422
B,1120,1,12,0.3333333333,222.941,311.3306667,0.2881129584,0.2095157572,0.2709775466,0.3052483702,0.1923891286,0.2266423859,1.941390761
B,1121,1,12,0.4166666667,223.17975,311.3570833,0.2932889194,0.208943063,0.2761535076,0.3104243312,0.1918164343,0.2260696916,1.964666859
B,1122,1,12,0.5,223.4185,311.3835,0.2984648804,0.2083703688,0.2813294686,0.3156002922,0.1912437401,0.2254969974,1.988222025
B,1123,1,12,0.5833333333,223.65725,311.4099167,0.3036408414,0.2077976745,0.2865054296,0.3207762532,0.1906710459,0.2249243032,2.012059602
B,1124,1,12,0.6666666667,223.896,311.4363333,0.3088168024,0.2072249803,0.2916813906,0.3259522142,0.1900983517,0.224351609,2.036182977
B,1125,1,12,0.75,224.13475,311.46275,0.3139927634,0.2066522861,0.2968573516,0.3311281752,0.1895256574,0.2237789147,2.060595577
B,1126,1,12,0.8333333333,224.3735,311.4891667,0.3191687244,0.2060795919,0.3020333126,0.3363041362,0.1889529632,0.2232062205,2.08530087
B,1127,1,12,0.9166666667,224.61225,311.5155833,0.3243446854,0.2055068976,0.3072092736,0.3414800972,0.188380269,0.2226335263,2.110302364
B,1128,1,12,1,224.851,311.542,0.3295206464,0.2049342034,0.3123852346,0.3466560582,0.1878075747,0.2220608321,2.13560361
B,1129,1,13,0.07142857143,225.0835,311.5584286,0.334561111,0.2045780438,0.3174256992,0.3516965228,0.1874514152,0.2217046725,2.160534029
B,1130,1,13,0.1428571429,225.316,311.5748571,0.3396015756,0.2042218843,0.3224661638,0.3567369875,0.1870952556,0.221348513,2.185755479
B,1131,1,13,0.2142857143,225.5485,311.5912857,0.3446420403,0.2038657248,0.3275066285,0.3617774521,0.1867390961,0.2209923534,2.211271356
B,1132,1,13,0.2857142857,225.781,311.6077143,0.3496825049,0.2035095652,0.3325470931,0.3668179167,0.1863829366,0.2206361939,2.237085098
B,1133,1,13,0.3571428571,226.0135,311.6241429,0.3547229695,0.2031534057,0.3375875577,0.3718583814,0.186026777,0.2202800343,2.263200183
B,1134,1,13,0.4285714286,226.246,311.6405714,0.3597634342,0.2027972461,0.3426280224,0.376898846,0.1856706175,0.2199238748,2.289620127
B,1135,1,13,0.5,226.4785,311.657,0.3648038988,0.2024410866,0.347668487,0.3819393106,0.1853144579,0.2195677152,2.316348491
B,1136,1,13,0.5714285714,226.711,311.6734286,0.3698443634,0.202084927,0.3527089516,0.3869797753,0.1849582984,0.2192115557,2.343388873
B,1137,1,13,0.6428571429,226.9435,311.6898571,0.3748848281,0.2017287675,0.3577494163,0.3920202399,0.1846021388,0.2188553961,2.370744917
B,1138,1,13,0.7142857143,227.176,311.7062857,0.3799252927,0.2013726079,0.3627898809,0.3970607045,0.1842459793,0.2184992366,2.398420308
B,1139,1,13,0.7857142857,227.4085,311.7227143,0.3849657573,0.2010164484,0.3678303455,0.4021011692,0.1838898197,0.218143077,2.426418773
B,1140,1,13,0.8571428571,227.641,311.7391429,0.390006222,0.2006602888,0.3728708102,0.4071416338,0.1835336602,0.2177869175,2.454744084
B,1141,1,13,0.9285714286,227.8735,311.7555714,0.3950466866,0.2003041293,0.3779112748,0.4121820984,0.1831775006,0.2174307579,2.483400056
B,1142,1,13,1,228.106,311.772,0.4000871512,0.1999479697,0.3829517394,0.4172225631,0.1828213411,0.2170745984,2.51239055
