curve,point_index,source_curve_index,source_path_segment,segment_t,pdf_x_pt,pdf_y_pt,wavelength_nm,diffuse_spectral_density,x_low_graphic,x_high_graphic,y_low_graphic,y_high_graphic
yellow,0,11,0,0,364.267,493.314,419.9997722,0.6399953284,419.0064394,420.9931049,0.6351898947,0.6448007621
yellow,1,11,1,0.02857142857,364.3725429,493.0912,420.1715271,0.6417495348,419.1781943,421.1648598,0.6369441011,0.6465549685
yellow,2,11,1,0.05714285714,364.4780857,492.8684,420.3432819,0.6435037412,419.3499492,421.3366147,0.6386983075,0.6483091749
yellow,3,11,1,0.08571428571,364.5836286,492.6456,420.5150368,0.6452579476,419.521704,421.5083696,0.6404525139,0.6500633813
yellow,4,11,1,0.1142857143,364.6891714,492.4228,420.6867917,0.647012154,419.6934589,421.6801244,0.6422067203,0.6518175877
yellow,5,11,1,0.1428571429,364.7947143,492.2,420.8585466,0.6487663604,419.8652138,421.8518793,0.6439609267,0.6535717941
yellow,6,11,1,0.1714285714,364.9002571,491.9772,421.0303014,0.6505205668,420.0369687,422.0236342,0.645715133,0.6553260005
yellow,7,11,1,0.2,365.0058,491.7544,421.2020563,0.6522747732,420.2087236,422.1953891,0.6474693394,0.6570802069
yellow,8,11,1,0.2285714286,365.1113429,491.5316,421.3738112,0.6540289796,420.3804784,422.367144,0.6492235458,0.6588344133
yellow,9,11,1,0.2571428571,365.2168857,491.3088,421.5455661,0.655783186,420.5522333,422.5388988,0.6509777522,0.6605886197
yellow,10,11,1,0.2857142857,365.3224286,491.086,421.717321,0.6575373924,420.7239882,422.7106537,0.6527319586,0.6623428261
yellow,11,11,1,0.3142857143,365.4279714,490.8632,421.8890758,0.6592915988,420.8957431,422.8824086,0.654486165,0.6640970325
yellow,12,11,1,0.3428571429,365.5335143,490.6404,422.0608307,0.6610458051,421.0674979,423.0541635,0.6562403714,0.6658512389
yellow,13,11,1,0.3714285714,365.6390571,490.4176,422.2325856,0.6628000115,421.2392528,423.2259183,0.6579945778,0.6676054453
yellow,14,11,1,0.4,365.7446,490.1948,422.4043405,0.6645542179,421.4110077,423.3976732,0.6597487842,0.6693596517
yellow,15,11,1,0.4285714286,365.8501429,489.972,422.5760953,0.6663084243,421.5827626,423.5694281,0.6615029906,0.6711138581
yellow,16,11,1,0.4571428571,365.9556857,489.7492,422.7478502,0.6680626307,421.7545175,423.741183,0.663257197,0.6728680645
yellow,17,11,1,0.4857142857,366.0612286,489.5264,422.9196051,0.6698168371,421.9262723,423.9129379,0.6650114034,0.6746222709
yellow,18,11,1,0.5142857143,366.1667714,489.3036,423.09136,0.6715710435,422.0980272,424.0846927,0.6667656098,0.6763764773
yellow,19,11,1,0.5428571429,366.2723143,489.0808,423.2631149,0.6733252499,422.2697821,424.2564476,0.6685198162,0.6781306836
yellow,20,11,1,0.5714285714,366.3778571,488.858,423.4348697,0.6750794563,422.441537,424.4282025,0.6702740226,0.67988489
yellow,21,11,1,0.6,366.4834,488.6352,423.6066246,0.6768336627,422.6132918,424.5999574,0.672028229,0.6816390964
yellow,22,11,1,0.6285714286,366.5889429,488.4124,423.7783795,0.6785878691,422.7850467,424.7717122,0.6737824354,0.6833933028
yellow,23,11,1,0.6571428571,366.6944857,488.1896,423.9501344,0.6803420755,422.9568016,424.9434671,0.6755366418,0.6851475092
yellow,24,11,1,0.6857142857,366.8000286,487.9668,424.1218892,0.6820962819,423.1285565,425.115222,0.6772908482,0.6869017156
yellow,25,11,1,0.7142857143,366.9055714,487.744,424.2936441,0.6838504883,423.3003114,425.2869769,0.6790450545,0.688655922
yellow,26,11,1,0.7428571429,367.0111143,487.5212,424.465399,0.6856046947,423.4720662,425.4587318,0.6807992609,0.6904101284
yellow,27,11,1,0.7714285714,367.1166571,487.2984,424.6371539,0.6873589011,423.6438211,425.6304866,0.6825534673,0.6921643348
yellow,28,11,1,0.8,367.2222,487.0756,424.8089088,0.6891131075,423.815576,425.8022415,0.6843076737,0.6939185412
yellow,29,11,1,0.8285714286,367.3277429,486.8528,424.9806636,0.6908673139,423.9873309,425.9739964,0.6860618801,0.6956727476
yellow,30,11,1,0.8571428571,367.4332857,486.63,425.1524185,0.6926215203,424.1590857,426.1457513,0.6878160865,0.697426954
yellow,31,11,1,0.8857142857,367.5388286,486.4072,425.3241734,0.6943757267,424.3308406,426.3175061,0.6895702929,0.6991811604
yellow,32,11,1,0.9142857143,367.6443714,486.1844,425.4959283,0.696129933,424.5025955,426.489261,0.6913244993,0.7009353668
yellow,33,11,1,0.9428571429,367.7499143,485.9616,425.6676831,0.6978841394,424.6743504,426.6610159,0.6930787057,0.7026895732
yellow,34,11,1,0.9714285714,367.8554571,485.7388,425.839438,0.6996383458,424.8461053,426.8327708,0.6948329121,0.7044437796
yellow,35,11,1,1,367.961,485.516,426.0111929,0.7013925522,425.0178601,427.0045257,0.6965871185,0.706197986
yellow,36,11,2,0.03846153846,368.0972308,485.3166154,426.2328877,0.7029623986,425.2395549,427.2262204,0.6981569648,0.7077678323
yellow,37,11,2,0.07692307692,368.2334615,485.1172308,426.4545824,0.7045322449,425.4612497,427.4479152,0.6997268112,0.7093376787
yellow,38,11,2,0.1153846154,368.3696923,484.9178462,426.6762772,0.7061020913,425.6829444,427.66961,0.7012966576,0.710907525
yellow,39,11,2,0.1538461538,368.5059231,484.7184615,426.897972,0.7076719376,425.9046392,427.8913047,0.7028665039,0.7124773714
yellow,40,11,2,0.1923076923,368.6421538,484.5190769,427.1196667,0.709241784,426.126334,428.1129995,0.7044363503,0.7140472177
yellow,41,11,2,0.2307692308,368.7783846,484.3196923,427.3413615,0.7108116303,426.3480287,428.3346943,0.7060061966,0.7156170641
yellow,42,11,2,0.2692307692,368.9146154,484.1203077,427.5630563,0.7123814767,426.5697235,428.556389,0.707576043,0.7171869104
yellow,43,11,2,0.3076923077,369.0508462,483.9209231,427.784751,0.713951323,426.7914183,428.7780838,0.7091458893,0.7187567568
yellow,44,11,2,0.3461538462,369.1870769,483.7215385,428.0064458,0.7155211694,427.013113,428.9997786,0.7107157357,0.7203266031
yellow,45,11,2,0.3846153846,369.3233077,483.5221538,428.2281406,0.7170910158,427.2348078,429.2214733,0.712285582,0.7218964495
yellow,46,11,2,0.4230769231,369.4595385,483.3227692,428.4498353,0.7186608621,427.4565026,429.4431681,0.7138554284,0.7234662958
yellow,47,11,2,0.4615384615,369.5957692,483.1233846,428.6715301,0.7202307085,427.6781973,429.6648629,0.7154252747,0.7250361422
yellow,48,11,2,0.5,369.732,482.924,428.8932249,0.7218005548,427.8998921,429.8865576,0.7169951211,0.7266059885
yellow,49,11,2,0.5384615385,369.8682308,482.7246154,429.1149196,0.7233704012,428.1215869,430.1082524,0.7185649674,0.7281758349
yellow,50,11,2,0.5769230769,370.0044615,482.5252308,429.3366144,0.7249402475,428.3432816,430.3299472,0.7201348138,0.7297456813
yellow,51,11,2,0.6153846154,370.1406923,482.3258462,429.5583092,0.7265100939,428.5649764,430.5516419,0.7217046601,0.7313155276
yellow,52,11,2,0.6538461538,370.2769231,482.1264615,429.7800039,0.7280799402,428.7866712,430.7733367,0.7232745065,0.732885374
yellow,53,11,2,0.6923076923,370.4131538,481.9270769,430.0016987,0.7296497866,429.0083659,430.9950315,0.7248443528,0.7344552203
yellow,54,11,2,0.7307692308,370.5493846,481.7276923,430.2233935,0.7312196329,429.2300607,431.2167262,0.7264141992,0.7360250667
yellow,55,11,2,0.7692307692,370.6856154,481.5283077,430.4450882,0.7327894793,429.4517555,431.438421,0.7279840455,0.737594913
yellow,56,11,2,0.8076923077,370.8218462,481.3289231,430.666783,0.7343593256,429.6734502,431.6601158,0.7295538919,0.7391647594
yellow,57,11,2,0.8461538462,370.9580769,481.1295385,430.8884778,0.735929172,429.895145,431.8818105,0.7311237382,0.7407346057
yellow,58,11,2,0.8846153846,371.0943077,480.9301538,431.1101725,0.7374990183,430.1168398,432.1035053,0.7326935846,0.7423044521
yellow,59,11,2,0.9230769231,371.2305385,480.7307692,431.3318673,0.7390688647,430.3385345,432.3252001,0.734263431,0.7438742984
yellow,60,11,2,0.9615384615,371.3667692,480.5313846,431.5535621,0.740638711,430.5602293,432.5468948,0.7358332773,0.7454441448
yellow,61,11,2,1,371.503,480.332,431.7752568,0.7422085574,430.7819241,432.7685896,0.7374031237,0.7470139911
yellow,62,11,3,0.05555555556,371.691,480.17,432.0811981,0.7434840576,431.0878654,433.0745309,0.7386786238,0.7482894913
yellow,63,11,3,0.1111111111,371.879,480.008,432.3871394,0.7447595577,431.3938066,433.3804722,0.739954124,0.7495649915
yellow,64,11,3,0.1666666667,372.067,479.846,432.6930807,0.7460350579,431.6997479,433.6864134,0.7412296241,0.7508404916
yellow,65,11,3,0.2222222222,372.255,479.684,432.999022,0.747310558,432.0056892,433.9923547,0.7425051243,0.7521159918
yellow,66,11,3,0.2777777778,372.443,479.522,433.3049632,0.7485860582,432.3116305,434.298296,0.7437806245,0.7533914919
yellow,67,11,3,0.3333333333,372.631,479.36,433.6109045,0.7498615584,432.6175718,434.6042373,0.7450561246,0.7546669921
yellow,68,11,3,0.3888888889,372.819,479.198,433.9168458,0.7511370585,432.9235131,434.9101786,0.7463316248,0.7559424923
yellow,69,11,3,0.4444444444,373.007,479.036,434.2227871,0.7524125587,433.2294543,435.2161199,0.7476071249,0.7572179924
yellow,70,11,3,0.5,373.195,478.874,434.5287284,0.7536880588,433.5353956,435.5220611,0.7488826251,0.7584934926
yellow,71,11,3,0.5555555556,373.383,478.712,434.8346697,0.754963559,433.8413369,435.8280024,0.7501581253,0.7597689927
yellow,72,11,3,0.6111111111,373.571,478.55,435.1406109,0.7562390592,434.1472782,436.1339437,0.7514336254,0.7610444929
yellow,73,11,3,0.6666666667,373.759,478.388,435.4465522,0.7575145593,434.4532195,436.439885,0.7527091256,0.7623199931
yellow,74,11,3,0.7222222222,373.947,478.226,435.7524935,0.7587900595,434.7591607,436.7458263,0.7539846258,0.7635954932
yellow,75,11,3,0.7777777778,374.135,478.064,436.0584348,0.7600655597,435.065102,437.0517675,0.7552601259,0.7648709934
yellow,76,11,3,0.8333333333,374.323,477.902,436.3643761,0.7613410598,435.3710433,437.3577088,0.7565356261,0.7661464936
yellow,77,11,3,0.8888888889,374.511,477.74,436.6703174,0.76261656,435.6769846,437.6636501,0.7578111262,0.7674219937
yellow,78,11,3,0.9444444444,374.699,477.578,436.9762586,0.7638920601,435.9829259,437.9695914,0.7590866264,0.7686974939
yellow,79,11,3,1,374.887,477.416,437.2821999,0.7651675603,436.2888672,438.2755327,0.7603621266,0.769972994
yellow,80,11,4,0.07142857143,375.1153571,477.3434286,437.6538163,0.7657389484,436.6604835,438.647149,0.7609335146,0.7705443821
yellow,81,11,4,0.1428571429,375.3437143,477.2708571,438.0254326,0.7663103365,437.0320999,439.0187654,0.7615049027,0.7711157702
yellow,82,11,4,0.2142857143,375.5720714,477.1982857,438.397049,0.7668817245,437.4037163,439.3903818,0.7620762908,0.7716871583
yellow,83,11,4,0.2857142857,375.8004286,477.1257143,438.7686654,0.7674531126,437.7753326,439.7619981,0.7626476789,0.7722585464
yellow,84,11,4,0.3571428571,376.0287857,477.0531429,439.1402818,0.7680245007,438.146949,440.1336145,0.763219067,0.7728299344
yellow,85,11,4,0.4285714286,376.2571429,476.9805714,439.5118981,0.7685958888,438.5185654,440.5052309,0.763790455,0.7734013225
yellow,86,11,4,0.5,376.4855,476.908,439.8835145,0.7691672769,438.8901817,440.8768472,0.7643618431,0.7739727106
yellow,87,11,4,0.5714285714,376.7138571,476.8354286,440.2551309,0.7697386649,439.2617981,441.2484636,0.7649332312,0.7745440987
yellow,88,11,4,0.6428571429,376.9422143,476.7628571,440.6267472,0.770310053,439.6334145,441.62008,0.7655046193,0.7751154867
yellow,89,11,4,0.7142857143,377.1705714,476.6902857,440.9983636,0.7708814411,440.0050308,441.9916963,0.7660760074,0.7756868748
yellow,90,11,4,0.7857142857,377.3989286,476.6177143,441.36998,0.7714528292,440.3766472,442.3633127,0.7666473954,0.7762582629
yellow,91,11,4,0.8571428571,377.6272857,476.5451429,441.7415963,0.7720242173,440.7482636,442.7349291,0.7672187835,0.776829651
yellow,92,11,4,0.9285714286,377.8556429,476.4725714,442.1132127,0.7725956053,441.1198799,443.1065454,0.7677901716,0.7774010391
yellow,93,11,4,1,378.084,476.4,442.4848291,0.7731669934,441.4914963,443.4781618,0.7683615597,0.7779724271
yellow,94,11,5,0.07692307692,378.315,476.4415385,442.8607463,0.7728399421,441.8674135,443.854079,0.7680345084,0.7776453758
yellow,95,11,5,0.1538461538,378.546,476.4830769,443.2366635,0.7725128908,442.2433307,444.2299962,0.767707457,0.7773183245
yellow,96,11,5,0.2307692308,378.777,476.5246154,443.6125807,0.7721858394,442.6192479,444.6059135,0.7673804057,0.7769912732
yellow,97,11,5,0.3076923077,379.008,476.5661538,443.9884979,0.7718587881,442.9951652,444.9818307,0.7670533544,0.7766642219
yellow,98,11,5,0.3846153846,379.239,476.6076923,444.3644151,0.7715317368,443.3710824,445.3577479,0.7667263031,0.7763371705
yellow,99,11,5,0.4615384615,379.47,476.6492308,444.7403323,0.7712046855,443.7469996,445.7336651,0.7663992517,0.7760101192
yellow,100,11,5,0.5384615385,379.701,476.6907692,445.1162496,0.7708776341,444.1229168,446.1095823,0.7660722004,0.7756830679
yellow,101,11,5,0.6153846154,379.932,476.7323077,445.4921668,0.7705505828,444.498834,446.4854995,0.7657451491,0.7753560166
yellow,102,11,5,0.6923076923,380.163,476.7738462,445.868084,0.7702235315,444.8747512,446.8614167,0.7654180978,0.7750289652
yellow,103,11,5,0.7692307692,380.394,476.8153846,446.2440012,0.7698964802,445.2506684,447.237334,0.7650910464,0.7747019139
yellow,104,11,5,0.8461538462,380.625,476.8569231,446.6199184,0.7695694289,445.6265856,447.6132512,0.7647639951,0.7743748626
yellow,105,11,5,0.9230769231,380.856,476.8984615,446.9958356,0.7692423775,446.0025029,447.9891684,0.7644369438,0.7740478113
yellow,106,11,5,1,381.087,476.94,447.3717528,0.7689153262,446.3784201,448.3650856,0.7641098925,0.7737207599
yellow,107,11,6,0.07142857143,381.286,477.064,447.6955949,0.7679390174,446.7022622,448.6889277,0.7631335837,0.7727444512
yellow,108,11,6,0.1428571429,381.485,477.188,448.019437,0.7669627087,447.0261043,449.0127698,0.7621572749,0.7717681424
yellow,109,11,6,0.2142857143,381.684,477.312,448.3432791,0.7659863999,447.3499464,449.3366119,0.7611809662,0.7707918336
yellow,110,11,6,0.2857142857,381.883,477.436,448.6671212,0.7650100911,447.6737885,449.660454,0.7602046574,0.7698155249
yellow,111,11,6,0.3571428571,382.082,477.56,448.9909633,0.7640337824,447.9976306,449.9842961,0.7592283486,0.7688392161
yellow,112,11,6,0.4285714286,382.281,477.684,449.3148054,0.7630574736,448.3214727,450.3081382,0.7582520399,0.7678629073
yellow,113,11,6,0.5,382.48,477.808,449.6386475,0.7620811648,448.6453148,450.6319803,0.7572757311,0.7668865986
yellow,114,11,6,0.5714285714,382.679,477.932,449.9624896,0.7611048561,448.9691569,450.9558224,0.7562994223,0.7659102898
yellow,115,11,6,0.6428571429,382.878,478.056,450.2863317,0.7601285473,449.292999,451.2796645,0.7553231136,0.7649339811
yellow,116,11,6,0.7142857143,383.077,478.18,450.6101739,0.7591522385,449.6168411,451.6035066,0.7543468048,0.7639576723
yellow,117,11,6,0.7857142857,383.276,478.304,450.934016,0.7581759298,449.9406832,451.9273487,0.753370496,0.7629813635
yellow,118,11,6,0.8571428571,383.475,478.428,451.2578581,0.757199621,450.2645253,452.2511908,0.7523941873,0.7620050548
yellow,119,11,6,0.9285714286,383.674,478.552,451.5817002,0.7562233123,450.5883674,452.5750329,0.7514178785,0.761028746
yellow,120,11,6,1,383.873,478.676,451.9055423,0.7552470035,450.9122095,452.898875,0.7504415698,0.7600524372
yellow,121,11,7,0.06666666667,384.0434,478.8483333,452.1828422,0.7538901443,451.1895095,453.176175,0.7490847105,0.758695578
yellow,122,11,7,0.1333333333,384.2138,479.0206667,452.4601422,0.752533285,451.4668094,453.453475,0.7477278513,0.7573387188
yellow,123,11,7,0.2,384.3842,479.193,452.7374422,0.7511764258,451.7441094,453.7307749,0.7463709921,0.7559818595
yellow,124,11,7,0.2666666667,384.5546,479.3653333,453.0147421,0.7498195666,452.0214094,454.0080749,0.7450141329,0.7546250003
yellow,125,11,7,0.3333333333,384.725,479.5376667,453.2920421,0.7484627074,452.2987094,454.2853749,0.7436572736,0.7532681411
yellow,126,11,7,0.4,384.8954,479.71,453.5693421,0.7471058481,452.5760093,454.5626748,0.7423004144,0.7519112819
yellow,127,11,7,0.4666666667,385.0658,479.8823333,453.8466421,0.7457489889,452.8533093,454.8399748,0.7409435552,0.7505544226
yellow,128,11,7,0.5333333333,385.2362,480.0546667,454.123942,0.7443921297,453.1306093,455.1172748,0.739586696,0.7491975634
yellow,129,11,7,0.6,385.4066,480.227,454.401242,0.7430352705,453.4079092,455.3945748,0.7382298367,0.7478407042
yellow,130,11,7,0.6666666667,385.577,480.3993333,454.678542,0.7416784112,453.6852092,455.6718747,0.7368729775,0.746483845
yellow,131,11,7,0.7333333333,385.7474,480.5716667,454.9558419,0.740321552,453.9625092,455.9491747,0.7355161183,0.7451269857
yellow,132,11,7,0.8,385.9178,480.744,455.2331419,0.7389646928,454.2398091,456.2264747,0.7341592591,0.7437701265
yellow,133,11,7,0.8666666667,386.0882,480.9163333,455.5104419,0.7376078336,454.5171091,456.5037746,0.7328023998,0.7424132673
yellow,134,11,7,0.9333333333,386.2586,481.0886667,455.7877418,0.7362509743,454.7944091,456.7810746,0.7314455406,0.7410564081
yellow,135,11,7,1,386.429,481.261,456.0650418,0.7348941151,455.0717091,457.0583746,0.7300886814,0.7396995488
yellow,136,11,8,0.0625,386.5730625,481.45225,456.2994815,0.7333883163,455.3061488,457.2928143,0.7285828826,0.73819375
yellow,137,11,8,0.125,386.717125,481.6435,456.5339212,0.7318825175,455.5405885,457.527254,0.7270770838,0.7366879512
yellow,138,11,8,0.1875,386.8611875,481.83475,456.768361,0.7303767187,455.7750282,457.7616937,0.725571285,0.7351821524
yellow,139,11,8,0.25,387.00525,482.026,457.0028007,0.7288709199,456.0094679,457.9961334,0.7240654862,0.7336763536
yellow,140,11,8,0.3125,387.1493125,482.21725,457.2372404,0.7273651211,456.2439076,458.2305731,0.7225596874,0.7321705548
yellow,141,11,8,0.375,387.293375,482.4085,457.4716801,0.7258593223,456.4783473,458.4650128,0.7210538886,0.730664756
yellow,142,11,8,0.4375,387.4374375,482.59975,457.7061198,0.7243535235,456.712787,458.6994526,0.7195480898,0.7291589572
yellow,143,11,8,0.5,387.5815,482.791,457.9405595,0.7228477247,456.9472268,458.9338923,0.718042291,0.7276531584
yellow,144,11,8,0.5625,387.7255625,482.98225,458.1749992,0.7213419259,457.1816665,459.168332,0.7165364922,0.7261473596
yellow,145,11,8,0.625,387.869625,483.1735,458.4094389,0.7198361271,457.4161062,459.4027717,0.7150306934,0.7246415608
yellow,146,11,8,0.6875,388.0136875,483.36475,458.6438787,0.7183303283,457.6505459,459.6372114,0.7135248946,0.723135762
yellow,147,11,8,0.75,388.15775,483.556,458.8783184,0.7168245295,457.8849856,459.8716511,0.7120190958,0.7216299632
yellow,148,11,8,0.8125,388.3018125,483.74725,459.1127581,0.7153187307,458.1194253,460.1060908,0.710513297,0.7201241644
yellow,149,11,8,0.875,388.445875,483.9385,459.3471978,0.7138129319,458.353865,460.3405305,0.7090074982,0.7186183656
yellow,150,11,8,0.9375,388.5899375,484.12975,459.5816375,0.7123071331,458.5883047,460.5749703,0.7075016994,0.7171125668
yellow,151,11,8,1,388.734,484.321,459.8160772,0.7108013343,458.8227445,460.80941,0.7059959005,0.715606768
yellow,152,11,9,0.0625,388.86225,484.524375,460.0247845,0.7092000698,459.0314517,461.0181173,0.7043946361,0.7140055035
yellow,153,11,9,0.125,388.9905,484.72775,460.2334918,0.7075988053,459.240159,461.2268245,0.7027933716,0.7124042391
yellow,154,11,9,0.1875,389.11875,484.931125,460.4421991,0.7059975409,459.4488663,461.4355318,0.7011921071,0.7108029746
yellow,155,11,9,0.25,389.247,485.1345,460.6509064,0.7043962764,459.6575736,461.6442391,0.6995908426,0.7092017101
yellow,156,11,9,0.3125,389.37525,485.337875,460.8596136,0.7027950119,459.8662809,461.8529464,0.6979895782,0.7076004456
yellow,157,11,9,0.375,389.5035,485.54125,461.0683209,0.7011937474,460.0749882,462.0616537,0.6963883137,0.7059991812
yellow,158,11,9,0.4375,389.63175,485.744625,461.2770282,0.6995924829,460.2836954,462.270361,0.6947870492,0.7043979167
yellow,159,11,9,0.5,389.76,485.948,461.4857355,0.6979912185,460.4924027,462.4790682,0.6931857847,0.7027966522
yellow,160,11,9,0.5625,389.88825,486.151375,461.6944428,0.696389954,460.70111,462.6877755,0.6915845203,0.7011953877
yellow,161,11,9,0.625,390.0165,486.35475,461.9031501,0.6947886895,460.9098173,462.8964828,0.6899832558,0.6995941232
yellow,162,11,9,0.6875,390.14475,486.558125,462.1118573,0.693187425,461.1185246,463.1051901,0.6883819913,0.6979928588
yellow,163,11,9,0.75,390.273,486.7615,462.3205646,0.6915861606,461.3272319,463.3138974,0.6867807268,0.6963915943
yellow,164,11,9,0.8125,390.40125,486.964875,462.5292719,0.6899848961,461.5359392,463.5226047,0.6851794623,0.6947903298
yellow,165,11,9,0.875,390.5295,487.16825,462.7379792,0.6883836316,461.7446464,463.731312,0.6835781979,0.6931890653
yellow,166,11,9,0.9375,390.65775,487.371625,462.9466865,0.6867823671,461.9533537,463.9400192,0.6819769334,0.6915878009
yellow,167,11,9,1,390.786,487.575,463.1553938,0.6851811026,462.162061,464.1487265,0.6803756689,0.6899865364
yellow,168,11,10,0.0625,390.9003125,487.7860625,463.3414199,0.683519311,462.3480871,464.3347527,0.6787138772,0.6883247447
yellow,169,11,10,0.125,391.014625,487.997125,463.527446,0.6818575193,462.5341133,464.5207788,0.6770520855,0.686662953
yellow,170,11,10,0.1875,391.1289375,488.2081875,463.7134722,0.6801957276,462.7201394,464.7068049,0.6753902939,0.6850011613
yellow,171,11,10,0.25,391.24325,488.41925,463.8994983,0.6785339359,462.9061655,464.892831,0.6737285022,0.6833393696
yellow,172,11,10,0.3125,391.3575625,488.6303125,464.0855244,0.6768721442,463.0921917,465.0788572,0.6720667105,0.681677578
yellow,173,11,10,0.375,391.471875,488.841375,464.2715506,0.6752103525,463.2782178,465.2648833,0.6704049188,0.6800157863
yellow,174,11,10,0.4375,391.5861875,489.0524375,464.4575767,0.6735485609,463.4642439,465.4509094,0.6687431271,0.6783539946
yellow,175,11,10,0.5,391.7005,489.2635,464.6436028,0.6718867692,463.6502701,465.6369356,0.6670813354,0.6766922029
yellow,176,11,10,0.5625,391.8148125,489.4745625,464.8296289,0.6702249775,463.8362962,465.8229617,0.6654195438,0.6750304112
yellow,177,11,10,0.625,391.929125,489.685625,465.0156551,0.6685631858,464.0223223,466.0089878,0.6637577521,0.6733686195
yellow,178,11,10,0.6875,392.0434375,489.8966875,465.2016812,0.6669013941,464.2083485,466.195014,0.6620959604,0.6717068279
yellow,179,11,10,0.75,392.15775,490.10775,465.3877073,0.6652396024,464.3943746,466.3810401,0.6604341687,0.6700450362
yellow,180,11,10,0.8125,392.2720625,490.3188125,465.5737335,0.6635778108,464.5804007,466.5670662,0.658772377,0.6683832445
yellow,181,11,10,0.875,392.386375,490.529875,465.7597596,0.6619160191,464.7664269,466.7530924,0.6571105853,0.6667214528
yellow,182,11,10,0.9375,392.5006875,490.7409375,465.9457857,0.6602542274,464.952453,466.9391185,0.6554487937,0.6650596611
yellow,183,11,10,1,392.615,490.952,466.1318119,0.6585924357,465.1384791,467.1251446,0.653787002,0.6633978694
yellow,184,11,11,0.0078125,392.7121749,491.1463361,466.2899492,0.6570623384,465.2966165,467.283282,0.6522569047,0.6618677722
yellow,185,11,11,0.015625,392.8087508,491.3409363,466.4471117,0.6555301621,465.4537789,467.4404444,0.6507247284,0.6603355958
yellow,186,11,11,0.0234375,392.9047338,491.5357976,466.6033094,0.6539959296,465.6099766,467.5966421,0.6491904958,0.6588013633
yellow,187,11,11,0.03125,393.0001302,491.7309172,466.7585525,0.6524596637,465.7652198,467.7518853,0.64765423,0.6572650975
yellow,188,11,11,0.0390625,393.0949464,491.9262922,466.9128513,0.6509213875,465.9195186,467.9061841,0.6461159537,0.6557268212
yellow,189,11,11,0.046875,393.1891885,492.1219195,467.0662159,0.6493811237,466.0728832,468.0595487,0.64457569,0.6541865574
yellow,190,11,11,0.0546875,393.2828628,492.3177964,467.2186566,0.6478388953,466.2253238,468.2119893,0.6430334616,0.652644329
yellow,191,11,11,0.0625,393.3759756,492.5139199,467.3701834,0.6462947251,466.3768506,468.3635162,0.6414892914,0.6511001589
yellow,192,11,11,0.0703125,393.4685331,492.7102871,467.5208066,0.6447486361,466.5274739,468.5141394,0.6399432024,0.6495540698
yellow,193,11,11,0.078125,393.5605416,492.9068952,467.6705364,0.6432006511,466.6772037,468.6638692,0.6383952174,0.6480060848
yellow,194,11,11,0.0859375,393.6520074,493.1037411,467.819383,0.641650793,466.8260502,468.8127157,0.6368453592,0.6464562267
yellow,195,11,11,0.09375,393.7429366,493.300822,467.9673565,0.6400990847,466.9740237,468.9606892,0.6352936509,0.6449045184
yellow,196,11,11,0.1015625,393.8333357,493.498135,468.1144671,0.638545549,467.1211343,469.1077999,0.6337401153,0.6433509828
yellow,197,11,11,0.109375,393.9232108,493.6956772,468.2607251,0.636990209,467.2673923,469.2540578,0.6321847752,0.6417956427
yellow,198,11,11,0.1171875,394.0125681,493.8934457,468.4061405,0.6354330874,467.4128078,469.3994733,0.6306276536,0.6402385211
yellow,199,11,11,0.125,394.1014141,494.0914375,468.5507237,0.6338742071,467.5573909,469.5440565,0.6290687733,0.6386796408
yellow,200,11,11,0.1328125,394.1897548,494.2896498,468.6944848,0.632313591,467.701152,469.6878175,0.6275081573,0.6371190248
yellow,201,11,11,0.140625,394.2775966,494.4880796,468.8374339,0.6307512621,467.8441011,469.8307666,0.6259458283,0.6355566958
yellow,202,11,11,0.1484375,394.3649457,494.6867241,468.9795813,0.6291872431,467.9862485,469.972914,0.6243818094,0.6339926769
yellow,203,11,11,0.15625,394.4518085,494.8855803,469.1209371,0.6276215571,468.1276043,470.1142698,0.6228161234,0.6324269908
yellow,204,11,11,0.1640625,394.5381911,495.0846454,469.2615115,0.6260542268,468.2681788,470.2548443,0.6212487931,0.6308596605
yellow,205,11,11,0.171875,394.6240997,495.2839164,469.4013148,0.6244852752,468.4079821,470.3946476,0.6196798414,0.6292907089
yellow,206,11,11,0.1796875,394.7095408,495.4833903,469.5403571,0.6229147251,468.5470243,470.5336899,0.6181092914,0.6277201588
yellow,207,11,11,0.1875,394.7945205,495.6830645,469.6786486,0.6213425994,468.6853158,470.6719813,0.6165371657,0.6261480332
yellow,208,11,11,0.1953125,394.8790451,495.8829358,469.8161994,0.6197689211,468.8228667,470.8095322,0.6149634874,0.6245743549
yellow,209,11,11,0.203125,394.9631208,496.0830014,469.9530198,0.618193713,468.9596871,470.9463526,0.6133882793,0.6229991467
yellow,210,11,11,0.2109375,395.046754,496.2832584,470.08912,0.616616998,469.0957873,471.0824528,0.6118115642,0.6214224317
yellow,211,11,11,0.21875,395.1299508,496.4837039,470.2245101,0.6150387989,469.2311774,471.2178429,0.6102333652,0.6198442326
yellow,212,11,11,0.2265625,395.2127176,496.6843349,470.3592004,0.6134591387,469.3658676,471.3525331,0.608653705,0.6182645724
yellow,213,11,11,0.234375,395.2950605,496.8851487,470.4932009,0.6118780403,469.4998682,471.4865337,0.6070726065,0.616683474
yellow,214,11,11,0.2421875,395.3769859,497.0861421,470.626522,0.6102955265,469.6331893,471.6198548,0.6054900927,0.6151009602
yellow,215,11,11,0.25,395.4585,497.2873125,470.7591738,0.6087116202,469.765841,471.7525065,0.6039061864,0.6135170539
yellow,216,11,11,0.2578125,395.5396091,497.4886568,470.8911664,0.6071263443,469.8978336,471.8844992,0.6023209106,0.611931778
yellow,217,11,11,0.265625,395.6203194,497.6901721,471.0225101,0.6055397217,470.0291773,472.0158428,0.600734288,0.6103451555
yellow,218,11,11,0.2734375,395.7006372,497.8918556,471.153215,0.6039517753,470.1598823,472.1465478,0.5991463416,0.6087572091
yellow,219,11,11,0.28125,395.7805687,498.0937043,471.2832914,0.602362528,470.2899587,472.2766242,0.5975570943,0.6071679618
yellow,220,11,11,0.2890625,395.8601203,498.2957154,471.4127494,0.6007720027,470.4194167,472.4060822,0.5959665689,0.6055774364
yellow,221,11,11,0.296875,395.9392981,498.4978858,471.5415992,0.5991802221,470.5482665,472.534932,0.5943747884,0.6039856559
yellow,222,11,11,0.3046875,396.0181085,498.7002128,471.6698511,0.5975872093,470.6765183,472.6631838,0.5927817756,0.6023926431
yellow,223,11,11,0.3125,396.0965576,498.9026934,471.7975151,0.5959929872,470.8041823,472.7908478,0.5911875534,0.6007984209
yellow,224,11,11,0.3203125,396.1746518,499.1053246,471.9246014,0.5943975785,470.9312687,472.9179342,0.5895921448,0.5992030122
yellow,225,11,11,0.328125,396.2523973,499.3081037,472.0511204,0.5928010062,471.0577876,473.0444531,0.5879955725,0.5976064399
yellow,226,11,11,0.3359375,396.3298004,499.5110276,472.1770821,0.5912032932,471.1837493,473.1704148,0.5863978595,0.5960087269
yellow,227,11,11,0.34375,396.4068673,499.7140935,472.3024967,0.5896044624,471.3091639,473.2958295,0.5847990286,0.5944098961
yellow,228,11,11,0.3515625,396.4836043,499.9172985,472.4273744,0.5880045366,471.4340417,473.4207072,0.5831991028,0.5928099703
yellow,229,11,11,0.359375,396.5600177,500.1206396,472.5517255,0.5864035387,471.5583927,473.5450582,0.581598105,0.5912089724
yellow,230,11,11,0.3671875,396.6361136,500.324114,472.67556,0.5848014917,471.6822273,473.6688928,0.5799960579,0.5896069254
yellow,231,11,11,0.375,396.7118984,500.5277187,472.7988883,0.5831984184,471.8055555,473.792221,0.5783929846,0.5880038521
yellow,232,11,11,0.3828125,396.7873784,500.7314509,472.9217204,0.5815943416,471.9283876,473.9150531,0.5767889079,0.5863997754
yellow,233,11,11,0.390625,396.8625597,500.9353076,473.0440665,0.5799892844,472.0507338,474.0373993,0.5751838506,0.5847947181
yellow,234,11,11,0.3984375,396.9374487,501.139286,473.1659369,0.5783832695,472.1726042,474.1592697,0.5735778358,0.5831887032
yellow,235,11,11,0.40625,397.0120516,501.3433831,473.2873417,0.5767763199,472.294009,474.2806745,0.5719708861,0.5815817536
yellow,236,11,11,0.4140625,397.0863747,501.5475959,473.4082912,0.5751684584,472.4149584,474.4016239,0.5703630246,0.5799738921
yellow,237,11,11,0.421875,397.1604242,501.7519217,473.5287954,0.5735597079,472.5354627,474.5221282,0.5687542742,0.5783651417
yellow,238,11,11,0.4296875,397.2342064,501.9563575,473.6488647,0.5719500914,472.6555319,474.6421974,0.5671446577,0.5767555251
yellow,239,11,11,0.4375,397.3077275,502.1609004,473.7685091,0.5703396316,472.7751763,474.7618419,0.5655341979,0.5751450654
yellow,240,11,11,0.4453125,397.3809939,502.3655475,473.8877389,0.5687283516,472.8944061,474.8810717,0.5639229179,0.5735337853
yellow,241,11,11,0.453125,397.4540117,502.5702958,474.0065642,0.5671162741,473.0132315,474.999897,0.5623108404,0.5719217079
yellow,242,11,11,0.4609375,397.5267872,502.7751425,474.1249953,0.5655034221,473.1316626,475.1183281,0.5606979884,0.5703088558
yellow,243,11,11,0.46875,397.5993268,502.9800847,474.2430423,0.5638898184,473.2497096,475.2363751,0.5590843847,0.5686952522
yellow,244,11,11,0.4765625,397.6716366,503.1851195,474.3607155,0.562275486,473.3673827,475.3540482,0.5574700523,0.5670809197
yellow,245,11,11,0.484375,397.7437229,503.3902439,474.4780249,0.5606604477,473.4846921,475.4713576,0.555855014,0.5654658814
yellow,246,11,11,0.4921875,397.8155919,503.595455,474.5949808,0.5590447264,473.601648,475.5883136,0.5542392926,0.5638501601
yellow,247,11,11,0.5,397.88725,503.80075,474.7115934,0.557428345,473.7182606,475.7049261,0.5526229112,0.5622337787
yellow,248,11,11,0.5078125,397.9587034,504.0061259,474.8278728,0.5558113263,473.8345401,475.8212056,0.5510058926,0.5606167601
yellow,249,11,11,0.515625,398.0299583,504.2115799,474.9438293,0.5541936934,473.9504966,475.9371621,0.5493882596,0.5589991271
yellow,250,11,11,0.5234375,398.101021,504.4171089,475.0594731,0.552575469,474.0661403,476.0528058,0.5477700352,0.5573809027
yellow,251,11,11,0.53125,398.1718978,504.6227102,475.1748142,0.550956676,474.1814815,476.168147,0.5461512423,0.5557621097
yellow,252,11,11,0.5390625,398.242595,504.8283808,475.289863,0.5493373374,474.2965303,476.2831958,0.5445319036,0.5541427711
yellow,253,11,11,0.546875,398.3131187,505.0341178,475.4046296,0.5477174759,474.4112968,476.3979623,0.5429120422,0.5525229097
yellow,254,11,11,0.5546875,398.3834752,505.2399182,475.5191241,0.5460971146,474.5257914,476.5124569,0.5412916809,0.5509025483
yellow,255,11,11,0.5625,398.4536709,505.4457793,475.6333569,0.5444762762,474.6400241,476.6266896,0.5396708425,0.54928171
yellow,256,11,11,0.5703125,398.5237119,505.651698,475.747338,0.5428549838,474.7540052,476.7406707,0.53804955,0.5476604175
yellow,257,11,11,0.578125,398.5936046,505.8576715,475.8610776,0.5412332601,474.8677448,476.8544104,0.5364278263,0.5460386938
yellow,258,11,11,0.5859375,398.6633552,506.0636969,475.974586,0.539611128,474.9812532,476.9679187,0.5348056943,0.5444165617
yellow,259,11,11,0.59375,398.7329698,506.2697712,476.0878733,0.5379886105,475.0945405,477.081206,0.5331831767,0.5427940442
yellow,260,11,11,0.6015625,398.802455,506.4758916,476.2009496,0.5363657303,475.2076169,477.1942824,0.5315602966,0.5411711641
yellow,261,11,11,0.609375,398.8718167,506.6820551,476.3138253,0.5347425105,475.3204926,477.3071581,0.5299370768,0.5395479443
yellow,262,11,11,0.6171875,398.9410614,506.8882589,476.4265105,0.5331189739,475.4331777,477.4198433,0.5283135402,0.5379244077
yellow,263,11,11,0.625,399.0101953,507.0945,476.5390153,0.5314951434,475.5456826,477.5323481,0.5266897097,0.5363005771
yellow,264,11,11,0.6328125,399.0792246,507.3007755,476.65135,0.5298710418,475.6580173,477.6446828,0.5250656081,0.5346764756
yellow,265,11,11,0.640625,399.1481557,507.5070826,476.7635248,0.5282466921,475.770192,477.7568575,0.5234412584,0.5330521258
yellow,266,11,11,0.6484375,399.2169947,507.7134182,476.8755497,0.5266221171,475.882217,477.8688825,0.5218166834,0.5314275509
yellow,267,11,11,0.65625,399.2857479,507.9197795,476.9874351,0.5249973398,475.9941024,477.9807679,0.520191906,0.5298027735
yellow,268,11,11,0.6640625,399.3544216,508.1261637,477.0991911,0.5233723829,476.1058584,478.0925239,0.5185669492,0.5281778167
yellow,269,11,11,0.671875,399.4230221,508.3325677,477.2108279,0.5217472695,476.2174951,478.2041607,0.5169418357,0.5265527032
yellow,270,11,11,0.6796875,399.4915556,508.5389887,477.3223557,0.5201220223,476.3290229,478.3156884,0.5153165886,0.524927456
yellow,271,11,11,0.6875,399.5600283,508.7454238,477.4337846,0.5184966643,476.4404518,478.4271173,0.5136912306,0.5233020981
yellow,272,11,11,0.6953125,399.6284466,508.9518701,477.5451249,0.5168712184,476.5517921,478.5384576,0.5120657847,0.5216766521
yellow,273,11,11,0.703125,399.6968166,509.1583246,477.6563867,0.5152457074,476.6630539,478.6497194,0.5104402737,0.5200511411
yellow,274,11,11,0.7109375,399.7651447,509.3647845,477.7675802,0.5136201542,476.7742474,478.760913,0.5088147205,0.518425588
yellow,275,11,11,0.71875,399.8334371,509.5712468,477.8787157,0.5119945818,476.8853829,478.8720484,0.5071891481,0.5168000155
yellow,276,11,11,0.7265625,399.9017001,509.7777087,477.9898032,0.510369013,476.9964705,478.983136,0.5055635792,0.5151744467
yellow,277,11,11,0.734375,399.9699399,509.9841672,478.100853,0.5087434706,477.1075203,479.0941858,0.5039380369,0.5135489044
yellow,278,11,11,0.7421875,400.0381628,510.1906194,478.2118754,0.5071179777,477.2185426,479.2052081,0.5023125439,0.5119234114
yellow,279,11,11,0.75,400.106375,510.3970625,478.3228803,0.505492557,477.3295476,479.3162131,0.5006871232,0.5102979907
yellow,280,11,11,0.7578125,400.1745828,510.6034935,478.4338782,0.5038672314,477.4405454,479.4272109,0.4990617977,0.5086726651
yellow,281,11,11,0.765625,400.2427925,510.8099095,478.544879,0.5022420239,477.5515463,479.5382118,0.4974365902,0.5070474576
yellow,282,11,11,0.7734375,400.3110103,511.0163075,478.6558931,0.5006169573,477.6625604,479.6492259,0.4958115236,0.505422391
yellow,283,11,11,0.78125,400.3792426,511.2226848,478.7669306,0.4989920545,477.7735978,479.7602634,0.4941866208,0.5037974883
yellow,284,11,11,0.7890625,400.4474954,511.4290384,478.8780017,0.4973673384,477.8846689,479.8713344,0.4925619047,0.5021727722
yellow,285,11,11,0.796875,400.5157752,511.6353653,478.9891166,0.4957428319,477.9957838,479.9824493,0.4909373982,0.5005482657
yellow,286,11,11,0.8046875,400.5840881,511.8416627,479.1002854,0.4941185579,478.1069527,480.0936182,0.4893131242,0.4989239916
yellow,287,11,11,0.8125,400.6524404,512.0479277,479.2115184,0.4924945392,478.2181857,480.2048512,0.4876891055,0.497299973
yellow,288,11,11,0.8203125,400.7208385,512.2541574,479.3228258,0.4908707988,478.329493,480.3161585,0.4860653651,0.4956762325
yellow,289,11,11,0.828125,400.7892884,512.4603488,479.4342176,0.4892473595,478.4408849,480.4275504,0.4844419258,0.4940527932
yellow,290,11,11,0.8359375,400.8577966,512.666499,479.5457042,0.4876242442,478.5523715,480.539037,0.4828188105,0.4924296779
yellow,291,11,11,0.84375,400.9263693,512.8726052,479.6572957,0.4860014758,478.663963,480.6506285,0.4811960421,0.4908069096
yellow,292,11,11,0.8515625,400.9950126,513.0786644,479.7690023,0.4843790772,478.7756696,480.7623351,0.4795736435,0.489184511
yellow,293,11,11,0.859375,401.063733,513.2846738,479.8808342,0.4827570713,478.8875015,480.874167,0.4779516376,0.487562505
yellow,294,11,11,0.8671875,401.1325366,513.4906304,479.9928016,0.4811354809,478.9994688,480.9861343,0.4763300472,0.4859409147
yellow,295,11,11,0.875,401.2014297,513.6965313,480.1049146,0.479514329,479.1115818,481.0982473,0.4747088953,0.4843197628
yellow,296,11,11,0.8828125,401.2704186,513.9023735,480.2171834,0.4778936385,479.2238507,481.2105162,0.4730882047,0.4826990722
yellow,297,11,11,0.890625,401.3395094,514.1081543,480.3296183,0.4762734321,479.3362855,481.322951,0.4714679984,0.4810788658
yellow,298,11,11,0.8984375,401.4087086,514.3138707,480.4422294,0.4746537329,479.4488966,481.4355621,0.4698482991,0.4794591666
yellow,299,11,11,0.90625,401.4780223,514.5195198,480.5550269,0.4730345636,479.5616941,481.5483596,0.4682291299,0.4778399974
yellow,300,11,11,0.9140625,401.5474569,514.7250986,480.6680209,0.4714159473,479.6746882,481.6613537,0.4666105135,0.476221381
yellow,301,11,11,0.921875,401.6170184,514.9306043,480.7812218,0.4697979067,479.787889,481.7745546,0.4649924729,0.4746033404
yellow,302,11,11,0.9296875,401.6867134,515.136034,480.8946396,0.4681804647,479.9013069,481.8879724,0.463375031,0.4729858985
yellow,303,11,11,0.9375,401.7565479,515.3413848,481.0082846,0.4665636443,480.0149518,482.0016173,0.4617582106,0.4713690781
yellow,304,11,11,0.9453125,401.8265282,515.5466537,481.1221669,0.4649474683,480.1288341,482.1154997,0.4601420346,0.4697529021
yellow,305,11,11,0.953125,401.8966606,515.7518378,481.2362967,0.4633319597,480.242964,482.2296295,0.4585265259,0.4681373934
yellow,306,11,11,0.9609375,401.9669514,515.9569343,481.3506843,0.4617171412,480.3573515,482.344017,0.4569117075,0.466522575
yellow,307,11,11,0.96875,402.0374069,516.1619402,481.4653397,0.4601030359,480.472007,482.4586725,0.4552976021,0.4649084696
yellow,308,11,11,0.9765625,402.1080332,516.3668526,481.5802733,0.4584896665,480.5869405,482.573606,0.4536842327,0.4632951002
yellow,309,11,11,0.984375,402.1788366,516.5716687,481.6954951,0.4568770559,480.7021623,482.6888278,0.4520716222,0.4616824897
yellow,310,11,11,0.9921875,402.2498235,516.7763854,481.8110153,0.4552652271,480.8176826,482.8043481,0.4504597934,0.4600706609
yellow,311,11,11,1,402.321,516.981,481.9268442,0.453654203,480.9335115,482.920177,0.4488487692,0.4584596367
yellow,312,11,12,0.05882352941,402.401,517.2105882,482.057032,0.4518465497,481.0636993,483.0503648,0.447041116,0.4566519834
yellow,313,11,12,0.1176470588,402.481,517.4401765,482.1872198,0.4500388964,481.193887,483.1805525,0.4452334627,0.4548443302
yellow,314,11,12,0.1764705882,402.561,517.6697647,482.3174076,0.4482312431,481.3240748,483.3107403,0.4434258094,0.4530366769
yellow,315,11,12,0.2352941176,402.641,517.8993529,482.4475954,0.4464235899,481.4542626,483.4409281,0.4416181561,0.4512290236
yellow,316,11,12,0.2941176471,402.721,518.1289412,482.5777831,0.4446159366,481.5844504,483.5711159,0.4398105029,0.4494213703
yellow,317,11,12,0.3529411765,402.801,518.3585294,482.7079709,0.4428082833,481.7146382,483.7013037,0.4380028496,0.447613717
yellow,318,11,12,0.4117647059,402.881,518.5881176,482.8381587,0.44100063,481.8448259,483.8314914,0.4361951963,0.4458060638
yellow,319,11,12,0.4705882353,402.961,518.8177059,482.9683465,0.4391929768,481.9750137,483.9616792,0.434387543,0.4439984105
yellow,320,11,12,0.5294117647,403.041,519.0472941,483.0985342,0.4373853235,482.1052015,484.091867,0.4325798897,0.4421907572
yellow,321,11,12,0.5882352941,403.121,519.2768824,483.228722,0.4355776702,482.2353893,484.2220548,0.4307722365,0.4403831039
yellow,322,11,12,0.6470588235,403.201,519.5064706,483.3589098,0.4337700169,482.3655771,484.3522426,0.4289645832,0.4385754507
yellow,323,11,12,0.7058823529,403.281,519.7360588,483.4890976,0.4319623636,482.4957648,484.4824303,0.4271569299,0.4367677974
yellow,324,11,12,0.7647058824,403.361,519.9656471,483.6192854,0.4301547104,482.6259526,484.6126181,0.4253492766,0.4349601441
yellow,325,11,12,0.8235294118,403.441,520.1952353,483.7494731,0.4283470571,482.7561404,484.7428059,0.4235416233,0.4331524908
yellow,326,11,12,0.8823529412,403.521,520.4248235,483.8796609,0.4265394038,482.8863282,484.8729937,0.4217339701,0.4313448375
yellow,327,11,12,0.9411764706,403.601,520.6544118,484.0098487,0.4247317505,483.0165159,485.0031815,0.4199263168,0.4295371843
yellow,328,11,12,1,403.681,520.884,484.1400365,0.4229240972,483.1467037,485.1333692,0.4181186635,0.427729531
yellow,329,11,13,0.05882352941,403.7631765,521.1127059,484.2737661,0.4211233911,483.2804334,485.2670989,0.4163179574,0.4259288249
yellow,330,11,13,0.1176470588,403.8453529,521.3414118,484.4074958,0.419322685,483.414163,485.4008285,0.4145172513,0.4241281188
yellow,331,11,13,0.1764705882,403.9275294,521.5701176,484.5412254,0.4175219789,483.5478927,485.5345582,0.4127165452,0.4223274126
yellow,332,11,13,0.2352941176,404.0097059,521.7988235,484.6749551,0.4157212728,483.6816223,485.6682879,0.4109158391,0.4205267065
yellow,333,11,13,0.2941176471,404.0918824,522.0275294,484.8086848,0.4139205667,483.815352,485.8020175,0.409115133,0.4187260004
yellow,334,11,13,0.3529411765,404.1740588,522.2562353,484.9424144,0.4121198606,483.9490816,485.9357472,0.4073144268,0.4169252943
yellow,335,11,13,0.4117647059,404.2562353,522.4849412,485.0761441,0.4103191545,484.0828113,486.0694768,0.4055137207,0.4151245882
yellow,336,11,13,0.4705882353,404.3384118,522.7136471,485.2098737,0.4085184484,484.216541,486.2032065,0.4037130146,0.4133238821
yellow,337,11,13,0.5294117647,404.4205882,522.9423529,485.3436034,0.4067177423,484.3502706,486.3369361,0.4019123085,0.411523176
yellow,338,11,13,0.5882352941,404.5027647,523.1710588,485.477333,0.4049170361,484.4840003,486.4706658,0.4001116024,0.4097224699
yellow,339,11,13,0.6470588235,404.5849412,523.3997647,485.6110627,0.40311633,484.6177299,486.6043954,0.3983108963,0.4079217638
yellow,340,11,13,0.7058823529,404.6671176,523.6284706,485.7447923,0.4013156239,484.7514596,486.7381251,0.3965101902,0.4061210577
yellow,341,11,13,0.7647058824,404.7492941,523.8571765,485.878522,0.3995149178,484.8851892,486.8718547,0.3947094841,0.4043203515
yellow,342,11,13,0.8235294118,404.8314706,524.0858824,486.0122516,0.3977142117,485.0189189,487.0055844,0.392908778,0.4025196454
yellow,343,11,13,0.8823529412,404.9136471,524.3145882,486.1459813,0.3959135056,485.1526485,487.139314,0.3911080719,0.4007189393
yellow,344,11,13,0.9411764706,404.9958235,524.5432941,486.2797109,0.3941127995,485.2863782,487.2730437,0.3893073657,0.3989182332
yellow,345,11,13,1,405.078,524.772,486.4134406,0.3923120934,485.4201078,487.4067733,0.3875066596,0.3971175271
yellow,346,11,14,0.0078125,405.1570213,524.9864543,486.5420356,0.3906235965,485.5487029,487.5353684,0.3858181628,0.3954290303
yellow,347,11,14,0.015625,405.2361649,525.2009559,486.6708298,0.3889347272,485.6774971,487.6641626,0.3841292935,0.3937401609
yellow,348,11,14,0.0234375,405.3154337,525.4155019,486.7998276,0.387245508,485.8064948,487.7931603,0.3824400742,0.3920509417
yellow,349,11,14,0.03125,405.3948301,525.6300896,486.9290332,0.3855559614,485.9357004,487.9223659,0.3807505276,0.3903613951
yellow,350,11,14,0.0390625,405.4743569,525.8447159,487.058451,0.3838661099,486.0651182,488.0517837,0.3790606762,0.3886715437
yellow,351,11,14,0.046875,405.5540168,526.0593781,487.1880853,0.3821759762,486.1947525,488.181418,0.3773705425,0.38698141
yellow,352,11,14,0.0546875,405.6338124,526.2740733,487.3179404,0.3804855828,486.3246076,488.3112731,0.3756801491,0.3852910165
yellow,353,11,14,0.0625,405.7137463,526.4887986,487.4480206,0.3787949522,486.4546879,488.4413534,0.3739895185,0.3836003859
yellow,354,11,14,0.0703125,405.7938213,526.7035511,487.5783304,0.377104107,486.5849976,488.5716631,0.3722986732,0.3819095407
yellow,355,11,14,0.078125,405.8740399,526.9183281,487.7088739,0.3754130696,486.7155412,488.7022067,0.3706076359,0.3802185034
yellow,356,11,14,0.0859375,405.9544049,527.1331266,487.8396556,0.3737218628,486.8463229,488.8329884,0.368916429,0.3785272965
yellow,357,11,14,0.09375,406.0349188,527.3479438,487.9706797,0.3720305089,486.977347,488.9640125,0.3672250752,0.3768359427
yellow,358,11,14,0.1015625,406.1155844,527.5627767,488.1019507,0.3703390307,487.1086179,489.0952834,0.3655335969,0.3751444644
yellow,359,11,14,0.109375,406.1964043,527.7776226,488.2334727,0.3686474505,487.2401399,489.2268054,0.3638420168,0.3734528843
yellow,360,11,14,0.1171875,406.2773811,527.9924786,488.3652501,0.366955791,487.3719174,489.3585829,0.3621503573,0.3717612248
yellow,361,11,14,0.125,406.3585176,528.2073418,488.4972873,0.3652640748,487.5039546,489.4906201,0.360458641,0.3700695085
yellow,362,11,14,0.1328125,406.4398163,528.4222093,488.6295886,0.3635723242,487.6362559,489.6229214,0.3587668905,0.368377758
yellow,363,11,14,0.140625,406.52128,528.6370784,488.7621583,0.361880562,487.7688256,489.7554911,0.3570751283,0.3666859958
yellow,364,11,14,0.1484375,406.6029113,528.851946,488.8950008,0.3601888107,487.901668,489.8883335,0.3553833769,0.3649942444
yellow,365,11,14,0.15625,406.6847128,529.0668094,489.0281202,0.3584970927,488.0347875,490.021453,0.353691659,0.3633025265
yellow,366,11,14,0.1640625,406.7666872,529.2816657,489.1615211,0.3568054307,488.1681883,490.1548539,0.351999997,0.3616108645
yellow,367,11,14,0.171875,406.8488372,529.496512,489.2952077,0.3551138472,488.3018749,490.2885404,0.3503084135,0.359919281
yellow,368,11,14,0.1796875,406.9311655,529.7113455,489.4291843,0.3534223648,488.4358515,490.422517,0.3486169311,0.3582277985
yellow,369,11,14,0.1875,407.0136746,529.9261633,489.5634553,0.351731006,488.5701225,490.556788,0.3469255722,0.3565364397
yellow,370,11,14,0.1953125,407.0963672,530.1409626,489.6980249,0.3500397933,488.7046921,490.6913577,0.3452343595,0.354845227
yellow,371,11,14,0.203125,407.1792461,530.3557404,489.8328976,0.3483487493,488.8395648,490.8262303,0.3435433156,0.353154183
yellow,372,11,14,0.2109375,407.2623138,530.5704939,489.9680776,0.3466578966,488.9747448,490.9614103,0.3418524628,0.3514633303
yellow,373,11,14,0.21875,407.345573,530.7852202,490.1035692,0.3449672576,489.1102365,491.096902,0.3401618239,0.3497726913
yellow,374,11,14,0.2265625,407.4290264,530.9999166,490.2393768,0.343276855,489.2460441,491.2327096,0.3384714213,0.3480822887
yellow,375,11,14,0.234375,407.5126766,531.2145801,490.3755048,0.3415867113,489.382172,491.3688376,0.3367812776,0.346392145
yellow,376,11,14,0.2421875,407.5965263,531.4292078,490.5119574,0.339896849,489.5186246,491.5052901,0.3350914153,0.3447022828
yellow,377,11,14,0.25,407.6805781,531.6437969,490.6487389,0.3382072908,489.6554062,491.6420717,0.333401857,0.3430127245
yellow,378,11,14,0.2578125,407.7648348,531.8583445,490.7858538,0.336518059,489.792521,491.7791865,0.3317126253,0.3413234928
yellow,379,11,14,0.265625,407.8492989,532.0728478,490.9233062,0.3348291764,489.9299734,491.916639,0.3300237426,0.3396346101
yellow,380,11,14,0.2734375,407.9339731,532.2873039,491.0611006,0.3331406654,490.0677678,492.0544333,0.3283352316,0.3379460991
yellow,381,11,14,0.28125,408.0188601,532.5017099,491.1992412,0.3314525485,490.2059085,492.192574,0.3266471148,0.3362579823
yellow,382,11,14,0.2890625,408.1039626,532.716063,491.3377325,0.3297648484,490.3443997,492.3310652,0.3249594147,0.3345702822
yellow,383,11,14,0.296875,408.1892831,532.9303603,491.4765786,0.3280775876,490.4832458,492.4699114,0.3232721539,0.3328830214
yellow,384,11,14,0.3046875,408.2748244,533.144599,491.615784,0.3263907886,490.6224512,492.6091167,0.3215853549,0.3311962224
yellow,385,11,14,0.3125,408.3605891,533.3587761,491.7553529,0.324704474,490.7620202,492.7486857,0.3198990403,0.3295099078
yellow,386,11,14,0.3203125,408.4465799,533.5728889,491.8952898,0.3230186664,490.901957,492.8886225,0.3182132326,0.3278241001
yellow,387,11,14,0.328125,408.5327994,533.7869344,492.0355988,0.3213333882,491.0422661,493.0289316,0.3165279544,0.3261388219
yellow,388,11,14,0.3359375,408.6192502,534.0009098,492.1762844,0.319648662,491.1829516,493.1696172,0.3148432283,0.3244540957
yellow,389,11,14,0.34375,408.7059352,534.2148122,492.3173509,0.3179645104,491.3240181,493.3106836,0.3131590767,0.3227699441
yellow,390,11,14,0.3515625,408.7928568,534.4286387,492.4588025,0.3162809559,491.4654697,493.4521353,0.3114755222,0.3210863897
yellow,391,11,14,0.359375,408.8800177,534.6423866,492.6006437,0.3145980211,491.6073109,493.5939764,0.3097925874,0.3194034549
yellow,392,11,14,0.3671875,408.9674207,534.8560529,492.7428787,0.3129157286,491.7495459,493.7362114,0.3081102948,0.3177211623
yellow,393,11,14,0.375,409.0550684,535.0696348,492.8855118,0.3112341007,491.8921791,493.8788446,0.306428667,0.3160395345
yellow,394,11,14,0.3828125,409.1429633,535.2831293,493.0285475,0.3095531603,492.0352147,494.0218802,0.3047477265,0.314358594
yellow,395,11,14,0.390625,409.2311083,535.4965337,493.17199,0.3078729296,492.1786572,494.1653227,0.3030674959,0.3126783634
yellow,396,11,14,0.3984375,409.3195059,535.7098451,493.3158436,0.3061934314,492.3225108,494.3091763,0.3013879977,0.3109988651
yellow,397,11,14,0.40625,409.4081588,535.9230606,493.4601127,0.3045146882,492.4667799,494.4534454,0.2997092544,0.3093201219
yellow,398,11,14,0.4140625,409.4970697,536.1361774,493.6048015,0.3028367224,492.6114688,494.5981343,0.2980312887,0.3076421562
yellow,399,11,14,0.421875,409.5862412,536.3491925,493.7499145,0.3011595567,492.7565818,494.7432473,0.296354123,0.3059649905
yellow,400,11,14,0.4296875,409.675676,536.5621032,493.895456,0.2994832137,492.9021232,494.8887887,0.2946777799,0.3042886474
yellow,401,11,14,0.4375,409.7653767,536.7749065,494.0414302,0.2978077158,493.0480974,495.0347629,0.293002282,0.3026131495
yellow,402,11,14,0.4453125,409.855346,536.9875996,494.1878415,0.2961330856,493.1945087,495.1811742,0.2913276518,0.3009385193
yellow,403,11,14,0.453125,409.9455866,537.2001796,494.3346942,0.2944593456,493.3413614,495.3280269,0.2896539119,0.2992647794
yellow,404,11,14,0.4609375,410.036101,537.4126437,494.4819926,0.2927865185,493.4886599,495.4753254,0.2879810848,0.2975919522
yellow,405,11,14,0.46875,410.1268921,537.624989,494.6297412,0.2911146267,493.6364084,495.6230739,0.286309193,0.2959200604
yellow,406,11,14,0.4765625,410.2179623,537.8372127,494.7779441,0.2894436928,493.7846113,495.7712769,0.2846382591,0.2942491266
yellow,407,11,14,0.484375,410.3093144,538.0493118,494.9266057,0.2877737394,493.933273,495.9199385,0.2829683056,0.2925791731
yellow,408,11,14,0.4921875,410.4009511,538.2612835,495.0757304,0.2861047889,494.0823977,496.0690632,0.2812993552,0.2909102227
yellow,409,11,14,0.5,410.492875,538.473125,495.2253225,0.2844368641,494.2319897,496.2186553,0.2796314303,0.2892422978
yellow,410,11,14,0.5078125,410.5850887,538.6848334,495.3753863,0.2827699873,494.3820535,496.368719,0.2779645535,0.287575421
yellow,411,11,14,0.515625,410.677595,538.8964057,495.525926,0.2811041811,494.5325933,496.5192588,0.2762987474,0.2859096149
yellow,412,11,14,0.5234375,410.7703964,539.1078393,495.6769462,0.2794394682,494.6836134,496.6702789,0.2746340344,0.2842449019
yellow,413,11,14,0.53125,410.8634956,539.3191311,495.828451,0.277775871,494.8351182,496.8217837,0.2729704372,0.2825813047
yellow,414,11,14,0.5390625,410.9568954,539.5302783,495.9804448,0.276113412,494.987112,496.9737775,0.2713079783,0.2809188458
yellow,415,11,14,0.546875,411.0505982,539.7412781,496.1329319,0.274452114,495.1395991,497.1262646,0.2696466802,0.2792575477
yellow,416,11,14,0.5546875,411.1446069,539.9521276,496.2859167,0.2727919993,495.2925839,497.2792494,0.2679865655,0.277597433
yellow,417,11,14,0.5625,411.2389241,540.162824,496.4394034,0.2711330905,495.4460706,497.4327362,0.2663276568,0.2759385242
yellow,418,11,14,0.5703125,411.3335523,540.3733643,496.5933964,0.2694754102,495.6000637,497.5867292,0.2646699765,0.274280844
yellow,419,11,14,0.578125,411.4284944,540.5837457,496.7479001,0.267818981,495.7545674,497.7412329,0.2630135473,0.2726244147
yellow,420,11,14,0.5859375,411.5237528,540.7939654,496.9029187,0.2661638254,495.909586,497.8962515,0.2613583916,0.2709692591
yellow,421,11,14,0.59375,411.6193304,541.0040204,497.0584566,0.2645099658,496.0651239,498.0517894,0.2597045321,0.2693153996
yellow,422,11,14,0.6015625,411.7152297,541.213908,497.2145181,0.262857425,496.2211853,498.2078509,0.2580519913,0.2676628587
yellow,423,11,14,0.609375,411.8114535,541.4236252,497.3711075,0.2612062254,496.3777748,498.3644403,0.2564007917,0.2660116591
yellow,424,11,14,0.6171875,411.9080042,541.6331692,497.5282292,0.2595563896,496.5348964,498.5215619,0.2547509558,0.2643618233
yellow,425,11,14,0.625,412.0048848,541.8425371,497.6858874,0.2579079401,496.6925547,498.6792202,0.2531025063,0.2627133738
yellow,426,11,14,0.6328125,412.1020977,542.0517261,497.8440866,0.2562608994,496.8507538,498.8374193,0.2514554657,0.2610663332
yellow,427,11,14,0.640625,412.1996456,542.2607333,498.0028309,0.2546152902,497.0094982,498.9961637,0.2498098565,0.2594207239
yellow,428,11,14,0.6484375,412.2975312,542.4695558,498.1621249,0.252971135,497.1687921,499.1554576,0.2481657012,0.2577765687
yellow,429,11,14,0.65625,412.3957572,542.6781908,498.3219727,0.2513284563,497.3286399,499.3153054,0.2465230225,0.25613389
yellow,430,11,14,0.6640625,412.4943262,542.8866354,498.4823787,0.2496872766,497.4890459,499.4757114,0.2448818429,0.2544927104
yellow,431,11,14,0.671875,412.5932409,543.0948867,498.6433472,0.2480476186,497.6500144,499.6366799,0.2432421849,0.2528530523
yellow,432,11,14,0.6796875,412.6925039,543.3029419,498.8048826,0.2464095047,497.8115498,499.7982153,0.241604071,0.2512149385
yellow,433,11,14,0.6875,412.7921179,543.5107981,498.9669891,0.2447729576,497.9736564,499.9603219,0.2399675239,0.2495783913
yellow,434,11,14,0.6953125,412.8920856,543.7184525,499.1296712,0.2431379997,498.1363384,500.123004,0.238332566,0.2479434335
yellow,435,11,14,0.703125,412.9924095,543.9259021,499.2929331,0.2415046537,498.2996003,500.2862658,0.2366992199,0.2463100874
yellow,436,11,14,0.7109375,413.0930924,544.1331442,499.4567791,0.239872942,498.4634464,500.4501119,0.2350675082,0.2446783757
yellow,437,11,14,0.71875,413.1941369,544.3401758,499.6212137,0.2382428872,498.6278809,500.6145464,0.2334374534,0.2430483209
yellow,438,11,14,0.7265625,413.2955457,544.5469941,499.786241,0.2366145118,498.7929082,500.7795738,0.2318090781,0.2414199456
yellow,439,11,14,0.734375,413.3973215,544.7535963,499.9518655,0.2349878385,498.9585327,500.9451982,0.2301824048,0.2397932722
yellow,440,11,14,0.7421875,413.4994668,544.9599794,500.1180914,0.2333628897,499.1247586,501.1114241,0.228557456,0.2381683235
yellow,441,11,14,0.75,413.6019844,545.1661406,500.2849231,0.2317396881,499.2915903,501.2782558,0.2269342543,0.2365451218
yellow,442,11,14,0.7578125,413.7048769,545.3720771,500.4523649,0.2301182561,499.4590321,501.4456976,0.2253128223,0.2349236898
yellow,443,11,14,0.765625,413.8081469,545.5777859,500.6204211,0.2284986163,499.6270884,501.6137539,0.2236931825,0.23330405
yellow,444,11,14,0.7734375,413.9117972,545.7832643,500.7890961,0.2268807912,499.7957634,501.7824289,0.2220753575,0.2316862249
yellow,445,11,14,0.78125,414.0158304,545.9885092,500.9583942,0.2252648034,499.9650614,501.9517269,0.2204593697,0.2300702372
yellow,446,11,14,0.7890625,414.1202491,546.193518,501.1283197,0.2236506755,500.1349869,502.1216524,0.2188452418,0.2284561093
yellow,447,11,14,0.796875,414.225056,546.3982877,501.2988769,0.22203843,500.3055441,502.2922096,0.2172329963,0.2268438638
yellow,448,11,14,0.8046875,414.3302537,546.6028155,501.4700702,0.2204280895,500.4767374,502.4634029,0.2156226557,0.2252335232
yellow,449,11,14,0.8125,414.435845,546.8070984,501.6419038,0.2188196764,500.6485711,502.6352366,0.2140142427,0.2236251101
yellow,450,11,14,0.8203125,414.5418324,547.0111337,501.8143822,0.2172132134,500.8210494,502.8077149,0.2124077796,0.2220186471
yellow,451,11,14,0.828125,414.6482187,547.2149184,501.9875096,0.2156087229,500.9941768,502.9808423,0.2108032892,0.2204141567
yellow,452,11,14,0.8359375,414.7550064,547.4184497,502.1612903,0.2140062276,501.1679576,503.1546231,0.2092007939,0.2188116614
yellow,453,11,14,0.84375,414.8621983,547.6217248,502.3357288,0.21240575,501.342396,503.3290615,0.2076003163,0.2172111838
yellow,454,11,14,0.8515625,414.969797,547.8247407,502.5108292,0.2108073127,501.5174965,503.504162,0.2060018789,0.2156127464
yellow,455,11,14,0.859375,415.0778052,548.0274946,502.686596,0.2092109381,501.6932633,503.6799288,0.2044055043,0.2140163718
yellow,456,11,14,0.8671875,415.1862255,548.2299837,502.8630335,0.2076166488,501.8697007,503.8563662,0.2028112151,0.2124220826
yellow,457,11,14,0.875,415.2950605,548.4322051,503.0401459,0.2060244675,502.0468132,504.0334787,0.2012190337,0.2108299012
yellow,458,11,14,0.8828125,415.404313,548.6341559,503.2179377,0.2044344165,502.2246049,504.2112704,0.1996289828,0.2092398503
yellow,459,11,14,0.890625,415.5139856,548.8358332,503.3964131,0.2028465186,502.4030803,504.3897458,0.1980410849,0.2076519523
yellow,460,11,14,0.8984375,415.624081,549.0372342,503.5755764,0.2012607962,502.5822436,504.5689092,0.1964553624,0.2060662299
yellow,461,11,14,0.90625,415.7346017,549.238356,503.755432,0.1996772718,502.7620993,504.7487648,0.1948718381,0.2044827056
yellow,462,11,14,0.9140625,415.8455505,549.4391959,503.9359843,0.1980959681,502.9426515,504.929317,0.1932905344,0.2029014019
yellow,463,11,14,0.921875,415.9569301,549.6397508,504.1172375,0.1965169076,503.1239047,505.1105702,0.1917114739,0.2013223413
yellow,464,11,14,0.9296875,416.068743,549.8400179,504.2991959,0.1949401128,503.3058631,505.2925287,0.190134679,0.1997455465
yellow,465,11,14,0.9375,416.1809919,550.0399944,504.4818639,0.1933656062,503.4885312,505.4751967,0.1885601725,0.19817104
yellow,466,11,14,0.9453125,416.2936796,550.2396774,504.6652459,0.1917934105,503.6719131,505.6585786,0.1869879768,0.1965988443
yellow,467,11,14,0.953125,416.4068086,550.439064,504.8493461,0.1902235482,503.8560133,505.8426788,0.1854181144,0.1950289819
yellow,468,11,14,0.9609375,416.5203816,550.6381515,505.0341688,0.1886560417,504.0408361,506.0275016,0.183850608,0.1934614755
yellow,469,11,14,0.96875,416.6344013,550.8369368,505.2197185,0.1870909138,504.2263857,506.2130512,0.1822854801,0.1918963475
yellow,470,11,14,0.9765625,416.7488704,551.0354172,505.4059993,0.1855281868,504.4126666,506.3993321,0.1807227531,0.1903336206
yellow,471,11,14,0.984375,416.8637914,551.2335898,505.5930157,0.1839678835,504.599683,506.5863485,0.1791624497,0.1887733172
yellow,472,11,14,0.9921875,416.979167,551.4314516,505.780772,0.1824100262,504.7874392,506.7741047,0.1776045925,0.1872154599
yellow,473,11,14,1,417.095,551.629,505.9692724,0.1808546376,504.9759397,506.9626052,0.1760492039,0.1856600713
yellow,474,11,15,0.08333333333,417.2258333,551.8408333,506.1821837,0.1791867768,505.1888509,507.1755165,0.1743813431,0.1839922105
yellow,475,11,15,0.1666666667,417.3566667,552.0526667,506.395095,0.177518916,505.4017622,507.3884277,0.1727134823,0.1823243497
yellow,476,11,15,0.25,417.4875,552.2645,506.6080062,0.1758510552,505.6146735,507.601339,0.1710456214,0.1806564889
yellow,477,11,15,0.3333333333,417.6183333,552.4763333,506.8209175,0.1741831944,505.8275847,507.8142502,0.1693777606,0.1789886281
yellow,478,11,15,0.4166666667,417.7491667,552.6881667,507.0338288,0.1725153336,506.040496,508.0271615,0.1677098998,0.1773207673
yellow,479,11,15,0.5,417.88,552.9,507.24674,0.1708474728,506.2534073,508.2400728,0.166042039,0.1756529065
yellow,480,11,15,0.5833333333,418.0108333,553.1118333,507.4596513,0.169179612,506.4663185,508.452984,0.1643741782,0.1739850457
yellow,481,11,15,0.6666666667,418.1416667,553.3236667,507.6725625,0.1675117511,506.6792298,508.6658953,0.1627063174,0.1723171849
yellow,482,11,15,0.75,418.2725,553.5355,507.8854738,0.1658438903,506.8921411,508.8788066,0.1610384566,0.1706493241
yellow,483,11,15,0.8333333333,418.4033333,553.7473333,508.0983851,0.1641760295,507.1050523,509.0917178,0.1593705958,0.1689814633
yellow,484,11,15,0.9166666667,418.5341667,553.9591667,508.3112963,0.1625081687,507.3179636,509.3046291,0.157702735,0.1673136025
yellow,485,11,15,1,418.665,554.171,508.5242076,0.1608403079,507.5308748,509.5175404,0.1560348742,0.1656457416
yellow,486,11,16,0.08333333333,418.7964167,554.3665833,508.7380682,0.1593003908,507.7447354,509.7314009,0.1544949571,0.1641058245
yellow,487,11,16,0.1666666667,418.9278333,554.5621667,508.9519287,0.1577604737,507.9585959,509.9452615,0.1529550399,0.1625659074
yellow,488,11,16,0.25,419.05925,554.75775,509.1657893,0.1562205566,508.1724565,510.159122,0.1514151228,0.1610259903
yellow,489,11,16,0.3333333333,419.1906667,554.9533333,509.3796498,0.1546806394,508.386317,510.3729826,0.1498752057,0.1594860732
yellow,490,11,16,0.4166666667,419.3220833,555.1489167,509.5935104,0.1531407223,508.6001776,510.5868431,0.1483352886,0.1579461561
yellow,491,11,16,0.5,419.4535,555.3445,509.8073709,0.1516008052,508.8140381,510.8007037,0.1467953715,0.1564062389
yellow,492,11,16,0.5833333333,419.5849167,555.5400833,510.0212315,0.1500608881,509.0278987,511.0145642,0.1452554543,0.1548663218
yellow,493,11,16,0.6666666667,419.7163333,555.7356667,510.235092,0.148520971,509.2417593,511.2284248,0.1437155372,0.1533264047
yellow,494,11,16,0.75,419.84775,555.93125,510.4489526,0.1469810538,509.4556198,511.4422853,0.1421756201,0.1517864876
yellow,495,11,16,0.8333333333,419.9791667,556.1268333,510.6628131,0.1454411367,509.6694804,511.6561459,0.140635703,0.1502465705
yellow,496,11,16,0.9166666667,420.1105833,556.3224167,510.8766737,0.1439012196,509.8833409,511.8700064,0.1390957859,0.1487066533
yellow,497,11,16,1,420.242,556.518,511.0905342,0.1423613025,510.0972015,512.083867,0.1375558688,0.1471667362
yellow,498,11,17,0.09090909091,420.3866364,556.7137273,511.3259078,0.1408202521,510.332575,512.3192406,0.1360148183,0.1456256858
yellow,499,11,17,0.1818181818,420.5312727,556.9094545,511.5612814,0.1392792016,510.5679486,512.5546141,0.1344737679,0.1440846354
yellow,500,11,17,0.2727272727,420.6759091,557.1051818,511.796655,0.1377381512,510.8033222,512.7899877,0.1329327175,0.142543585
yellow,501,11,17,0.3636363636,420.8205455,557.3009091,512.0320286,0.1361971008,511.0386958,513.0253613,0.1313916671,0.1410025345
yellow,502,11,17,0.4545454545,420.9651818,557.4966364,512.2674021,0.1346560504,511.2740694,513.2607349,0.1298506167,0.1394614841
yellow,503,11,17,0.5454545455,421.1098182,557.6923636,512.5027757,0.133115,511.509443,513.4961085,0.1283095662,0.1379204337
yellow,504,11,17,0.6363636364,421.2544545,557.8880909,512.7381493,0.1315739496,511.7448166,513.7314821,0.1267685158,0.1363793833
yellow,505,11,17,0.7272727273,421.3990909,558.0838182,512.9735229,0.1300328991,511.9801902,513.9668557,0.1252274654,0.1348383329
yellow,506,11,17,0.8181818182,421.5437273,558.2795455,513.2088965,0.1284918487,512.2155637,514.2022293,0.123686415,0.1332972824
yellow,507,11,17,0.9090909091,421.6883636,558.4752727,513.4442701,0.1269507983,512.4509373,514.4376028,0.1221453646,0.131756232
yellow,508,11,17,1,421.833,558.671,513.6796437,0.1254097479,512.6863109,514.6729764,0.1206043141,0.1302151816
yellow,509,11,18,0.00390625,421.9324654,558.7980764,513.8415085,0.124409217,512.8481757,514.8348412,0.1196037832,0.1292146507
yellow,510,11,18,0.0078125,422.0319253,558.9244011,514.0033642,0.123414605,513.0100315,514.996697,0.1186091713,0.1282200387
yellow,511,11,18,0.01171875,422.1313814,559.0499765,514.1652138,0.1224258926,513.1718811,515.1585466,0.1176204588,0.1272313263
yellow,512,11,18,0.015625,422.2308354,559.174805,514.32706,0.1214430604,513.3337272,515.3203927,0.1166376267,0.1262484941
yellow,513,11,18,0.01953125,422.3302889,559.2988892,514.4889055,0.1204660891,513.4955727,515.4822382,0.1156606554,0.1252715229
yellow,514,11,18,0.0234375,422.4297438,559.4222314,514.6507531,0.1194949594,513.6574203,515.6440858,0.1146895257,0.1243003932
yellow,515,11,18,0.02734375,422.5292017,559.5448341,514.8126056,0.1185296519,513.8192729,515.8059384,0.1137242182,0.1233350857
yellow,516,11,18,0.03125,422.6286643,559.6666998,514.9744658,0.1175701473,513.9811331,515.9677986,0.1127647136,0.122375581
yellow,517,11,18,0.03515625,422.7281334,559.787831,515.1363365,0.1166164262,514.1430038,516.1296693,0.1118109925,0.12142186
yellow,518,11,18,0.0390625,422.8276106,559.90823,515.2982205,0.1156684694,514.3048877,516.2915533,0.1108630356,0.1204739031
yellow,519,11,18,0.04296875,422.9270977,560.0278994,515.4601205,0.1147262573,514.4667877,516.4534532,0.1099208236,0.1195316911
yellow,520,11,18,0.046875,423.0265963,560.1468417,515.6220393,0.1137897709,514.6287065,516.615372,0.1089843371,0.1185952046
yellow,521,11,18,0.05078125,423.1261081,560.2650591,515.7839797,0.1128589906,514.7906469,516.7773124,0.1080535568,0.1176644243
yellow,522,11,18,0.0546875,423.225635,560.3825543,515.9459444,0.1119338971,514.9526117,516.9392772,0.1071284634,0.1167393309
yellow,523,11,18,0.05859375,423.3251785,560.4993297,516.1079363,0.1110144712,515.1146036,517.1012691,0.1062090375,0.1158199049
yellow,524,11,18,0.0625,423.4247405,560.6153877,516.2699582,0.1101006934,515.2766254,517.2632909,0.1052952597,0.1149061272
yellow,525,11,18,0.06640625,423.5243225,560.7307308,516.4320127,0.1091925445,515.43868,517.4253455,0.1043871108,0.1139979782
yellow,526,11,18,0.0703125,423.6239264,560.8453614,516.5941028,0.1082900051,515.60077,517.5874355,0.1034845713,0.1130954388
yellow,527,11,18,0.07421875,423.7235537,560.959282,516.7562311,0.1073930558,515.7628983,517.7495638,0.1025876221,0.1121984895
yellow,528,11,18,0.078125,423.8232063,561.0724951,516.9184004,0.1065016773,515.9250677,517.9117332,0.1016962436,0.1113071111
yellow,529,11,18,0.08203125,423.9228858,561.1850031,517.0806136,0.1056158503,516.0872809,518.0739464,0.1008104166,0.1104212841
yellow,530,11,18,0.0859375,424.022594,561.2968085,517.2428735,0.1047355555,516.2495407,518.2362062,0.09993012176,0.1095409892
yellow,531,11,18,0.08984375,424.1223325,561.4079137,517.4051827,0.1038607734,516.4118499,518.3985154,0.09905533971,0.1086662072
yellow,532,11,18,0.09375,424.2221031,561.5183212,517.5675441,0.1029914849,516.5742113,518.5608768,0.09818605113,0.1077969186
yellow,533,11,18,0.09765625,424.3219075,561.6280334,517.7299604,0.1021276704,516.7366276,518.7232931,0.09732223666,0.1069331041
yellow,534,11,18,0.1015625,424.4217473,561.7370528,517.8924345,0.1012693107,516.8991017,518.8857672,0.09646387699,0.1060747445
yellow,535,11,18,0.10546875,424.5216243,561.8453818,518.054969,0.1004163865,517.0616363,519.0483018,0.09561095276,0.1052218202
yellow,536,11,18,0.109375,424.6215402,561.953023,518.2175669,0.09956887837,517.2242342,519.2108997,0.09476344463,0.1043743121
yellow,537,11,18,0.11328125,424.7214967,562.0599787,518.3802309,0.09872676701,517.3868981,519.3735636,0.09392133328,0.1035322007
yellow,538,11,18,0.1171875,424.8214955,562.1662515,518.5429637,0.09789003309,517.5496309,519.5362964,0.09308459935,0.1026954668
yellow,539,11,18,0.12109375,424.9215384,562.2718437,518.7057681,0.09705865725,517.7124354,519.6991009,0.09225322352,0.101864091
yellow,540,11,18,0.125,425.021627,562.3767578,518.868647,0.09623262017,517.8753142,519.8619797,0.09142718643,0.1010380539
yellow,541,11,18,0.12890625,425.121763,562.4809963,519.031603,0.0954119025,518.0382703,520.0249358,0.09060646877,0.1002173362
yellow,542,11,18,0.1328125,425.2219481,562.5845617,519.194639,0.09459648491,518.2013063,520.1879718,0.08979105117,0.09940191864
yellow,543,11,18,0.13671875,425.3221841,562.6874564,519.3577578,0.09378634805,518.3644251,520.3510906,0.08898091431,0.09859178179
yellow,544,11,18,0.140625,425.4224727,562.7896828,519.5209621,0.09298147259,518.5276294,520.5142949,0.08817603885,0.09778690633
yellow,545,11,18,0.14453125,425.5228155,562.8912435,519.6842547,0.09218183919,518.690922,520.6775875,0.08737640545,0.09698727292
yellow,546,11,18,0.1484375,425.6232143,562.9921408,519.8476385,0.09138742851,518.8543057,520.8409712,0.08658199477,0.09619286224
yellow,547,11,18,0.15234375,425.7236708,563.0923772,520.0111161,0.09059822121,519.0177833,521.0044488,0.08579278747,0.09540365494
yellow,548,11,18,0.15625,425.8241867,563.1919552,520.1746903,0.08981419795,519.1813576,521.1680231,0.08500876422,0.09461963169
yellow,549,11,18,0.16015625,425.9247637,563.2908772,520.338364,0.0890353394,519.3450312,521.3316968,0.08422990566,0.09384077313
yellow,550,11,18,0.1640625,426.0254035,563.3891458,520.5021399,0.08826162621,519.5088072,521.4954727,0.08345619247,0.09306705995
yellow,551,11,18,0.16796875,426.1261078,563.4867633,520.6660208,0.08749303905,519.6726881,521.6593536,0.08268760531,0.09229847279
yellow,552,11,18,0.171875,426.2268783,563.5837322,520.8300095,0.08672955858,519.8366767,521.8233422,0.08192412484,0.09153499231
yellow,553,11,18,0.17578125,426.3277168,563.6800549,520.9941087,0.08597116545,520.000776,521.9874415,0.08116573172,0.09077659919
yellow,554,11,18,0.1796875,426.428625,563.775734,521.1583213,0.08521784034,520.1649885,522.151654,0.0804124066,0.09002327408
yellow,555,11,18,0.18359375,426.5296044,563.8707718,521.32265,0.0844695639,520.3293172,522.3159827,0.07966413016,0.08927499763
yellow,556,11,18,0.1875,426.630657,563.9651709,521.4870975,0.08372631679,520.4937648,522.4804303,0.07892088306,0.08853175053
yellow,557,11,18,0.19140625,426.7317843,564.0589337,521.6516668,0.08298807968,520.658334,522.6449996,0.07818264594,0.08779351341
yellow,558,11,18,0.1953125,426.8329881,564.1520626,521.8163605,0.08225483322,520.8230278,522.8096933,0.07744939948,0.08706026696
yellow,559,11,18,0.19921875,426.9342701,564.2445601,521.9811815,0.08152655808,520.9878487,522.9745142,0.07672112434,0.08633199182
yellow,560,11,18,0.203125,427.0356319,564.3364286,522.1461324,0.08080323492,521.1527997,523.1394652,0.07599780118,0.08560866865
yellow,561,11,18,0.20703125,427.1370754,564.4276707,522.3112162,0.0800848444,521.3178834,523.304549,0.07527941066,0.08489027813
yellow,562,11,18,0.2109375,427.2386022,564.5182887,522.4764356,0.07937136717,521.4831028,523.4697683,0.07456593344,0.08417680091
yellow,563,11,18,0.21484375,427.340214,564.6082851,522.6417933,0.07866278391,521.6484605,523.635126,0.07385735018,0.08346821765
yellow,564,11,18,0.21875,427.4419126,564.6976625,522.8072921,0.07795907528,521.8139593,523.8006248,0.07315364154,0.08276450902
yellow,565,11,18,0.22265625,427.5436995,564.7864231,522.9729348,0.07726022193,521.9796021,523.9662676,0.07245478819,0.08206565566
yellow,566,11,18,0.2265625,427.6455767,564.8745696,523.1387243,0.07656620453,522.1453915,524.1320571,0.07176077079,0.08137163826
yellow,567,11,18,0.23046875,427.7475456,564.9621043,523.3046632,0.07587700373,522.3113305,524.297996,0.07107156999,0.08068243746
yellow,568,11,18,0.234375,427.8496082,565.0490297,523.4707544,0.0751926002,522.4774217,524.4640872,0.07038716647,0.07999803394
yellow,569,11,18,0.23828125,427.951766,565.1353483,523.6370007,0.0745129746,522.6436679,524.6303334,0.06970754087,0.07931840834
yellow,570,11,18,0.2421875,428.0540208,565.2210625,523.8034047,0.0738381076,522.8100719,524.7967375,0.06903267386,0.07864354133
yellow,571,11,18,0.24609375,428.1563743,565.3061747,523.9699693,0.07316797984,522.9766366,524.9633021,0.06836254611,0.07797341358
yellow,572,11,18,0.25,428.2588281,565.3906875,524.1366974,0.07250257201,523.1433646,525.1300301,0.06769713827,0.07730800574
yellow,573,11,18,0.25390625,428.3613841,565.4746033,524.3035916,0.07184186474,523.3102588,525.2969243,0.06703643101,0.07664729848
yellow,574,11,18,0.2578125,428.4640439,565.5579245,524.4706547,0.07118583871,523.4773219,525.4639874,0.06638040498,0.07599127245
yellow,575,11,18,0.26171875,428.5668092,565.6406536,524.6378895,0.07053447459,523.6445568,525.6312223,0.06572904085,0.07533990832
yellow,576,11,18,0.265625,428.6696817,565.722793,524.8052989,0.06988775302,523.8119661,525.7986316,0.06508231928,0.07469318675
yellow,577,11,18,0.26953125,428.7726632,565.8043453,524.9728855,0.06924565467,523.9795527,525.9662182,0.06444022093,0.0740510884
yellow,578,11,18,0.2734375,428.8757553,565.8853128,525.1406522,0.0686081602,524.1473194,526.1339849,0.06380272646,0.07341359393
yellow,579,11,18,0.27734375,428.9789598,565.9656981,525.3086017,0.06797525028,524.3152689,526.3019344,0.06316981654,0.07278068401
yellow,580,11,18,0.28125,429.0822784,566.0455035,525.4767368,0.06734690556,524.4834041,526.4700696,0.06254147182,0.07215233929
yellow,581,11,18,0.28515625,429.1857127,566.1247316,525.6450604,0.0667231067,524.6517276,526.6383931,0.06191767297,0.07152854044
yellow,582,11,18,0.2890625,429.2892645,566.2033848,525.8135751,0.06610383438,524.8202423,526.8069078,0.06129840064,0.07090926811
yellow,583,11,18,0.29296875,429.3929354,566.2814655,525.9822838,0.06548906924,524.988951,526.9756165,0.0606836355,0.07029450297
yellow,584,11,18,0.296875,429.4967273,566.3589762,526.1511892,0.06487879195,525.1578564,527.144522,0.06007335821,0.06968422569
yellow,585,11,18,0.30078125,429.6006418,566.4359193,526.3202941,0.06427298317,525.3269614,527.3136269,0.05946754944,0.06907841691
yellow,586,11,18,0.3046875,429.7046806,566.5122974,526.4896014,0.06367162357,525.4962686,527.4829341,0.05886618983,0.0684770573
yellow,587,11,18,0.30859375,429.8088454,566.5881129,526.6591137,0.0630746938,525.6657809,527.6524465,0.05826926006,0.06788012753
yellow,588,11,18,0.3125,429.9131379,566.6633682,526.8288339,0.06248217452,525.8355011,527.8221666,0.05767674079,0.06728760826
yellow,589,11,18,0.31640625,430.0175599,566.7380657,526.9987647,0.0618940464,526.005432,527.9920975,0.05708861267,0.06669948014
yellow,590,11,18,0.3203125,430.1221131,566.812208,527.168909,0.0613102901,526.1755762,528.1622417,0.05650485636,0.06611572383
yellow,591,11,18,0.32421875,430.226799,566.8857975,527.3392694,0.06073088628,526.3459367,528.3326022,0.05592545254,0.06553632001
yellow,592,11,18,0.328125,430.3316196,566.9588367,527.5098488,0.06015581559,526.5165161,528.5031816,0.05535038186,0.06496124933
yellow,593,11,18,0.33203125,430.4365764,567.0313279,527.68065,0.05958505871,526.6873173,528.6739828,0.05477962498,0.06439049245
yellow,594,11,18,0.3359375,430.5416712,567.1032738,527.8516758,0.05901859629,526.858343,528.8450085,0.05421316256,0.06382403003
yellow,595,11,18,0.33984375,430.6469057,567.1746766,528.0229288,0.058456409,527.0295961,529.0162616,0.05365097526,0.06326184273
yellow,596,11,18,0.34375,430.7522816,567.2455389,528.194412,0.05789847749,527.2010792,529.1877447,0.05309304375,0.06270391122
yellow,597,11,18,0.34765625,430.8578006,567.3158632,528.366128,0.05734478243,527.3727953,529.3594608,0.05253934869,0.06215021616
yellow,598,11,18,0.3515625,430.9634644,567.3856518,528.5380797,0.05679530447,527.544747,529.5314125,0.05198987074,0.06160073821
yellow,599,11,18,0.35546875,431.0692747,567.4549073,528.7102699,0.05625002429,527.7169371,529.7036026,0.05144459055,0.06105545802
yellow,600,11,18,0.359375,431.1752333,567.5236321,528.8827013,0.05570892253,527.8893685,529.876034,0.0509034888,0.06051435627
yellow,601,11,18,0.36328125,431.2813418,567.5918287,529.0553766,0.05517197987,528.0620439,530.0487094,0.05036654613,0.05997741361
yellow,602,11,18,0.3671875,431.3876019,567.6594994,529.2282988,0.05463917696,528.234966,530.2216315,0.04983374323,0.0594446107
yellow,603,11,18,0.37109375,431.4940154,567.7266469,529.4014705,0.05411049447,528.4081377,530.3948033,0.04930506073,0.0589159282
yellow,604,11,18,0.375,431.600584,567.7932734,529.5748946,0.05358591305,528.5815618,530.5682273,0.04878047931,0.05839134678
yellow,605,11,18,0.37890625,431.7073093,567.8593816,529.7485737,0.05306541337,528.755241,530.7419065,0.04825997963,0.0578708471
yellow,606,11,18,0.3828125,431.8141931,567.9249738,529.9225108,0.05254897608,528.9291781,530.9158436,0.04774354235,0.05735440982
yellow,607,11,18,0.38671875,431.9212372,567.9900524,530.0967086,0.05203658186,529.1033759,531.0900414,0.04723114813,0.0568420156
yellow,608,11,18,0.390625,432.0284431,568.0546201,530.2711698,0.05152821136,529.2778371,531.2645026,0.04672277762,0.05633364509
yellow,609,11,18,0.3984375,432.2433474,568.182232,530.6208938,0.05052346416,529.6275611,531.6142266,0.04571803043,0.0553288979
yellow,610,11,18,0.40625,432.4589198,568.3078292,530.971705,0.04953457979,529.9783723,531.9650378,0.04472914605,0.05434001352
yellow,611,11,18,0.4140625,432.675174,568.4314314,531.3236257,0.04856140352,530.3302929,532.3169585,0.04375596979,0.05336683726
yellow,612,11,18,0.421875,432.8921236,568.5530581,531.6766781,0.04760378066,530.6833453,532.6700108,0.04279834692,0.05240921439
yellow,613,11,18,0.4296875,433.1097823,568.672729,532.0308844,0.04666155649,531.0375516,533.0242171,0.04185612275,0.05146699022
yellow,614,11,18,0.4375,433.3281638,568.7904639,532.3862668,0.0457345763,531.3929341,533.3795996,0.04092914256,0.05054001003
yellow,615,11,18,0.4453125,433.5472817,568.9062822,532.7428478,0.04482268538,531.749515,533.7361805,0.04001725164,0.04962811911
yellow,616,11,18,0.453125,433.7671497,569.0202038,533.1006493,0.04392572902,532.1073166,534.0939821,0.03912029529,0.04873116276
yellow,617,11,18,0.4609375,433.9877815,569.1322481,533.4596938,0.04304355252,532.466361,534.4530266,0.03823811878,0.04784898625
yellow,618,11,18,0.46875,434.2091906,569.2424349,533.8200034,0.04217600116,532.8266707,534.8133362,0.03737056742,0.0469814349
yellow,619,11,18,0.4765625,434.4313909,569.3507839,534.1816004,0.04132292024,533.1882677,535.1749332,0.0365174865,0.04612835397
yellow,620,11,18,0.484375,434.654396,569.4573146,534.5445071,0.04048415504,533.5511743,535.5378398,0.0356787213,0.04528958877
yellow,621,11,18,0.4921875,434.8782194,569.5620468,534.9087456,0.03965955085,533.9154128,535.9020783,0.03485411711,0.04446498459
yellow,622,11,18,0.5,435.102875,569.665,535.2743382,0.03884895297,534.2810054,536.267671,0.03404351924,0.04365438671
yellow,623,11,18,0.5078125,435.3283763,569.7661939,535.6413072,0.03805220669,534.6479744,536.6346399,0.03324677295,0.04285764042
yellow,624,11,18,0.515625,435.5547371,569.8656483,536.0096747,0.03726915729,535.016342,537.0030075,0.03246372355,0.04207459103
yellow,625,11,18,0.5234375,435.781971,569.9633826,536.3794631,0.03649965007,535.3861304,537.3727959,0.03169421633,0.0413050838
yellow,626,11,18,0.53125,436.0100916,570.0594166,536.7506946,0.03574353032,535.7573618,537.7440274,0.03093809658,0.04054896405
yellow,627,11,18,0.5390625,436.2391126,570.15377,537.1233914,0.03500064332,536.1300586,538.1167242,0.03019520958,0.03980607706
yellow,628,11,18,0.546875,436.4690478,570.2464623,537.4975757,0.03427083437,536.504243,538.4909085,0.02946540064,0.03907626811
yellow,629,11,18,0.5546875,436.6999107,570.3375132,537.8732699,0.03355394876,536.8799371,538.8666026,0.02874851503,0.0383593825
yellow,630,11,18,0.5625,436.9317151,570.4269424,538.2504961,0.03284983178,537.2571633,539.2438288,0.02804439805,0.03765526552
yellow,631,11,18,0.5703125,437.1644745,570.5147695,538.6292765,0.03215832872,537.6359438,539.6226093,0.02735289499,0.03696376246
yellow,632,11,18,0.578125,437.3982028,570.6010142,539.0096335,0.03147928487,538.0163008,540.0029663,0.02667385114,0.03628471861
yellow,633,11,18,0.5859375,437.6329134,570.6856961,539.3915893,0.03081254552,538.3982565,540.384922,0.02600711179,0.03561797926
yellow,634,11,18,0.59375,437.8686202,570.7688348,539.775166,0.03015795596,538.7818333,540.7684988,0.02535252223,0.0349633897
yellow,635,11,18,0.59765625,437.9868514,570.8098317,539.9675693,0.02983516901,538.9742365,540.960902,0.02502973527,0.03464060274
yellow,636,11,18,0.6015625,438.1053367,570.8504501,540.160386,0.02951536149,539.1670533,541.1537188,0.02470992775,0.03432079522
yellow,637,11,18,0.60546875,438.2240779,570.8906926,540.3536192,0.02919851406,539.3602865,541.346952,0.02439308032,0.03400394779
yellow,638,11,18,0.609375,438.3430767,570.9305616,540.5472715,0.02888460738,539.5539388,541.5406043,0.02407917364,0.03369004112
yellow,639,11,18,0.61328125,438.4623348,570.9700595,540.7413458,0.02857362212,539.748013,541.7346785,0.02376818838,0.03337905585
yellow,640,11,18,0.6171875,438.5818538,571.0091888,540.9358448,0.02826553894,539.942512,541.9291775,0.0234601052,0.03307097267
yellow,641,11,18,0.62109375,438.7016355,571.047952,541.1307712,0.02796033849,540.1374385,542.124104,0.02315490475,0.03276577223
yellow,642,11,18,0.625,438.8216816,571.0863516,541.3261279,0.02765800144,540.3327952,542.3194607,0.02285256771,0.03246343518
yellow,643,11,18,0.62890625,438.9419939,571.1243899,541.5219177,0.02735850846,540.528585,542.5152505,0.02255307472,0.03216394219
yellow,644,11,18,0.6328125,439.0625739,571.1620694,541.7181433,0.0270618402,540.7248106,542.7114761,0.02225640646,0.03186727393
yellow,645,11,18,0.63671875,439.1834235,571.1993926,541.9148076,0.02676797732,540.9214748,542.9081403,0.02196254358,0.03157341105
yellow,646,11,18,0.640625,439.3045443,571.236362,542.1119132,0.02647690048,541.1185804,543.1052459,0.02167146675,0.03128233422
yellow,647,11,18,0.64453125,439.4259381,571.27298,542.309463,0.02618859035,541.3161302,543.3027957,0.02138315662,0.03099402409
yellow,648,11,18,0.6484375,439.5476065,571.309249,542.5074597,0.02590302759,541.514127,543.5007925,0.02109759385,0.03070846133
yellow,649,11,18,0.65234375,439.6695512,571.3451716,542.7059062,0.02562019286,541.7125734,543.699239,0.02081475912,0.03042562659
yellow,650,11,18,0.65625,439.7917741,571.3807501,542.9048052,0.02534006681,541.9114724,543.898138,0.02053463308,0.03014550055
yellow,651,11,18,0.66015625,439.9142767,571.4159871,543.1041595,0.02506263012,542.1108267,544.0974922,0.02025719639,0.02986806386
yellow,652,11,18,0.6640625,440.0370608,571.4508849,543.3039718,0.02478786344,542.3106391,544.2973046,0.01998242971,0.02959329718
yellow,653,11,18,0.66796875,440.1601281,571.4854461,543.5042451,0.02451574744,542.5109123,544.4975778,0.0197103137,0.02932118117
yellow,654,11,18,0.671875,440.2834803,571.5196731,543.7049819,0.02424626276,542.7116491,544.6983147,0.01944082903,0.0290516965
yellow,655,11,18,0.67578125,440.4071191,571.5535683,543.9061852,0.02397939009,542.9128524,544.8995179,0.01917395635,0.02878482383
yellow,656,11,18,0.6796875,440.5310462,571.5871343,544.1078576,0.02371511007,543.1145249,545.1011904,0.01890967634,0.02852054381
yellow,657,11,18,0.68359375,440.6552633,571.6203734,544.3100021,0.02345340338,543.3166693,545.3033348,0.01864796964,0.02825883711
yellow,658,11,18,0.6875,440.7797722,571.6532881,544.5126212,0.02319425066,543.5192885,545.505954,0.01838881692,0.02799968439
yellow,659,11,18,0.69140625,440.9045745,571.6858809,544.715718,0.02293763258,543.7223852,545.7090507,0.01813219885,0.02774306632
yellow,660,11,18,0.6953125,441.029672,571.7181542,544.919295,0.02268352981,543.9259622,545.9126278,0.01787809608,0.02748896355
yellow,661,11,18,0.69921875,441.1550664,571.7501106,545.1233551,0.022431923,544.1300224,546.1166879,0.01762648927,0.02723735674
yellow,662,11,18,0.703125,441.2807593,571.7817523,545.3279011,0.02218279282,544.3345684,546.3212339,0.01737735908,0.02698822656
yellow,663,11,18,0.70703125,441.4067525,571.813082,545.5329358,0.02193611992,544.539603,546.5262686,0.01713068619,0.02674155366
yellow,664,11,18,0.7109375,441.5330476,571.844102,545.7384619,0.02169188498,544.7451291,546.7317947,0.01688645124,0.02649731871
yellow,665,11,18,0.71484375,441.6596465,571.8748149,545.9444822,0.02145006864,544.9511495,546.937815,0.0166446349,0.02625550237
yellow,666,11,18,0.71875,441.7865508,571.905223,546.1509995,0.02121065157,545.1576668,547.1443323,0.01640521784,0.02601608531
yellow,667,11,18,0.72265625,441.9137621,571.9353289,546.3580166,0.02097361444,545.3646838,547.3513494,0.0161681807,0.02577904817
yellow,668,11,18,0.7265625,442.0412823,571.9651349,546.5655362,0.02073893789,545.5722035,547.558869,0.01593350416,0.02554437163
yellow,669,11,18,0.73046875,442.169113,571.9946436,546.7735612,0.02050660261,545.7802285,547.766894,0.01570116887,0.02531203634
yellow,670,11,18,0.734375,442.297256,572.0238573,546.9820943,0.02027658924,545.9887616,547.9754271,0.0154711555,0.02508202297
yellow,671,11,18,0.73828125,442.4257129,572.0527787,547.1911383,0.02004887844,546.1978055,548.1844711,0.01524344471,0.02485431218
yellow,672,11,18,0.7421875,442.5544855,572.08141,547.400696,0.01982345089,546.4073632,548.3940287,0.01501801715,0.02462888462
yellow,673,11,18,0.74609375,442.6835754,572.1097538,547.6107701,0.01960028723,546.6174373,548.6041028,0.0147948535,0.02440572097
yellow,674,11,18,0.75,442.8129844,572.1378125,547.8213634,0.01937936814,546.8280307,548.8146962,0.0145739344,0.02418480187
yellow,675,11,18,0.75390625,442.9427141,572.1655886,548.0324788,0.01916067427,547.0391461,549.0258116,0.01435524053,0.023966108
yellow,676,11,18,0.7578125,443.0727664,572.1930845,548.244119,0.01894418628,547.2507862,549.2374518,0.01413875254,0.02374962002
yellow,677,11,18,0.76171875,443.2031428,572.2203027,548.4562867,0.01872988484,547.462954,549.4496195,0.0139244511,0.02353531857
yellow,678,11,18,0.765625,443.3338452,572.2472457,548.6689849,0.0185177506,547.6756521,549.6623176,0.01371231687,0.02332318434
yellow,679,11,18,0.76953125,443.4648751,572.2739158,548.8822161,0.01830776423,547.8888833,549.8755489,0.0135023305,0.02311319797
yellow,680,11,18,0.7734375,443.5962344,572.3003157,549.0959833,0.01809990639,548.1026505,550.089316,0.01329447266,0.02290534013
yellow,681,11,18,0.77734375,443.7279247,572.3264476,549.3102891,0.01789415775,548.3169564,550.3036219,0.01308872401,0.02269959148
yellow,682,11,18,0.78125,443.8599478,572.3523141,549.5251365,0.01769049895,548.5318037,550.5184692,0.01288506521,0.02249593268
yellow,683,11,18,0.78515625,443.9923053,572.3779176,549.7405281,0.01748891067,548.7471953,550.7338608,0.01268347693,0.0222943444
yellow,684,11,18,0.7890625,444.1249989,572.4032606,549.9564667,0.01728937356,548.9631339,550.9497995,0.01248393982,0.02209480729
yellow,685,11,18,0.79296875,444.2580304,572.4283456,550.1729552,0.01709186828,549.1796224,551.1662879,0.01228643455,0.02189730202
yellow,686,11,18,0.796875,444.3914015,572.4531749,550.3899962,0.0168963755,549.3966635,551.383329,0.01209094177,0.02170180924
yellow,687,11,18,0.80078125,444.5251139,572.4777511,550.6075926,0.01670287589,549.6142599,551.6009254,0.01189744215,0.02150830962
yellow,688,11,18,0.8046875,444.6591692,572.5020766,550.8257472,0.01651135009,549.8324145,551.81908,0.01170591635,0.02131678382
yellow,689,11,18,0.80859375,444.7935692,572.5261539,551.0444628,0.01632177877,550.05113,552.0377955,0.01151634503,0.0211272125
yellow,690,11,18,0.8125,444.9283157,572.5499854,551.263742,0.01613414259,550.2704093,552.2570748,0.01132870886,0.02093957633
yellow,691,11,18,0.81640625,445.0634102,572.5735735,551.4835878,0.01594842222,550.490255,552.4769205,0.01114298848,0.02075385595
yellow,692,11,18,0.8203125,445.1988546,572.5969208,551.7040028,0.01576459831,550.71067,552.6973355,0.01095916457,0.02057003205
yellow,693,11,18,0.82421875,445.3346505,572.6200297,551.9249899,0.01558265153,550.9316571,552.9183226,0.01077721779,0.02038808526
yellow,694,11,18,0.828125,445.4707996,572.6429026,552.1465518,0.01540256253,551.153219,553.1398846,0.0105971288,0.02020799627
yellow,695,11,18,0.83203125,445.6073037,572.665542,552.3686913,0.01522431199,551.3753586,553.3620241,0.01041887825,0.02002974572
yellow,696,11,18,0.8359375,445.7441645,572.6879504,552.5914113,0.01504788055,551.5980785,553.584744,0.01024244682,0.01985331429
yellow,697,11,18,0.83984375,445.8813836,572.7101302,552.8147144,0.01487324889,551.8213817,553.8080472,0.01006781515,0.01967868262
yellow,698,11,18,0.84375,446.0189627,572.7320839,553.0386035,0.01470039765,552.0452707,554.0319363,0.009894963918,0.01950583139
yellow,699,11,18,0.84765625,446.1569037,572.7538138,553.2630813,0.01452930752,552.2697486,554.2564141,0.00972387378,0.01933474125
yellow,700,11,18,0.8515625,446.2952081,572.7753226,553.4881507,0.01435995913,552.4948179,554.4814834,0.009554525397,0.01916539287
yellow,701,11,18,0.85546875,446.4338778,572.7966126,553.7138143,0.01419233317,552.7204816,554.7071471,0.00938689943,0.0189977669
yellow,702,11,18,0.859375,446.5729143,572.8176863,553.9400751,0.01402641028,552.9467423,554.9334078,0.009220976541,0.01883184401
yellow,703,11,18,0.86328125,446.7123195,572.8385462,554.1669356,0.01386217113,553.1736029,555.1602684,0.009056737392,0.01866760486
yellow,704,11,18,0.8671875,446.8520949,572.8591946,554.3943989,0.01369959638,553.4010661,555.3877316,0.008894162642,0.01850503011
yellow,705,11,18,0.87109375,446.9922424,572.8796342,554.6224675,0.01353866669,553.6291348,555.6158003,0.008733232955,0.01834410043
yellow,706,11,18,0.875,447.1327637,572.8998672,554.8511444,0.01337936273,553.8578116,555.8444771,0.00857392899,0.01818479646
yellow,707,11,18,0.87890625,447.2736604,572.9198962,555.0804322,0.01322166515,554.0870995,556.073765,0.00841623141,0.01802709888
yellow,708,11,18,0.8828125,447.4149342,572.9397236,555.3103338,0.01306555461,554.3170011,556.3036666,0.008260120875,0.01787098835
yellow,709,11,18,0.88671875,447.5565869,572.959352,555.540852,0.01291101178,554.5475192,556.5341847,0.008105578048,0.01771644552
yellow,710,11,18,0.890625,447.6986202,572.9787836,555.7719894,0.01275801732,554.7786567,556.7653222,0.007952583589,0.01756345106
yellow,711,11,18,0.89453125,447.8410357,572.9980211,556.003749,0.01260655189,555.0104162,556.9970817,0.007801118159,0.01741198563
yellow,712,11,18,0.8984375,447.9838353,573.0170668,556.2361334,0.01245659616,555.2428007,557.2294662,0.00765116242,0.01726202989
yellow,713,11,18,0.90234375,448.1270205,573.0359233,556.4691455,0.01230813077,555.4758128,557.4624783,0.007502697033,0.0171135645
yellow,714,11,18,0.90625,448.2705932,573.0545929,556.7027881,0.0121611364,555.7094553,557.6961208,0.00735570266,0.01696657013
yellow,715,11,18,0.91015625,448.4145549,573.0730781,556.9370639,0.0120155937,555.9437311,557.9303966,0.007210159961,0.01682102743
yellow,716,11,18,0.9140625,448.5589075,573.0913814,557.1719756,0.01187148333,556.1786429,558.1653084,0.007066049599,0.01667691707
yellow,717,11,18,0.91796875,448.7036526,573.1095053,557.4075262,0.01172878597,556.4141934,558.400859,0.006923352234,0.01653421971
yellow,718,11,18,0.921875,448.848792,573.1274521,557.6437183,0.01158748226,556.6503856,558.6370511,0.006782048528,0.016392916
yellow,719,11,18,0.92578125,448.9943273,573.1452244,557.8805548,0.01144755288,556.887222,558.8738875,0.006642119141,0.01625298661
yellow,720,11,18,0.9296875,449.1402602,573.1628246,558.1180384,0.01130897847,557.1247056,559.1113711,0.006503544736,0.01611441221
yellow,721,11,18,0.93359375,449.2865925,573.1802552,558.3561719,0.01117173971,557.3628391,559.3495046,0.006366305974,0.01597717345
yellow,722,11,18,0.9375,449.4333259,573.1975186,558.594958,0.01103581725,557.6016253,559.5882908,0.006230383516,0.01584125099
yellow,723,11,18,0.94140625,449.5804621,573.2146172,558.8343997,0.01090119176,557.8410669,559.8277324,0.006095758022,0.01570662549
yellow,724,11,18,0.9453125,449.7280028,573.2315536,559.0744996,0.01076784389,558.0811668,560.0678323,0.005962410156,0.01557327763
yellow,725,11,18,0.94921875,449.8759496,573.2483301,559.3152605,0.01063575431,558.3219277,560.3085932,0.005830320577,0.01544118805
yellow,726,11,18,0.953125,450.0243044,573.2649494,559.5566852,0.01050490368,558.5633524,560.5500179,0.005699469947,0.01531033742
yellow,727,11,18,0.95703125,450.1730687,573.2814137,559.7987765,0.01037527266,558.8054437,560.7921092,0.005569838928,0.0151807064
yellow,728,11,18,0.9609375,450.3222444,573.2977255,560.0415371,0.01024684192,559.0482044,561.0348699,0.005441408181,0.01505227565
yellow,729,11,18,0.96484375,450.4718332,573.3138874,560.2849699,0.0101195921,559.2916372,561.2783027,0.005314158366,0.01492502584
yellow,730,11,18,0.96875,450.6218366,573.3299017,560.5290777,0.009993503882,559.5357449,561.5224104,0.005188070146,0.01479893762
yellow,731,11,18,0.97265625,450.7722566,573.345771,560.7738631,0.009868557918,559.7805303,561.7671959,0.005063124182,0.01467399165
yellow,732,11,18,0.9765625,450.9230946,573.3614976,561.019329,0.00974473487,560.0259963,562.0126618,0.004939301135,0.01455016861
yellow,733,11,18,0.98046875,451.0743526,573.3770841,561.2654782,0.009622015401,560.2721454,562.258811,0.004816581666,0.01442744914
yellow,734,11,18,0.984375,451.2260321,573.3925329,561.5123134,0.009500380172,560.5189807,562.5056462,0.004694946436,0.01430581391
yellow,735,11,18,0.98828125,451.3781349,573.4078464,561.7598375,0.009379809843,560.7665047,562.7531703,0.004574376108,0.01418524358
yellow,736,11,18,0.9921875,451.5306626,573.4230271,562.0080532,0.009260285077,561.0147204,563.0013859,0.004454851342,0.01406571881
yellow,737,11,18,0.99609375,451.6836171,573.4380775,562.2569632,0.009141786534,561.2636304,563.250296,0.004336352799,0.01394722027
yellow,738,11,18,1,451.837,573.453,562.5065704,0.009024294876,561.5132377,563.4999032,0.004218861141,0.01382972861
yellow,739,11,19,0.07692307692,452.0729231,573.4785385,562.8904992,0.008823218878,561.8971664,563.8838319,0.004017785142,0.01362865261
yellow,740,11,19,0.1538461538,452.3088462,573.5040769,563.274428,0.008622142879,562.2810952,564.2677607,0.003816709143,0.01342757661
yellow,741,11,19,0.2307692308,452.5447692,573.5296154,563.6583567,0.00842106688,562.665024,564.6516895,0.003615633144,0.01322650062
yellow,742,11,19,0.3076923077,452.7806923,573.5551538,564.0422855,0.008219990881,563.0489527,565.0356182,0.003414557145,0.01302542462
yellow,743,11,19,0.3846153846,453.0166154,573.5806923,564.4262143,0.008018914882,563.4328815,565.419547,0.003213481147,0.01282434862
yellow,744,11,19,0.4615384615,453.2525385,573.6062308,564.810143,0.007817838883,563.8168103,565.8034758,0.003012405148,0.01262327262
yellow,745,11,19,0.5384615385,453.4884615,573.6317692,565.1940718,0.007616762884,564.200739,566.1874046,0.002811329149,0.01242219662
yellow,746,11,19,0.6153846154,453.7243846,573.6573077,565.5780006,0.007415686886,564.5846678,566.5713333,0.00261025315,0.01222112062
yellow,747,11,19,0.6923076923,453.9603077,573.6828462,565.9619293,0.007214610887,564.9685966,566.9552621,0.002409177151,0.01202004462
yellow,748,11,19,0.7692307692,454.1962308,573.7083846,566.3458581,0.007013534888,565.3525253,567.3391909,0.002208101152,0.01181896862
yellow,749,11,19,0.8461538462,454.4321538,573.7339231,566.7297869,0.006812458889,565.7364541,567.7231196,0.002007025153,0.01161789262
yellow,750,11,19,0.9230769231,454.6680769,573.7594615,567.1137156,0.00661138289,566.1203829,568.1070484,0.001805949155,0.01141681663
yellow,751,11,19,1,454.904,573.785,567.4976444,0.006410306891,566.5043117,568.4909772,0.001604873156,0.01121574063
yellow,752,11,20,0.07692307692,455.1405385,573.8071538,567.8825746,0.006235879519,566.8892419,568.8759074,0.001430445783,0.01104131325
yellow,753,11,20,0.1538461538,455.3770769,573.8293077,568.2675048,0.006061452146,567.2741721,569.2608376,0.001256018411,0.01086688588
yellow,754,11,20,0.2307692308,455.6136154,573.8514615,568.6524351,0.005887024774,567.6591023,569.6457678,0.001081591038,0.01069245851
yellow,755,11,20,0.3076923077,455.8501538,573.8736154,569.0373653,0.005712597401,568.0440325,570.030698,0.0009071636658,0.01051803114
yellow,756,11,20,0.3846153846,456.0866923,573.8957692,569.4222955,0.005538170029,568.4289627,570.4156282,0.0007327362933,0.01034360376
yellow,757,11,20,0.4615384615,456.3232308,573.9179231,569.8072257,0.005363742656,568.8138929,570.8005585,0.0005583089208,0.01016917639
yellow,758,11,20,0.5384615385,456.5597692,573.9400769,570.1921559,0.005189315284,569.1988232,571.1854887,0.0003838815483,0.009994749019
yellow,759,11,20,0.6153846154,456.7963077,573.9622308,570.5770861,0.005014887911,569.5837534,571.5704189,0.0002094541758,0.009820321647
yellow,760,11,20,0.6923076923,457.0328462,573.9843846,570.9620163,0.004840460539,569.9686836,571.9553491,3.50268033e-05,0.009645894274
yellow,761,11,20,0.7692307692,457.2693846,574.0065385,571.3469466,0.004666033166,570.3536138,572.3402793,-0.0001394005692,0.009471466902
yellow,762,11,20,0.8461538462,457.5059231,574.0286923,571.7318768,0.004491605794,570.738544,572.7252095,-0.0003138279417,0.009297039529
yellow,763,11,20,0.9230769231,457.7424615,574.0508462,572.116807,0.004317178421,571.1234742,573.1101397,-0.0004882553142,0.009122612157
yellow,764,11,20,1,457.979,574.073,572.5017372,0.004142751049,571.5084044,573.49507,-0.0006626826867,0.008948184784
yellow,765,11,21,0.0078125,458.2036276,574.0913675,572.8672843,0.003998134995,571.8739515,573.860617,-0.0008072987403,0.008803568731
yellow,766,11,21,0.015625,458.4283995,574.1093475,573.2330662,0.003856570153,572.2397334,574.2263989,-0.0009488635828,0.008662003888
yellow,767,11,21,0.0234375,458.6533135,574.1269436,573.5990795,0.003718028319,572.6057467,574.5924122,-0.001087405417,0.008523462054
yellow,768,11,21,0.03125,458.8783676,574.1441593,573.9653207,0.00358248129,572.9719879,574.9586534,-0.001222952445,0.008387915026
yellow,769,11,21,0.0390625,459.1035596,574.1609982,574.3317862,0.003449900865,573.3384534,575.3251189,-0.001355532871,0.008255334601
yellow,770,11,21,0.046875,459.3288873,574.1774639,574.6984726,0.00332025884,573.7051398,575.6918053,-0.001485174896,0.008125692576
yellow,771,11,21,0.0546875,459.5543485,574.19356,575.0653763,0.003193527012,574.0720435,576.058709,-0.001611906723,0.007998960748
yellow,772,11,21,0.0625,459.7799412,574.20929,575.4324938,0.00306967718,574.4391611,576.4258266,-0.001735756556,0.007875110915
yellow,773,11,21,0.0703125,460.0056631,574.2246576,575.7998217,0.002948681139,574.806489,576.7931545,-0.001856752597,0.007754114874
yellow,774,11,21,0.078125,460.231512,574.2396663,576.1673564,0.002830510688,575.1740237,577.1606892,-0.001974923048,0.007635944423
yellow,775,11,21,0.0859375,460.457486,574.2543198,576.5350945,0.002715137623,575.5417617,577.5284272,-0.002090296113,0.007520571358
yellow,776,11,21,0.09375,460.6835827,574.2686215,576.9030324,0.002602533742,575.9096996,577.8963651,-0.002202899994,0.007407967477
yellow,777,11,21,0.1015625,460.9098,574.282575,577.2711665,0.002492670842,576.2778338,578.2644993,-0.002312762894,0.007298104578
yellow,778,11,21,0.109375,461.1361358,574.2961841,577.6394935,0.002385520721,576.6461607,578.6328263,-0.002419913015,0.007190954456
yellow,779,11,21,0.1171875,461.362588,574.3094521,578.0080098,0.002281055175,577.014677,579.0013425,-0.002524378561,0.00708648891
yellow,780,11,21,0.125,461.5891543,574.3223828,578.3767118,0.002179246002,577.3833791,579.3700446,-0.002626187734,0.006984679738
yellow,781,11,21,0.1328125,461.8158326,574.3349797,578.7455962,0.002080064999,577.7522634,579.738929,-0.002725368736,0.006885498735
yellow,782,11,21,0.140625,462.0426208,574.3472464,579.1146593,0.001983483964,578.1213266,580.1079921,-0.002821949771,0.0067889177
yellow,783,11,21,0.1484375,462.2695167,574.3591864,579.4838977,0.001889474694,578.490565,580.4772305,-0.002915959042,0.00669490843
yellow,784,11,21,0.15625,462.4965182,574.3708033,579.8533079,0.001798008986,578.8599752,580.8466407,-0.00300742475,0.006603442721
yellow,785,11,21,0.1640625,462.723623,574.3821008,580.2228864,0.001709058636,579.2295536,581.2162191,-0.003096375099,0.006514492372
yellow,786,11,21,0.171875,462.9508291,574.3930824,580.5926296,0.001622595444,579.5992968,581.5859623,-0.003182838292,0.006428029179
yellow,787,11,21,0.1796875,463.1781343,574.4037517,580.962534,0.001538591205,579.9692013,581.9558668,-0.00326684253,0.006344024941
yellow,788,11,21,0.1875,463.4055364,574.4141123,581.3325962,0.001457017718,580.3392635,582.325929,-0.003348416018,0.006262451453
yellow,789,11,21,0.1953125,463.6330333,574.4241677,581.7028127,0.001377846778,580.7094799,582.6961454,-0.003427586957,0.006183280514
yellow,790,11,21,0.203125,463.8606228,574.4339216,582.0731798,0.001301050185,581.0798471,583.0665126,-0.003504383551,0.00610648392
yellow,791,11,21,0.2109375,464.0883028,574.4433775,582.4436942,0.001226599734,581.4503615,583.437027,-0.003578834002,0.006032033469
yellow,792,11,21,0.21875,464.3160711,574.4525389,582.8143523,0.001154467223,581.8210196,583.8076851,-0.003650966512,0.005959900959
yellow,793,11,21,0.2265625,464.5439255,574.4614096,583.1851507,0.00108462445,582.1918179,584.1784834,-0.003720809286,0.005890058186
yellow,794,11,21,0.234375,464.771864,574.469993,583.5560857,0.001017043211,582.562753,584.5494185,-0.003788390524,0.005822476947
yellow,795,11,21,0.2421875,464.9998843,574.4782928,583.927154,0.0009516953049,582.9338212,584.9204867,-0.003853738431,0.00575712904
yellow,796,11,21,0.25,465.2279844,574.4863125,584.2983519,0.0008885525276,583.3050192,585.2916847,-0.003916881208,0.005693986263
yellow,797,11,21,0.2578125,465.4561619,574.4940557,584.6696761,0.0008275866768,583.6763433,585.6630088,-0.003977847059,0.005633020412
yellow,798,11,21,0.265625,465.6844149,574.501526,585.0411229,0.0007687695497,584.0477902,586.0344557,-0.004036664186,0.005574203285
yellow,799,11,21,0.2734375,465.9127411,574.508727,585.4126889,0.0007120729437,584.4193562,586.4060217,-0.004093360792,0.005517506679
yellow,800,11,21,0.28125,466.1411384,574.5156622,585.7843706,0.000657468656,584.7910379,586.7777034,-0.00414796508,0.005462902392
yellow,801,11,21,0.2890625,466.3696046,574.5223353,586.1561645,0.0006049284839,585.1628317,587.1494972,-0.004200505252,0.005410362219
yellow,802,11,21,0.296875,466.5981376,574.5287498,586.528067,0.0005544242246,585.5347343,587.5213998,-0.004251009511,0.00535985796
yellow,803,11,21,0.3046875,466.8267352,574.5349093,586.9000747,0.0005059276754,585.9067419,587.8934074,-0.00429950606,0.005311361411
yellow,804,11,21,0.3125,467.0553953,574.5408174,587.272184,0.0004594106336,586.2788513,588.2655168,-0.004346023102,0.005264844369
yellow,805,11,21,0.3203125,467.2841156,574.5464776,587.6443915,0.0004148448965,586.6510587,588.6377243,-0.004390588839,0.005220278632
yellow,806,11,21,0.328125,467.5128942,574.5518936,588.0166936,0.0003722022612,587.0233609,589.0100264,-0.004433231474,0.005177635997
yellow,807,11,21,0.3359375,467.7417287,574.557069,588.3890869,0.0003314545252,587.3957541,589.3824196,-0.00447397921,0.005136888261
yellow,808,11,21,0.34375,467.9706171,574.5620072,588.7615677,0.0002925734856,587.768235,589.7549005,-0.00451286025,0.005098007221
yellow,809,11,21,0.3515625,468.1995572,574.5667119,589.1341327,0.0002555309397,588.1408,590.1274655,-0.004549902796,0.005060964675
yellow,810,11,21,0.359375,468.4285468,574.5711868,589.5067784,0.0002202986848,588.5134456,590.5001111,-0.004585135051,0.00502573242
yellow,811,11,21,0.3671875,468.6575838,574.5754352,589.8795011,0.0001868485182,588.8861683,590.8728339,-0.004618585217,0.004992282254
yellow,812,11,21,0.375,468.886666,574.5794609,590.2522974,0.0001551522371,589.2589647,591.2456302,-0.004650281498,0.004960585973
yellow,813,11,21,0.3828125,469.1157913,574.5832675,590.6251639,0.0001251816388,589.6318311,591.6184966,-0.004680252097,0.004930615374
yellow,814,11,21,0.390625,469.3449575,574.5868584,590.9980969,9.690852052e-05,590.0047641,591.9914296,-0.004708525215,0.004902342256
yellow,815,11,21,0.3984375,469.5741625,574.5902373,591.371093,7.03046796e-05,590.3777602,592.3644258,-0.004735129056,0.004875738415
yellow,816,11,21,0.40625,469.8034041,574.5934078,591.7441487,4.534191329e-05,590.7508159,592.7374815,-0.004760091822,0.004850775649
yellow,817,11,21,0.4140625,470.0326802,574.5963735,592.1172605,2.199201884e-05,591.1239277,593.1105932,-0.004783441717,0.004827425754
yellow,818,11,21,0.421875,470.2619886,574.5991379,592.4904248,2.267935306e-07,591.4970921,593.4837576,-0.004805206942,0.004805660529
yellow,819,11,21,0.4296875,470.4913271,574.6017046,592.8636382,-1.998196537e-05,591.8703055,593.856971,-0.004825415701,0.00478545177
yellow,820,11,21,0.4375,470.7206936,574.6040771,593.2368972,-3.86624606e-05,592.2435644,594.2302299,-0.004844096196,0.004766771275
yellow,821,11,21,0.4453125,470.950086,574.6062592,593.6101982,-5.584289489e-05,592.6168654,594.6035309,-0.00486127663,0.004749590841
yellow,822,11,21,0.453125,471.179502,574.6082543,593.9835377,-7.155147097e-05,592.990205,594.9768705,-0.004876985207,0.004733882265
yellow,823,11,21,0.4609375,471.4089396,574.6100661,594.3569123,-8.581639156e-05,593.3635796,595.3502451,-0.004891250127,0.004719617344
yellow,824,11,21,0.46875,471.6383965,574.6116981,594.7303185,-9.866585941e-05,593.7369857,595.7236512,-0.004904099595,0.004706767876
yellow,825,11,21,0.4765625,471.8678707,574.6131539,595.1037526,-0.0001101280772,594.1104199,596.0970854,-0.004915561813,0.004695305658
yellow,826,11,21,0.484375,472.0973599,574.6144371,595.4772113,-0.0001202312478,594.4838786,596.4705441,-0.004925664983,0.004685202488
yellow,827,11,21,0.4921875,472.3268621,574.6155513,595.850691,-0.0001290035738,594.8573583,596.8440238,-0.004934437309,0.004676430162
yellow,828,11,21,0.5,472.556375,574.6165,596.2241882,-0.000136473258,595.2308555,597.217521,-0.004941906994,0.004668960478
yellow,829,11,21,0.5078125,472.7858965,574.6172869,596.5976995,-0.000142668503,595.6043667,597.5910322,-0.004948102239,0.004662765233
yellow,830,11,21,0.515625,473.0154245,574.6179154,596.9712212,-0.0001476175118,595.9778884,597.9645539,-0.004953051247,0.004657816224
yellow,831,11,21,0.5234375,473.2449568,574.6183893,597.3447499,-0.0001513484869,596.3514171,598.3380826,-0.004956782222,0.004654085249
yellow,832,11,21,0.53125,473.4744912,574.618712,597.7182821,-0.0001538896311,596.7249493,598.7116148,-0.004959323367,0.004651544104
yellow,833,11,21,0.5390625,473.7040256,574.6188872,598.0918143,-0.0001552691471,597.0984815,599.085147,-0.004960702883,0.004650164588
yellow,834,11,21,0.546875,473.9335578,574.6189185,598.4653429,-0.0001555152377,597.4720101,599.4586757,-0.004960948973,0.004649918498
yellow,835,11,21,0.5546875,474.1630857,574.6188094,598.8388645,-0.0001546561056,597.8455318,599.8321973,-0.004960089841,0.00465077763
yellow,836,11,21,0.5625,474.3926072,574.6185635,599.2123756,-0.0001527199536,598.2190429,600.2057084,-0.004958153689,0.004652713782
yellow,837,11,21,0.5703125,474.62212,574.6181844,599.5858727,-0.0001497349843,598.5925399,600.5792054,-0.00495516872,0.004655698751
yellow,838,11,21,0.578125,474.851622,574.6176756,599.9593522,-0.0001457294005,598.9660194,600.9526849,-0.004951163136,0.004659704335
yellow,839,11,21,0.5859375,475.0811111,574.6170408,600.3328106,-0.0001407314049,599.3394778,601.3261434,-0.00494616514,0.004664702331
yellow,840,11,21,0.59375,475.3105851,574.6162836,600.7062445,-0.0001347692003,599.7129117,601.6995772,-0.004940202936,0.004670664535
yellow,841,11,21,0.6015625,475.5400419,574.6154074,601.0796503,-0.0001278709893,600.0863175,602.0729831,-0.004933304725,0.004677562746
yellow,842,11,21,0.609375,475.7694792,574.614416,601.4530245,-0.0001200649748,600.4596918,602.4463573,-0.00492549871,0.004685368761
yellow,843,11,21,0.6171875,475.998895,574.6133128,601.8263637,-0.0001113793595,600.833031,602.8196965,-0.004916813095,0.004694054376
yellow,844,11,21,0.625,476.2282871,574.6121016,602.1996643,-0.000101842346,601.2063315,603.1929971,-0.004907276082,0.00470359139
yellow,845,11,21,0.6328125,476.4576533,574.6107857,602.5729228,-9.148213712e-05,601.57959,603.5662555,-0.004896915873,0.004713951598
yellow,846,11,21,0.640625,476.6869915,574.6093689,602.9461357,-8.03269356e-05,601.9528029,603.9394684,-0.004885760671,0.0047251068
yellow,847,11,21,0.6484375,476.9162996,574.6078547,603.3192995,-6.840494416e-05,602.3259667,604.3126322,-0.00487383868,0.004737028791
yellow,848,11,21,0.65625,477.1455753,574.6062467,603.6924107,-5.574436554e-05,602.6990779,604.6857434,-0.004861178101,0.00474968937
yellow,849,11,21,0.6640625,477.3748165,574.6045485,604.0654658,-4.237340245e-05,603.072133,605.0587985,-0.004847807138,0.004763060333
yellow,850,11,21,0.671875,477.6040211,574.6027636,604.4384612,-2.832025763e-05,603.4451285,605.431794,-0.004833753993,0.004777113478
yellow,851,11,21,0.6796875,477.8331869,574.6008957,604.8113936,-1.361313382e-05,603.8180608,605.8047263,-0.004819046869,0.004791820602
yellow,852,11,21,0.6875,478.0623118,574.5989482,605.1842593,1.719766249e-06,604.1909265,606.177592,-0.004803713969,0.004807153502
yellow,853,11,21,0.6953125,478.2913935,574.5969249,605.5570548,1.765023986e-05,604.5637221,606.5503876,-0.004787783496,0.004823083975
yellow,854,11,21,0.703125,478.52043,574.5948293,605.9297768,3.415008426e-05,604.936444,606.9231095,-0.004771283651,0.00483958382
yellow,855,11,21,0.7109375,478.7494191,574.5926649,606.3024215,5.119109674e-05,605.3090888,607.2957543,-0.004754242639,0.004856624832
yellow,856,11,21,0.71875,478.9783587,574.5904354,606.6749857,6.874507455e-05,605.6816529,607.6683184,-0.004736688661,0.00487417881
yellow,857,11,21,0.7265625,479.2072465,574.5881443,607.0474656,8.678381498e-05,606.0541329,608.0407984,-0.004718649921,0.004892217551
yellow,858,11,21,0.734375,479.4360804,574.5857953,607.4198579,0.0001052791153,606.4265252,608.4131907,-0.00470015462,0.004910712851
yellow,859,11,21,0.7421875,479.6648584,574.5833918,607.7921591,0.0001242027727,606.7988263,608.7854918,-0.004681230963,0.004929636508
yellow,860,11,21,0.75,479.8935781,574.5809375,608.1643655,0.0001435265846,607.1710328,609.1576983,-0.004661907151,0.00494896032
yellow,861,11,21,0.7578125,480.1222375,574.578436,608.5364738,0.0001632223481,607.543141,609.5298066,-0.004642211387,0.004968656084
yellow,862,11,21,0.765625,480.3508345,574.5758908,608.9084804,0.0001832618606,607.9151476,609.9018131,-0.004622171875,0.004988695596
yellow,863,11,21,0.7734375,480.5793668,574.5733055,609.2803818,0.0002036169193,608.287049,610.2737145,-0.004601816816,0.005009050655
yellow,864,11,21,0.78125,480.8078322,574.5706837,609.6521745,0.0002242593214,608.6588417,610.6455072,-0.004581174414,0.005029693057
yellow,865,11,21,0.7890625,481.0362288,574.568029,610.0238549,0.0002451608644,609.0305222,611.0171877,-0.004560272871,0.0050505946
yellow,866,11,21,0.796875,481.2645542,574.565345,610.3954197,0.0002662933453,609.4020869,611.3887525,-0.00453914039,0.005071727081
yellow,867,11,21,0.8046875,481.4928064,574.5626353,610.7668652,0.0002876285616,609.7735325,611.760198,-0.004517805174,0.005093062297
yellow,868,11,21,0.8125,481.7209832,574.5599033,611.1381881,0.0003091383104,610.1448553,612.1315208,-0.004496295425,0.005114572046
yellow,869,11,21,0.8203125,481.9490823,574.5571528,611.5093847,0.000330794389,610.5160519,612.5027174,-0.004474639347,0.005136228125
yellow,870,11,21,0.828125,482.1771018,574.5543873,611.8804515,0.0003525685948,610.8871188,612.8737843,-0.004452865141,0.00515800233
yellow,871,11,21,0.8359375,482.4050394,574.5516103,612.2513851,0.0003744327249,611.2580524,613.2447179,-0.004431001011,0.00517986646
yellow,872,11,21,0.84375,482.632893,574.5488256,612.622182,0.0003963585766,611.6288492,613.6155148,-0.004409075159,0.005201792312
yellow,873,11,21,0.8515625,482.8606604,574.5460365,612.9928386,0.0004183179472,611.9995059,613.9861714,-0.004387115788,0.005223751683
yellow,874,11,21,0.859375,483.0883394,574.5432468,613.3633515,0.000440282634,612.3700187,614.3566842,-0.004365151102,0.00524571637
yellow,875,11,21,0.8671875,483.3159279,574.54046,613.7337171,0.0004622244343,612.7403843,614.7270498,-0.004343209301,0.00526765817
yellow,876,11,21,0.875,483.5434238,574.5376797,614.1039319,0.0004841151452,613.1105991,615.0972646,-0.00432131859,0.005289548881
yellow,877,11,21,0.8828125,483.7708249,574.5349094,614.4739924,0.0005059265641,613.4806597,615.4673252,-0.004299507171,0.0053113603
yellow,878,11,21,0.890625,483.9981291,574.5321528,614.8438952,0.0005276304883,613.8505624,615.8372279,-0.004277803247,0.005333064224
yellow,879,11,21,0.8984375,484.2253341,574.5294135,615.2136366,0.000549198715,614.2203039,616.2069694,-0.004256235021,0.005354632451
yellow,880,11,21,0.90625,484.4524378,574.5266949,615.5832133,0.0005706030414,614.5898806,616.5765461,-0.004234830694,0.005376036777
yellow,881,11,21,0.9140625,484.6794382,574.5240008,615.9526217,0.0005918152649,614.9592889,616.9459545,-0.004213618471,0.005397249
yellow,882,11,21,0.921875,484.9063329,574.5213346,616.3218583,0.0006128071828,615.3285255,617.315191,-0.004192626553,0.005418240918
yellow,883,11,21,0.9296875,485.13312,574.5187,616.6909195,0.0006335505922,615.6975868,617.6842523,-0.004171883143,0.005438984328
yellow,884,11,21,0.9375,485.3597971,574.5161006,617.0598019,0.0006540172904,616.0664692,618.0531347,-0.004151416445,0.005459451026
yellow,885,11,21,0.9453125,485.5863622,574.5135399,617.4285021,0.0006741790748,616.4351693,618.4218348,-0.004131254661,0.00547961281
yellow,886,11,21,0.953125,485.8128132,574.5110214,617.7970163,0.0006940077426,616.8036836,618.7903491,-0.004111425993,0.005499441478
yellow,887,11,21,0.9609375,486.0391477,574.5085489,618.1653413,0.000713475091,617.1720085,619.158674,-0.004091958645,0.005518908827
yellow,888,11,21,0.96875,486.2653638,574.5061259,618.5334734,0.0007325529174,617.5401406,619.5268062,-0.004072880818,0.005537986653
yellow,889,11,21,0.9765625,486.4914592,574.5037559,618.9014091,0.000751213019,617.9080764,619.8947419,-0.004054220717,0.005556646755
yellow,890,11,21,0.984375,486.7174318,574.5014425,619.2691451,0.000769427193,618.2758123,620.2624778,-0.004036006543,0.005574860929
yellow,891,11,21,0.9921875,486.9432795,574.4991893,619.6366776,0.0007871672367,618.6433448,620.6300104,-0.004018266499,0.005592600972
yellow,892,11,21,1,487.169,574.497,620.0040033,0.0008044049475,619.0106705,620.997336,-0.004001028788,0.005609838683
yellow,893,11,22,0.07692307692,487.4049231,574.4893077,620.387932,0.0008649700074,619.3945993,621.3812648,-0.003940463728,0.005670403743
yellow,894,11,22,0.1538461538,487.6408462,574.4816154,620.7718608,0.0009255350673,619.7785281,621.7651936,-0.003879898668,0.005730968803
yellow,895,11,22,0.2307692308,487.8767692,574.4739231,621.1557896,0.0009861001272,620.1624568,622.1491223,-0.003819333608,0.005791533863
yellow,896,11,22,0.3076923077,488.1126923,574.4662308,621.5397184,0.001046665187,620.5463856,622.5330511,-0.003758768548,0.005852098923
yellow,897,11,22,0.3846153846,488.3486154,574.4585385,621.9236471,0.001107230247,620.9303144,622.9169799,-0.003698203489,0.005912663983
yellow,898,11,22,0.4615384615,488.5845385,574.4508462,622.3075759,0.001167795307,621.3142431,623.3009086,-0.003637638429,0.005973229042
yellow,899,11,22,0.5384615385,488.8204615,574.4431538,622.6915047,0.001228360367,621.6981719,623.6848374,-0.003577073369,0.006033794102
yellow,900,11,22,0.6153846154,489.0563846,574.4354615,623.0754334,0.001288925427,622.0821007,624.0687662,-0.003516508309,0.006094359162
yellow,901,11,22,0.6923076923,489.2923077,574.4277692,623.4593622,0.001349490487,622.4660294,624.452695,-0.003455943249,0.006154924222
yellow,902,11,22,0.7692307692,489.5282308,574.4200769,623.843291,0.001410055546,622.8499582,624.8366237,-0.003395378189,0.006215489282
yellow,903,11,22,0.8461538462,489.7641538,574.4123846,624.2272197,0.001470620606,623.233887,625.2205525,-0.003334813129,0.006276054342
yellow,904,11,22,0.9230769231,490.0000769,574.4046923,624.6111485,0.001531185666,623.6178157,625.6044813,-0.003274248069,0.006336619402
yellow,905,11,22,1,490.236,574.397,624.9950773,0.001591750726,624.0017445,625.98841,-0.003213683009,0.006397184462
yellow,906,11,23,0.00390625,490.3715338,574.3903302,625.2156378,0.001644264818,624.2223051,626.2089706,-0.003161168918,0.006449698553
yellow,907,11,23,0.0078125,490.5070572,574.383727,625.4361814,0.00169625525,624.4428487,626.4295142,-0.003109178486,0.006501688985
yellow,908,11,23,0.01171875,490.6425702,574.3771899,625.6567082,0.001747724573,624.6633754,626.6500409,-0.003057709163,0.006553158309
yellow,909,11,23,0.015625,490.7780729,574.3707187,625.8772182,0.001798675339,624.8838854,626.8705509,-0.003006758397,0.006604109074
yellow,910,11,23,0.01953125,490.9135655,574.364313,626.0977116,0.001849110098,625.1043788,627.0910443,-0.002956323637,0.006654543834
yellow,911,11,23,0.0234375,491.0490479,574.3579726,626.3181886,0.001899031403,625.3248558,627.3115213,-0.002906402333,0.006704465138
yellow,912,11,23,0.02734375,491.1845203,574.351697,626.5386492,0.001948441803,625.5453165,627.531982,-0.002856991933,0.006753875538
yellow,913,11,23,0.03125,491.3199828,574.345486,626.7590937,0.00199734385,625.765761,627.7524265,-0.002808089886,0.006802777585
yellow,914,11,23,0.03515625,491.4554355,574.3393393,626.9795222,0.002045740095,625.9861894,627.972855,-0.002759693641,0.00685117383
yellow,915,11,23,0.0390625,491.5908783,574.3332564,627.1999348,0.002093633089,626.206602,628.1932675,-0.002711800647,0.006899066824
yellow,916,11,23,0.04296875,491.7263115,574.3272372,627.4203316,0.002141025383,626.4269988,628.4136644,-0.002664408353,0.006946459119
yellow,917,11,23,0.046875,491.8617351,574.3212812,627.6407128,0.002187919528,626.6473801,628.6340456,-0.002617514207,0.006993353264
yellow,918,11,23,0.05078125,491.9971492,574.3153882,627.8610785,0.002234318076,626.8677458,628.8544113,-0.002571115659,0.007039751812
yellow,919,11,23,0.0546875,492.1325538,574.3095578,628.0814289,0.002280223577,627.0880962,629.0747617,-0.002525210158,0.007085657313
yellow,920,11,23,0.05859375,492.2679492,574.3037896,628.3017641,0.002325638583,627.3084314,629.2950969,-0.002479795153,0.007131072318
yellow,921,11,23,0.0625,492.4033352,574.2980835,628.5220842,0.002370565644,627.5287515,629.515417,-0.002434868092,0.00717599938
yellow,922,11,23,0.06640625,492.5387121,574.292439,628.7423894,0.002415007312,627.7490567,629.7357222,-0.002390426424,0.007220441047
yellow,923,11,23,0.0703125,492.6740799,574.2868558,628.9626799,0.002458966137,627.9693471,629.9560126,-0.002346467598,0.007264399873
yellow,924,11,23,0.07421875,492.8094387,574.2813337,629.1829556,0.002502444672,628.1896229,630.1762884,-0.002302989064,0.007307878407
yellow,925,11,23,0.078125,492.9447885,574.2758722,629.4032169,0.002545445466,628.4098841,630.3965496,-0.002259988269,0.007350879202
yellow,926,11,23,0.08203125,493.0801296,574.2704711,629.6234637,0.002587971072,628.630131,630.6167965,-0.002217462664,0.007393404807
yellow,927,11,23,0.0859375,493.2154619,574.2651299,629.8436964,0.002630024039,628.8503636,630.8370291,-0.002175409697,0.007435457775
yellow,928,11,23,0.08984375,493.3507855,574.2598485,630.0639149,0.00267160692,629.0705821,631.0572476,-0.002133826816,0.007477040655
yellow,929,11,23,0.09375,493.4861006,574.2546265,630.2841195,0.002712722265,629.2907867,631.2774522,-0.002092711471,0.007518156
yellow,930,11,23,0.09765625,493.6214071,574.2494636,630.5043102,0.002753372625,629.5109774,631.497643,-0.002052061111,0.00755880636
yellow,931,11,23,0.1015625,493.7567053,574.2443593,630.7244873,0.002793560551,629.7311545,631.71782,-0.002011873184,0.007598994287
yellow,932,11,23,0.10546875,493.8919951,574.2393135,630.9446508,0.002833288596,629.951318,631.9379835,-0.00197214514,0.007638722331
yellow,933,11,23,0.109375,494.0272767,574.2343258,631.1648009,0.002872559308,630.1714681,632.1581336,-0.001932874427,0.007677993044
yellow,934,11,23,0.11328125,494.1625501,574.2293958,631.3849377,0.002911375241,630.391605,632.3782705,-0.001894058495,0.007716808976
yellow,935,11,23,0.1171875,494.2978154,574.2245233,631.6050614,0.002949738944,630.6117287,632.5983942,-0.001855694791,0.00775517268
yellow,936,11,23,0.12109375,494.4330728,574.2197079,631.8251721,0.002987652969,630.8318394,632.8185049,-0.001817780766,0.007793086705
yellow,937,11,23,0.125,494.5683223,574.2149492,632.04527,0.003025119867,631.0519372,633.0386027,-0.001780313868,0.007830553603
yellow,938,11,23,0.12890625,494.7035639,574.2102471,632.2653551,0.003062142189,631.2720223,633.2586879,-0.001743291546,0.007867575925
yellow,939,11,23,0.1328125,494.8387978,574.205601,632.4854276,0.003098722487,631.4920949,633.4787604,-0.001706711249,0.007904156222
yellow,940,11,23,0.13671875,494.9740241,574.2010108,632.7054878,0.00313486331,631.712155,633.6988205,-0.001670570426,0.007940297046
yellow,941,11,23,0.140625,495.1092428,574.1964761,632.9255355,0.003170567211,631.9322028,633.9188683,-0.001634866525,0.007976000946
yellow,942,11,23,0.14453125,495.244454,574.1919965,633.1455712,0.00320583674,632.1522384,634.1389039,-0.001599596996,0.008011270475
yellow,943,11,23,0.1484375,495.3796579,574.1875718,633.3655948,0.003240674448,632.372262,634.3589275,-0.001564759287,0.008046108184
yellow,944,11,23,0.15234375,495.5148544,574.1832017,633.5856065,0.003275082887,632.5922737,634.5789392,-0.001530350848,0.008080516623
yellow,945,11,23,0.15625,495.6500437,574.1788857,633.8056064,0.003309064608,632.8122737,634.7989392,-0.001496369127,0.008114498344
yellow,946,11,23,0.16015625,495.7852259,574.1746236,634.0255948,0.003342622162,633.032262,635.0189275,-0.001462811574,0.008148055897
yellow,947,11,23,0.1640625,495.920401,574.170415,634.2455716,0.003375758099,633.2522389,635.2389044,-0.001429675637,0.008181191834
yellow,948,11,23,0.16796875,496.0555692,574.1662597,634.4655371,0.003408474971,633.4722044,635.4588699,-0.001396958765,0.008213908707
yellow,949,11,23,0.171875,496.1907304,574.1621572,634.6854914,0.003440775329,633.6921587,635.6788242,-0.001364658406,0.008246209065
yellow,950,11,23,0.17578125,496.3258849,574.1581074,634.9054347,0.003472661724,633.9121019,635.8987674,-0.001332772011,0.00827809546
yellow,951,11,23,0.1796875,496.4610327,574.1541098,635.125367,0.003504136708,634.1320343,636.1186998,-0.001301297028,0.008309570443
yellow,952,11,23,0.18359375,496.5961738,574.1501641,635.3452885,0.00353520283,634.3519558,636.3386213,-0.001270230905,0.008340636566
yellow,953,11,23,0.1875,496.7313083,574.14627,635.5651994,0.003565862643,634.5718667,636.5585322,-0.001239571092,0.008371296379
yellow,954,11,23,0.19140625,496.8664365,574.1424272,635.7850998,0.003596118697,634.791767,636.7784325,-0.001209315038,0.008401552433
yellow,955,11,23,0.1953125,497.0015582,574.1386354,636.0049898,0.003625973544,635.011657,636.9983225,-0.001179460191,0.00843140728
yellow,956,11,23,0.19921875,497.1366737,574.1348942,636.2248695,0.003655429735,635.2315368,637.2182023,-0.001150004001,0.00846086347
yellow,957,11,23,0.203125,497.2717829,574.1312033,636.4447392,0.00368448982,635.4514064,637.438072,-0.001120943916,0.008489923555
yellow,958,11,23,0.20703125,497.406886,574.1275624,636.6645989,0.00371315635,635.6712661,637.6579316,-0.001092277385,0.008518590086
yellow,959,11,23,0.2109375,497.5419831,574.1239711,636.8844488,0.003741431878,635.891116,637.8777815,-0.001064001858,0.008546865614
yellow,960,11,23,0.21484375,497.6770742,574.1204292,637.1042889,0.003769318953,636.1109562,638.0976217,-0.001036114782,0.008574752689
yellow,961,11,23,0.21875,497.8121595,574.1169363,637.3241196,0.003796820128,636.3307868,638.3174523,-0.001008613608,0.008602253864
yellow,962,11,23,0.22265625,497.947239,574.1134921,637.5439408,0.003823937953,636.5506081,638.5372736,-0.0009814957829,0.008629371688
yellow,963,11,23,0.2265625,498.0823128,574.1100963,637.7637528,0.003850674978,636.77042,638.7570855,-0.0009547587571,0.008656108714
yellow,964,11,23,0.23046875,498.217381,574.1067485,637.9835556,0.003877033756,636.9902228,638.9768884,-0.0009283999791,0.008682467492
yellow,965,11,23,0.234375,498.3524436,574.1034484,638.2033494,0.003903016838,637.2100167,639.1966822,-0.0009024168977,0.008708450573
yellow,966,11,23,0.23828125,498.4875008,574.1001957,638.4231344,0.003928626774,637.4298016,639.4164672,-0.0008768069618,0.008734060509
yellow,967,11,23,0.2421875,498.6225527,574.0969901,638.6429107,0.003953866115,637.6495779,639.6362434,-0.0008515676205,0.008759299851
yellow,968,11,23,0.24609375,498.7575992,574.0938312,638.8626783,0.003978737413,637.8693456,639.8560111,-0.0008266963225,0.008784171149
yellow,969,11,23,0.25,498.8926406,574.0907187,639.0824375,0.004003243219,638.0891048,640.0757703,-0.0008021905168,0.008808676954
yellow,970,11,23,0.25390625,499.0276769,574.0876524,639.3021885,0.004027386083,638.3088557,640.2955212,-0.0007780476524,0.008832819819
yellow,971,11,23,0.2578125,499.1627082,574.0846318,639.5219312,0.004051168557,638.5285985,640.515264,-0.0007542651781,0.008856602293
yellow,972,11,23,0.26171875,499.2977345,574.0816567,639.7416659,0.004074593193,638.7483332,640.7349987,-0.0007308405428,0.008880026928
yellow,973,11,23,0.265625,499.432756,574.0787266,639.9613928,0.00409766254,638.96806,640.9547255,-0.0007077711956,0.008903096276
yellow,974,11,23,0.26953125,499.5677727,574.0758414,640.1811118,0.00412037915,639.1877791,641.1744446,-0.0006850545851,0.008925812886
yellow,975,11,23,0.2734375,499.7027847,574.0730007,640.4008233,0.004142745575,639.4074905,641.3941561,-0.0006626881605,0.008948179311
yellow,976,11,23,0.27734375,499.8377921,574.0702041,640.6205273,0.004164764365,639.6271945,641.61386,-0.0006406693706,0.008970198101
yellow,977,11,23,0.28125,499.9727951,574.0674514,640.8402239,0.004186438071,639.8468912,641.8335567,-0.0006189956644,0.008991871807
yellow,978,11,23,0.28515625,500.1077936,574.0647421,641.0599133,0.004207769245,640.0665806,642.0532461,-0.0005976644906,0.009013202981
yellow,979,11,23,0.2890625,500.2427877,574.062076,641.2795957,0.004228760437,640.286263,642.2729285,-0.0005766732983,0.009034194173
yellow,980,11,23,0.29296875,500.3777776,574.0594528,641.4992712,0.004249414199,640.5059384,642.4926039,-0.0005560195364,0.009054847935
yellow,981,11,23,0.296875,500.5127634,574.0568721,641.7189398,0.004269733082,640.7256071,642.7122726,-0.0005357006537,0.009075166817
yellow,982,11,23,0.30078125,500.647745,574.0543337,641.9386018,0.004289719636,640.9452691,642.9319346,-0.0005157140993,0.009095153372
yellow,983,11,23,0.3046875,500.7827226,574.0518371,642.1582573,0.004309376414,641.1649246,643.1515901,-0.0004960573219,0.009114810149
yellow,984,11,23,0.30859375,500.9176964,574.0493821,642.3779064,0.004328705965,641.3845737,643.3712392,-0.0004767277706,0.009134139701
yellow,985,11,23,0.3125,501.0526663,574.0469683,642.5975493,0.004347710841,641.6042166,643.5908821,-0.0004577228942,0.009153144577
yellow,986,11,23,0.31640625,501.1876324,574.0445954,642.8171861,0.004366393594,641.8238533,643.8105188,-0.0004390401417,0.009171827329
yellow,987,11,23,0.3203125,501.3225949,574.0422631,643.0368169,0.004384756774,642.0434842,644.0301497,-0.0004206769619,0.009190190509
yellow,988,11,23,0.32421875,501.4575538,574.0399711,643.2564419,0.004402802932,642.2631091,644.2497747,-0.0004026308038,0.009208236667
yellow,989,11,23,0.328125,501.5925092,574.037719,643.4760612,0.004420534619,642.4827285,644.469394,-0.0003848991163,0.009225968355
yellow,990,11,23,0.33203125,501.7274612,574.0355065,643.695675,0.004437954387,642.7023422,644.6890077,-0.0003674793483,0.009243388123
yellow,991,11,23,0.3359375,501.8624099,574.0333333,643.9152833,0.004455064787,642.9219506,644.9086161,-0.0003503689488,0.009260498522
yellow,992,11,23,0.33984375,501.9973553,574.0311991,644.1348864,0.004471868369,643.1415537,645.1282192,-0.0003335653665,0.009277302105
yellow,993,11,23,0.34375,502.1322976,574.0291036,644.3544844,0.004488367685,643.3611516,645.3478171,-0.0003170660505,0.009293801421
yellow,994,11,23,0.34765625,502.2672368,574.0270463,644.5740773,0.004504565286,643.5807446,645.5674101,-0.0003008684497,0.009309999021
yellow,995,11,23,0.3515625,502.402173,574.0250271,644.7936654,0.004520463723,643.8003326,645.7869982,-0.000284970013,0.009325897458
yellow,996,11,23,0.35546875,502.5371063,574.0230455,645.0132488,0.004536065546,644.019916,646.0065815,-0.0002693681892,0.009341499282
yellow,997,11,23,0.359375,502.6720368,574.0211013,645.2328276,0.004551373308,644.2394948,646.2261603,-0.0002540604274,0.009356807044
yellow,998,11,23,0.36328125,502.8069646,574.0191941,645.4524019,0.004566389559,644.4590692,646.4457347,-0.0002390441764,0.009371823295
yellow,999,11,23,0.3671875,502.9418898,574.0173236,645.671972,0.00458111685,644.6786392,646.6653047,-0.0002243168851,0.009386550586
yellow,1000,11,23,0.37109375,503.0768123,574.0154895,645.8915378,0.004595557733,644.8982051,646.8848706,-0.0002098760025,0.009400991469
yellow,1001,11,23,0.375,503.2117324,574.0136914,646.1110997,0.004609714758,645.1177669,647.1044324,-0.0001957189774,0.009415148494
yellow,1002,11,23,0.37890625,503.3466501,574.0119291,646.3306576,0.004623590477,645.3373249,647.3239904,-0.0001818432588,0.009429024212
yellow,1003,11,23,0.3828125,503.4815655,574.0102021,646.5502118,0.00463718744,645.5568791,647.5435446,-0.0001682462957,0.009442621175
yellow,1004,11,23,0.38671875,503.6164787,574.0085103,646.7697624,0.004650508199,645.7764297,647.7630952,-0.0001549255368,0.009455941934
yellow,1005,11,23,0.390625,503.7513897,574.0068532,646.9893095,0.004663555304,645.9959768,647.9826423,-0.0001418784311,0.00946898904
yellow,1006,11,23,0.39453125,503.8862987,574.0052305,647.2088533,0.004676331308,646.2155205,648.202186,-0.0001291024276,0.009481765044
yellow,1007,11,23,0.3984375,504.0212057,574.0036419,647.4283938,0.00468883876,646.4350611,648.4217266,-0.0001165949751,0.009494272496
yellow,1008,11,23,0.40234375,504.1561109,574.0020872,647.6479313,0.004701080213,646.6545986,648.6412641,-0.0001043535226,0.009506513949
yellow,1009,11,23,0.40625,504.2910142,574.0005659,647.8674659,0.004713058217,646.8741331,648.8607987,-9.237551896e-05,0.009518491952
yellow,1010,11,23,0.41015625,504.4259158,573.9990777,648.0869977,0.004724775322,647.0936649,649.0803304,-8.065841312e-05,0.009530209058
yellow,1011,11,23,0.4140625,504.5608158,573.9976223,648.3065268,0.004736234082,647.313194,649.2998596,-6.919965399e-05,0.009541667817
yellow,1012,11,23,0.41796875,504.6957142,573.9961994,648.5260534,0.004747437045,647.5327207,649.5193862,-5.799669048e-05,0.009552870781
yellow,1013,11,23,0.421875,504.8306112,573.9948087,648.7455777,0.004758386764,647.7522449,649.7389104,-4.704697151e-05,0.0095638205
yellow,1014,11,23,0.42578125,504.9655068,573.9934499,648.9650997,0.00476908579,647.9717669,649.9584324,-3.634794598e-05,0.009574519525
yellow,1015,11,23,0.4296875,505.1004012,573.9921225,649.1846196,0.004779536673,648.1912868,650.1779523,-2.589706282e-05,0.009584970408
yellow,1016,11,23,0.43359375,505.2352943,573.9908263,649.4041375,0.004789741965,648.4108047,650.3974703,-1.569177094e-05,0.0095951757
yellow,1017,11,23,0.4375,505.3701863,573.989561,649.6236536,0.004799704216,648.6303209,650.6169864,-5.729519254e-06,0.009605137952
yellow,1018,11,23,0.44140625,505.5050772,573.9883263,649.8431681,0.004809425979,648.8498353,650.8365008,3.992243329e-06,0.009614859714
yellow,1019,11,23,0.4453125,505.6399672,573.9871218,650.0626809,0.004818909803,649.0693482,651.0560137,1.347606789e-05,0.009624343539
yellow,1020,11,23,0.44921875,505.7748564,573.9859471,650.2821924,0.004828158241,649.2888597,651.2755252,2.272450551e-05,0.009633591977
yellow,1021,11,23,0.453125,505.9097448,573.9848021,650.5017026,0.004837173843,649.5083699,651.4950354,3.174010729e-05,0.009642607578
yellow,1022,11,23,0.45703125,506.0446324,573.9836862,650.7212117,0.00484595916,649.7278789,651.7145444,4.05254243e-05,0.009651392895
yellow,1023,11,23,0.4609375,506.1795195,573.9825994,650.9407198,0.004854516743,649.947387,651.9340525,4.908300763e-05,0.009659950479
yellow,1024,11,23,0.46484375,506.314406,573.9815411,651.160227,0.004862849144,650.1668942,652.1535597,5.741540837e-05,0.00966828288
yellow,1025,11,23,0.46875,506.4492921,573.980511,651.3797335,0.004870958913,650.3864007,652.3730662,6.55251776e-05,0.009676392649
yellow,1026,11,23,0.47265625,506.5841778,573.979509,651.5992394,0.004878848602,650.6059066,652.5925722,7.341486641e-05,0.009684282338
yellow,1027,11,23,0.4765625,506.7190633,573.9785346,651.8187449,0.004886520761,650.8254121,652.8120776,8.108702589e-05,0.009691954497
yellow,1028,11,23,0.48046875,506.8539485,573.9775874,652.03825,0.004893977943,651.0449173,653.0315828,8.854420711e-05,0.009699411678
yellow,1029,11,23,0.484375,506.9888337,573.9766673,652.257755,0.004901222697,651.2644223,653.2510878,9.578896118e-05,0.009706656432
yellow,1030,11,23,0.48828125,507.1237188,573.9757738,652.47726,0.004908257575,651.4839272,653.4705927,0.0001028238392,0.00971369131
yellow,1031,11,23,0.4921875,507.258604,573.9749066,652.6967651,0.004915085128,651.7034323,653.6900978,0.0001096513922,0.009720518863
yellow,1032,11,23,0.49609375,507.3934894,573.9740655,652.9162704,0.004921707907,651.9229376,653.9096031,0.0001162741712,0.009727141642
yellow,1033,11,23,0.5,507.528375,573.97325,653.1357761,0.004928128463,652.1424433,654.1291088,0.0001226947275,0.009733562199
yellow,1034,11,23,0.50390625,507.6632609,573.9724599,653.3552823,0.004934349348,652.3619496,654.3486151,0.000128915612,0.009739783083
yellow,1035,11,23,0.5078125,507.7981472,573.9716948,653.5747892,0.004940373111,652.5814564,654.568122,0.0001349393759,0.009745806847
yellow,1036,11,23,0.51171875,507.933034,573.9709545,653.7942969,0.004946202306,652.8009641,654.7876296,0.0001407685702,0.009751636041
yellow,1037,11,23,0.515625,508.0679214,573.9702385,654.0138055,0.004951839482,653.0204727,655.0071383,0.0001464057461,0.009757273217
yellow,1038,11,23,0.51953125,508.2028095,573.9695466,654.2333152,0.00495728719,653.2399824,655.2266479,0.0001518534545,0.009762720926
yellow,1039,11,23,0.5234375,508.3376983,573.9688784,654.4528261,0.004962547982,653.4594933,655.4461588,0.0001571142466,0.009767981718
yellow,1040,11,23,0.52734375,508.4725879,573.9682337,654.6723383,0.004967624409,653.6790056,655.6656711,0.0001621906736,0.009773058145
yellow,1041,11,23,0.53125,508.6074784,573.967612,654.8918521,0.004972519022,653.8985193,655.8851848,0.0001670852863,0.009777952757
yellow,1042,11,23,0.53515625,508.74237,573.9670131,655.1113674,0.004977234372,654.1180347,656.1047002,0.0001718006361,0.009782668107
yellow,1043,11,23,0.5390625,508.8772626,573.9664367,655.3308846,0.004981773009,654.3375518,656.3242173,0.0001763392738,0.009787206745
yellow,1044,11,23,0.54296875,509.0121564,573.9658823,655.5504036,0.004986137486,654.5570708,656.5437363,0.0001807037507,0.009791571222
yellow,1045,11,23,0.546875,509.1470514,573.9653498,655.7699246,0.004990330353,654.7765919,656.7632574,0.0001848966178,0.009795764089
yellow,1046,11,23,0.55078125,509.2819478,573.9648387,655.9894479,0.004994354162,654.9961151,656.9827806,0.0001889204262,0.009799787897
yellow,1047,11,23,0.5546875,509.4168456,573.9643488,656.2089734,0.004998211463,655.2156407,657.2023062,0.000192777727,0.009803645198
yellow,1048,11,23,0.55859375,509.5517449,573.9638797,656.4285015,0.005001904807,655.4351687,657.4218342,0.0001964710712,0.009807338542
yellow,1049,11,23,0.5625,509.6866458,573.9634312,656.6480321,0.005005436746,655.6546993,657.6413648,0.00020000301,0.009810870481
yellow,1050,11,23,0.56640625,509.8215483,573.9630027,656.8675654,0.00500880983,655.8742326,657.8608981,0.0002033760945,0.009814243566
yellow,1051,11,23,0.5703125,509.9564527,573.9625942,657.0871016,0.005012026611,656.0937688,658.0804343,0.0002065928756,0.009817460347
yellow,1052,11,23,0.57421875,510.0913588,573.9622051,657.3066408,0.00501508964,656.313308,658.2999735,0.0002096559046,0.009820523376
yellow,1053,11,23,0.578125,510.2262669,573.9618353,657.5261831,0.005018001468,656.5328503,658.5195159,0.0002125677324,0.009823435204
yellow,1054,11,23,0.58203125,510.3611771,573.9614844,657.7457287,0.005020764646,656.752396,658.7390615,0.0002153309102,0.009826198381
yellow,1055,11,23,0.5859375,510.4960893,573.961152,657.9652778,0.005023381725,656.971945,658.9586105,0.0002179479891,0.00982881546
yellow,1056,11,23,0.58984375,510.6310037,573.9608378,658.1848304,0.005025855256,657.1914976,659.1781631,0.0002204215202,0.009831288991
yellow,1057,11,23,0.59375,510.7659204,573.9605416,658.4043866,0.00502818779,657.4110539,659.3977194,0.0002227540545,0.009833621526
yellow,1058,11,23,0.59765625,510.9008394,573.9602629,658.6239468,0.005030381879,657.630614,659.6172795,0.0002249481431,0.009835815614
yellow,1059,11,23,0.6015625,511.0357609,573.9600015,658.8435108,0.005032440073,657.8501781,659.8368436,0.0002270063371,0.009837873808
yellow,1060,11,23,0.60546875,511.1706849,573.959757,659.063079,0.005034364923,658.0697463,660.0564118,0.0002289311876,0.009839798659
yellow,1061,11,23,0.609375,511.3056115,573.9595292,659.2826515,0.005036158981,658.2893187,660.2759842,0.0002307252457,0.009841592717
yellow,1062,11,23,0.61328125,511.4405408,573.9593176,659.5022283,0.005037824798,658.5088956,660.4955611,0.0002323910624,0.009843258534
yellow,1063,11,23,0.6171875,511.5754729,573.959122,659.7218097,0.005039364925,658.7284769,660.7151424,0.0002339311889,0.00984479866
yellow,1064,11,23,0.62109375,511.7104078,573.958942,659.9413957,0.005040781912,658.9480629,660.9347284,0.0002353481763,0.009846215647
yellow,1065,11,23,0.625,511.8453457,573.9587773,660.1609865,0.005042078311,659.1676537,661.1543192,0.0002366445755,0.009847512047
yellow,1066,11,23,0.62890625,511.9802866,573.9586277,660.3805822,0.005043256673,659.3872494,661.373915,0.0002378229378,0.009848690409
yellow,1067,11,23,0.6328125,512.1152307,573.9584927,660.600183,0.00504431955,659.6068503,661.5935158,0.0002388858142,0.009849753285
yellow,1068,11,23,0.63671875,512.2501779,573.958372,660.819789,0.005045269491,659.8264563,661.8131218,0.0002398357557,0.009850703227
yellow,1069,11,23,0.640625,512.3851284,573.9582654,661.0394004,0.005046109049,660.0460677,662.0327332,0.0002406753135,0.009851542785
yellow,1070,11,23,0.64453125,512.5200823,573.9581725,661.2590173,0.005046840774,660.2656845,662.25235,0.0002414070387,0.00985227451
yellow,1071,11,23,0.6484375,512.6550397,573.9580929,661.4786398,0.005047467218,660.485307,662.4719725,0.0002420334823,0.009852900953
yellow,1072,11,23,0.65234375,512.7900006,573.9580264,661.698268,0.005047990931,660.7049352,662.6916008,0.0002425571954,0.009853424667
yellow,1073,11,23,0.65625,512.9249651,573.9579726,661.9179021,0.005048414465,660.9245694,662.9112349,0.0002429807292,0.0098538482
yellow,1074,11,23,0.66015625,513.0599334,573.9579312,662.1375423,0.00504874037,661.1442096,663.1308751,0.0002433066346,0.009854174106
yellow,1075,11,23,0.6640625,513.1949054,573.9579019,662.3571887,0.005048971198,661.3638559,663.3505215,0.0002435374628,0.009854404934
yellow,1076,11,23,0.66796875,513.3298813,573.9578843,662.5768414,0.0050491095,661.5835086,663.5701741,0.0002436757649,0.009854543236
yellow,1077,11,23,0.671875,513.4648612,573.9578782,662.7965005,0.005049157827,661.8031677,663.7898333,0.0002437240919,0.009854591563
yellow,1078,11,23,0.67578125,513.5998451,573.9578831,663.0161662,0.005049118731,662.0228335,664.009499,0.000243684995,0.009854552466
yellow,1079,11,23,0.6796875,513.7348332,573.9578989,663.2358387,0.005048994761,662.2425059,664.2291714,0.0002435610251,0.009854428496
yellow,1080,11,23,0.68359375,513.8698254,573.9579251,663.455518,0.005048788469,662.4621852,664.4488507,0.0002433547335,0.009854222205
yellow,1081,11,23,0.6875,514.004822,573.9579614,663.6752043,0.005048502407,662.6818715,664.6685371,0.0002430686712,0.009853936142
yellow,1082,11,23,0.69140625,514.139823,573.9580076,663.8948978,0.005048139125,662.901565,664.8882305,0.0002427053893,0.00985357286
yellow,1083,11,23,0.6953125,514.2748284,573.9580632,664.1145985,0.005047701174,663.1212657,665.1079313,0.0002422674388,0.00985313491
yellow,1084,11,23,0.69921875,514.4098384,573.958128,664.3343067,0.005047191106,663.3409739,665.3276394,0.0002417573709,0.009852624842
yellow,1085,11,23,0.703125,514.5448531,573.9582016,664.5540224,0.005046611472,663.5606896,665.5473551,0.0002411777366,0.009852045208
yellow,1086,11,23,0.70703125,514.6798725,573.9582837,664.7737458,0.005045964823,663.780413,665.7670785,0.0002405310871,0.009851398558
yellow,1087,11,23,0.7109375,514.8148967,573.958374,664.993477,0.005045253709,664.0001443,665.9868098,0.0002398199733,0.009850687444
yellow,1088,11,23,0.71484375,514.9499257,573.9584722,665.2132162,0.005044480682,664.2198835,666.206549,0.0002390469465,0.009849914418
yellow,1089,11,23,0.71875,515.0849598,573.9585779,665.4329636,0.005043648293,664.4396308,666.4262963,0.0002382145576,0.009849082029
yellow,1090,11,23,0.72265625,515.2199989,573.9586909,665.6527191,0.005042759093,664.6593864,666.6460519,0.0002373253578,0.009848192829
yellow,1091,11,23,0.7265625,515.3550432,573.9588107,665.8724831,0.005041815634,664.8791503,666.8658158,0.0002363818982,0.009847249369
yellow,1092,11,23,0.73046875,515.4900928,573.9589371,666.0922555,0.005040820465,665.0989228,667.0855883,0.0002353867298,0.009846254201
yellow,1093,11,23,0.734375,515.6251476,573.9590697,666.3120367,0.005039776139,665.3187039,667.3053694,0.0002343424037,0.009845209875
yellow,1094,11,23,0.73828125,515.7602078,573.9592083,666.5318266,0.005038685207,665.5384938,667.5251593,0.000233251471,0.009844118942
yellow,1095,11,23,0.7421875,515.8952736,573.9593525,666.7516254,0.005037550218,665.7582927,667.7449582,0.0002321164828,0.009842983954
yellow,1096,11,23,0.74609375,516.0303449,573.9595019,666.9714334,0.005036373726,665.9781006,667.9647661,0.0002309399902,0.009841807461
yellow,1097,11,23,0.75,516.1654219,573.9596562,667.1912505,0.00503515828,666.1979178,668.1845833,0.0002297245443,0.009840592015
yellow,1098,11,23,0.75390625,516.3005046,573.9598152,667.411077,0.005033906432,666.4177443,668.4044098,0.0002284726961,0.009839340167
yellow,1099,11,23,0.7578125,516.4355931,573.9599785,667.630913,0.005032620732,666.6375802,668.6242458,0.0002271869968,0.009838054468
yellow,1100,11,23,0.76171875,516.5706876,573.9601458,667.8507586,0.005031303733,666.8574258,668.8440914,0.0002258699973,0.009836737468
yellow,1101,11,23,0.765625,516.7057881,573.9603167,668.070614,0.005029957984,667.0772812,669.0639467,0.0002245242489,0.00983539172
yellow,1102,11,23,0.76953125,516.8408946,573.960491,668.2904792,0.005028586038,667.2971465,669.283812,0.0002231523026,0.009834019774
yellow,1103,11,23,0.7734375,516.9760073,573.9606682,668.5103545,0.005027190445,667.5170218,669.5036873,0.0002217567095,0.009832624181
yellow,1104,11,23,0.77734375,517.1111263,573.9608482,668.73024,0.005025773756,667.7369073,669.7235728,0.0002203400206,0.009831207492
yellow,1105,11,23,0.78125,517.2462516,573.9610305,668.9501358,0.005024338523,667.9568031,669.9434686,0.0002189047871,0.009829772258
yellow,1106,11,23,0.78515625,517.3813833,573.9612148,669.1700421,0.005022887296,668.1767093,670.1633748,0.00021745356,0.009828321031
yellow,1107,11,23,0.7890625,517.5165216,573.9614008,669.3899589,0.005021422626,668.3966262,670.3832917,0.0002159888904,0.009826856362
yellow,1108,11,23,0.79296875,517.6516664,573.9615882,669.6098865,0.005019947065,668.6165537,670.6032192,0.0002145133295,0.009825380801
yellow,1109,11,23,0.796875,517.7868179,573.9617767,669.8298249,0.005018463164,668.8364922,670.8231577,0.0002130294282,0.009823896899
yellow,1110,11,23,0.80078125,517.9219762,573.9619659,670.0497744,0.005016973473,669.0564416,671.0431071,0.0002115397378,0.009822407209
yellow,1111,11,23,0.8046875,518.0571413,573.9621555,670.2697349,0.005015480545,669.2764022,671.2630677,0.0002100468092,0.00982091428
yellow,1112,11,23,0.80859375,518.1923134,573.9623452,670.4897068,0.005013986929,669.4963741,671.4830396,0.0002085531935,0.009819420665
yellow,1113,11,23,0.8125,518.3274924,573.9625347,670.7096901,0.005012495177,669.7163573,671.7030228,0.0002070614419,0.009817928913
yellow,1114,11,23,0.81640625,518.4626786,573.9627236,670.9296849,0.005011007841,669.9363522,671.9230177,0.0002055741054,0.009816441577
yellow,1115,11,23,0.8203125,518.597872,573.9629116,671.1496915,0.005009527471,670.1563587,672.1430242,0.0002040937351,0.009814961206
yellow,1116,11,23,0.82421875,518.7330726,573.9630984,671.3697098,0.005008056618,670.3763771,672.3630426,0.0002026228822,0.009813490353
yellow,1117,11,23,0.828125,518.8682806,573.9632837,671.5897401,0.005006597833,670.5964074,672.5830729,0.0002011640976,0.009812031569
yellow,1118,11,23,0.83203125,519.003496,573.9634671,671.8097826,0.005005153668,670.8164498,672.8031153,0.0001997199324,0.009810587404
yellow,1119,11,23,0.8359375,519.1387189,573.9636483,672.0298373,0.005003726673,671.0365045,673.02317,0.0001982929379,0.009809160409
yellow,1120,11,23,0.83984375,519.2739495,573.9638271,672.2499043,0.0050023194,671.2565716,673.2432371,0.0001968856649,0.009807753136
yellow,1121,11,23,0.84375,519.4091877,573.964003,672.4699839,0.0050009344,671.4766512,673.4633167,0.0001955006647,0.009806368136
yellow,1122,11,23,0.84765625,519.5444337,573.9641757,672.6900762,0.004999574224,671.6967434,673.6834089,0.0001941404883,0.009805007959
yellow,1123,11,23,0.8515625,519.6796876,573.964345,672.9101812,0.004998241422,671.9168485,673.903514,0.0001928076868,0.009803675158
yellow,1124,11,23,0.85546875,519.8149495,573.9645105,673.1302992,0.004996938547,672.1369664,674.123632,0.0001915048112,0.009802372282
yellow,1125,11,23,0.859375,519.9502193,573.9646719,673.3504303,0.004995668148,672.3570975,674.343763,0.0001902344128,0.009801101884
yellow,1126,11,23,0.86328125,520.0854973,573.9648288,673.5705745,0.004994432778,672.5772418,674.5639073,0.0001889990425,0.009799866514
yellow,1127,11,23,0.8671875,520.2207835,573.9649809,673.7907321,0.004993234987,672.7973994,674.7840649,0.0001878012514,0.009798668723
yellow,1128,11,23,0.87109375,520.356078,573.9651279,674.0109032,0.004992077326,673.0175705,675.004236,0.0001866435907,0.009797511062
yellow,1129,11,23,0.875,520.4913809,573.9652695,674.231088,0.004990962347,673.2377552,675.2244207,0.0001855286113,0.009796396082
yellow,1130,11,23,0.87890625,520.6266922,573.9654054,674.4512864,0.0049898926,673.4579537,675.4446192,0.0001844588645,0.009795326336
yellow,1131,11,23,0.8828125,520.762012,573.9655352,674.6714988,0.004988870637,673.6781661,675.6648316,0.0001834369012,0.009794304372
yellow,1132,11,23,0.88671875,520.8973405,573.9656586,674.8917253,0.004987899008,673.8983925,675.885058,0.0001824652726,0.009793332744
yellow,1133,11,23,0.890625,521.0326777,573.9657753,675.1119659,0.004986980265,674.1186331,676.1052986,0.0001815465298,0.009792414001
yellow,1134,11,23,0.89453125,521.1680237,573.9658849,675.3322208,0.004986116959,674.338888,676.3255535,0.0001806832238,0.009791550695
yellow,1135,11,23,0.8984375,521.3033785,573.9659872,675.5524902,0.004985311641,674.5591574,676.5458229,0.0001798779057,0.009790745377
yellow,1136,11,23,0.90234375,521.4387424,573.9660818,675.7727741,0.004984566862,674.7794414,676.7661069,0.0001791331267,0.009790000598
yellow,1137,11,23,0.90625,521.5741153,573.9661684,675.9930728,0.004983885173,674.9997401,676.9864056,0.0001784514377,0.009789318909
yellow,1138,11,23,0.91015625,521.7094973,573.9662466,676.2133864,0.004983269125,675.2200536,677.2067191,0.0001778353899,0.009788702861
yellow,1139,11,23,0.9140625,521.8448885,573.9663162,676.4337149,0.00498272127,675.4403822,677.4270477,0.0001772875344,0.009788155006
yellow,1140,11,23,0.91796875,521.9802891,573.9663768,676.6540586,0.004982244158,675.6607259,677.6473914,0.0001768104222,0.009787677893
yellow,1141,11,23,0.921875,522.115699,573.9664281,676.8744176,0.00498184034,675.8810849,677.8677504,0.0001764066045,0.009787274076
yellow,1142,11,23,0.92578125,522.2511184,573.9664698,677.094792,0.004981512368,676.1014593,678.0881248,0.0001760786323,0.009786946103
yellow,1143,11,23,0.9296875,522.3865474,573.9665015,677.315182,0.004981262792,676.3218492,678.3085147,0.0001758290567,0.009786696528
yellow,1144,11,23,0.93359375,522.521986,573.9665229,677.5355876,0.004981094164,676.5422549,678.5289204,0.0001756604288,0.0097865279
yellow,1145,11,23,0.9375,522.6574343,573.9665337,677.7560091,0.004981009035,676.7626763,678.7493419,0.0001755752997,0.009786442771
yellow,1146,11,23,0.94140625,522.7928925,573.9665336,677.9764466,0.004981009956,676.9831138,678.9697793,0.0001755762204,0.009786443692
yellow,1147,11,23,0.9453125,522.9283605,573.9665222,678.1969001,0.004981099478,677.2035674,679.1902329,0.0001756657422,0.009786533213
yellow,1148,11,23,0.94921875,523.0638386,573.9664993,678.4173699,0.004981280151,677.4240372,679.4107027,0.0001758464159,0.009786713887
yellow,1149,11,23,0.953125,523.1993267,573.9664644,678.6378561,0.004981554528,677.6445233,679.6311889,0.0001761207928,0.009786988264
yellow,1150,11,23,0.95703125,523.3348249,573.9664173,678.8583588,0.004981925159,677.8650261,679.8516916,0.0001764914239,0.009787358895
yellow,1151,11,23,0.9609375,523.4703334,573.9663577,679.0788782,0.004982394596,678.0855454,680.0722109,0.0001769608602,0.009787828331
yellow,1152,11,23,0.96484375,523.6058522,573.9662852,679.2994143,0.004982965389,678.3060816,680.2927471,0.000177531653,0.009788399124
yellow,1153,11,23,0.96875,523.7413814,573.9661995,679.5199674,0.004983640089,678.5266347,680.5133002,0.0001782063532,0.009789073824
yellow,1154,11,23,0.97265625,523.8769211,573.9661003,679.7405376,0.004984421248,678.7472049,680.7338704,0.000178987512,0.009789854983
yellow,1155,11,23,0.9765625,524.0124714,573.9659873,679.961125,0.004985311416,678.9677923,680.9544578,0.0001798776805,0.009790745152
yellow,1156,11,23,0.98046875,524.1480324,573.96586,680.1817297,0.004986313145,679.188397,681.1750625,0.0001808794096,0.009791746881
yellow,1157,11,23,0.984375,524.2836041,573.9657183,680.402352,0.004987428986,679.4090192,681.3956847,0.0001819952506,0.009792862722
yellow,1158,11,23,0.98828125,524.4191866,573.9655618,680.6229918,0.00498866149,679.6296591,681.6163246,0.0001832277544,0.009794095226
yellow,1159,11,23,0.9921875,524.55478,573.9653901,680.8436494,0.004990013208,679.8503167,681.8369822,0.0001845794723,0.009795446943
yellow,1160,11,23,0.99609375,524.6903845,573.9652029,681.0643249,0.004991486691,680.0709922,682.0576577,0.0001860529552,0.009796920426
yellow,1161,11,23,1,524.826,573.965,681.2850185,0.00499308449,680.2916857,682.2783512,0.0001876507542,0.009798518225
yellow,1162,11,24,0.02173913043,525.0759783,573.965,681.6918199,0.00499308449,680.6984872,682.6851527,0.0001876507542,0.009798518225
yellow,1163,11,24,0.04347826087,525.3259565,573.965,682.0986213,0.00499308449,681.1052886,683.0919541,0.0001876507542,0.009798518225
yellow,1164,11,24,0.0652173913,525.5759348,573.965,682.5054228,0.00499308449,681.51209,683.4987555,0.0001876507542,0.009798518225
yellow,1165,11,24,0.08695652174,525.825913,573.965,682.9122242,0.00499308449,681.9188915,683.905557,0.0001876507542,0.009798518225
yellow,1166,11,24,0.1086956522,526.0758913,573.965,683.3190256,0.00499308449,682.3256929,684.3123584,0.0001876507542,0.009798518225
yellow,1167,11,24,0.1304347826,526.3258696,573.965,683.7258271,0.00499308449,682.7324943,684.7191598,0.0001876507542,0.009798518225
yellow,1168,11,24,0.152173913,526.5758478,573.965,684.1326285,0.00499308449,683.1392958,685.1259613,0.0001876507542,0.009798518225
yellow,1169,11,24,0.1739130435,526.8258261,573.965,684.5394299,0.00499308449,683.5460972,685.5327627,0.0001876507542,0.009798518225
yellow,1170,11,24,0.1956521739,527.0758043,573.965,684.9462314,0.00499308449,683.9528986,685.9395641,0.0001876507542,0.009798518225
yellow,1171,11,24,0.2173913043,527.3257826,573.965,685.3530328,0.00499308449,684.3597001,686.3463656,0.0001876507542,0.009798518225
yellow,1172,11,24,0.2391304348,527.5757609,573.965,685.7598343,0.00499308449,684.7665015,686.753167,0.0001876507542,0.009798518225
yellow,1173,11,24,0.2608695652,527.8257391,573.965,686.1666357,0.00499308449,685.1733029,687.1599684,0.0001876507542,0.009798518225
yellow,1174,11,24,0.2826086957,528.0757174,573.965,686.5734371,0.00499308449,685.5801044,687.5667699,0.0001876507542,0.009798518225
yellow,1175,11,24,0.3043478261,528.3256957,573.965,686.9802386,0.00499308449,685.9869058,687.9735713,0.0001876507542,0.009798518225
yellow,1176,11,24,0.3260869565,528.5756739,573.965,687.38704,0.00499308449,686.3937072,688.3803727,0.0001876507542,0.009798518225
yellow,1177,11,24,0.347826087,528.8256522,573.965,687.7938414,0.00499308449,686.8005087,688.7871742,0.0001876507542,0.009798518225
yellow,1178,11,24,0.3695652174,529.0756304,573.965,688.2006429,0.00499308449,687.2073101,689.1939756,0.0001876507542,0.009798518225
yellow,1179,11,24,0.3913043478,529.3256087,573.965,688.6074443,0.00499308449,687.6141115,689.600777,0.0001876507542,0.009798518225
yellow,1180,11,24,0.4130434783,529.575587,573.965,689.0142457,0.00499308449,688.020913,690.0075785,0.0001876507542,0.009798518225
yellow,1181,11,24,0.4347826087,529.8255652,573.965,689.4210472,0.00499308449,688.4277144,690.4143799,0.0001876507542,0.009798518225
yellow,1182,11,24,0.4565217391,530.0755435,573.965,689.8278486,0.00499308449,688.8345158,690.8211814,0.0001876507542,0.009798518225
yellow,1183,11,24,0.4782608696,530.3255217,573.965,690.23465,0.00499308449,689.2413173,691.2279828,0.0001876507542,0.009798518225
yellow,1184,11,24,0.5,530.5755,573.965,690.6414515,0.00499308449,689.6481187,691.6347842,0.0001876507542,0.009798518225
yellow,1185,11,24,0.5217391304,530.8254783,573.965,691.0482529,0.00499308449,690.0549201,692.0415857,0.0001876507542,0.009798518225
yellow,1186,11,24,0.5434782609,531.0754565,573.965,691.4550543,0.00499308449,690.4617216,692.4483871,0.0001876507542,0.009798518225
yellow,1187,11,24,0.5652173913,531.3254348,573.965,691.8618558,0.00499308449,690.868523,692.8551885,0.0001876507542,0.009798518225
yellow,1188,11,24,0.5869565217,531.575413,573.965,692.2686572,0.00499308449,691.2753244,693.26199,0.0001876507542,0.009798518225
yellow,1189,11,24,0.6086956522,531.8253913,573.965,692.6754586,0.00499308449,691.6821259,693.6687914,0.0001876507542,0.009798518225
yellow,1190,11,24,0.6304347826,532.0753696,573.965,693.0822601,0.00499308449,692.0889273,694.0755928,0.0001876507542,0.009798518225
yellow,1191,11,24,0.652173913,532.3253478,573.965,693.4890615,0.00499308449,692.4957287,694.4823943,0.0001876507542,0.009798518225
yellow,1192,11,24,0.6739130435,532.5753261,573.965,693.8958629,0.00499308449,692.9025302,694.8891957,0.0001876507542,0.009798518225
yellow,1193,11,24,0.6956521739,532.8253043,573.965,694.3026644,0.00499308449,693.3093316,695.2959971,0.0001876507542,0.009798518225
yellow,1194,11,24,0.7173913043,533.0752826,573.965,694.7094658,0.00499308449,693.716133,695.7027986,0.0001876507542,0.009798518225
yellow,1195,11,24,0.7391304348,533.3252609,573.965,695.1162672,0.00499308449,694.1229345,696.1096,0.0001876507542,0.009798518225
yellow,1196,11,24,0.7608695652,533.5752391,573.965,695.5230687,0.00499308449,694.5297359,696.5164014,0.0001876507542,0.009798518225
yellow,1197,11,24,0.7826086957,533.8252174,573.965,695.9298701,0.00499308449,694.9365373,696.9232029,0.0001876507542,0.009798518225
yellow,1198,11,24,0.8043478261,534.0751957,573.965,696.3366715,0.00499308449,695.3433388,697.3300043,0.0001876507542,0.009798518225
yellow,1199,11,24,0.8260869565,534.3251739,573.965,696.743473,0.00499308449,695.7501402,697.7368057,0.0001876507542,0.009798518225
yellow,1200,11,24,0.847826087,534.5751522,573.965,697.1502744,0.00499308449,696.1569416,698.1436072,0.0001876507542,0.009798518225
yellow,1201,11,24,0.8695652174,534.8251304,573.965,697.5570758,0.00499308449,696.5637431,698.5504086,0.0001876507542,0.009798518225
yellow,1202,11,24,0.8913043478,535.0751087,573.965,697.9638773,0.00499308449,696.9705445,698.95721,0.0001876507542,0.009798518225
yellow,1203,11,24,0.9130434783,535.325087,573.965,698.3706787,0.00499308449,697.377346,699.3640115,0.0001876507542,0.009798518225
yellow,1204,11,24,0.9347826087,535.5750652,573.965,698.7774801,0.00499308449,697.7841474,699.7708129,0.0001876507542,0.009798518225
yellow,1205,11,24,0.9565217391,535.8250435,573.965,699.1842816,0.00499308449,698.1909488,700.1776143,0.0001876507542,0.009798518225
yellow,1206,11,24,0.9782608696,536.0750217,573.965,699.591083,0.00499308449,698.5977503,700.5844158,0.0001876507542,0.009798518225
yellow,1207,11,24,1,536.325,573.965,699.9978844,0.00499308449,699.0045517,700.9912172,0.0001876507542,0.009798518225
magenta,0,9,0,0,364.267,533.957,419.9997722,0.3199943836,419.0064394,420.9931049,0.3151889499,0.3247998173
magenta,1,9,1,0.04347826087,364.4613913,534.1126087,420.3161143,0.3187692051,419.3227816,421.3094471,0.3139637714,0.3235746388
magenta,2,9,1,0.08695652174,364.6557826,534.2682174,420.6324565,0.3175440266,419.6391237,421.6257892,0.3127385929,0.3223494603
magenta,3,9,1,0.1304347826,364.8501739,534.4238261,420.9487986,0.3163188481,419.9554659,421.9421314,0.3115134144,0.3211242819
magenta,4,9,1,0.1739130435,365.0445652,534.5794348,421.2651408,0.3150936696,420.271808,422.2584735,0.3102882359,0.3198991034
magenta,5,9,1,0.2173913043,365.2389565,534.7350435,421.5814829,0.3138684911,420.5881502,422.5748157,0.3090630574,0.3186739249
magenta,6,9,1,0.2608695652,365.4333478,534.8906522,421.8978251,0.3126433126,420.9044923,422.8911579,0.3078378789,0.3174487464
magenta,7,9,1,0.3043478261,365.6277391,535.0462609,422.2141672,0.3114181341,421.2208345,423.2075,0.3066127004,0.3162235679
magenta,8,9,1,0.347826087,365.8221304,535.2018696,422.5305094,0.3101929556,421.5371766,423.5238422,0.3053875219,0.3149983894
magenta,9,9,1,0.3913043478,366.0165217,535.3574783,422.8468516,0.3089677771,421.8535188,423.8401843,0.3041623434,0.3137732109
magenta,10,9,1,0.4347826087,366.210913,535.513087,423.1631937,0.3077425986,422.169861,424.1565265,0.3029371649,0.3125480324
magenta,11,9,1,0.4782608696,366.4053043,535.6686957,423.4795359,0.3065174201,422.4862031,424.4728686,0.3017119864,0.3113228539
magenta,12,9,1,0.5217391304,366.5996957,535.8243043,423.795878,0.3052922416,422.8025453,424.7892108,0.3004868079,0.3100976754
magenta,13,9,1,0.5652173913,366.794087,535.979913,424.1122202,0.3040670632,423.1188874,425.1055529,0.2992616294,0.3088724969
magenta,14,9,1,0.6086956522,366.9884783,536.1355217,424.4285623,0.3028418847,423.4352296,425.4218951,0.2980364509,0.3076473184
magenta,15,9,1,0.652173913,367.1828696,536.2911304,424.7449045,0.3016167062,423.7515717,425.7382372,0.2968112724,0.3064221399
magenta,16,9,1,0.6956521739,367.3772609,536.4467391,425.0612466,0.3003915277,424.0679139,426.0545794,0.2955860939,0.3051969614
magenta,17,9,1,0.7391304348,367.5716522,536.6023478,425.3775888,0.2991663492,424.384256,426.3709215,0.2943609154,0.3039717829
magenta,18,9,1,0.7826086957,367.7660435,536.7579565,425.6939309,0.2979411707,424.7005982,426.6872637,0.2931357369,0.3027466044
magenta,19,9,1,0.8260869565,367.9604348,536.9135652,426.0102731,0.2967159922,425.0169403,427.0036058,0.2919105584,0.3015214259
magenta,20,9,1,0.8695652174,368.1548261,537.0691739,426.3266152,0.2954908137,425.3332825,427.319948,0.2906853799,0.3002962474
magenta,21,9,1,0.9130434783,368.3492174,537.2247826,426.6429574,0.2942656352,425.6496246,427.6362902,0.2894602014,0.2990710689
magenta,22,9,1,0.9565217391,368.5436087,537.3803913,426.9592996,0.2930404567,425.9659668,427.9526323,0.2882350229,0.2978458904
magenta,23,9,1,1,368.738,537.536,427.2756417,0.2918152782,426.2823089,428.2689745,0.2870098445,0.2966207119
magenta,24,9,2,0.05,368.9382,537.6796,427.6014366,0.2906846496,426.6081039,428.5947694,0.2858792159,0.2954900834
magenta,25,9,2,0.1,369.1384,537.8232,427.9272315,0.2895540211,426.9338988,428.9205643,0.2847485874,0.2943594548
magenta,26,9,2,0.15,369.3386,537.9668,428.2530265,0.2884233926,427.2596937,429.2463592,0.2836179588,0.2932288263
magenta,27,9,2,0.2,369.5388,538.1104,428.5788214,0.287292764,427.5854886,429.5721541,0.2824873303,0.2920981978
magenta,28,9,2,0.25,369.739,538.254,428.9046163,0.2861621355,427.9112835,429.8979491,0.2813567018,0.2909675692
magenta,29,9,2,0.3,369.9392,538.3976,429.2304112,0.285031507,428.2370785,430.223744,0.2802260732,0.2898369407
magenta,30,9,2,0.35,370.1394,538.5412,429.5562061,0.2839008784,428.5628734,430.5495389,0.2790954447,0.2887063122
magenta,31,9,2,0.4,370.3396,538.6848,429.8820011,0.2827702499,428.8886683,430.8753338,0.2779648161,0.2875756836
magenta,32,9,2,0.45,370.5398,538.8284,430.207796,0.2816396213,429.2144632,431.2011287,0.2768341876,0.2864450551
magenta,33,9,2,0.5,370.74,538.972,430.5335909,0.2805089928,429.5402581,431.5269236,0.2757035591,0.2853144265
magenta,34,9,2,0.55,370.9402,539.1156,430.8593858,0.2793783643,429.8660531,431.8527186,0.2745729305,0.284183798
magenta,35,9,2,0.6,371.1404,539.2592,431.1851807,0.2782477357,430.191848,432.1785135,0.273442302,0.2830531695
magenta,36,9,2,0.65,371.3406,539.4028,431.5109756,0.2771171072,430.5176429,432.5043084,0.2723116735,0.2819225409
magenta,37,9,2,0.7,371.5408,539.5464,431.8367706,0.2759864787,430.8434378,432.8301033,0.2711810449,0.2807919124
magenta,38,9,2,0.75,371.741,539.69,432.1625655,0.2748558501,431.1692327,433.1558982,0.2700504164,0.2796612839
magenta,39,9,2,0.8,371.9412,539.8336,432.4883604,0.2737252216,431.4950276,433.4816932,0.2689197878,0.2785306553
magenta,40,9,2,0.85,372.1414,539.9772,432.8141553,0.272594593,431.8208226,433.8074881,0.2677891593,0.2774000268
magenta,41,9,2,0.9,372.3416,540.1208,433.1399502,0.2714639645,432.1466175,434.133283,0.2666585308,0.2762693982
magenta,42,9,2,0.95,372.5418,540.2644,433.4657452,0.270333336,432.4724124,434.4590779,0.2655279022,0.2751387697
magenta,43,9,2,1,372.742,540.408,433.7915401,0.2692027074,432.7982073,434.7848728,0.2643972737,0.2740081412
magenta,44,9,3,0.05882352941,372.9520588,540.5376471,434.1333787,0.2681819368,433.140046,435.1267115,0.263376503,0.2729873705
magenta,45,9,3,0.1176470588,373.1621176,540.6672941,434.4752174,0.2671611661,433.4818846,435.4685501,0.2623557324,0.2719665999
magenta,46,9,3,0.1764705882,373.3721765,540.7969412,434.817056,0.2661403955,433.8237233,435.8103888,0.2613349618,0.2709458292
magenta,47,9,3,0.2352941176,373.5822353,540.9265882,435.1588947,0.2651196248,434.1655619,436.1522274,0.2603141911,0.2699250586
magenta,48,9,3,0.2941176471,373.7922941,541.0562353,435.5007333,0.2640988542,434.5074006,436.4940661,0.2592934205,0.2689042879
magenta,49,9,3,0.3529411765,374.0023529,541.1858824,435.842572,0.2630780836,434.8492392,436.8359047,0.2582726498,0.2678835173
magenta,50,9,3,0.4117647059,374.2124118,541.3155294,436.1844106,0.2620573129,435.1910779,437.1777434,0.2572518792,0.2668627466
magenta,51,9,3,0.4705882353,374.4224706,541.4451765,436.5262493,0.2610365423,435.5329165,437.519582,0.2562311085,0.265841976
magenta,52,9,3,0.5294117647,374.6325294,541.5748235,436.8680879,0.2600157716,435.8747551,437.8614207,0.2552103379,0.2648212054
magenta,53,9,3,0.5882352941,374.8425882,541.7044706,437.2099266,0.258995001,436.2165938,438.2032593,0.2541895672,0.2638004347
magenta,54,9,3,0.6470588235,375.0526471,541.8341176,437.5517652,0.2579742303,436.5584324,438.545098,0.2531687966,0.2627796641
magenta,55,9,3,0.7058823529,375.2627059,541.9637647,437.8936038,0.2569534597,436.9002711,438.8869366,0.252148026,0.2617588934
magenta,56,9,3,0.7647058824,375.4727647,542.0934118,438.2354425,0.255932689,437.2421097,439.2287753,0.2511272553,0.2607381228
magenta,57,9,3,0.8235294118,375.6828235,542.2230588,438.5772811,0.2549119184,437.5839484,439.5706139,0.2501064847,0.2597173521
magenta,58,9,3,0.8823529412,375.8928824,542.3527059,438.9191198,0.2538911478,437.925787,439.9124525,0.249085714,0.2586965815
magenta,59,9,3,0.9411764706,376.1029412,542.4823529,439.2609584,0.2528703771,438.2676257,440.2542912,0.2480649434,0.2576758108
magenta,60,9,3,1,376.313,542.612,439.6027971,0.2518496065,438.6094643,440.5961298,0.2470441727,0.2566550402
magenta,61,9,4,0.06666666667,376.5256667,542.7147333,439.9488796,0.2510407399,438.9555468,440.9422124,0.2462353062,0.2558461736
magenta,62,9,4,0.1333333333,376.7383333,542.8174667,440.2949621,0.2502318733,439.3016294,441.2882949,0.2454264396,0.2550373071
magenta,63,9,4,0.2,376.951,542.9202,440.6410446,0.2494230068,439.6477119,441.6343774,0.244617573,0.2542284405
magenta,64,9,4,0.2666666667,377.1636667,543.0229333,440.9871271,0.2486141402,439.9937944,441.9804599,0.2438087065,0.2534195739
magenta,65,9,4,0.3333333333,377.3763333,543.1256667,441.3332097,0.2478052736,440.3398769,442.3265424,0.2429998399,0.2526107074
magenta,66,9,4,0.4,377.589,543.2284,441.6792922,0.2469964071,440.6859594,442.6726249,0.2421909733,0.2518018408
magenta,67,9,4,0.4666666667,377.8016667,543.3311333,442.0253747,0.2461875405,441.0320419,443.0187074,0.2413821068,0.2509929743
magenta,68,9,4,0.5333333333,378.0143333,543.4338667,442.3714572,0.245378674,441.3781244,443.36479,0.2405732402,0.2501841077
magenta,69,9,4,0.6,378.227,543.5366,442.7175397,0.2445698074,441.724207,443.7108725,0.2397643737,0.2493752411
magenta,70,9,4,0.6666666667,378.4396667,543.6393333,443.0636222,0.2437609408,442.0702895,444.056955,0.2389555071,0.2485663746
magenta,71,9,4,0.7333333333,378.6523333,543.7420667,443.4097047,0.2429520743,442.416372,444.4030375,0.2381466405,0.247757508
magenta,72,9,4,0.8,378.865,543.8448,443.7557873,0.2421432077,442.7624545,444.74912,0.237337774,0.2469486414
magenta,73,9,4,0.8666666667,379.0776667,543.9475333,444.1018698,0.2413343411,443.108537,445.0952025,0.2365289074,0.2461397749
magenta,74,9,4,0.9333333333,379.2903333,544.0502667,444.4479523,0.2405254746,443.4546195,445.441285,0.2357200408,0.2453309083
magenta,75,9,4,1,379.503,544.153,444.7940348,0.239716608,443.800702,445.7873676,0.2349111743,0.2445220418
magenta,76,9,5,0.0078125,379.6957161,544.2319283,445.1076508,0.239095169,444.1143181,446.1009836,0.2342897352,0.2439006027
magenta,77,9,5,0.015625,379.8870115,544.3081746,445.4189549,0.2384948473,444.4256222,446.4122877,0.2336894136,0.2433002811
magenta,78,9,5,0.0234375,380.0768961,544.3817509,445.727963,0.2379155477,444.7346303,446.7212958,0.2331101139,0.2427209814
magenta,79,9,5,0.03125,380.2653795,544.4526693,446.034691,0.2373571746,445.0413582,447.0280237,0.2325517408,0.2421626083
magenta,80,9,5,0.0390625,380.4524715,544.5209419,446.3391546,0.2368196327,445.3458219,447.3324874,0.2320141989,0.2416250664
magenta,81,9,5,0.046875,380.6381819,544.586581,446.6413699,0.2363028266,445.6480372,447.6347027,0.2314973928,0.2411082603
magenta,82,9,5,0.0546875,380.8225204,544.6495985,446.9413527,0.2358066609,445.9480199,447.9346855,0.2310012271,0.2406120946
magenta,83,9,5,0.0625,381.0054968,544.7100066,447.2391189,0.2353310401,446.2457861,448.2324516,0.2305256064,0.2401364739
magenta,84,9,5,0.0703125,381.1871209,544.7678174,447.5346843,0.234875869,446.5413515,448.5280171,0.2300704353,0.2396813027
magenta,85,9,5,0.078125,381.3674024,544.8230431,447.8280649,0.2344410521,446.8347321,448.8213976,0.2296356183,0.2392464858
magenta,86,9,5,0.0859375,381.546351,544.8756957,448.1192764,0.2340264939,447.1259437,449.1126092,0.2292210602,0.2388319276
magenta,87,9,5,0.09375,381.7239766,544.9257874,448.4083349,0.2336320992,447.4150022,449.4016677,0.2288266654,0.2384375329
magenta,88,9,5,0.1015625,381.9002889,544.9733302,448.6952562,0.2332577724,447.7019235,449.688589,0.2284523387,0.2380632062
magenta,89,9,5,0.109375,382.0752976,545.0183364,448.9800562,0.2329034183,447.9867234,449.9733889,0.2280979845,0.237708852
magenta,90,9,5,0.1171875,382.2490125,545.060818,449.2627506,0.2325689413,448.2694179,450.2560834,0.2277635076,0.2373743751
magenta,91,9,5,0.125,382.4214434,545.1007871,449.5433556,0.2322542462,448.5500228,450.5366883,0.2274488125,0.23705968
magenta,92,9,5,0.1328125,382.5926,545.1382559,449.8218868,0.2319592375,448.828554,450.8152195,0.2271538038,0.2367646712
magenta,93,9,5,0.140625,382.762492,545.1732364,450.0983602,0.2316838198,449.1050274,451.091693,0.226878386,0.2364892535
magenta,94,9,5,0.1484375,382.9311294,545.2057408,450.3727917,0.2314278977,449.3794589,451.3661244,0.2266224639,0.2362333314
magenta,95,9,5,0.15625,383.0985217,545.2357812,450.6451971,0.2311913758,449.6518644,451.6385299,0.2263859421,0.2359968095
magenta,96,9,5,0.1640625,383.2646788,545.2633697,450.9155924,0.2309741587,449.9222596,451.9089252,0.226168725,0.2357795925
magenta,97,9,5,0.171875,383.4296104,545.2885185,451.1839934,0.2307761511,450.1906606,452.1773261,0.2259707173,0.2355815848
magenta,98,9,5,0.1796875,383.5933263,545.3112396,451.450416,0.2305972574,450.4570832,452.4437487,0.2257918237,0.2354026912
magenta,99,9,5,0.1875,383.7558362,545.3315452,451.714876,0.2304373824,450.7215433,452.7082088,0.2256319487,0.2352428161
magenta,100,9,5,0.1953125,383.9171499,545.3494473,451.9773895,0.2302964306,450.9840567,452.9707222,0.2254909969,0.2351018643
magenta,101,9,5,0.203125,384.0772772,545.3649582,452.2379721,0.2301743066,451.2446394,453.2313049,0.2253688729,0.2349797404
magenta,102,9,5,0.2109375,384.2362277,545.3780898,452.4966399,0.2300709151,451.5033072,453.4899727,0.2252654813,0.2348763488
magenta,103,9,5,0.21875,384.3940114,545.3888544,452.7534087,0.2299861606,451.7600759,453.7467415,0.2251807268,0.2347915943
magenta,104,9,5,0.2265625,384.5506379,545.397264,453.0082944,0.2299199477,452.0149616,454.0016271,0.2251145139,0.2347253814
magenta,105,9,5,0.234375,384.7061169,545.4033308,453.2613128,0.229872181,452.26798,454.2546456,0.2250667473,0.2346776147
magenta,106,9,5,0.2421875,384.8604583,545.4070669,453.5124799,0.2298427652,452.5191471,454.5058126,0.2250373314,0.2346481989
magenta,107,9,5,0.25,385.0136719,545.4084844,453.7618115,0.2298316048,452.7684787,454.7551442,0.2250261711,0.2346370385
magenta,108,9,5,0.2578125,385.1657673,545.4075954,454.0093235,0.2298386044,453.0159908,455.0026563,0.2250331707,0.2346440382
magenta,109,9,5,0.265625,385.3167543,545.404412,454.2550318,0.2298636687,453.2616991,455.2483646,0.225058235,0.2346691024
magenta,110,9,5,0.2734375,385.4666427,545.3989463,454.4989523,0.2299067022,453.5056195,455.492285,0.2251012685,0.234712136
magenta,111,9,5,0.28125,385.6154422,545.3912105,454.7411008,0.2299676096,453.7477681,455.7344336,0.2251621759,0.2347730433
magenta,112,9,5,0.2890625,385.7631627,545.3812167,454.9814933,0.2300462954,453.9881605,455.974826,0.2252408617,0.2348517291
magenta,113,9,5,0.296875,385.9098138,545.368977,455.2201456,0.2301426642,454.2268128,456.2134783,0.2253372305,0.234948098
magenta,114,9,5,0.3046875,386.0554053,545.3545035,455.4570735,0.2302566207,454.4637408,456.4504063,0.225451187,0.2350620545
magenta,115,9,5,0.3125,386.199947,545.3378083,455.6922931,0.2303880695,454.6989603,456.6856258,0.2255826358,0.2351935032
magenta,116,9,5,0.3203125,386.3434487,545.3189036,455.9258201,0.2305369151,454.9324873,456.9191528,0.2257314813,0.2353423488
magenta,117,9,5,0.328125,386.48592,545.2978014,456.1576704,0.2307030621,455.1643377,457.1510032,0.2258976284,0.2355084959
magenta,118,9,5,0.3359375,386.6273708,545.274514,456.38786,0.2308864152,455.3945272,457.3811928,0.2260809815,0.235691849
magenta,119,9,5,0.34375,386.7678108,545.2490533,456.6164047,0.231086879,455.6230719,457.6097374,0.2262814453,0.2358923127
magenta,120,9,5,0.3515625,386.9072498,545.2214315,456.8433203,0.231304358,455.8499876,457.8366531,0.2264989243,0.2361097917
magenta,121,9,5,0.359375,387.0456975,545.1916607,457.0686228,0.2315387569,456.0752901,458.0619556,0.2267333231,0.2363441906
magenta,122,9,5,0.3671875,387.1831637,545.1597531,457.2923281,0.2317899802,456.2989953,458.2856609,0.2269845465,0.236595414
magenta,123,9,5,0.375,387.3196582,545.1257207,457.514452,0.2320579326,456.5211192,458.5077847,0.2272524989,0.2368633664
magenta,124,9,5,0.3828125,387.4551907,545.0895757,457.7350104,0.2323425187,456.7416776,458.7283431,0.2275370849,0.2371479524
magenta,125,9,5,0.390625,387.5897709,545.0513302,457.9540192,0.232643643,456.9606864,458.9473519,0.2278382093,0.2374490768
magenta,126,9,5,0.3984375,387.7234087,545.0109963,458.1714942,0.2329612102,457.1781615,459.164827,0.2281557765,0.2377666439
magenta,127,9,5,0.40625,387.8561137,544.9685862,458.3874514,0.2332951249,457.3941187,459.3807842,0.2284896911,0.2381005586
magenta,128,9,5,0.4140625,387.9878958,544.9241118,458.6019067,0.2336452916,457.6085739,459.5952394,0.2288398579,0.2384507254
magenta,129,9,5,0.421875,388.1187647,544.8775855,458.8148758,0.234011615,457.8215431,459.8082086,0.2292061813,0.2388170488
magenta,130,9,5,0.4296875,388.2487302,544.8290192,459.0263748,0.2343939997,458.033042,460.0197075,0.229588566,0.2391994335
magenta,131,9,5,0.4375,388.377802,544.778425,459.2364194,0.2347923503,458.2430866,460.2297521,0.2299869166,0.239597784
magenta,132,9,5,0.4453125,388.5059899,544.7258152,459.4450256,0.2352065713,458.4516928,460.4383583,0.2304011376,0.2400120051
magenta,133,9,5,0.453125,388.6333036,544.6712019,459.6522092,0.2356365675,458.6588764,460.6455419,0.2308311337,0.2404420012
magenta,134,9,5,0.4609375,388.7597529,544.614597,459.8579861,0.2360822433,458.8646534,460.8513189,0.2312768095,0.240887677
magenta,135,9,5,0.46875,388.8853476,544.5560128,460.0623723,0.2365435034,459.0690395,461.055705,0.2317380696,0.2413489371
magenta,136,9,5,0.4765625,389.0100974,544.4954614,460.2653835,0.2370202523,459.2720507,461.2587162,0.2322148186,0.2418256861
magenta,137,9,5,0.484375,389.134012,544.4329549,460.4670357,0.2375123948,459.4737029,461.4603684,0.2327069611,0.2423178286
magenta,138,9,5,0.4921875,389.2571013,544.3685054,460.6673447,0.2380198354,459.6740119,461.6606774,0.2332144016,0.2428252691
magenta,139,9,5,0.5,389.379375,544.302125,460.8663264,0.2385424786,459.8729937,461.8596592,0.2337370449,0.2433479124
magenta,140,9,5,0.5078125,389.5008428,544.2338258,461.0639968,0.2390802292,460.070664,462.0573296,0.2342747954,0.2438856629
magenta,141,9,5,0.515625,389.6215146,544.16362,461.2603717,0.2396329916,460.2670389,462.2537044,0.2348275579,0.2444384253
magenta,142,9,5,0.5234375,389.7414,544.0915197,461.4554669,0.2402006705,460.4621341,462.4487996,0.2353952368,0.2450061043
magenta,143,9,5,0.53125,389.8605089,544.017537,461.6492983,0.2407831706,460.6559656,462.6426311,0.2359777368,0.2455886043
magenta,144,9,5,0.5390625,389.9788509,543.9416839,461.8418819,0.2413803963,460.8485492,462.8352147,0.2365749626,0.24618583
magenta,145,9,5,0.546875,390.0964359,543.8639727,462.0332336,0.2419922523,461.0399008,463.0265663,0.2371868186,0.2467976861
magenta,146,9,5,0.5546875,390.2132736,543.7844154,462.2233691,0.2426186433,461.2300363,463.2167018,0.2378132095,0.247424077
magenta,147,9,5,0.5625,390.3293738,543.7030242,462.4123043,0.2432594737,461.4189716,463.4056371,0.23845404,0.2480649075
magenta,148,9,5,0.5703125,390.4447462,543.6198111,462.6000553,0.2439146483,461.6067225,463.593388,0.2391092145,0.248720082
magenta,149,9,5,0.578125,390.5594005,543.5347883,462.7866378,0.2445840715,461.793305,463.7799705,0.2397786378,0.2493895053
magenta,150,9,5,0.5859375,390.6733467,543.4479679,462.9720676,0.2452676481,461.9787349,463.9654004,0.2404622144,0.2500730818
magenta,151,9,5,0.59375,390.7865943,543.3593621,463.1563608,0.2459652826,462.1630281,464.1496936,0.2411598489,0.2507707163
magenta,152,9,5,0.6015625,390.8991531,543.2689829,463.3395332,0.2466768796,462.3462005,464.332866,0.2418714459,0.2514823133
magenta,153,9,5,0.609375,391.011033,543.1768424,463.5216007,0.2474023437,462.5282679,464.5149334,0.24259691,0.2522077774
magenta,154,9,5,0.6171875,391.1222437,543.0829528,463.702579,0.2481415795,462.7092463,464.6959118,0.2433361458,0.2529470133
magenta,155,9,5,0.625,391.2327949,542.9873262,463.8824842,0.2488944917,462.8891515,464.875817,0.244089058,0.2536999254
magenta,156,9,5,0.6328125,391.3426964,542.8899747,464.0613322,0.2496609848,463.0679994,465.0546649,0.244855551,0.2544664185
magenta,157,9,5,0.640625,391.451958,542.7909104,464.2391387,0.2504409634,463.2458059,465.2324714,0.2456355296,0.2552463971
magenta,158,9,5,0.6484375,391.5605894,542.6901454,464.4159196,0.2512343321,463.4225869,465.4092524,0.2464288984,0.2560397658
magenta,159,9,5,0.65625,391.6686003,542.5876919,464.5916909,0.2520409955,463.5983582,465.5850237,0.2472355618,0.2568464293
magenta,160,9,5,0.6640625,391.7760006,542.4835619,464.7664685,0.2528608583,463.7731357,465.7598013,0.2480554246,0.2576662921
magenta,161,9,5,0.671875,391.8828,542.3777676,464.9402682,0.253693825,463.9469354,465.9336009,0.2488883913,0.2584992588
magenta,162,9,5,0.6796875,391.9890082,542.2703212,465.1131058,0.2545398003,464.1197731,466.1064386,0.2497343665,0.259345234
magenta,163,9,5,0.6875,392.094635,542.1612346,465.2849973,0.2553986887,464.2916646,466.2783301,0.2505932549,0.2602041224
magenta,164,9,5,0.6953125,392.1996902,542.0505201,465.4559586,0.2562703948,464.4626259,466.4492914,0.251464961,0.2610758285
magenta,165,9,5,0.703125,392.3041835,541.9381897,465.6260055,0.2571548232,464.6326728,466.6193383,0.2523493895,0.261960257
magenta,166,9,5,0.7109375,392.4081247,541.8242556,465.795154,0.2580518786,464.8018212,466.7884867,0.2532464449,0.2628573124
magenta,167,9,5,0.71875,392.5115236,541.7087299,465.9634198,0.2589614656,464.9700871,466.9567526,0.2541560318,0.2637668993
magenta,168,9,5,0.7265625,392.6143898,541.5916247,466.1308189,0.2598834886,465.1374862,467.1241517,0.2550780549,0.2646889224
magenta,169,9,5,0.734375,392.7167333,541.472952,466.2973672,0.2608178525,465.3040345,467.2907,0.2560124187,0.2656232862
magenta,170,9,5,0.7421875,392.8185636,541.3527242,466.4630805,0.2617644616,465.4697478,467.4564133,0.2569590279,0.2665698954
magenta,171,9,5,0.75,392.9198906,541.2309531,466.6279748,0.2627232207,465.634642,467.6213075,0.257917787,0.2675286545
magenta,172,9,5,0.7578125,393.0207241,541.1076511,466.7920658,0.2636940344,465.7987331,467.7853986,0.2588886007,0.2684994681
magenta,173,9,5,0.765625,393.1210737,540.9828301,466.9553696,0.2646768072,465.9620368,467.9487023,0.2598713735,0.269482241
magenta,174,9,5,0.7734375,393.2209494,540.8565023,467.1179019,0.2656714438,466.1245691,468.1112346,0.2608660101,0.2704768775
magenta,175,9,5,0.78125,393.3203607,540.7286798,467.2796786,0.2666778487,466.2863459,468.2730114,0.261872415,0.2714832825
magenta,176,9,5,0.7890625,393.4193175,540.5993747,467.4407157,0.2676959266,466.447383,468.4340485,0.2628904929,0.2725013603
magenta,177,9,5,0.796875,393.5178295,540.4685992,467.601029,0.2687255821,466.6076963,468.5943618,0.2639201483,0.2735310158
magenta,178,9,5,0.8046875,393.6159066,540.3363654,467.7606344,0.2697667197,466.7673017,468.7539672,0.2649612859,0.2745721534
magenta,179,9,5,0.8125,393.7135583,540.2026853,467.9195478,0.270819244,466.926215,468.9128805,0.2660138103,0.2756246778
magenta,180,9,5,0.8203125,393.8107946,540.0675711,468.077785,0.2718830598,467.0844522,469.0711178,0.267077626,0.2766884935
magenta,181,9,5,0.828125,393.9076252,539.931035,468.2353619,0.2729580715,467.2420292,469.2286947,0.2681526377,0.2777635052
magenta,182,9,5,0.8359375,394.0040598,539.7930889,468.3922945,0.2740441837,467.3989618,469.3856273,0.26923875,0.2788496175
magenta,183,9,5,0.84375,394.1001082,539.6537451,468.5485986,0.2751413012,467.5552658,469.5419313,0.2703358674,0.2799467349
magenta,184,9,5,0.8515625,394.1957801,539.5130157,468.70429,0.2762493284,467.7109573,469.6976228,0.2714438946,0.2810547621
magenta,185,9,5,0.859375,394.2910853,539.3709128,468.8593847,0.27736817,467.866052,469.8527175,0.2725627362,0.2821736037
magenta,186,9,5,0.8671875,394.3860336,539.2274484,469.0138986,0.2784977305,468.0205658,470.0072314,0.2736922968,0.2833031642
magenta,187,9,5,0.875,394.4806348,539.0826348,469.1678475,0.2796379146,468.1745147,470.1611802,0.2748324809,0.2844433484
magenta,188,9,5,0.8828125,394.5748985,538.9364839,469.3212472,0.280788627,468.3279145,470.31458,0.2759831932,0.2855940607
magenta,189,9,5,0.890625,394.6688345,538.7890081,469.4741138,0.2819497721,468.4807811,470.4674466,0.2771443383,0.2867552058
magenta,190,9,5,0.8984375,394.7624527,538.6402193,469.626463,0.2831212545,468.6331303,470.6197958,0.2783158208,0.2879266883
magenta,191,9,5,0.90625,394.8557627,538.4901296,469.7783108,0.284302979,468.7849781,470.7716436,0.2794975453,0.2891084127
magenta,192,9,5,0.9140625,394.9487743,538.3387513,469.929673,0.28549485,468.9363403,470.9230058,0.2806894163,0.2903002838
magenta,193,9,5,0.921875,395.0414973,538.1860963,470.0805655,0.2866967723,469.0872328,471.0738983,0.2818913385,0.291502206
magenta,194,9,5,0.9296875,395.1339414,538.0321769,470.2310043,0.2879086503,469.2376715,471.224337,0.2831032166,0.292714084
magenta,195,9,5,0.9375,395.2261165,537.8770051,470.381005,0.2891303887,469.3876723,471.3743378,0.284324955,0.2939358225
magenta,196,9,5,0.9453125,395.3180321,537.7205931,470.5305838,0.2903618921,469.537251,471.5239165,0.2855564584,0.2951673259
magenta,197,9,5,0.953125,395.4096982,537.562953,470.6797564,0.2916030651,469.6864236,471.6730891,0.2867976314,0.2964084989
magenta,198,9,5,0.9609375,395.5011245,537.4040968,470.8285386,0.2928538123,469.8352059,471.8218714,0.2880483786,0.2976592461
magenta,199,9,5,0.96875,395.5923207,537.2440368,470.9769465,0.2941140383,469.9836138,471.9702793,0.2893086046,0.2989194721
magenta,200,9,5,0.9765625,395.6832966,537.082785,471.1249959,0.2953836477,470.1316631,472.1183286,0.290578214,0.3001890815
magenta,201,9,5,0.984375,395.7740619,536.9203535,471.2727026,0.2966625451,470.2793699,472.2660354,0.2918571114,0.3014679789
magenta,202,9,5,0.9921875,395.8646265,536.7567545,471.4200826,0.2979506351,470.4267498,472.4134153,0.2931452014,0.3027560689
magenta,203,9,5,1,395.955,536.592,471.5671517,0.2992478223,470.5738189,472.5604844,0.2944423886,0.3040532561
magenta,204,9,6,0.07692307692,396.0663846,536.3704615,471.7484131,0.3009920961,470.7550804,472.7417459,0.2961866623,0.3057975298
magenta,205,9,6,0.1538461538,396.1777692,536.1489231,471.9296746,0.3027363698,470.9363418,472.9230073,0.2979309361,0.3075418035
magenta,206,9,6,0.2307692308,396.2891538,535.9273846,472.110936,0.3044806435,471.1176033,473.1042688,0.2996752098,0.3092860772
magenta,207,9,6,0.3076923077,396.4005385,535.7058462,472.2921975,0.3062249172,471.2988647,473.2855302,0.3014194835,0.311030351
magenta,208,9,6,0.3846153846,396.5119231,535.4843077,472.4734589,0.307969191,471.4801261,473.4667917,0.3031637572,0.3127746247
magenta,209,9,6,0.4615384615,396.6233077,535.2627692,472.6547204,0.3097134647,471.6613876,473.6480531,0.304908031,0.3145188984
magenta,210,9,6,0.5384615385,396.7346923,535.0412308,472.8359818,0.3114577384,471.842649,473.8293146,0.3066523047,0.3162631721
magenta,211,9,6,0.6153846154,396.8460769,534.8196923,473.0172432,0.3132020121,472.0239105,474.010576,0.3083965784,0.3180074459
magenta,212,9,6,0.6923076923,396.9574615,534.5981538,473.1985047,0.3149462859,472.2051719,474.1918375,0.3101408521,0.3197517196
magenta,213,9,6,0.7692307692,397.0688462,534.3766154,473.3797661,0.3166905596,472.3864334,474.3730989,0.3118851259,0.3214959933
magenta,214,9,6,0.8461538462,397.1802308,534.1550769,473.5610276,0.3184348333,472.5676948,474.5543603,0.3136293996,0.323240267
magenta,215,9,6,0.9230769231,397.2916154,533.9335385,473.742289,0.320179107,472.7489563,474.7356218,0.3153736733,0.3249845408
magenta,216,9,6,1,397.403,533.712,473.9235505,0.3219233808,472.9302177,474.9168832,0.317117947,0.3267288145
magenta,217,9,7,0.07142857143,397.5032857,533.4862143,474.0867502,0.3237010951,473.0934174,475.0800829,0.3188956613,0.3285065288
magenta,218,9,7,0.1428571429,397.6035714,533.2604286,474.2499498,0.3254788093,473.2566171,475.2432826,0.3206733756,0.3302842431
magenta,219,9,7,0.2142857143,397.7038571,533.0346429,474.4131495,0.3272565236,473.4198168,475.4064823,0.3224510899,0.3320619574
magenta,220,9,7,0.2857142857,397.8041429,532.8088571,474.5763492,0.3290342379,473.5830164,475.569682,0.3242288042,0.3338396717
magenta,221,9,7,0.3571428571,397.9044286,532.5830714,474.7395489,0.3308119522,473.7462161,475.7328816,0.3260065185,0.3356173859
magenta,222,9,7,0.4285714286,398.0047143,532.3572857,474.9027486,0.3325896665,473.9094158,475.8960813,0.3277842328,0.3373951002
magenta,223,9,7,0.5,398.105,532.1315,475.0659482,0.3343673808,474.0726155,476.059281,0.3295619471,0.3391728145
magenta,224,9,7,0.5714285714,398.2052857,531.9057143,475.2291479,0.3361450951,474.2358152,476.2224807,0.3313396613,0.3409505288
magenta,225,9,7,0.6428571429,398.3055714,531.6799286,475.3923476,0.3379228094,474.3990149,476.3856804,0.3331173756,0.3427282431
magenta,226,9,7,0.7142857143,398.4058571,531.4541429,475.5555473,0.3397005237,474.5622145,476.54888,0.3348950899,0.3445059574
magenta,227,9,7,0.7857142857,398.5061429,531.2283571,475.718747,0.341478238,474.7254142,476.7120797,0.3366728042,0.3462836717
magenta,228,9,7,0.8571428571,398.6064286,531.0025714,475.8819467,0.3432559522,474.8886139,476.8752794,0.3384505185,0.348061386
magenta,229,9,7,0.9285714286,398.7067143,530.7767857,476.0451463,0.3450336665,475.0518136,477.0384791,0.3402282328,0.3498391003
magenta,230,9,7,1,398.807,530.551,476.208346,0.3468113808,475.2150133,477.2016788,0.3420059471,0.3516168146
magenta,231,9,8,0.00390625,398.8558578,530.4308976,476.2878546,0.3477570023,475.2945219,477.2811874,0.3429515686,0.352562436
magenta,232,9,8,0.0078125,398.9046968,530.3107778,476.3673326,0.3487027602,475.3739998,477.3606654,0.3438973265,0.3535081939
magenta,233,9,8,0.01171875,398.9535169,530.1906408,476.4467799,0.3496486541,475.4534471,477.4401127,0.3448432203,0.3544540878
magenta,234,9,8,0.015625,399.0023181,530.0704865,476.5261964,0.3505946834,475.5328637,477.5195292,0.3457892496,0.3554001171
magenta,235,9,8,0.01953125,399.0511004,529.9503152,476.6055822,0.3515408476,475.6122494,477.5989149,0.3467354139,0.3563462813
magenta,236,9,8,0.0234375,399.0998637,529.8301267,476.684937,0.3524871463,475.6916042,477.6782697,0.3476817125,0.35729258
magenta,237,9,8,0.02734375,399.148608,529.7099213,476.7642608,0.3534335788,475.7709281,477.7575936,0.3486281451,0.3582390126
magenta,238,9,8,0.03125,399.1973332,529.5896989,476.8435536,0.3543801448,475.8502208,477.8368864,0.3495747111,0.3591855786
magenta,239,9,8,0.03515625,399.2460392,529.4694596,476.9228153,0.3553268437,475.9294825,477.916148,0.35052141,0.3601322775
magenta,240,9,8,0.0390625,399.2947261,529.3492035,477.0020458,0.356273675,476.008713,477.9953785,0.3514682413,0.3610791087
magenta,241,9,8,0.04296875,399.3433938,529.2289306,477.081245,0.3572206382,476.0879123,478.0745778,0.3524152045,0.3620260719
magenta,242,9,8,0.046875,399.3920423,529.1086411,477.1604129,0.3581677328,476.1670802,478.1537457,0.353362299,0.3629731665
magenta,243,9,8,0.05078125,399.4406714,528.9883349,477.2395494,0.3591149582,476.2462167,478.2328822,0.3543095245,0.3639203919
magenta,244,9,8,0.0546875,399.4892812,528.8680122,477.3186545,0.360062314,476.3253217,478.3119872,0.3552568803,0.3648677477
magenta,245,9,8,0.05859375,399.5378716,528.747673,477.397728,0.3610097997,476.4043952,478.3910607,0.3562043659,0.3658152334
magenta,246,9,8,0.0625,399.5864426,528.6273174,477.4767698,0.3619574147,476.4834371,478.4701026,0.357151981,0.3667628484
magenta,247,9,8,0.06640625,399.6349941,528.5069454,477.55578,0.3629051586,476.5624473,478.5491128,0.3580997248,0.3677105923
magenta,248,9,8,0.0703125,399.6835262,528.3865571,477.6347584,0.3638530308,476.6414257,478.6280912,0.3590475971,0.3686584645
magenta,249,9,8,0.07421875,399.7320386,528.2661525,477.713705,0.3648010309,476.7203723,478.7070378,0.3599955971,0.3696064646
magenta,250,9,8,0.078125,399.7805314,528.1457318,477.7926197,0.3657491583,476.799287,478.7859525,0.3609437245,0.370554592
magenta,251,9,8,0.08203125,399.8290046,528.025295,477.8715024,0.3666974125,476.8781697,478.8648352,0.3618919787,0.3715028462
magenta,252,9,8,0.0859375,399.8774581,527.9048421,477.9503531,0.367645793,476.9570203,478.9436859,0.3628403592,0.3724512267
magenta,253,9,8,0.08984375,399.9258919,527.7843733,478.0291717,0.3685942993,477.0358389,479.0225044,0.3637888656,0.3733997331
magenta,254,9,8,0.09375,399.9743059,527.6638885,478.107958,0.369542931,477.1146253,479.1012908,0.3647374972,0.3743483647
magenta,255,9,8,0.09765625,400.0227,527.5433879,478.1867121,0.3704916874,477.1933794,479.1800449,0.3656862536,0.3752971211
magenta,256,9,8,0.1015625,400.0710743,527.4228716,478.2654339,0.3714405681,477.2721011,479.2587666,0.3666351344,0.3762460018
magenta,257,9,8,0.10546875,400.1194287,527.3023394,478.3441233,0.3723895726,477.3507905,479.337456,0.3675841389,0.3771950063
magenta,258,9,8,0.109375,400.1677631,527.1817917,478.4227802,0.3733387004,477.4294474,479.4161129,0.3685332666,0.3781441341
magenta,259,9,8,0.11328125,400.2160776,527.0612283,478.5014045,0.3742879509,477.5080717,479.4947373,0.3694825172,0.3790933846
magenta,260,9,8,0.1171875,400.2643719,526.9406494,478.5799962,0.3752373237,477.5866635,479.573329,0.37043189,0.3800427574
magenta,261,9,8,0.12109375,400.3126462,526.8200551,478.6585553,0.3761868183,477.6652225,479.651888,0.3713813845,0.380992252
magenta,262,9,8,0.125,400.3609004,526.6994453,478.7370815,0.3771364341,477.7437488,479.7304143,0.3723310003,0.3819418678
magenta,263,9,8,0.12890625,400.4091344,526.5788202,478.815575,0.3780861706,477.8222422,479.8089077,0.3732807369,0.3828916043
magenta,264,9,8,0.1328125,400.4573481,526.4581799,478.8940355,0.3790360274,477.9007028,479.8873683,0.3742305936,0.3838414611
magenta,265,9,8,0.13671875,400.5055416,526.3375243,478.9724631,0.3799860039,477.9791303,479.9657958,0.3751805702,0.3847914376
magenta,266,9,8,0.140625,400.5537148,526.2168536,479.0508576,0.3809360996,478.0575248,480.0441903,0.3761306659,0.3857415333
magenta,267,9,8,0.14453125,400.6018677,526.0961678,479.129219,0.381886314,478.1358862,480.1225517,0.3770808803,0.3866917478
magenta,268,9,8,0.1484375,400.6500001,525.975467,479.2075472,0.3828366467,478.2142144,480.2008799,0.3780312129,0.3876420804
magenta,269,9,8,0.15234375,400.6981121,525.8547513,479.2858421,0.383787097,478.2925094,480.2791749,0.3789816633,0.3885925308
magenta,270,9,8,0.15625,400.7462036,525.7340206,479.3641037,0.3847376646,478.370771,480.3574365,0.3799322308,0.3895430983
magenta,271,9,8,0.16015625,400.7942746,525.6132752,479.4423319,0.3856883488,478.4489992,480.4356647,0.380882915,0.3904937825
magenta,272,9,8,0.1640625,400.8423251,525.492515,479.5205266,0.3866391492,478.5271939,480.5138594,0.3818337154,0.3914445829
magenta,273,9,8,0.16796875,400.8903549,525.3717401,479.5986878,0.3875900652,478.6053551,480.5920206,0.3827846315,0.392395499
magenta,274,9,8,0.171875,400.938364,525.2509505,479.6768154,0.3885410965,478.6834826,480.6701481,0.3837356627,0.3933465302
magenta,275,9,8,0.17578125,400.9863525,525.1301465,479.7549092,0.3894922424,478.7615765,480.748242,0.3846868086,0.3942976761
magenta,276,9,8,0.1796875,401.0343201,525.0093279,479.8329693,0.3904435024,478.8396366,480.8263021,0.3856380687,0.3952489361
magenta,277,9,8,0.18359375,401.082267,524.8884949,479.9109956,0.3913948761,478.9176628,480.9043283,0.3865894423,0.3962003098
magenta,278,9,8,0.1875,401.1301931,524.7676475,479.9889879,0.3923463629,478.9956552,480.9823207,0.3875409292,0.3971517966
magenta,279,9,8,0.19140625,401.1780983,524.6467858,480.0669463,0.3932979624,479.0736135,481.0602791,0.3884925286,0.3981033961
magenta,280,9,8,0.1953125,401.2259826,524.5259098,480.1448706,0.3942496739,479.1515379,481.1382034,0.3894442402,0.3990551077
magenta,281,9,8,0.19921875,401.2738459,524.4050197,480.2227608,0.3952014971,479.2294281,481.2160936,0.3903960634,0.4000069309
magenta,282,9,8,0.203125,401.3216881,524.2841155,480.3006168,0.3961534314,479.3072841,481.2939496,0.3913479977,0.4009588652
magenta,283,9,8,0.20703125,401.3695094,524.1631972,480.3784386,0.3971054763,479.3851058,481.3717713,0.3923000426,0.4019109101
magenta,284,9,8,0.2109375,401.4173095,524.042265,480.456226,0.3980576313,479.4628932,481.4495587,0.3932521976,0.4028630651
magenta,285,9,8,0.21484375,401.4650885,523.9213188,480.533979,0.3990098959,479.5406462,481.5273117,0.3942044622,0.4038153297
magenta,286,9,8,0.21875,401.5128463,523.8003588,480.6116975,0.3999622696,479.6183648,481.6050303,0.3951568359,0.4047677034
magenta,287,9,8,0.22265625,401.5605828,523.6793849,480.6893815,0.4009147519,479.6960487,481.6827142,0.3961093181,0.4057201856
magenta,288,9,8,0.2265625,401.6082981,523.5583974,480.7670308,0.4018673422,479.7736981,481.7603636,0.3970619085,0.4066727759
magenta,289,9,8,0.23046875,401.6559921,523.4373962,480.8446455,0.4028200401,479.8513127,481.8379782,0.3980146063,0.4076254738
magenta,290,9,8,0.234375,401.7036647,523.3163814,480.9222254,0.403772845,479.9288926,481.9155581,0.3989674113,0.4085782788
magenta,291,9,8,0.23828125,401.7513159,523.1953531,480.9997704,0.4047257565,480.0064376,481.9931032,0.3999203228,0.4095311902
magenta,292,9,8,0.2421875,401.7989457,523.0743113,481.0772805,0.405678774,480.0839478,482.0706133,0.4008733403,0.4104842078
magenta,293,9,8,0.24609375,401.8465539,522.953256,481.1547557,0.4066318971,480.1614229,482.1480885,0.4018264634,0.4114373308
magenta,294,9,8,0.25,401.8941406,522.8321875,481.2321958,0.4075851252,480.238863,482.2255286,0.4027796915,0.4123905589
magenta,295,9,8,0.25390625,401.9417058,522.7111057,481.3096008,0.4085384578,480.316268,482.3029335,0.4037330241,0.4133438916
magenta,296,9,8,0.2578125,401.9892493,522.5900106,481.3869706,0.4094918944,480.3936378,482.3803033,0.4046864607,0.4142973282
magenta,297,9,8,0.26171875,402.0367711,522.4689025,481.4643051,0.4104454346,480.4709723,482.4576378,0.4056400009,0.4152508683
magenta,298,9,8,0.265625,402.0842712,522.3477812,481.5416043,0.4113990777,480.5482715,482.534937,0.406593644,0.4162045115
magenta,299,9,8,0.26953125,402.1317496,522.2266469,481.618868,0.4123528234,480.6255353,482.6122008,0.4075473896,0.4171582571
magenta,300,9,8,0.2734375,402.1792061,522.1054997,481.6960963,0.413306671,480.7027636,482.6894291,0.4085012372,0.4181121047
magenta,301,9,8,0.27734375,402.2266408,521.9843396,481.7732891,0.4142606201,480.7799563,482.7666218,0.4094551863,0.4190660538
magenta,302,9,8,0.28125,402.2740536,521.8631666,481.8504462,0.4152146701,480.8571134,482.8437789,0.4104092364,0.4200201039
magenta,303,9,8,0.28515625,402.3214445,521.7419809,481.9275676,0.4161688207,480.9342348,482.9209003,0.411363387,0.4209742544
magenta,304,9,8,0.2890625,402.3688134,521.6207825,482.0046532,0.4171230712,481.0113205,482.997986,0.4123176375,0.4219285049
magenta,305,9,8,0.29296875,402.4161603,521.4995715,482.081703,0.4180774211,481.0883703,483.0750358,0.4132719874,0.4228828549
magenta,306,9,8,0.296875,402.4634851,521.3783479,482.1587169,0.41903187,481.1653842,483.1520497,0.4142264363,0.4238373038
magenta,307,9,8,0.30078125,402.5107878,521.2571118,482.2356948,0.4199864174,481.2423621,483.2290276,0.4151809836,0.4247918511
magenta,308,9,8,0.3046875,402.5580683,521.1358632,482.3126367,0.4209410626,481.3193039,483.3059694,0.4161356289,0.4257464964
magenta,309,9,8,0.30859375,402.6053266,521.0146023,482.3895424,0.4218958053,481.3962097,483.3828752,0.4170903716,0.4267012391
magenta,310,9,8,0.3125,402.6525627,520.8933291,482.466412,0.422850645,481.4730792,483.4597447,0.4180452112,0.4276560787
magenta,311,9,8,0.31640625,402.6997766,520.7720436,482.5432452,0.423805581,481.5499125,483.536578,0.4190001472,0.4286110147
magenta,312,9,8,0.3203125,402.746968,520.650746,482.6200421,0.4247606129,481.6267094,483.6133749,0.4199551792,0.4295660466
magenta,313,9,8,0.32421875,402.7941371,520.5294362,482.6968026,0.4257157402,481.7034699,483.6901354,0.4209103065,0.430521174
magenta,314,9,8,0.328125,402.8412838,520.4081144,482.7735267,0.4266709625,481.7801939,483.7668594,0.4218655287,0.4314763962
magenta,315,9,8,0.33203125,402.888408,520.2867806,482.8502141,0.4276262791,481.8568814,483.8435469,0.4228208453,0.4324317128
magenta,316,9,8,0.3359375,402.9355097,520.1654349,482.926865,0.4285816896,481.9335322,483.9201977,0.4237762558,0.4333871233
magenta,317,9,8,0.33984375,402.9825889,520.0440773,483.0034791,0.4295371934,482.0101464,483.9968119,0.4247317597,0.4343426271
magenta,318,9,8,0.34375,403.0296455,519.9227079,483.0800565,0.4304927901,482.0867237,484.0733893,0.4256873564,0.4352982239
magenta,319,9,8,0.34765625,403.0766794,519.8013268,483.156597,0.4314484792,482.1632643,484.1499298,0.4266430455,0.4362539129
magenta,320,9,8,0.3515625,403.1236906,519.679934,483.2331006,0.4324042601,482.2397679,484.2264334,0.4275988264,0.4372096939
magenta,321,9,8,0.35546875,403.1706792,519.5585296,483.3095673,0.4333601324,482.3162345,484.3029,0.4285546987,0.4381655661
magenta,322,9,8,0.359375,403.2176449,519.4371137,483.3859969,0.4343160955,482.3926641,484.3793296,0.4295106618,0.4391215292
magenta,323,9,8,0.36328125,403.2645878,519.3156863,483.4623893,0.4352721489,482.4690565,484.4557221,0.4304667152,0.4400775827
magenta,324,9,8,0.3671875,403.3115079,519.1942475,483.5387446,0.4362282922,482.5454118,484.5320773,0.4314228585,0.4410337259
magenta,325,9,8,0.37109375,403.3584051,519.0727974,483.6150625,0.4371845248,482.6217298,484.6083953,0.432379091,0.4419899585
magenta,326,9,8,0.375,403.4052793,518.9513359,483.6913432,0.4381408462,482.6980104,484.6846759,0.4333354124,0.4429462799
magenta,327,9,8,0.37890625,403.4521305,518.8298633,483.7675864,0.4390972558,482.7742536,484.7609191,0.4342918221,0.4439026896
magenta,328,9,8,0.3828125,403.4989587,518.7083795,483.8437921,0.4400537533,482.8504594,484.8371249,0.4352483196,0.4448591871
magenta,329,9,8,0.38671875,403.5457638,518.5868846,483.9199603,0.4410103381,482.9266275,484.913293,0.4362049044,0.4458157718
magenta,330,9,8,0.390625,403.5925458,518.4653787,483.9960908,0.4419670096,483.0027581,484.9894236,0.4371615759,0.4467724434
magenta,331,9,8,0.39453125,403.6393047,518.3438619,484.0721837,0.4429237675,483.0788509,485.0655164,0.4381183337,0.4477292012
magenta,332,9,8,0.3984375,403.6860403,518.2223341,484.1482387,0.4438806111,483.154906,485.1415715,0.4390751773,0.4486860448
magenta,333,9,8,0.40234375,403.7327526,518.1007956,484.224256,0.4448375399,483.2309232,485.2175887,0.4400321062,0.4496429737
magenta,334,9,8,0.40625,403.7794417,517.9792462,484.3002353,0.4457945535,483.3069025,485.293568,0.4409891198,0.4505999873
magenta,335,9,8,0.41015625,403.8261074,517.8576862,484.3761766,0.4467516514,483.3828439,485.3695094,0.4419462177,0.4515570851
magenta,336,9,8,0.4140625,403.8727497,517.7361155,484.4520799,0.447708833,483.4587471,485.4454126,0.4429033993,0.4525142667
magenta,337,9,8,0.41796875,403.9193686,517.6145342,484.527945,0.4486660978,483.5346123,485.5212778,0.4438606641,0.4534715316
magenta,338,9,8,0.421875,403.965964,517.4929425,484.6037719,0.4496234454,483.6104392,485.5971047,0.4448180117,0.4544288791
magenta,339,9,8,0.42578125,404.012536,517.3713403,484.6795606,0.4505808752,483.6862278,485.6728934,0.4457754415,0.4553863089
magenta,340,9,8,0.4296875,404.0590843,517.2497277,484.7553109,0.4515383867,483.7619782,485.7486437,0.4467329529,0.4563438204
magenta,341,9,8,0.43359375,404.105609,517.1281048,484.8310228,0.4524959794,483.8376901,485.8243556,0.4476905457,0.4573014131
magenta,342,9,8,0.4375,404.1521101,517.0064717,484.9066962,0.4534536528,483.9133635,485.900029,0.4486482191,0.4582590865
magenta,343,9,8,0.44140625,404.1985875,516.8848284,484.9823311,0.4544114064,483.9889983,485.9756638,0.4496059726,0.4592168401
magenta,344,9,8,0.4453125,404.2450411,516.7631749,485.0579273,0.4553692397,484.0645945,486.05126,0.4505638059,0.4601746734
magenta,345,9,8,0.44921875,404.291471,516.6415114,485.1334848,0.4563271521,484.140152,486.1268176,0.4515217184,0.4611325859
magenta,346,9,8,0.453125,404.337877,516.5198379,485.2090035,0.4572851433,484.2156708,486.2023363,0.4524797095,0.462090577
magenta,347,9,8,0.45703125,404.3842592,516.3981545,485.2844834,0.4582432126,484.2911507,486.2778162,0.4534377788,0.4630486463
magenta,348,9,8,0.4609375,404.4306175,516.2764612,485.3599244,0.4592013595,484.3665917,486.3532572,0.4543959258,0.4640067933
magenta,349,9,8,0.46484375,404.4769518,516.1547581,485.4353264,0.4601595836,484.4419936,486.4286592,0.4553541499,0.4649650174
magenta,350,9,8,0.46875,404.5232621,516.0330453,485.5106893,0.4611178844,484.5173566,486.5040221,0.4563124507,0.4659233181
magenta,351,9,8,0.47265625,404.5695483,515.9113228,485.5860131,0.4620762613,484.5926804,486.5793459,0.4572708276,0.466881695
magenta,352,9,8,0.4765625,404.6158105,515.7895907,485.6612977,0.4630347138,484.6679649,486.6546305,0.4582292801,0.4678401475
magenta,353,9,8,0.48046875,404.6620485,515.6678491,485.736543,0.4639932415,484.7432103,486.7298758,0.4591878077,0.4687986752
magenta,354,9,8,0.484375,404.7082623,515.5460979,485.811749,0.4649518437,484.8184162,486.8050817,0.46014641,0.4697572775
magenta,355,9,8,0.48828125,404.7544519,515.4243374,485.8869155,0.4659105201,484.8935828,486.8802483,0.4611050864,0.4707159538
magenta,356,9,8,0.4921875,404.8006173,515.3025675,485.9620426,0.4668692701,484.9687098,486.9553753,0.4620638364,0.4716747038
magenta,357,9,8,0.49609375,404.8467583,515.1807884,486.0371301,0.4678280932,485.0437973,487.0304628,0.4630226594,0.4726335269
magenta,358,9,8,0.5,404.892875,515.059,486.1121779,0.4687869888,485.1188452,487.1055107,0.4639815551,0.4735924226
magenta,359,9,8,0.50390625,404.9389673,514.9372025,486.1871861,0.4697459566,485.1938533,487.1805188,0.4649405229,0.4745513903
magenta,360,9,8,0.5078125,404.9850351,514.8153958,486.2621545,0.4707049959,485.2688217,487.2554872,0.4658995622,0.4755104297
magenta,361,9,8,0.51171875,405.0310785,514.6935802,486.337083,0.4716641063,485.3437502,487.3304157,0.4668586726,0.4764695401
magenta,362,9,8,0.515625,405.0770973,514.5717556,486.4119716,0.4726232873,485.4186388,487.4053044,0.4678178536,0.477428721
magenta,363,9,8,0.51953125,405.1230916,514.4499221,486.4868202,0.4735825383,485.4934875,487.480153,0.4687771046,0.4783879721
magenta,364,9,8,0.5234375,405.1690612,514.3280797,486.5616288,0.4745418589,485.568296,487.5549615,0.4697364252,0.4793472926
magenta,365,9,8,0.52734375,405.2150062,514.2062286,486.6363972,0.4755012485,485.6430644,487.6297299,0.4706958148,0.4803066822
magenta,366,9,8,0.53125,405.2609264,514.0843688,486.7111254,0.4764607067,485.7177926,487.7044582,0.4716552729,0.4812661404
magenta,367,9,8,0.53515625,405.3068219,513.9625003,486.7858133,0.4774202328,485.7924806,487.7791461,0.4726147991,0.4822256666
magenta,368,9,8,0.5390625,405.3526927,513.8406233,486.8604609,0.4783798265,485.8671282,487.8537937,0.4735743928,0.4831852603
magenta,369,9,8,0.54296875,405.3985385,513.7187377,486.9350681,0.4793394873,485.9417353,487.9284008,0.4745340535,0.484144921
magenta,370,9,8,0.546875,405.4443595,513.5968437,487.0096347,0.4802992145,486.016302,488.0029675,0.4754937807,0.4851046482
magenta,371,9,8,0.55078125,405.4901556,513.4749414,487.0841609,0.4812590077,486.0908281,488.0774936,0.476453574,0.4860644414
magenta,372,9,8,0.5546875,405.5359267,513.3530307,487.1586463,0.4822188664,486.1653136,488.1519791,0.4774134327,0.4870243002
magenta,373,9,8,0.55859375,405.5816728,513.2311117,487.2330911,0.4831787901,486.2397583,488.2264238,0.4783733564,0.4879842239
magenta,374,9,8,0.5625,405.6273938,513.1091846,487.3074951,0.4841387783,486.3141623,488.3008278,0.4793333446,0.4889442121
magenta,375,9,8,0.56640625,405.6730897,512.9872493,487.3818582,0.4850988305,486.3885254,488.375191,0.4802933968,0.4899042642
magenta,376,9,8,0.5703125,405.7187605,512.865306,487.4561804,0.4860589461,486.4628477,488.4495132,0.4812535124,0.4908643799
magenta,377,9,8,0.57421875,405.7644061,512.7433547,487.5304616,0.4870191247,486.5371289,488.5237944,0.482213691,0.4918245584
magenta,378,9,8,0.578125,405.8100264,512.6213954,487.6047018,0.4879793658,486.611369,488.5980345,0.483173932,0.4927847995
magenta,379,9,8,0.58203125,405.8556215,512.4994283,487.6789008,0.4889396688,486.685568,488.6722336,0.484134235,0.4937451025
magenta,380,9,8,0.5859375,405.9011913,512.3774534,487.7530586,0.4899000332,486.7597258,488.7463914,0.4850945994,0.4947054669
magenta,381,9,8,0.58984375,405.9467356,512.2554707,487.8271751,0.4908604586,486.8338424,488.8205079,0.4860550248,0.4956658923
magenta,382,9,8,0.59375,405.9922546,512.1334803,487.9012503,0.4918209443,486.9079175,488.8945831,0.4870155106,0.4966263781
magenta,383,9,8,0.59765625,406.0377481,512.0114824,487.9752841,0.4927814901,486.9819513,488.9686168,0.4879760563,0.4975869238
magenta,384,9,8,0.6015625,406.0832161,511.8894769,488.0492763,0.4937420952,487.0559436,489.0426091,0.4889366614,0.4985475289
magenta,385,9,8,0.60546875,406.1286586,511.7674639,488.123227,0.4947027592,487.1298942,489.1165598,0.4898973255,0.4995081929
magenta,386,9,8,0.609375,406.1740755,511.6454435,488.1971361,0.4956634816,487.2038033,489.1904688,0.4908580479,0.5004689154
magenta,387,9,8,0.61328125,406.2194668,511.5234158,488.2710034,0.496624262,487.2776706,489.2643362,0.4918188282,0.5014296957
magenta,388,9,8,0.6171875,406.2648324,511.4013807,488.344829,0.4975850997,487.3514962,489.3381617,0.4927796659,0.5023905334
magenta,389,9,8,0.62109375,406.3101722,511.2793385,488.4186127,0.4985459943,487.4252799,489.4119454,0.4937405605,0.503351428
magenta,390,9,8,0.625,406.3554863,511.1572891,488.4923544,0.4995069452,487.4990217,489.4856872,0.4947015115,0.5043123789
magenta,391,9,8,0.62890625,406.4007746,511.0352325,488.5660542,0.500467952,487.5727215,489.559387,0.4956625183,0.5052733858
magenta,392,9,8,0.6328125,406.4460371,510.913169,488.639712,0.5014290142,487.6463792,489.6330447,0.4966235805,0.5062344479
magenta,393,9,8,0.63671875,406.4912736,510.7910985,488.7133275,0.5023901312,487.7199948,489.7066603,0.4975846975,0.507195565
magenta,394,9,8,0.640625,406.5364842,510.6690211,488.7869009,0.5033513026,487.7935681,489.7802337,0.4985458689,0.5081567364
magenta,395,9,8,0.64453125,406.5816689,510.5469368,488.860432,0.5043125278,487.8670992,489.8537647,0.4995070941,0.5091179616
magenta,396,9,8,0.6484375,406.6268275,510.4248458,488.9339207,0.5052738064,487.940588,489.9272535,0.5004683726,0.5100792401
magenta,397,9,8,0.65234375,406.67196,510.3027481,489.007367,0.5062351377,488.0140343,490.0006998,0.501429704,0.5110405715
magenta,398,9,8,0.65625,406.7170664,510.1806437,489.0807708,0.5071965214,488.0874381,490.0741036,0.5023910877,0.5120019552
magenta,399,9,8,0.66015625,406.7621467,510.0585327,489.1541321,0.5081579569,488.1607993,490.1474648,0.5033525232,0.5129633907
magenta,400,9,8,0.6640625,406.8072008,509.9364152,489.2274507,0.5091194437,488.2341179,490.2207834,0.50431401,0.5139248775
magenta,401,9,8,0.66796875,406.8522286,509.8142913,489.3007266,0.5100809813,488.3073938,490.2940593,0.5052755476,0.514886415
magenta,402,9,8,0.671875,406.8972301,509.692161,489.3739597,0.5110425692,488.3806269,490.3672924,0.5062371355,0.5158480029
magenta,403,9,8,0.67578125,406.9422053,509.5700244,489.4471499,0.5120042069,488.4538172,490.4404827,0.5071987731,0.5168096406
magenta,404,9,8,0.6796875,406.9871541,509.4478815,489.5202973,0.5129658938,488.5269645,490.51363,0.5081604601,0.5177713275
magenta,405,9,8,0.68359375,407.0320765,509.3257324,489.5934016,0.5139276295,488.6000688,490.5867343,0.5091221958,0.5187330633
magenta,406,9,8,0.6875,407.0769724,509.2035771,489.6664628,0.5148894135,488.6731301,490.6597956,0.5100839798,0.5196948472
magenta,407,9,8,0.69140625,407.1218418,509.0814159,489.739481,0.5158512452,488.7461482,490.7328137,0.5110458115,0.520656679
magenta,408,9,8,0.6953125,407.1666847,508.9592486,489.8124559,0.5168131242,488.8191231,490.8057886,0.5120076905,0.5216185579
magenta,409,9,8,0.69921875,407.2115009,508.8370754,489.8853875,0.5177750499,488.8920547,490.8787202,0.5129696162,0.5225804837
magenta,410,9,8,0.703125,407.2562906,508.7148963,489.9582757,0.5187370219,488.964943,490.9516085,0.5139315881,0.5235424556
magenta,411,9,8,0.70703125,407.3010535,508.5927114,490.0311206,0.5196990396,489.0377878,491.0244533,0.5148936058,0.5245044733
magenta,412,9,8,0.7109375,407.3457897,508.4705207,490.1039219,0.5206611025,489.1105891,491.0972547,0.5158556687,0.5254665362
magenta,413,9,8,0.71484375,407.3904991,508.3483244,490.1766797,0.5216232101,489.1833469,491.1700124,0.5168177763,0.5264286438
magenta,414,9,8,0.71875,407.4351817,508.2261224,490.2493938,0.5225853619,489.256061,491.2427265,0.5177799282,0.5273907956
magenta,415,9,8,0.72265625,407.4798375,508.1039149,490.3220642,0.5235475574,489.3287314,491.3153969,0.5187421237,0.5283529912
magenta,416,9,8,0.7265625,407.5244663,507.981702,490.3946908,0.5245097962,489.4013581,491.3880236,0.5197043624,0.5293152299
magenta,417,9,8,0.73046875,407.5690682,507.8594836,490.4672736,0.5254720776,489.4739408,491.4606063,0.5206666438,0.5302775113
magenta,418,9,8,0.734375,407.6136431,507.7372598,490.5398124,0.5264344011,489.5464797,491.5331452,0.5216289674,0.5312398349
magenta,419,9,8,0.73828125,407.658191,507.6150308,490.6123072,0.5273967664,489.6189745,491.60564,0.5225913327,0.5322022001
magenta,420,9,8,0.7421875,407.7027117,507.4927965,490.684758,0.5283591728,489.6914253,491.6780908,0.5235537391,0.5331646066
magenta,421,9,8,0.74609375,407.7472054,507.370557,490.7571646,0.5293216199,489.7638319,491.7504974,0.5245161862,0.5341270537
magenta,422,9,8,0.75,407.7916719,507.2483125,490.829527,0.5302841072,489.8361943,491.8228598,0.5254786734,0.5350895409
magenta,423,9,8,0.75390625,407.8361111,507.1260629,490.9018452,0.531246634,489.9085124,491.8951779,0.5264412003,0.5360520678
magenta,424,9,8,0.7578125,407.8805231,507.0038084,490.9741189,0.5322092001,489.9807862,491.9674517,0.5274037663,0.5370146338
magenta,425,9,8,0.76171875,407.9249079,506.8815489,491.0463482,0.5331718047,490.0530155,492.039681,0.528366371,0.5379772385
magenta,426,9,8,0.765625,407.9692652,506.7592846,491.1185331,0.5341344475,490.1252003,492.1118658,0.5293290138,0.5389398813
magenta,427,9,8,0.76953125,408.0135952,506.6370155,491.1906733,0.5350971279,490.1973406,492.1840061,0.5302916942,0.5399025617
magenta,428,9,8,0.7734375,408.0578977,506.5147418,491.2627689,0.5360598454,490.2694362,492.2561017,0.5312544117,0.5408652792
magenta,429,9,8,0.77734375,408.1021728,506.3924633,491.3348198,0.5370225995,490.3414871,492.3281526,0.5322171658,0.5418280333
magenta,430,9,8,0.78125,408.1464203,506.2701803,491.4068259,0.5379853898,490.4134932,492.4001587,0.533179956,0.5427908235
magenta,431,9,8,0.78515625,408.1906403,506.1478928,491.4787872,0.5389482156,490.4854544,492.4721199,0.5341427818,0.5437536493
magenta,432,9,8,0.7890625,408.2348326,506.0256008,491.5507035,0.5399110765,490.5573707,492.5440363,0.5351056427,0.5447165102
magenta,433,9,8,0.79296875,408.2789974,505.9033044,491.6225748,0.5408739719,490.6292421,492.6159076,0.5360685382,0.5456794057
magenta,434,9,8,0.796875,408.3231344,505.7810036,491.6944011,0.5418369015,490.7010683,492.6877338,0.5370314677,0.5466423352
magenta,435,9,8,0.80078125,408.3672436,505.6586987,491.7661821,0.5427998646,490.7728494,492.7595149,0.5379944308,0.5476052983
magenta,436,9,8,0.8046875,408.4113251,505.5363895,491.837918,0.5437628607,490.8445853,492.8312508,0.538957427,0.5485682945
magenta,437,9,8,0.80859375,408.4553788,505.4140762,491.9096086,0.5447258895,490.9162759,492.9029414,0.5399204557,0.5495313232
magenta,438,9,8,0.8125,408.4994045,505.2917588,491.9812538,0.5456889502,490.9879211,492.9745866,0.5408835165,0.5504943839
magenta,439,9,8,0.81640625,408.5434024,505.1694374,492.0528536,0.5466520425,491.0595209,493.0461864,0.5418466088,0.5514574762
magenta,440,9,8,0.8203125,408.5873723,505.0471121,492.1244079,0.5476151658,491.1310752,493.1177407,0.5428097321,0.5524205996
magenta,441,9,8,0.82421875,408.6313142,504.9247829,492.1959166,0.5485783197,491.2025839,493.1892494,0.5437728859,0.5533837534
magenta,442,9,8,0.828125,408.675228,504.8024498,492.2673797,0.5495415035,491.274047,493.2607125,0.5447360698,0.5543469373
magenta,443,9,8,0.83203125,408.7191138,504.6801131,492.3387971,0.5505047169,491.3454643,493.3321298,0.5456992832,0.5553101506
magenta,444,9,8,0.8359375,408.7629714,504.5577726,492.4101686,0.5514679593,491.4168359,493.4035014,0.5466625255,0.556273393
magenta,445,9,8,0.83984375,408.8068008,504.4354286,492.4814943,0.5524312301,491.4881616,493.4748271,0.5476257964,0.5572366639
magenta,446,9,8,0.84375,408.850602,504.3130809,492.5527741,0.553394529,491.5594413,493.5461068,0.5485890953,0.5581999627
magenta,447,9,8,0.84765625,408.894375,504.1907298,492.6240079,0.5543578553,491.6306751,493.6173406,0.5495524216,0.5591632891
magenta,448,9,8,0.8515625,408.9381196,504.0683753,492.6951955,0.5553212087,491.7018628,493.6885283,0.5505157749,0.5601266424
magenta,449,9,8,0.85546875,408.9818358,503.9460174,492.7663371,0.5562845884,491.7730043,493.7596698,0.5514791547,0.5610900222
magenta,450,9,8,0.859375,409.0255237,503.8236562,492.8374324,0.5572479942,491.8440996,493.8307652,0.5524425604,0.5620534279
magenta,451,9,8,0.86328125,409.0691831,503.7012917,492.9084814,0.5582114254,491.9151487,493.9018142,0.5534059916,0.5630168591
magenta,452,9,8,0.8671875,409.112814,503.5789241,492.9794841,0.5591748815,491.9861513,493.9728168,0.5543694478,0.5639803153
magenta,453,9,8,0.87109375,409.1564164,503.4565534,493.0504403,0.5601383621,492.0571076,494.0437731,0.5553329284,0.5649437958
magenta,454,9,8,0.875,409.1999902,503.3341797,493.12135,0.5611018666,492.1280173,494.1146828,0.5562964329,0.5659073004
magenta,455,9,8,0.87890625,409.2435354,503.211803,493.1922132,0.5620653946,492.1988804,494.1855459,0.5572599608,0.5668708283
magenta,456,9,8,0.8828125,409.287052,503.0894233,493.2630297,0.5630289454,492.2696969,494.2563624,0.5582235117,0.5678343792
magenta,457,9,8,0.88671875,409.3305398,502.9670409,493.3337995,0.5639925187,492.3404667,494.3271322,0.559187085,0.5687979525
magenta,458,9,8,0.890625,409.3739988,502.8446556,493.4045224,0.5649561139,492.4111897,494.3978552,0.5601506802,0.5697615477
magenta,459,9,8,0.89453125,409.4174291,502.7222676,493.4751986,0.5659197305,492.4818658,494.4685313,0.5611142968,0.5707251642
magenta,460,9,8,0.8984375,409.4608305,502.599877,493.5458278,0.566883368,492.552495,494.5391605,0.5620779343,0.5716888017
magenta,461,9,8,0.90234375,409.5042031,502.4774838,493.6164099,0.5678470259,492.6230772,494.6097427,0.5630415921,0.5726524596
magenta,462,9,8,0.90625,409.5475467,502.355088,493.686945,0.5688107036,492.6936123,494.6802778,0.5640052699,0.5736161373
magenta,463,9,8,0.91015625,409.5908613,502.2326898,493.757433,0.5697744007,492.7641002,494.7507657,0.564968967,0.5745798345
magenta,464,9,8,0.9140625,409.6341469,502.1102892,493.8278737,0.5707381167,492.834541,494.8212065,0.565932683,0.5755435504
magenta,465,9,8,0.91796875,409.6774035,501.9878863,493.8982671,0.571701851,492.9049344,494.8915999,0.5668964173,0.5765072848
magenta,466,9,8,0.921875,409.7206309,501.8654811,493.9686132,0.5726656032,492.9752805,494.961946,0.5678601695,0.577471037
magenta,467,9,8,0.92578125,409.7638292,501.7430737,494.0389119,0.5736293728,493.0455791,495.0322446,0.5688239391,0.5784348065
magenta,468,9,8,0.9296875,409.8069983,501.6206641,494.109163,0.5745931592,493.1158302,495.1024957,0.5697877254,0.5793985929
magenta,469,9,8,0.93359375,409.8501382,501.4982525,494.1793665,0.5755569619,493.1860338,495.1726993,0.5707515281,0.5803623956
magenta,470,9,8,0.9375,409.8932488,501.3758389,494.2495224,0.5765207804,493.2561897,495.2428552,0.5717153467,0.5813262141
magenta,471,9,8,0.94140625,409.93633,501.2534233,494.3196306,0.5774846143,493.3262978,495.3129634,0.5726791805,0.582290048
magenta,472,9,8,0.9453125,409.9793819,501.1310058,494.389691,0.5784484629,493.3963582,495.3830237,0.5736430292,0.5832538967
magenta,473,9,8,0.94921875,410.0224044,501.0085866,494.4597035,0.5794123259,493.4663707,495.4530362,0.5746068922,0.5842177596
magenta,474,9,8,0.953125,410.0653974,500.8861655,494.5296681,0.5803762027,493.5363353,495.5230008,0.5755707689,0.5851816364
magenta,475,9,8,0.95703125,410.108361,500.7637428,494.5995846,0.5813400927,493.6062519,495.5929174,0.576534659,0.5861455265
magenta,476,9,8,0.9609375,410.1512949,500.6413185,494.6694531,0.5823039956,493.6761204,495.6627859,0.5774985618,0.5871094293
magenta,477,9,8,0.96484375,410.1941993,500.5188926,494.7392734,0.5832679107,493.7459407,495.7326062,0.5784624769,0.5880733444
magenta,478,9,8,0.96875,410.2370741,500.3964652,494.8090456,0.5842318376,493.8157128,495.8023783,0.5794264038,0.5890372713
magenta,479,9,8,0.97265625,410.2799191,500.2740364,494.8787694,0.5851957757,493.8854366,495.8721021,0.580390342,0.5900012094
magenta,480,9,8,0.9765625,410.3227345,500.1516062,494.9484448,0.5861597246,493.9551121,495.9417776,0.5813542909,0.5909651583
magenta,481,9,8,0.98046875,410.3655201,500.0291747,495.0180718,0.5871236838,494.0247391,496.0114046,0.58231825,0.5919291175
magenta,482,9,8,0.984375,410.4082759,499.906742,495.0876503,0.5880876527,494.0943176,496.0809831,0.5832822189,0.5928930864
magenta,483,9,8,0.98828125,410.4510018,499.7843081,495.1571802,0.5890516308,494.1638475,496.150513,0.5842461971,0.5938570645
magenta,484,9,8,0.9921875,410.4936978,499.6618731,495.2266615,0.5900156177,494.2333287,496.2199943,0.5852101839,0.5948210514
magenta,485,9,8,0.99609375,410.5363639,499.539437,495.296094,0.5909796127,494.3027613,496.2894268,0.586174179,0.5957850465
magenta,486,9,8,1,410.579,499.417,495.3654778,0.5919436155,494.372145,496.3588105,0.5871381818,0.5967490493
magenta,487,9,9,0.05263157895,410.6571053,499.187,495.4925822,0.5937545108,494.4992494,496.4859149,0.5889490771,0.5985599446
magenta,488,9,9,0.1052631579,410.7352105,498.957,495.6196866,0.5955654061,494.6263538,496.6130193,0.5907599724,0.6003708399
magenta,489,9,9,0.1578947368,410.8133158,498.727,495.7467909,0.5973763014,494.7534582,496.7401237,0.5925708677,0.6021817352
magenta,490,9,9,0.2105263158,410.8914211,498.497,495.8738953,0.5991871967,494.8805626,496.8672281,0.594381763,0.6039926304
magenta,491,9,9,0.2631578947,410.9695263,498.267,496.0009997,0.600998092,495.0076669,496.9943325,0.5961926583,0.6058035257
magenta,492,9,9,0.3157894737,411.0476316,498.037,496.1281041,0.6028089873,495.1347713,497.1214368,0.5980035536,0.607614421
magenta,493,9,9,0.3684210526,411.1257368,497.807,496.2552085,0.6046198826,495.2618757,497.2485412,0.5998144488,0.6094253163
magenta,494,9,9,0.4210526316,411.2038421,497.577,496.3823129,0.6064307779,495.3889801,497.3756456,0.6016253441,0.6112362116
magenta,495,9,9,0.4736842105,411.2819474,497.347,496.5094172,0.6082416732,495.5160845,497.50275,0.6034362394,0.6130471069
magenta,496,9,9,0.5263157895,411.3600526,497.117,496.6365216,0.6100525685,495.6431889,497.6298544,0.6052471347,0.6148580022
magenta,497,9,9,0.5789473684,411.4381579,496.887,496.763626,0.6118634637,495.7702933,497.7569588,0.60705803,0.6166688975
magenta,498,9,9,0.6315789474,411.5162632,496.657,496.8907304,0.613674359,495.8973976,497.8840632,0.6088689253,0.6184797928
magenta,499,9,9,0.6842105263,411.5943684,496.427,497.0178348,0.6154852543,496.024502,498.0111675,0.6106798206,0.6202906881
magenta,500,9,9,0.7368421053,411.6724737,496.197,497.1449392,0.6172961496,496.1516064,498.1382719,0.6124907159,0.6221015833
magenta,501,9,9,0.7894736842,411.7505789,495.967,497.2720436,0.6191070449,496.2787108,498.2653763,0.6143016112,0.6239124786
magenta,502,9,9,0.8421052632,411.8286842,495.737,497.3991479,0.6209179402,496.4058152,498.3924807,0.6161125065,0.6257233739
magenta,503,9,9,0.8947368421,411.9067895,495.507,497.5262523,0.6227288355,496.5329196,498.5195851,0.6179234018,0.6275342692
magenta,504,9,9,0.9473684211,411.9848947,495.277,497.6533567,0.6245397308,496.660024,498.6466895,0.619734297,0.6293451645
magenta,505,9,9,1,412.063,495.047,497.7804611,0.6263506261,496.7871283,498.7737939,0.6215451923,0.6311560598
magenta,506,9,10,0.05263157895,412.1395263,494.8131579,497.904996,0.628191772,496.9116632,498.8983287,0.6233863383,0.6329972057
magenta,507,9,10,0.1052631579,412.2160526,494.5793158,498.0295309,0.630032918,497.0361981,499.0228636,0.6252274842,0.6348383517
magenta,508,9,10,0.1578947368,412.2925789,494.3454737,498.1540658,0.6318740639,497.160733,499.1473985,0.6270686302,0.6366794976
magenta,509,9,10,0.2105263158,412.3691053,494.1116316,498.2786007,0.6337152098,497.2852679,499.2719334,0.6289097761,0.6385206436
magenta,510,9,10,0.2631578947,412.4456316,493.8777895,498.4031355,0.6355563558,497.4098028,499.3964683,0.6307509221,0.6403617895
magenta,511,9,10,0.3157894737,412.5221579,493.6439474,498.5276704,0.6373975017,497.5343377,499.5210032,0.632592068,0.6422029355
magenta,512,9,10,0.3684210526,412.5986842,493.4101053,498.6522053,0.6392386477,497.6588726,499.6455381,0.6344332139,0.6440440814
magenta,513,9,10,0.4210526316,412.6752105,493.1762632,498.7767402,0.6410797936,497.7834074,499.770073,0.6362743599,0.6458852274
magenta,514,9,10,0.4736842105,412.7517368,492.9424211,498.9012751,0.6429209396,497.9079423,499.8946079,0.6381155058,0.6477263733
magenta,515,9,10,0.5263157895,412.8282632,492.7085789,499.02581,0.6447620855,498.0324772,500.0191427,0.6399566518,0.6495675192
magenta,516,9,10,0.5789473684,412.9047895,492.4747368,499.1503449,0.6466032315,498.1570121,500.1436776,0.6417977977,0.6514086652
magenta,517,9,10,0.6315789474,412.9813158,492.2408947,499.2748798,0.6484443774,498.281547,500.2682125,0.6436389437,0.6532498111
magenta,518,9,10,0.6842105263,413.0578421,492.0070526,499.3994147,0.6502855233,498.4060819,500.3927474,0.6454800896,0.6550909571
magenta,519,9,10,0.7368421053,413.1343684,491.7732105,499.5239495,0.6521266693,498.5306168,500.5172823,0.6473212356,0.656932103
magenta,520,9,10,0.7894736842,413.2108947,491.5393684,499.6484844,0.6539678152,498.6551517,500.6418172,0.6491623815,0.658773249
magenta,521,9,10,0.8421052632,413.2874211,491.3055263,499.7730193,0.6558089612,498.7796866,500.7663521,0.6510035274,0.6606143949
magenta,522,9,10,0.8947368421,413.3639474,491.0716842,499.8975542,0.6576501071,498.9042215,500.890887,0.6528446734,0.6624555409
magenta,523,9,10,0.9473684211,413.4404737,490.8378421,500.0220891,0.6594912531,499.0287563,501.0154219,0.6546858193,0.6642966868
magenta,524,9,10,1,413.517,490.604,500.146624,0.661332399,499.1532912,501.1399567,0.6565269653,0.6661378327
magenta,525,9,11,0.05263157895,413.5916316,490.3667895,500.2680755,0.6632000661,499.2747427,501.2614082,0.6583946323,0.6680054998
magenta,526,9,11,0.1052631579,413.6662632,490.1295789,500.389527,0.6650677331,499.3961942,501.3828597,0.6602622994,0.6698731669
magenta,527,9,11,0.1578947368,413.7408947,489.8923684,500.5109785,0.6669354002,499.5176457,501.5043112,0.6621299665,0.6717408339
magenta,528,9,11,0.2105263158,413.8155263,489.6551579,500.63243,0.6688030673,499.6390972,501.6257627,0.6639976335,0.673608501
magenta,529,9,11,0.2631578947,413.8901579,489.4179474,500.7538815,0.6706707343,499.7605487,501.7472142,0.6658653006,0.6754761681
magenta,530,9,11,0.3157894737,413.9647895,489.1807368,500.875333,0.6725384014,499.8820002,501.8686657,0.6677329677,0.6773438351
magenta,531,9,11,0.3684210526,414.0394211,488.9435263,500.9967844,0.6744060685,500.0034517,501.9901172,0.6696006347,0.6792115022
magenta,532,9,11,0.4210526316,414.1140526,488.7063158,501.1182359,0.6762737355,500.1249032,502.1115687,0.6714683018,0.6810791693
magenta,533,9,11,0.4736842105,414.1886842,488.4691053,501.2396874,0.6781414026,500.2463547,502.2330202,0.6733359689,0.6829468363
magenta,534,9,11,0.5263157895,414.2633158,488.2318947,501.3611389,0.6800090697,500.3678062,502.3544717,0.6752036359,0.6848145034
magenta,535,9,11,0.5789473684,414.3379474,487.9946842,501.4825904,0.6818767367,500.4892577,502.4759232,0.677071303,0.6866821705
magenta,536,9,11,0.6315789474,414.4125789,487.7574737,501.6040419,0.6837444038,500.6107092,502.5973747,0.6789389701,0.6885498375
magenta,537,9,11,0.6842105263,414.4872105,487.5202632,501.7254934,0.6856120709,500.7321607,502.7188262,0.6808066371,0.6904175046
magenta,538,9,11,0.7368421053,414.5618421,487.2830526,501.8469449,0.6874797379,500.8536122,502.8402777,0.6826743042,0.6922851717
magenta,539,9,11,0.7894736842,414.6364737,487.0458421,501.9683964,0.689347405,500.9750636,502.9617292,0.6845419713,0.6941528387
magenta,540,9,11,0.8421052632,414.7111053,486.8086316,502.0898479,0.6912150721,501.0965151,503.0831807,0.6864096383,0.6960205058
magenta,541,9,11,0.8947368421,414.7857368,486.5714211,502.2112994,0.6930827391,501.2179666,503.2046321,0.6882773054,0.6978881729
magenta,542,9,11,0.9473684211,414.8603684,486.3342105,502.3327509,0.6949504062,501.3394181,503.3260836,0.6901449725,0.6997558399
magenta,543,9,11,1,414.935,486.097,502.4542024,0.6968180733,501.4608696,503.4475351,0.6920126395,0.701623507
magenta,544,9,12,0.00390625,414.98207,485.9764993,502.5308015,0.6977668304,501.5374688,503.5241343,0.6929613967,0.7025722641
magenta,545,9,12,0.0078125,415.0299271,485.8514459,502.6086818,0.698751433,501.615349,503.6020145,0.6939459993,0.7035568668
magenta,546,9,12,0.01171875,415.0785698,485.7218918,502.6878403,0.6997714721,501.6945076,503.6811731,0.6949660384,0.7045769059
magenta,547,9,12,0.015625,415.1279963,485.5878888,502.7682744,0.7008265387,501.7749417,503.7616072,0.696021105,0.7056319725
magenta,548,9,12,0.01953125,415.178205,485.449489,502.8499814,0.7019162238,501.8566486,503.8433141,0.6971107901,0.7067216575
magenta,549,9,12,0.0234375,415.2291941,485.3067443,502.9329583,0.7030401184,501.9396256,503.9262911,0.6982346847,0.7078455521
magenta,550,9,12,0.02734375,415.2809619,485.1597066,503.0172026,0.7041978135,502.0238698,504.0105353,0.6993923797,0.7090032472
magenta,551,9,12,0.03125,415.3335068,485.0084279,503.1027114,0.7053889001,502.1093786,504.0960441,0.7005834663,0.7101943338
magenta,552,9,12,0.03515625,415.3868271,484.8529601,503.189482,0.7066129692,502.1961492,504.1828147,0.7018075354,0.7114184029
magenta,553,9,12,0.0390625,415.440921,484.6933551,503.2775116,0.7078696118,502.2841788,504.2708443,0.7030641781,0.7126750455
magenta,554,9,12,0.04296875,415.4957869,484.529665,503.3667974,0.7091584189,502.3734647,504.3601302,0.7043529852,0.7139638527
magenta,555,9,12,0.046875,415.5514231,484.3619417,503.4573368,0.7104789816,502.464004,504.4506696,0.7056735478,0.7152844153
magenta,556,9,12,0.05078125,415.6078279,484.1902371,503.5491269,0.7118308907,502.5557942,504.5424597,0.707025457,0.7166363245
magenta,557,9,12,0.0546875,415.6649995,484.0146031,503.6421651,0.7132137374,502.6488323,504.6354978,0.7084083037,0.7180191712
magenta,558,9,12,0.05859375,415.7229364,483.8350917,503.7364485,0.7146271127,502.7431157,504.7297812,0.709821679,0.7194325464
magenta,559,9,12,0.0625,415.7816367,483.6517549,503.8319743,0.7160706075,502.8386416,504.8253071,0.7112651737,0.7208760412
magenta,560,9,12,0.06640625,415.8410989,483.4646445,503.9287399,0.7175438128,502.9354071,504.9220727,0.712738379,0.7223492465
magenta,561,9,12,0.0703125,415.9013212,483.2738127,504.0267425,0.7190463196,503.0334097,505.0200752,0.7142408859,0.7238517534
magenta,562,9,12,0.07421875,415.9623019,483.0793111,504.1259793,0.7205777191,503.1326465,505.119312,0.7157722853,0.7253831528
magenta,563,9,12,0.078125,416.0240393,482.881192,504.2264475,0.722137602,503.2331147,505.2197803,0.7173321683,0.7269430358
magenta,564,9,12,0.08203125,416.0865318,482.6795071,504.3281444,0.7237255595,503.3348117,505.3214772,0.7189201258,0.7285309933
magenta,565,9,12,0.0859375,416.1497776,482.4743084,504.4310673,0.7253411826,503.4377346,505.4244001,0.7205357489,0.7301466164
magenta,566,9,12,0.08984375,416.213775,482.2656479,504.5352134,0.7269840623,503.5418807,505.5285462,0.7221786285,0.731789496
magenta,567,9,12,0.09375,416.2785225,482.0535775,504.64058,0.7286537895,503.6472472,505.6339127,0.7238483558,0.7334592232
magenta,568,9,12,0.09765625,416.3440181,481.8381492,504.7471642,0.7303499553,503.7538314,505.7404969,0.7255445216,0.735155389
magenta,569,9,12,0.1015625,416.4102604,481.6194149,504.8549633,0.7320721507,503.8616305,505.848296,0.7272667169,0.7368775844
magenta,570,9,12,0.10546875,416.4772475,481.3974265,504.9639746,0.7338199666,503.9706418,505.9573073,0.7290145329,0.7386254004
magenta,571,9,12,0.109375,416.5449778,481.1722361,505.0741953,0.7355929942,504.0808625,506.067528,0.7307875604,0.7403984279
magenta,572,9,12,0.11328125,416.6134496,480.9438955,505.1856227,0.7373908243,504.1922899,506.1789554,0.7325853906,0.742196258
magenta,573,9,12,0.1171875,416.6826611,480.7124566,505.2982539,0.739213048,504.3049212,506.2915867,0.7344076143,0.7440184818
magenta,574,9,12,0.12109375,416.7526108,480.4779716,505.4120863,0.7410592564,504.4187536,506.4054191,0.7362538226,0.7458646901
magenta,575,9,12,0.125,416.8232969,480.2404922,505.5271171,0.7429290403,504.5337843,506.5204499,0.7381236066,0.747734474
magenta,576,9,12,0.126953125,416.8589155,480.1206459,505.585081,0.7438726453,504.5917483,506.5784138,0.7390672116,0.748678079
magenta,577,9,12,0.12890625,416.8947177,480.0000704,505.6433435,0.7448219908,504.6500108,506.6366763,0.7400165571,0.7496274246
magenta,578,9,12,0.130859375,416.930703,479.8787724,505.7019042,0.7457770258,504.7085715,506.695237,0.740971592,0.7505824595
magenta,579,9,12,0.1328125,416.9668715,479.7567583,505.7607628,0.746737699,504.76743,506.7540956,0.7419322652,0.7515431327
magenta,580,9,12,0.134765625,417.0032227,479.6340345,505.8199189,0.7477039593,504.8265862,506.8132517,0.7428985256,0.7525093931
magenta,581,9,12,0.13671875,417.0397566,479.5106076,505.8793722,0.7486757557,504.8860395,506.872705,0.743870322,0.7534811895
magenta,582,9,12,0.138671875,417.0764729,479.3864841,505.9391223,0.749653037,504.9457896,506.9324551,0.7448476033,0.7544584708
magenta,583,9,12,0.140625,417.1133713,479.2616704,505.999169,0.7506357521,505.0058362,506.9925017,0.7458303184,0.7554411859
magenta,584,9,12,0.142578125,417.1504518,479.1361731,506.0595118,0.7516238499,505.066179,507.0528445,0.7468184161,0.7564292836
magenta,585,9,12,0.14453125,417.187714,479.0099987,506.1201503,0.7526172791,505.1268176,507.1134831,0.7478118454,0.7574227129
magenta,586,9,12,0.146484375,417.2251578,478.8831535,506.1810844,0.7536159888,505.1877516,507.1744172,0.7488105551,0.7584214225
magenta,587,9,12,0.1484375,417.262783,478.7556443,506.2423136,0.7546199278,505.2489808,507.2356463,0.749814494,0.7594253615
magenta,588,9,12,0.150390625,417.3005892,478.6274773,506.3038375,0.7556290449,505.3105047,507.2971703,0.7508236111,0.7604344786
magenta,589,9,12,0.15234375,417.3385764,478.4986592,506.3656559,0.756643289,505.3723231,507.3589886,0.7518378553,0.7614487227
magenta,590,9,12,0.154296875,417.3767444,478.3691964,506.4277683,0.7576626091,505.4344356,507.4211011,0.7528571753,0.7624680428
magenta,591,9,12,0.15625,417.4150928,478.2390953,506.4901745,0.7586869539,505.4968418,507.4835073,0.7538815202,0.7634923876
magenta,592,9,12,0.158203125,417.4536215,478.1083626,506.5528741,0.7597162724,505.5595414,507.5462069,0.7549108387,0.7645217061
magenta,593,9,12,0.16015625,417.4923303,477.9770047,506.6158667,0.7607505134,505.622534,507.6091995,0.7559450797,0.7655559472
magenta,594,9,12,0.162109375,417.5312189,477.8450281,506.6791521,0.7617896259,505.6858193,507.6724848,0.7569841922,0.7665950596
magenta,595,9,12,0.1640625,417.5702872,477.7124392,506.7427298,0.7628335586,505.749397,507.7360626,0.7580281249,0.7676389924
magenta,596,9,12,0.166015625,417.609535,477.5792446,506.8065995,0.7638822605,505.8132668,507.7999323,0.7590768268,0.7686876943
magenta,597,9,12,0.16796875,417.648962,477.4454508,506.8707609,0.7649356805,505.8774282,507.8640937,0.7601302467,0.7697411142
magenta,598,9,12,0.169921875,417.688568,477.3110643,506.9352136,0.7659937673,505.9418809,507.9285464,0.7611883336,0.770799201
magenta,599,9,12,0.171875,417.7283528,477.1760915,506.9999573,0.7670564699,506.0066246,507.9932901,0.7622510362,0.7718619037
magenta,600,9,12,0.173828125,417.7683162,477.0405389,507.0649917,0.7681237372,506.0716589,508.0583244,0.7633183035,0.772929171
magenta,601,9,12,0.17578125,417.808458,476.9044131,507.1303163,0.7691955181,506.1369836,508.1236491,0.7643900843,0.7740009518
magenta,602,9,12,0.177734375,417.848778,476.7677205,507.1959309,0.7702717613,506.2025981,508.1892637,0.7654663276,0.7750771951
magenta,603,9,12,0.1796875,417.8892759,476.6304677,507.2618351,0.7713524159,506.2685023,508.2551679,0.7665469821,0.7761578496
magenta,604,9,12,0.181640625,417.9299516,476.492661,507.3280285,0.7724374306,506.3346958,508.3213613,0.7676319968,0.7772428643
magenta,605,9,12,0.18359375,417.9708048,476.3543071,507.3945109,0.7735267543,506.4011782,508.3878437,0.7687213206,0.7783321881
magenta,606,9,12,0.185546875,418.0118353,476.2154124,507.4612819,0.774620336,506.4679491,508.4546146,0.7698149022,0.7794257697
magenta,607,9,12,0.1875,418.053043,476.0759834,507.528341,0.7757181244,506.5350083,508.5216738,0.7709126907,0.7805235582
magenta,608,9,12,0.189453125,418.0944275,475.9360266,507.5956881,0.7768200686,506.6023553,508.5890208,0.7720146348,0.7816255023
magenta,609,9,12,0.19140625,418.1359888,475.7955484,507.6633226,0.7779261172,506.6699899,508.6566554,0.7731206835,0.782731551
magenta,610,9,12,0.193359375,418.1777265,475.6545555,507.7312444,0.7790362193,506.7379117,508.7245772,0.7742307856,0.7838416531
magenta,611,9,12,0.1953125,418.2196405,475.5130542,507.7994531,0.7801503237,506.8061203,508.7927858,0.77534489,0.7849557575
magenta,612,9,12,0.197265625,418.2617306,475.3710511,507.8679482,0.7812683793,506.8746154,508.8612809,0.7764629455,0.786073813
magenta,613,9,12,0.19921875,418.3039965,475.2285526,507.9367295,0.7823903349,506.9433967,508.9300622,0.7775849011,0.7871957686
magenta,614,9,12,0.201171875,418.346438,475.0855653,508.0057966,0.7835161394,507.0124638,508.9991293,0.7787107057,0.7883215731
magenta,615,9,12,0.203125,418.3890549,474.9420957,508.0751492,0.7846457417,507.0818164,509.0684819,0.779840308,0.7894511754
magenta,616,9,12,0.205078125,418.4318471,474.7981501,508.1447869,0.7857790907,507.1514541,509.1381196,0.780973657,0.7905845244
magenta,617,9,12,0.20703125,418.4748142,474.6537352,508.2147093,0.7869161352,507.2213766,509.2080421,0.7821107015,0.791721569
magenta,618,9,12,0.208984375,418.5179562,474.5088575,508.2849163,0.7880568242,507.2915835,509.278249,0.7832513905,0.7928622579
magenta,619,9,12,0.2109375,418.5612727,474.3635233,508.3554073,0.7892011065,507.3620745,509.34874,0.7843956727,0.7940065402
magenta,620,9,12,0.212890625,418.6047636,474.2177393,508.426182,0.7903489309,507.4328493,509.4195148,0.7855434972,0.7951543646
magenta,621,9,12,0.21484375,418.6484286,474.0715119,508.4972402,0.7915002464,507.5039074,509.490573,0.7866948126,0.7963056801
magenta,622,9,12,0.216796875,418.6922676,473.9248475,508.5685814,0.7926550018,507.5752487,509.5619142,0.787849568,0.7974604355
magenta,623,9,12,0.21875,418.7362803,473.7777528,508.6402054,0.793813146,507.6468726,509.6335381,0.7890077122,0.7986185797
magenta,624,9,12,0.220703125,418.7804665,473.6302342,508.7121117,0.7949746279,507.7187789,509.7054444,0.7901691941,0.7997800616
magenta,625,9,12,0.22265625,418.824826,473.4822981,508.7843,0.7961393963,507.7909672,509.7776328,0.7913339626,0.80094483
magenta,626,9,12,0.224609375,418.8693586,473.3339511,508.85677,0.7973074002,507.8634373,509.8501028,0.7925019664,0.8021128339
magenta,627,9,12,0.2265625,418.9140641,473.1851996,508.9295214,0.7984785883,507.9361886,509.9228541,0.7936731546,0.8032840221
magenta,628,9,12,0.228515625,418.9589422,473.0360503,509.0025537,0.7996529097,508.0092209,509.9958865,0.7948474759,0.8044583434
magenta,629,9,12,0.23046875,419.0039929,472.8865094,509.0758667,0.8008303131,508.0825339,510.0691994,0.7960248793,0.8056357468
magenta,630,9,12,0.232421875,419.0492157,472.7365836,509.14946,0.8020107474,508.1561272,510.1427927,0.7972053137,0.8068161811
magenta,631,9,12,0.234375,419.0946106,472.5862794,509.2233332,0.8031941615,508.2300005,510.216666,0.7983887278,0.8079995953
magenta,632,9,12,0.236328125,419.1401773,472.4356032,509.2974861,0.8043805043,508.3041533,510.2908188,0.7995750706,0.8091859381
magenta,633,9,12,0.23828125,419.1859156,472.2845615,509.3719182,0.8055697247,508.3785855,510.365251,0.800764291,0.8103751584
magenta,634,9,12,0.240234375,419.2318253,472.1331608,509.4466293,0.8067617715,508.4532965,510.439962,0.8019563378,0.8115672052
magenta,635,9,12,0.2421875,419.2779063,471.9814077,509.5216189,0.8079565936,508.5282861,510.5149517,0.8031511599,0.8127620274
magenta,636,9,12,0.244140625,419.3241581,471.8293085,509.5968868,0.8091541399,508.603554,510.5902195,0.8043487062,0.8139595736
magenta,637,9,12,0.24609375,419.3705808,471.6768699,509.6724325,0.8103543593,508.6790998,510.6657653,0.8055489255,0.815159793
magenta,638,9,12,0.248046875,419.417174,471.5240982,509.7482558,0.8115572005,508.7549231,510.7415886,0.8067517668,0.8163626343
magenta,639,9,12,0.25,419.4639375,471.371,509.8243563,0.8127626126,508.8310236,510.8176891,0.8079571789,0.8175680464
magenta,640,9,12,0.251953125,419.5108712,471.2175818,509.9007337,0.8139705444,508.907401,510.8940665,0.8091651107,0.8187759781
magenta,641,9,12,0.25390625,419.5579747,471.0638501,509.9773876,0.8151809447,508.9840548,510.9707203,0.810375511,0.8199863785
magenta,642,9,12,0.255859375,419.605248,470.9098113,510.0543176,0.8163937625,509.0609849,511.0476504,0.8115883288,0.8211991962
magenta,643,9,12,0.2578125,419.6526908,470.755472,510.1315235,0.8176089466,509.1381907,511.1248563,0.8128035128,0.8224143803
magenta,644,9,12,0.259765625,419.7003029,470.6008386,510.2090048,0.8188264458,509.2156721,511.2023376,0.8140210121,0.8236318796
magenta,645,9,12,0.26171875,419.748084,470.4459177,510.2867613,0.8200462092,509.2934286,511.2800941,0.8152407754,0.8248516429
magenta,646,9,12,0.263671875,419.796034,470.2907157,510.3647926,0.8212681854,509.3714598,511.3581254,0.8164627517,0.8260736192
magenta,647,9,12,0.265625,419.8441526,470.1352392,510.4430983,0.8224923235,509.4497656,511.4364311,0.8176868898,0.8272977572
magenta,648,9,12,0.267578125,419.8924397,469.9794945,510.5216781,0.8237185723,509.5283454,511.5150109,0.8189131385,0.828524006
magenta,649,9,12,0.26953125,419.9408949,469.8234883,510.6005317,0.8249468806,509.607199,511.5938645,0.8201414469,0.8297523143
magenta,650,9,12,0.271484375,419.9895182,469.667227,510.6796587,0.8261771974,509.6863259,511.6729915,0.8213717636,0.8309826311
magenta,651,9,12,0.2734375,420.0383093,469.5107171,510.7590588,0.8274094714,509.765726,511.7523915,0.8226040377,0.8322149052
magenta,652,9,12,0.275390625,420.087268,469.3539651,510.8387315,0.8286436517,509.8453988,511.8320643,0.823838218,0.8334490854
magenta,653,9,12,0.27734375,420.1363941,469.1969775,510.9186767,0.8298796871,509.9253439,511.9120094,0.8250742533,0.8346851208
magenta,654,9,12,0.279296875,420.1856873,469.0397608,510.9988939,0.8311175263,510.0055611,511.9922266,0.8263120926,0.8359229601
magenta,655,9,12,0.28125,420.2351475,468.8823214,511.0793827,0.8323571184,510.08605,512.0727155,0.8275516847,0.8371625522
magenta,656,9,12,0.283203125,420.2847744,468.7246659,511.160143,0.8335984122,510.1668102,512.1534757,0.8287929785,0.838403846
magenta,657,9,12,0.28515625,420.3345678,468.5668008,511.2411742,0.8348413566,510.2478414,512.234507,0.8300359228,0.8396467903
magenta,658,9,12,0.287109375,420.3845276,468.4087325,511.3224761,0.8360859004,510.3291433,512.3158088,0.8312804666,0.8408913341
magenta,659,9,12,0.2890625,420.4346534,468.2504676,511.4040483,0.8373319925,510.4107155,512.397381,0.8325265588,0.8421374262
magenta,660,9,12,0.291015625,420.4849452,468.0920126,511.4858904,0.8385795818,510.4925577,512.4792232,0.8337741481,0.8433850156
magenta,661,9,12,0.29296875,420.5354026,467.9333738,511.5680022,0.8398286172,510.5746694,512.5613349,0.8350231835,0.8446340509
magenta,662,9,12,0.294921875,420.5860256,467.7745579,511.6503832,0.8410790475,510.6570505,512.643716,0.8362736138,0.8458844813
magenta,663,9,12,0.296875,420.6368137,467.6155713,511.7330332,0.8423308217,510.7397005,512.726366,0.8375253879,0.8471362554
magenta,664,9,12,0.298828125,420.6877669,467.4564206,511.8159518,0.8435838885,510.822619,512.8092846,0.8387784548,0.8483893223
magenta,665,9,12,0.30078125,420.738885,467.2971121,511.8991386,0.8448381969,510.9058059,512.8924714,0.8400327632,0.8496436307
magenta,666,9,12,0.302734375,420.7901677,467.1376525,511.9825933,0.8460936958,510.9892606,512.9759261,0.8412882621,0.8508991296
magenta,667,9,12,0.3046875,420.8416147,466.9780481,512.0663156,0.847350334,511.0729829,513.0596484,0.8425449003,0.8521557677
magenta,668,9,12,0.306640625,420.893226,466.8183055,512.1503051,0.8486080604,511.1569723,513.1436379,0.8438026267,0.8534134941
magenta,669,9,12,0.30859375,420.9450013,466.6584312,512.2345614,0.8498668239,511.2412287,513.2278942,0.8450613901,0.8546722576
magenta,670,9,12,0.310546875,420.9969404,466.4984317,512.3190843,0.8511265733,511.3257516,513.3124171,0.8463211395,0.855932007
magenta,671,9,12,0.3125,421.049043,466.3383135,512.4038734,0.8523872575,511.4105406,513.3972061,0.8475818238,0.8571926912
magenta,672,9,12,0.314453125,421.1013089,466.178083,512.4889282,0.8536488254,511.4955955,513.482261,0.8488433917,0.8584542592
magenta,673,9,12,0.31640625,421.153738,466.0177468,512.5742486,0.854911226,511.5809158,513.5675814,0.8501057922,0.8597166597
magenta,674,9,12,0.318359375,421.2063301,465.8573113,512.6598341,0.8561744079,511.6665014,513.6531669,0.8513689742,0.8609798417
magenta,675,9,12,0.3203125,421.2590848,465.6967831,512.7456844,0.8574383202,511.7523517,513.7390172,0.8526328865,0.862243754
magenta,676,9,12,0.322265625,421.3120021,465.5361686,512.8317992,0.8587029117,511.8384664,513.8251319,0.853897478,0.8635083455
magenta,677,9,12,0.32421875,421.3650817,465.3754743,512.9181781,0.8599681313,511.9248453,513.9115108,0.8551626976,0.864773565
magenta,678,9,12,0.326171875,421.4183233,465.2147067,513.0048207,0.8612339278,512.0114879,513.9981534,0.8564284941,0.8660393616
magenta,679,9,12,0.328125,421.4717268,465.0538724,513.0917267,0.8625002502,512.098394,514.0850595,0.8576948164,0.8673056839
magenta,680,9,12,0.330078125,421.525292,464.8929778,513.1788959,0.8637670472,512.1855631,514.1722286,0.8589616135,0.868572481
magenta,681,9,12,0.33203125,421.5790186,464.7320293,513.2663277,0.8650342679,512.272995,514.2596605,0.8602288341,0.8698397016
magenta,682,9,12,0.333984375,421.6329064,464.5710336,513.354022,0.866301861,512.3606892,514.3473547,0.8614964272,0.8711072947
magenta,683,9,12,0.3359375,421.6869553,464.4099971,513.4419783,0.8675697754,512.4486455,514.435311,0.8627643417,0.8723752091
magenta,684,9,12,0.337890625,421.741165,464.2489262,513.5301963,0.86883796,512.5368635,514.523529,0.8640325263,0.8736433938
magenta,685,9,12,0.33984375,421.7955353,464.0878275,513.6186756,0.8701063638,512.6253428,514.6120084,0.86530093,0.8749117975
magenta,686,9,12,0.341796875,421.850066,463.9267075,513.707416,0.8713749354,512.7140832,514.7007487,0.8665695017,0.8761803692
magenta,687,9,12,0.34375,421.9047568,463.7655726,513.796417,0.8726436239,512.8030842,514.7897497,0.8678381902,0.8774490577
magenta,688,9,12,0.345703125,421.9596077,463.6044294,513.8856783,0.8739123782,512.8923455,514.8790111,0.8691069444,0.8787178119
magenta,689,9,12,0.34765625,422.0146182,463.4432844,513.9751996,0.875181147,512.9818668,514.9685324,0.8703757132,0.8799865807
magenta,690,9,12,0.349609375,422.0697884,463.282144,514.0649805,0.8764498792,513.0716478,515.0583133,0.8716444455,0.881255313
magenta,691,9,12,0.3515625,422.1251178,463.1210147,514.1550208,0.8777185238,513.161688,515.1483535,0.8729130901,0.8825239576
magenta,692,9,12,0.353515625,422.1806064,462.959903,514.2453199,0.8789870296,513.2519872,515.2386527,0.8741815959,0.8837924634
magenta,693,9,12,0.35546875,422.2362538,462.7988155,514.3358777,0.8802553455,513.3425449,515.3292105,0.8754499118,0.8850607793
magenta,694,9,12,0.357421875,422.29206,462.6377586,514.4266937,0.8815234204,513.433361,515.4200265,0.8767179866,0.8863288541
magenta,695,9,12,0.359375,422.3480247,462.4767388,514.5177676,0.8827912031,513.5244349,515.5111004,0.8779857693,0.8875966368
magenta,696,9,12,0.361328125,422.4041476,462.3157625,514.6090991,0.8840586425,513.6157664,515.6024319,0.8792532087,0.8888640762
magenta,697,9,12,0.36328125,422.4604286,462.1548364,514.7006878,0.8853256875,513.7073551,515.6940206,0.8805202537,0.8901311212
magenta,698,9,12,0.365234375,422.5168674,461.9939669,514.7925334,0.8865922869,513.7992006,515.7858662,0.8817868532,0.8913977207
magenta,699,9,12,0.3671875,422.5734639,461.8331604,514.8846355,0.8878583897,513.8913028,515.8779683,0.883052956,0.8926638235
magenta,700,9,12,0.369140625,422.6302178,461.6724236,514.9769938,0.8891239447,513.983661,515.9703266,0.884318511,0.8939293785
magenta,701,9,12,0.37109375,422.6871289,461.5117628,515.0696079,0.8903889008,514.0762752,516.0629407,0.8855834671,0.8951943346
magenta,702,9,12,0.373046875,422.744197,461.3511845,515.1624776,0.8916532069,514.1691448,516.1558103,0.8868477732,0.8964586407
magenta,703,9,12,0.375,422.8014219,461.1906953,515.2556023,0.8929168118,514.2622696,516.2489351,0.8881113781,0.8977222456
magenta,704,9,12,0.376953125,422.8588034,461.0303017,515.3489819,0.8941796645,514.3556492,516.3423147,0.8893742307,0.8989850982
magenta,705,9,12,0.37890625,422.9163412,460.8700101,515.442616,0.8954417137,514.4492832,516.4359487,0.8906362799,0.9002471474
magenta,706,9,12,0.380859375,422.9740352,460.709827,515.5365042,0.8967029084,514.5431714,516.5298369,0.8918974746,0.9015083421
magenta,707,9,12,0.3828125,423.0318851,460.5497589,515.6306461,0.8979631974,514.6373133,516.6239789,0.8931577637,0.9027686311
magenta,708,9,12,0.384765625,423.0898908,460.3898124,515.7250415,0.8992225296,514.7317087,516.7183742,0.8944170959,0.9040279634
magenta,709,9,12,0.38671875,423.148052,460.2299939,515.8196899,0.900480854,514.8263572,516.8130227,0.8956754202,0.9052862877
magenta,710,9,12,0.388671875,423.2063685,460.0703099,515.9145911,0.9017381193,514.9212584,516.9079239,0.8969326856,0.906543553
magenta,711,9,12,0.390625,423.2648401,459.9107669,516.0097447,0.9029942745,515.0164119,517.0030775,0.8981888407,0.9077997082
magenta,712,9,12,0.392578125,423.3234666,459.7513713,516.1051503,0.9042492683,515.1118176,517.0984831,0.8994438346,0.9090547021
magenta,713,9,12,0.39453125,423.3822477,459.5921298,516.2008077,0.9055030498,515.2074749,517.1941404,0.9006976161,0.9103084836
magenta,714,9,12,0.396484375,423.4411833,459.4330488,516.2967164,0.9067555678,515.3033836,517.2900491,0.901950134,0.9115610015
magenta,715,9,12,0.3984375,423.5002732,459.2741347,516.3928761,0.9080067711,515.3995434,517.3862089,0.9032013373,0.9128122048
magenta,716,9,12,0.400390625,423.5595171,459.1153941,516.4892865,0.9092566086,515.4959538,517.4826193,0.9044511748,0.9140620423
magenta,717,9,12,0.40234375,423.6189148,458.9568334,516.5859472,0.9105050292,515.5926145,517.57928,0.9056995955,0.9153104629
magenta,718,9,12,0.404296875,423.6784662,458.7984592,516.6828579,0.9117519818,515.6895252,517.6761907,0.9069465481,0.9165574155
magenta,719,9,12,0.40625,423.7381709,458.640278,516.7800183,0.9129974152,515.7866855,517.773351,0.9081919815,0.917802849
magenta,720,9,12,0.408203125,423.7980288,458.4822961,516.8774279,0.9142412784,515.8840952,517.8707607,0.9094358447,0.9190467121
magenta,721,9,12,0.41015625,423.8580397,458.3245203,516.9750865,0.9154835202,515.9817538,517.9684193,0.9106780864,0.9202889539
magenta,722,9,12,0.412109375,423.9182034,458.1669568,517.0729937,0.9167240894,516.079661,518.0663265,0.9119186557,0.9215295231
magenta,723,9,12,0.4140625,423.9785197,458.0096123,517.1711492,0.917962935,516.1778164,518.1644819,0.9131575013,0.9227683687
magenta,724,9,12,0.416015625,424.0389882,457.8524931,517.2695525,0.9192000058,516.2762198,518.2628853,0.9143945721,0.9240054396
magenta,725,9,12,0.41796875,424.0996089,457.6956059,517.3682035,0.9204352508,516.3748707,518.3615362,0.915629817,0.9252406845
magenta,726,9,12,0.419921875,424.1603816,457.5389571,517.4671017,0.9216686187,516.4737689,518.4604344,0.9168631849,0.9264740524
magenta,727,9,12,0.421875,424.2213059,457.3825531,517.5662467,0.9229000584,516.572914,518.5595795,0.9180946247,0.9277054922
magenta,728,9,12,0.423828125,424.2823817,457.2264006,517.6656383,0.9241295189,516.6723056,518.6589711,0.9193240852,0.9289349526
magenta,729,9,12,0.42578125,424.3436089,457.0705059,517.7652761,0.925356949,516.7719433,518.7586089,0.9205515153,0.9301623827
magenta,730,9,12,0.427734375,424.4049871,456.9148756,517.8651597,0.9265822976,516.871827,518.8584925,0.9217768638,0.9313877313
magenta,731,9,12,0.4296875,424.4665161,456.7595162,517.9652889,0.9278055135,516.9719561,518.9586216,0.9230000798,0.9326109472
magenta,732,9,12,0.431640625,424.5281958,456.6044341,518.0656632,0.9290265456,517.0723304,519.0589959,0.9242211119,0.9338319794
magenta,733,9,12,0.43359375,424.590026,456.4496359,518.1662823,0.9302453429,517.1729495,519.159615,0.9254399092,0.9350507766
magenta,734,9,12,0.435546875,424.6520063,456.295128,518.2671459,0.9314618542,517.2738131,519.2604786,0.9266564204,0.9362672879
magenta,735,9,12,0.4375,424.7141367,456.140917,518.3682536,0.9326760283,517.3749208,519.3615863,0.9278705945,0.937481462
magenta,736,9,12,0.439453125,424.7764169,455.9870093,518.4696051,0.9338878141,517.4762723,519.4629378,0.9290823804,0.9386932478
magenta,737,9,12,0.44140625,424.8388467,455.8334114,518.5712,0.9350971605,517.5778672,519.5645328,0.9302917268,0.9399025943
magenta,738,9,12,0.443359375,424.9014258,455.6801298,518.673038,0.9363040165,517.6797053,519.6663708,0.9314985827,0.9411094502
magenta,739,9,12,0.4453125,424.9641542,455.5271711,518.7751188,0.9375083308,517.781786,519.7684516,0.932702897,0.9423137645
magenta,740,9,12,0.447265625,425.0270315,455.3745416,518.877442,0.9387100523,517.8841092,519.8707747,0.9339046186,0.943515486
magenta,741,9,12,0.44921875,425.0900575,455.222248,518.9800072,0.9399091299,517.9866744,519.97334,0.9351036962,0.9447145637
magenta,742,9,12,0.451171875,425.153232,455.0702966,519.0828142,0.9411055125,518.0894814,520.0761469,0.9363000788,0.9459109463
magenta,743,9,12,0.453125,425.2165549,454.918694,519.1858625,0.942299149,518.1925297,520.1791952,0.9374937153,0.9471045828
magenta,744,9,12,0.455078125,425.2800259,454.7674467,519.2891518,0.9434899883,518.2958191,520.2824846,0.9386845545,0.948295422
magenta,745,9,12,0.45703125,425.3436448,454.6165612,519.3926818,0.9446779791,518.3993491,520.3860146,0.9398725454,0.9494834128
magenta,746,9,12,0.458984375,425.4074114,454.466044,519.4964522,0.9458630704,518.5031194,520.489785,0.9410576367,0.9506685041
magenta,747,9,12,0.4609375,425.4713254,454.3159014,519.6004626,0.9470452111,518.6071298,520.5937953,0.9422397774,0.9518506448
magenta,748,9,12,0.462890625,425.5353868,454.1661402,519.7047126,0.94822435,518.7113798,520.6980453,0.9434189163,0.9530297838
magenta,749,9,12,0.46484375,425.5995951,454.0167667,519.8092019,0.9494004361,518.8158691,520.8025346,0.9445950023,0.9542058698
magenta,750,9,12,0.466796875,425.6639503,453.8677874,519.9139301,0.9505734181,518.9205974,520.9072629,0.9457679844,0.9553788518
magenta,751,9,12,0.46875,425.7284521,453.7192089,520.018897,0.951743245,519.0255642,521.0122298,0.9469378113,0.9565486787
magenta,752,9,12,0.470703125,425.7931004,453.5710375,520.1241021,0.9529098656,519.1307694,521.1174349,0.9481044319,0.9577152994
magenta,753,9,12,0.47265625,425.8578948,453.4232799,520.2295452,0.9540732289,519.2362125,521.222878,0.9492677951,0.9588786626
magenta,754,9,12,0.474609375,425.9228353,453.2759425,520.3352259,0.9552332836,519.3418931,521.3285586,0.9504278499,0.9600387174
magenta,755,9,12,0.4765625,425.9879215,453.1290319,520.4411437,0.9563899787,519.447811,521.4344765,0.951584545,0.9611954125
magenta,756,9,12,0.478515625,426.0531533,452.9825544,520.5472985,0.9575432631,519.5539658,521.5406313,0.9527378294,0.9623486968
magenta,757,9,12,0.48046875,426.1185304,452.8365166,520.6536898,0.9586930856,519.6603571,521.6470226,0.9538876518,0.9634985193
magenta,758,9,12,0.482421875,426.1840527,452.6909249,520.7603174,0.9598393951,519.7669846,521.7536501,0.9550339613,0.9646448288
magenta,759,9,12,0.484375,426.24972,452.545786,520.8671808,0.9609821404,519.873848,521.8605135,0.9561767067,0.9657875741
magenta,760,9,12,0.486328125,426.3155319,452.4011062,520.9742796,0.9621212705,519.9809469,521.9676124,0.9573158368,0.9669267042
magenta,761,9,12,0.48828125,426.3814884,452.2568921,521.0816137,0.9632567342,520.088281,522.0749465,0.9584513005,0.9680621679
magenta,762,9,12,0.490234375,426.4475891,452.1131502,521.1891826,0.9643884804,520.1958498,522.1825154,0.9595830467,0.9691939141
magenta,763,9,12,0.4921875,426.513834,451.9698869,521.296986,0.965516458,520.3036532,522.2903187,0.9607110242,0.9703218917
magenta,764,9,12,0.494140625,426.5802227,451.8271087,521.4050235,0.9666406158,520.4116907,522.3983562,0.9618351821,0.9714460495
magenta,765,9,12,0.49609375,426.6467551,451.6848222,521.5132948,0.9677609027,520.519962,522.5066275,0.962955469,0.9725663365
magenta,766,9,12,0.498046875,426.7134309,451.5430338,521.6217995,0.9688772677,520.6284667,522.6151323,0.964071834,0.9736827014
magenta,767,9,12,0.5,426.78025,451.40175,521.7305373,0.9699896595,520.7372046,522.7238701,0.9651842258,0.9747950933
magenta,768,9,12,0.501953125,426.8472121,451.2609773,521.8395079,0.9710980271,520.8461752,522.8328407,0.9662925933,0.9759034608
magenta,769,9,12,0.50390625,426.914317,451.1207223,521.9487109,0.9722023193,520.9553782,522.9420437,0.9673968855,0.977007753
magenta,770,9,12,0.505859375,426.9815645,450.9809914,522.058146,0.973302485,521.0648133,523.0514788,0.9684970512,0.9781079187
magenta,771,9,12,0.5078125,427.0489545,450.841791,522.1678128,0.974398473,521.1744801,523.1611456,0.9695930393,0.9792039068
magenta,772,9,12,0.509765625,427.1164866,450.7031277,522.277711,0.9754902324,521.2843782,523.2710437,0.9706847986,0.9802956661
magenta,773,9,12,0.51171875,427.1841606,450.5650081,522.3878402,0.9765777118,521.3945074,523.381173,0.9717722781,0.9813831456
magenta,774,9,12,0.513671875,427.2519765,450.4274385,522.4982001,0.9776608603,521.5048673,523.4915329,0.9728554265,0.982466294
magenta,775,9,12,0.515625,427.3199338,450.2904254,522.6087903,0.9787396266,521.6154576,523.6021231,0.9739341929,0.9835450603
magenta,776,9,12,0.517578125,427.3880325,450.1539755,522.7196106,0.9798139597,521.7262778,523.7129433,0.975008526,0.9846193934
magenta,777,9,12,0.51953125,427.4562724,450.018095,522.8306605,0.9808838084,521.8373277,523.8239932,0.9760783747,0.9856892421
magenta,778,9,12,0.521484375,427.5246531,449.8827907,522.9419397,0.9819491216,521.9486069,523.9352725,0.9771436879,0.9867545554
magenta,779,9,12,0.5234375,427.5931746,449.7480689,523.0534479,0.9830098482,522.0601151,524.0467806,0.9782044145,0.987815282
magenta,780,9,12,0.525390625,427.6618365,449.6139361,523.1651847,0.9840659371,522.1718519,524.1585174,0.9792605033,0.9888713708
magenta,781,9,12,0.52734375,427.7306387,449.4803988,523.2771498,0.9851173371,522.283817,524.2704825,0.9803119033,0.9899227708
magenta,782,9,12,0.529296875,427.799581,449.3474636,523.3893428,0.986163997,522.39601,524.3826755,0.9813585633,0.9909694308
magenta,783,9,12,0.53125,427.8686631,449.2151368,523.5017634,0.9872058659,522.5084306,524.4950961,0.9824004322,0.9920112997
magenta,784,9,12,0.533203125,427.9378848,449.0834251,523.6144112,0.9882428926,522.6210785,524.607744,0.9834374588,0.9930483263
magenta,785,9,12,0.53515625,428.007246,448.9523349,523.727286,0.9892750258,522.7339532,524.7206187,0.9844695921,0.9940804596
magenta,786,9,12,0.537109375,428.0767464,448.8218727,523.8403873,0.9903022146,522.8470545,524.83372,0.9854967809,0.9951076483
magenta,787,9,12,0.5390625,428.1463859,448.692045,523.9537148,0.9913244077,522.960382,524.9470475,0.986518974,0.9961298415
magenta,788,9,12,0.541015625,428.2161641,448.5628582,524.0672681,0.9923415542,523.0739354,525.0606009,0.9875361204,0.9971469879
magenta,789,9,12,0.54296875,428.2860809,448.4343189,524.181047,0.9933536027,523.1877143,525.1743798,0.988548169,0.9981590365
magenta,790,9,12,0.544921875,428.356136,448.3064336,524.2950511,0.9943605023,523.3017184,525.2883839,0.9895550685,0.999165936
magenta,791,9,12,0.546875,428.4263293,448.1792088,524.40928,0.9953622017,523.4159473,525.4026128,0.990556768,1.000167635
magenta,792,9,12,0.548828125,428.4966606,448.0526509,524.5237334,0.9963586499,523.5304007,525.5170662,0.9915532162,1.001164084
magenta,793,9,12,0.55078125,428.5671296,447.9267665,524.638411,0.9973497958,523.6450782,525.6317437,0.9925443621,1.00215523
magenta,794,9,12,0.552734375,428.6377361,447.801562,524.7533123,0.9983355881,523.7599795,525.746645,0.9935301544,1.003141022
magenta,795,9,12,0.5546875,428.70848,447.6770439,524.8684371,0.9993159759,523.8751043,525.8617698,0.9945105422,1.00412141
magenta,796,9,12,0.556640625,428.7793609,447.5532187,524.983785,1.000290908,523.9904522,525.9771177,0.9954854742,1.005096342
magenta,797,9,12,0.55859375,428.8503787,447.430093,525.0993556,1.001260333,524.1060229,526.0926884,0.9964548993,1.006065767
magenta,798,9,12,0.560546875,428.9215332,447.3076732,525.2151487,1.0022242,524.221816,526.2084815,0.9974187665,1.007029634
magenta,799,9,12,0.5625,428.9928242,447.1859658,525.3311639,1.003182458,524.3378311,526.3244967,0.9983770246,1.007987892
magenta,800,9,12,0.564453125,429.0642514,447.0649773,525.4474008,1.004135056,524.454068,526.4407335,0.9993296224,1.00894049
magenta,801,9,12,0.56640625,429.1358147,446.9447142,525.5638591,1.005081943,524.5705263,526.5571918,1.000276509,1.009887376
magenta,802,9,12,0.568359375,429.2075138,446.825183,525.6805384,1.006023067,524.6872056,526.6738711,1.001217633,1.0108285
magenta,803,9,12,0.5703125,429.2793485,446.7063902,525.7974384,1.006958377,524.8041057,526.7907712,1.002152943,1.011763811
magenta,804,9,12,0.572265625,429.3513186,446.5883422,525.9145588,1.007887823,524.921226,526.9078915,1.003082389,1.012693256
magenta,805,9,12,0.57421875,429.4234239,446.4710456,526.0318992,1.008811352,525.0385664,527.0252319,1.004005919,1.013616786
magenta,806,9,12,0.576171875,429.4956642,446.3545069,526.1494592,1.009728915,525.1561265,527.142792,1.004923481,1.014534349
magenta,807,9,12,0.578125,429.5680393,446.2387325,526.2672386,1.01064046,525.2739058,527.2605713,1.005835026,1.015445894
magenta,808,9,12,0.580078125,429.6405489,446.123729,526.3852369,1.011545935,525.3919042,527.3785697,1.006740502,1.016351369
magenta,809,9,12,0.58203125,429.7131929,446.0095028,526.5034539,1.01244529,525.5101211,527.4967867,1.007639857,1.017250724
magenta,810,9,12,0.583984375,429.785971,445.8960604,526.6218892,1.013338474,525.6285564,527.6152219,1.00853304,1.018143908
magenta,811,9,12,0.5859375,429.8588831,445.7834084,526.7405424,1.014225435,525.7472096,527.7338751,1.009420001,1.019030869
magenta,812,9,12,0.587890625,429.9319288,445.6715532,526.8594132,1.015106122,525.8660804,527.8527459,1.010300689,1.019911556
magenta,813,9,12,0.58984375,430.0051081,445.5605013,526.9785012,1.015980485,525.9851684,527.971834,1.011175051,1.020785919
magenta,814,9,12,0.591796875,430.0784206,445.4502592,527.0978062,1.016848471,526.1044734,528.0911389,1.012043038,1.021653905
magenta,815,9,12,0.59375,430.1518662,445.3408334,527.2173277,1.017710031,526.2239949,528.2106604,1.012904597,1.022515464
magenta,816,9,12,0.595703125,430.2254447,445.2322304,527.3370654,1.018565112,526.3437327,528.3303982,1.013759678,1.023370546
magenta,817,9,12,0.59765625,430.2991558,445.1244567,527.457019,1.019413664,526.4636863,528.4503518,1.01460823,1.024219097
magenta,818,9,12,0.599609375,430.3729994,445.0175187,527.5771882,1.020255635,526.5838554,528.5705209,1.015450201,1.025061069
magenta,819,9,12,0.6015625,430.4469752,444.9114231,527.6975725,1.021090975,526.7042398,528.6909053,1.016285541,1.025896408
magenta,820,9,12,0.603515625,430.521083,444.8061762,527.8181717,1.021919632,526.8248389,528.8115044,1.017114198,1.026725065
magenta,821,9,12,0.60546875,430.5953227,444.7017845,527.9389854,1.022741555,526.9456526,528.9323181,1.017936121,1.027546989
magenta,822,9,12,0.607421875,430.6696939,444.5982546,528.0600132,1.023556693,527.0666804,529.0533459,1.018751259,1.028362127
magenta,823,9,12,0.609375,430.7441965,444.495593,528.1812548,1.024364995,527.187922,529.1745876,1.019559561,1.029170429
magenta,824,9,12,0.611328125,430.8188303,444.3938061,528.3027099,1.02516641,527.3093771,529.2960427,1.020360976,1.029971844
magenta,825,9,12,0.61328125,430.8935951,444.2929004,528.4243781,1.025960886,527.4310453,529.4177109,1.021155453,1.03076632
magenta,826,9,12,0.6171875,431.0435166,444.0937588,528.6683525,1.02752882,527.6750197,529.6616853,1.022723386,1.032334254
magenta,827,9,12,0.62109375,431.1939594,443.89822,528.9131752,1.029068387,527.9198425,529.906508,1.024262953,1.03387382
magenta,828,9,12,0.625,431.3449219,443.7063359,529.1588435,1.030579177,528.1655108,530.1521763,1.025773744,1.035384611
magenta,829,9,12,0.62890625,431.4964022,443.5181587,529.4053547,1.032060783,528.4120219,530.3986874,1.027255349,1.036866217
magenta,830,9,12,0.6328125,431.6483988,443.3337401,529.6527059,1.033512795,528.6593731,530.6460386,1.028707361,1.038318229
magenta,831,9,12,0.63671875,431.8009099,443.1531321,529.9008944,1.034934804,528.9075616,530.8942272,1.030129371,1.039740238
magenta,832,9,12,0.640625,431.9539338,442.9763867,530.1499175,1.036326402,529.1565847,531.1432502,1.031520968,1.041131835
magenta,833,9,12,0.64453125,432.1074689,442.8035559,530.3997724,1.037687178,529.4064396,531.3931051,1.032881744,1.042492612
magenta,834,9,12,0.6484375,432.2615134,442.6346915,530.6504563,1.039016724,529.6571235,531.643789,1.034211291,1.043822158
magenta,835,9,12,0.65234375,432.4160657,442.4698455,530.9019665,1.040314632,529.9086337,531.8952992,1.035509198,1.045120066
magenta,836,9,12,0.65625,432.571124,442.3090699,531.1543002,1.041580492,530.1609675,532.147633,1.036775058,1.046385926
magenta,837,9,12,0.66015625,432.7266867,442.1524167,531.4074547,1.042813895,530.414122,532.4007875,1.038008461,1.047619329
magenta,838,9,12,0.6640625,432.8827521,441.9999376,531.6614273,1.044014432,530.6680945,532.65476,1.039208999,1.048819866
magenta,839,9,12,0.66796875,433.0393184,441.8516848,531.9162151,1.045181695,530.9228823,532.9095478,1.040376261,1.049987128
magenta,840,9,12,0.671875,433.196384,441.7077101,532.1718154,1.046315273,531.1784826,533.1651481,1.041509839,1.051120707
magenta,841,9,12,0.67578125,433.3539472,441.5680655,532.4282254,1.047414759,531.4348927,533.4215582,1.042609325,1.052220193
magenta,842,9,12,0.6796875,433.5120063,441.432803,532.6854425,1.048479743,531.6921097,533.6787752,1.043674309,1.053285177
magenta,843,9,12,0.68359375,433.6705597,441.3019745,532.9434638,1.049509816,531.950131,533.9367965,1.044704382,1.05431525
magenta,844,9,12,0.6875,433.8296055,441.1756318,533.2022865,1.050504569,532.2089538,534.1956193,1.045699135,1.055310003
magenta,845,9,12,0.69140625,433.9891421,441.0538271,533.461908,1.051463594,532.4685753,534.4552408,1.04665816,1.056269027
magenta,846,9,12,0.6953125,434.1491678,440.9366122,533.7223255,1.05238648,532.7289927,534.7156582,1.047581047,1.057191914
magenta,847,9,12,0.69921875,434.309681,440.824039,533.9835362,1.05327282,532.9902034,534.9768689,1.048467386,1.058078254
magenta,848,9,12,0.703125,434.4706799,440.7161596,534.2455373,1.054122204,533.2522045,535.2388701,1.049316771,1.058927638
magenta,849,9,12,0.70703125,434.6321629,440.6130259,534.5083261,1.054934224,533.5149934,535.5016589,1.05012879,1.059739657
magenta,850,9,12,0.7109375,434.7941282,440.5146897,534.7718999,1.055708469,533.7785671,535.7652327,1.050903035,1.060513903
magenta,851,9,12,0.71484375,434.9565741,440.4212031,535.0362559,1.056444532,534.0429231,536.0295886,1.051639098,1.061249966
magenta,852,9,12,0.71875,435.119499,440.332618,535.3013913,1.057142003,534.3080585,536.294724,1.052336569,1.061947436
magenta,853,9,12,0.72265625,435.2829012,440.2489864,535.5673033,1.057800473,534.5739706,536.5606361,1.052995039,1.062605907
magenta,854,9,12,0.7265625,435.4467789,440.1703602,535.8339893,1.058419533,534.8406566,536.8273221,1.0536141,1.063224967
magenta,855,9,12,0.73046875,435.6111305,440.0967913,536.1014465,1.058998775,535.1081137,537.0947792,1.054193341,1.063804209
magenta,856,9,12,0.734375,435.7759543,440.0283316,536.369672,1.059537789,535.3763393,537.3630048,1.054732355,1.064343223
magenta,857,9,12,0.73828125,435.9412486,439.9650333,536.6386632,1.060036166,535.6453305,537.631996,1.055230732,1.0648416
magenta,858,9,12,0.7421875,436.1070117,439.9069481,536.9084173,1.060493497,535.9150846,537.9017501,1.055688064,1.065298931
magenta,859,9,12,0.74609375,436.2732419,439.854128,537.1789316,1.060909374,536.1855988,538.1722643,1.05610394,1.065714808
magenta,860,9,12,0.75,436.4399375,439.806625,537.4502032,1.061283387,536.4568704,538.4435359,1.056477953,1.06608882
magenta,861,9,12,0.75390625,436.6070968,439.764491,537.7222294,1.061615127,536.7288967,538.7155622,1.056809693,1.066420561
magenta,862,9,12,0.7578125,436.7747181,439.727778,537.9950075,1.061904185,537.0016748,538.9883403,1.057098752,1.066709619
magenta,863,9,12,0.76171875,436.9427998,439.6965379,538.2685347,1.062150153,537.275202,539.2618675,1.057344719,1.066955587
magenta,864,9,12,0.765625,437.1113401,439.6708226,538.5428083,1.062352621,537.5494756,539.5361411,1.057547187,1.067158055
magenta,865,9,12,0.76953125,437.2803373,439.6506842,538.8178255,1.06251118,537.8244927,539.8111583,1.057705746,1.067316614
magenta,866,9,12,0.7734375,437.4497898,439.6361745,539.0935835,1.062625422,538.1002508,540.0869163,1.057819988,1.067430855
magenta,867,9,12,0.77734375,437.6196958,439.6273455,539.3700796,1.062694936,538.3767469,540.3634124,1.057889503,1.06750037
magenta,868,9,12,0.78125,437.7900537,439.6242491,539.6473111,1.062719315,538.6539783,540.6406438,1.057913882,1.067524749
magenta,869,9,12,0.78515625,437.9608618,439.6269374,539.9252751,1.06269815,538.9319423,540.9186078,1.057892716,1.067503583
magenta,870,9,12,0.7890625,438.1321183,439.6354621,540.2039689,1.06263103,539.2106362,541.1973017,1.057825597,1.067436464
magenta,871,9,12,0.79296875,438.3038216,439.6498754,540.4833898,1.062517548,539.4900571,541.4767226,1.057712115,1.067322982
magenta,872,9,12,0.796875,438.47597,439.670229,540.763535,1.062357294,539.7702022,541.7568678,1.057551861,1.067162728
magenta,873,9,12,0.80078125,438.6485617,439.6965751,541.0444018,1.06214986,540.051069,542.0377345,1.057344426,1.066955294
magenta,874,9,12,0.8046875,438.8215952,439.7289655,541.3259873,1.061894836,540.3326545,542.3193201,1.057089402,1.06670027
magenta,875,9,12,0.80859375,438.9950687,439.7674521,541.6082889,1.061591813,540.6149561,542.6016216,1.056786379,1.066397247
magenta,876,9,12,0.8125,439.1689805,439.8120869,541.8913037,1.061240383,540.897971,542.8846365,1.056434949,1.066045816
magenta,877,9,12,0.81640625,439.3433289,439.8629219,542.1750291,1.060840135,541.1816964,543.1683619,1.056034702,1.065645569
magenta,878,9,12,0.8203125,439.5181122,439.920009,542.4594623,1.060390663,541.4661295,543.452795,1.055585229,1.065196096
magenta,879,9,12,0.82421875,439.6933287,439.9834002,542.7446004,1.059891555,541.7512677,543.7379332,1.055086121,1.064696989
magenta,880,9,12,0.828125,439.8689768,440.0531473,543.0304408,1.059342404,542.0371081,544.0237736,1.05453697,1.064147838
magenta,881,9,12,0.83203125,440.0450547,440.1293024,543.3169808,1.0587428,542.323648,544.3103135,1.053937366,1.063548234
magenta,882,9,12,0.8359375,440.2215608,440.2119173,543.6042174,1.058092335,542.6108847,544.5975502,1.053286901,1.062897768
magenta,883,9,12,0.83984375,440.3984933,440.3010442,543.8921481,1.057390598,542.8988153,544.8854808,1.052585165,1.062196032
magenta,884,9,12,0.84375,440.5758506,440.3967347,544.1807699,1.056637183,543.1874372,545.1741027,1.051831749,1.061442616
magenta,885,9,12,0.84765625,440.7536309,440.4990411,544.4700803,1.055831678,543.4767475,545.463413,1.051026244,1.060637112
magenta,886,9,12,0.8515625,440.9318326,440.608015,544.7600764,1.054973676,543.7667436,545.7534091,1.050168242,1.05977911
magenta,887,9,12,0.85546875,441.110454,440.7237086,545.0507554,1.054062767,544.0574226,546.0440881,1.049257334,1.058868201
magenta,888,9,12,0.859375,441.2894934,440.8461738,545.3421146,1.053098543,544.3487819,546.3354474,1.048293109,1.057903977
magenta,889,9,12,0.86328125,441.4689491,440.9754625,545.6341513,1.052080594,544.6408185,546.6274841,1.04727516,1.056886028
magenta,890,9,12,0.8671875,441.6488193,441.1116266,545.9268627,1.051008511,544.9335299,546.9201954,1.046203078,1.055813945
magenta,891,9,12,0.87109375,441.8291025,441.2547182,546.220246,1.049881886,545.2269132,547.2135787,1.045076453,1.05468732
magenta,892,9,12,0.875,442.0097969,441.4047891,546.5142985,1.048700309,545.5209657,547.5076312,1.043894876,1.053505743
magenta,893,9,12,0.87890625,442.1909008,441.5618912,546.8090174,1.047463372,545.8156846,547.8023502,1.042657938,1.052268806
magenta,894,9,12,0.8828125,442.3724125,441.7260767,547.1044,1.046170665,546.1110672,548.0977327,1.041365231,1.050976099
magenta,895,9,12,0.88671875,442.5543303,441.8973973,547.4004435,1.044821779,546.4071107,548.3937762,1.040016346,1.049627213
magenta,896,9,12,0.888671875,442.645441,441.9857495,547.5487122,1.044126142,546.5553794,548.542045,1.039320708,1.048931575
magenta,897,9,12,0.890625,442.7366526,442.075905,547.6971451,1.043416306,546.7038124,548.6904779,1.038610872,1.04822174
magenta,898,9,12,0.892578125,442.8279649,442.1678703,547.8457419,1.042692221,546.8524091,548.8390747,1.037886788,1.047497655
magenta,899,9,12,0.89453125,442.9193776,442.2616519,547.9945022,1.041953836,547.0011694,548.9878349,1.037148403,1.04675927
magenta,900,9,12,0.896484375,443.0108906,442.3572562,548.1434256,1.0412011,547.1500929,549.1367584,1.036395666,1.046006534
magenta,901,9,12,0.8984375,443.1025037,442.4546897,548.2925119,1.040433961,547.2991791,549.2858446,1.035628527,1.045239395
magenta,902,9,12,0.900390625,443.1942166,442.553959,548.4417606,1.039652368,547.4484278,549.4350933,1.034846934,1.044457802
magenta,903,9,12,0.90234375,443.2860291,442.6550706,548.5911714,1.038856271,547.5978387,549.5845042,1.034050837,1.043661705
magenta,904,9,12,0.904296875,443.377941,442.7580308,548.7407441,1.038045618,547.7474113,549.7340768,1.033240184,1.042851051
magenta,905,9,12,0.90625,443.4699521,442.8628463,548.8904781,1.037220357,547.8971454,549.8838109,1.032414923,1.042025791
magenta,906,9,12,0.908203125,443.5620623,442.9695235,549.0403733,1.036380439,548.0470406,550.0337061,1.031575005,1.041185873
magenta,907,9,12,0.91015625,443.6542712,443.0780689,549.1904292,1.035525811,548.1970965,550.183762,1.030720377,1.040331245
magenta,908,9,12,0.912109375,443.7465787,443.188489,549.3406455,1.034656423,548.3473128,550.3339783,1.029850989,1.039461857
magenta,909,9,12,0.9140625,443.8389845,443.3007904,549.4910219,1.033772223,548.4976892,550.4843547,1.02896679,1.038577657
magenta,910,9,12,0.916015625,443.9314885,443.4149794,549.641558,1.032873161,548.6482253,550.6348908,1.028067727,1.037678595
magenta,911,9,12,0.91796875,444.0240904,443.5310625,549.7922535,1.031959185,548.7989207,550.7855862,1.027153751,1.036764619
magenta,912,9,12,0.919921875,444.11679,443.6490464,549.943108,1.031030244,548.9497752,550.9364407,1.02622481,1.035835678
magenta,913,9,12,0.921875,444.2095872,443.7689374,550.0941211,1.030086287,549.1007884,551.0874539,1.025280853,1.034891721
magenta,914,9,12,0.923828125,444.3024816,443.8907421,550.2452926,1.029127263,549.2519599,551.2386254,1.024321829,1.033932697
magenta,915,9,12,0.92578125,444.3954731,444.014467,550.3966222,1.028153121,549.4032894,551.3899549,1.023347687,1.032958554
magenta,916,9,12,0.927734375,444.4885615,444.1401185,550.5481093,1.027163809,549.5547765,551.5414421,1.022358375,1.031969243
magenta,917,9,12,0.9296875,444.5817466,444.2677031,550.6997538,1.026159277,549.706421,551.6930865,1.021353843,1.03096471
magenta,918,9,12,0.931640625,444.6750281,444.3972274,550.8515552,1.025139473,549.8582224,551.8448879,1.020334039,1.029944907
magenta,919,9,12,0.93359375,444.7684058,444.5286978,551.0035132,1.024104346,550.0101804,551.9968459,1.019298912,1.02890978
magenta,920,9,12,0.935546875,444.8618796,444.6621208,551.1556275,1.023053846,550.1622947,552.1489602,1.018248412,1.027859279
magenta,921,9,12,0.9375,444.9554492,444.7975029,551.3078977,1.02198792,550.314565,552.3012305,1.017182486,1.026793354
magenta,922,9,12,0.939453125,445.0491144,444.9348507,551.4603235,1.020906518,550.4669908,552.4536563,1.016101085,1.025711952
magenta,923,9,12,0.94140625,445.142875,445.0741705,551.6129046,1.019809589,550.6195718,552.6062373,1.015004156,1.024615023
magenta,924,9,12,0.943359375,445.2367308,445.215469,551.7656405,1.018697082,550.7723077,552.7589732,1.013891648,1.023502516
magenta,925,9,12,0.9453125,445.3306815,445.3587525,551.918531,1.017568945,550.9251982,552.9118637,1.012763511,1.022374379
magenta,926,9,12,0.947265625,445.424727,445.5040276,552.0715756,1.016425128,551.0782429,553.0649084,1.011619694,1.021230561
magenta,927,9,12,0.94921875,445.5188671,445.6513008,552.2247742,1.015265578,551.2314414,553.2181069,1.010460145,1.020071012
magenta,928,9,12,0.951171875,445.6131014,445.8005786,552.3781262,1.014090246,551.3847935,553.371459,1.009284813,1.01889568
magenta,929,9,12,0.953125,445.7074299,445.9518674,552.5316315,1.01289908,551.5382987,553.5249642,1.008093646,1.017704514
magenta,930,9,12,0.955078125,445.8018523,446.1051738,552.6852895,1.011692029,551.6919567,553.6786223,1.006886595,1.016497463
magenta,931,9,12,0.95703125,445.8963684,446.2605042,552.8391,1.010469041,551.8457673,553.8324328,1.005663608,1.015274475
magenta,932,9,12,0.958984375,445.990978,446.4178651,552.9930627,1.009230067,551.9997299,553.9863954,1.004424633,1.0140355
magenta,933,9,12,0.9609375,446.0856809,446.5772631,553.1471771,1.007975053,552.1538444,554.1405099,1.003169619,1.012780487
magenta,934,9,12,0.962890625,446.1804768,446.7387047,553.301443,1.00670395,552.3081103,554.2947758,1.001898516,1.011509384
magenta,935,9,12,0.96484375,446.2753656,446.9021962,553.45586,1.005416706,552.4625273,554.4491928,1.000611273,1.01022214
magenta,936,9,12,0.966796875,446.370347,447.0677443,553.6104278,1.004113271,552.617095,554.6037605,0.9993078369,1.008918704
magenta,937,9,12,0.96875,446.4654209,447.2353553,553.765146,1.002793592,552.7718132,554.7584787,0.9979881582,1.007599026
magenta,938,9,12,0.970703125,446.560587,447.4050359,553.9200142,1.001457619,552.9266814,554.913347,0.9966521854,1.006263053
magenta,939,9,12,0.97265625,446.655845,447.5767925,554.0750322,1.000105301,553.0816994,555.0683649,0.9952998673,1.004910735
magenta,940,9,12,0.974609375,446.7511949,447.7506315,554.2301995,0.9987365866,553.2368667,555.2235323,0.9939311529,1.00354202
magenta,941,9,12,0.9765625,446.8466364,447.9265596,554.3855159,0.9973514247,553.3921831,555.3788486,0.992545991,1.002156858
magenta,942,9,12,0.978515625,446.9421692,448.1045831,554.5409809,0.9959497641,553.5476482,555.5343137,0.9911443304,1.000755198
magenta,943,9,12,0.98046875,447.0377931,448.2847085,554.6965944,0.9945315538,553.7032616,555.6899271,0.9897261201,0.9993369876
magenta,944,9,12,0.982421875,447.1335081,448.4669425,554.8523558,0.9930967426,553.859023,555.8456885,0.9882913089,0.9979021764
magenta,945,9,12,0.984375,447.2293137,448.6512914,555.0082648,0.9916452795,554.0149321,556.0015976,0.9868398457,0.9964507132
magenta,946,9,12,0.986328125,447.3252099,448.8377617,555.1643212,0.9901771131,554.1709885,556.157654,0.9853716794,0.9949825469
magenta,947,9,12,0.98828125,447.4211964,449.02636,555.3205246,0.9886921926,554.3271918,556.3138573,0.9838867589,0.9934976263
magenta,948,9,12,0.990234375,447.517273,449.2170927,555.4768745,0.9871904667,554.4835418,556.4702073,0.9823850329,0.9919959004
magenta,949,9,12,0.9921875,447.6134395,449.4099663,555.6333708,0.9856718842,554.640038,556.6267036,0.9808664505,0.990477318
magenta,950,9,12,0.994140625,447.7096956,449.6049874,555.790013,0.9841363942,554.7966802,556.7833457,0.9793309604,0.9889418279
magenta,951,9,12,0.99609375,447.8060412,449.8021623,555.9468008,0.9825839454,554.953468,556.9401335,0.9777785116,0.9873893791
magenta,952,9,12,0.998046875,447.9024761,450.0014977,556.1037338,0.9810144867,555.110401,557.0970665,0.976209053,0.9858199204
magenta,953,9,12,1,447.999,450.203,556.2608117,0.979427967,555.2674789,557.2541444,0.9746225333,0.9842334008
magenta,954,9,13,0.06666666667,448.1056,450.4272,556.4342869,0.9776627378,555.4409541,557.4276197,0.9728573041,0.9824681715
magenta,955,9,13,0.1333333333,448.2122,450.6514,556.6077621,0.9758975086,555.6144294,557.6010949,0.9710920748,0.9807029423
magenta,956,9,13,0.2,448.3188,450.8756,556.7812373,0.9741322793,555.7879046,557.7745701,0.9693268456,0.9789377131
magenta,957,9,13,0.2666666667,448.4254,451.0998,556.9547126,0.9723670501,555.9613798,557.9480453,0.9675616164,0.9771724838
magenta,958,9,13,0.3333333333,448.532,451.324,557.1281878,0.9706018209,556.134855,558.1215205,0.9657963871,0.9754072546
magenta,959,9,13,0.4,448.6386,451.5482,557.301663,0.9688365916,556.3083302,558.2949957,0.9640311579,0.9736420254
magenta,960,9,13,0.4666666667,448.7452,451.7724,557.4751382,0.9670713624,556.4818054,558.468471,0.9622659287,0.9718767961
magenta,961,9,13,0.5333333333,448.8518,451.9966,557.6486134,0.9653061332,556.6552807,558.6419462,0.9605006994,0.9701115669
magenta,962,9,13,0.6,448.9584,452.2208,557.8220886,0.9635409039,556.8287559,558.8154214,0.9587354702,0.9683463377
magenta,963,9,13,0.6666666667,449.065,452.445,557.9955639,0.9617756747,557.0022311,558.9888966,0.9569702409,0.9665811084
magenta,964,9,13,0.7333333333,449.1716,452.6692,558.1690391,0.9600104454,557.1757063,559.1623718,0.9552050117,0.9648158792
magenta,965,9,13,0.8,449.2782,452.8934,558.3425143,0.9582452162,557.3491815,559.335847,0.9534397825,0.9630506499
magenta,966,9,13,0.8666666667,449.3848,453.1176,558.5159895,0.956479987,557.5226567,559.5093223,0.9516745532,0.9612854207
magenta,967,9,13,0.9333333333,449.4914,453.3418,558.6894647,0.9547147577,557.696132,559.6827975,0.949909324,0.9595201915
magenta,968,9,13,1,449.598,453.566,558.8629399,0.9529495285,557.8696072,559.8562727,0.9481440948,0.9577549622
magenta,969,9,14,0.0625,449.695625,453.7950625,559.0218097,0.9511460146,558.028477,560.0151425,0.9463405808,0.9559514483
magenta,970,9,14,0.125,449.79325,454.024125,559.1806795,0.9493425007,558.1873467,560.1740122,0.9445370669,0.9541479344
magenta,971,9,14,0.1875,449.890875,454.2531875,559.3395493,0.9475389867,558.3462165,560.332882,0.942733553,0.9523444205
magenta,972,9,14,0.25,449.9885,454.48225,559.498419,0.9457354728,558.5050863,560.4917518,0.9409300391,0.9505409065
magenta,973,9,14,0.3125,450.086125,454.7113125,559.6572888,0.9439319589,558.663956,560.6506216,0.9391265251,0.9487373926
magenta,974,9,14,0.375,450.18375,454.940375,559.8161586,0.942128445,558.8228258,560.8094913,0.9373230112,0.9469338787
magenta,975,9,14,0.4375,450.281375,455.1694375,559.9750284,0.940324931,558.9816956,560.9683611,0.9355194973,0.9451303648
magenta,976,9,14,0.5,450.379,455.3985,560.1338981,0.9385214171,559.1405654,561.1272309,0.9337159834,0.9433268508
magenta,977,9,14,0.5625,450.476625,455.6275625,560.2927679,0.9367179032,559.2994351,561.2861007,0.9319124694,0.9415233369
magenta,978,9,14,0.625,450.57425,455.856625,560.4516377,0.9349143893,559.4583049,561.4449704,0.9301089555,0.939719823
magenta,979,9,14,0.6875,450.671875,456.0856875,560.6105075,0.9331108753,559.6171747,561.6038402,0.9283054416,0.9379163091
magenta,980,9,14,0.75,450.7695,456.31475,560.7693772,0.9313073614,559.7760445,561.76271,0.9265019277,0.9361127951
magenta,981,9,14,0.8125,450.867125,456.5438125,560.928247,0.9295038475,559.9349142,561.9215798,0.9246984138,0.9343092812
magenta,982,9,14,0.875,450.96475,456.772875,561.0871168,0.9277003336,560.093784,562.0804495,0.9228948998,0.9325057673
magenta,983,9,14,0.9375,451.062375,457.0019375,561.2459866,0.9258968196,560.2526538,562.2393193,0.9210913859,0.9307022534
magenta,984,9,14,1,451.16,457.231,561.4048563,0.9240933057,560.4115236,562.3981891,0.919287872,0.9288987395
magenta,985,9,15,0.05882352941,451.2493529,457.4626471,561.5502646,0.9222694424,560.5569318,562.5435973,0.9174640086,0.9270748761
magenta,986,9,15,0.1176470588,451.3387059,457.6942941,561.6956729,0.920445579,560.7023401,562.6890056,0.9156401453,0.9252510128
magenta,987,9,15,0.1764705882,451.4280588,457.9259412,561.8410811,0.9186217157,560.8477484,562.8344139,0.913816282,0.9234271494
magenta,988,9,15,0.2352941176,451.5174118,458.1575882,561.9864894,0.9167978524,560.9931566,562.9798221,0.9119924186,0.9216032861
magenta,989,9,15,0.2941176471,451.6067647,458.3892353,562.1318976,0.914973989,561.1385649,563.1252304,0.9101685553,0.9197794228
magenta,990,9,15,0.3529411765,451.6961176,458.6208824,562.2773059,0.9131501257,561.2839731,563.2706387,0.9083446919,0.9179555594
magenta,991,9,15,0.4117647059,451.7854706,458.8525294,562.4227142,0.9113262623,561.4293814,563.4160469,0.9065208286,0.9161316961
magenta,992,9,15,0.4705882353,451.8748235,459.0841765,562.5681224,0.909502399,561.5747897,563.5614552,0.9046969653,0.9143078327
magenta,993,9,15,0.5294117647,451.9641765,459.3158235,562.7135307,0.9076785357,561.7201979,563.7068635,0.9028731019,0.9124839694
magenta,994,9,15,0.5882352941,452.0535294,459.5474706,562.858939,0.9058546723,561.8656062,563.8522717,0.9010492386,0.9106601061
magenta,995,9,15,0.6470588235,452.1428824,459.7791176,563.0043472,0.904030809,562.0110145,563.99768,0.8992253753,0.9088362427
magenta,996,9,15,0.7058823529,452.2322353,460.0107647,563.1497555,0.9022069456,562.1564227,564.1430882,0.8974015119,0.9070123794
magenta,997,9,15,0.7647058824,452.3215882,460.2424118,563.2951637,0.9003830823,562.301831,564.2884965,0.8955776486,0.905188516
magenta,998,9,15,0.8235294118,452.4109412,460.4740588,563.440572,0.898559219,562.4472392,564.4339048,0.8937537852,0.9033646527
magenta,999,9,15,0.8823529412,452.5002941,460.7057059,563.5859803,0.8967353556,562.5926475,564.579313,0.8919299219,0.9015407894
magenta,1000,9,15,0.9411764706,452.5896471,460.9373529,563.7313885,0.8949114923,562.7380558,564.7247213,0.8901060586,0.899716926
magenta,1001,9,15,1,452.679,461.169,563.8767968,0.893087629,562.883464,564.8701296,0.8882821952,0.8978930627
magenta,1002,9,16,0.05555555556,452.7614444,461.4002222,564.0109625,0.8912671105,563.0176298,565.0042953,0.8864616768,0.8960725443
magenta,1003,9,16,0.1111111111,452.8438889,461.6314444,564.1451283,0.8894465921,563.1517955,565.138461,0.8846411584,0.8942520259
magenta,1004,9,16,0.1666666667,452.9263333,461.8626667,564.279294,0.8876260737,563.2859613,565.2726268,0.88282064,0.8924315075
magenta,1005,9,16,0.2222222222,453.0087778,462.0938889,564.4134598,0.8858055553,563.420127,565.4067925,0.8810001216,0.8906109891
magenta,1006,9,16,0.2777777778,453.0912222,462.3251111,564.5476255,0.8839850369,563.5542927,565.5409582,0.8791796032,0.8887904707
magenta,1007,9,16,0.3333333333,453.1736667,462.5563333,564.6817912,0.8821645185,563.6884585,565.675124,0.8773590848,0.8869699523
magenta,1008,9,16,0.3888888889,453.2561111,462.7875556,564.815957,0.8803440001,563.8226242,565.8092897,0.8755385664,0.8851494338
magenta,1009,9,16,0.4444444444,453.3385556,463.0187778,564.9501227,0.8785234817,563.95679,565.9434555,0.873718048,0.8833289154
magenta,1010,9,16,0.5,453.421,463.25,565.0842885,0.8767029633,564.0909557,566.0776212,0.8718975296,0.881508397
magenta,1011,9,16,0.5555555556,453.5034444,463.4812222,565.2184542,0.8748824449,564.2251214,566.2117869,0.8700770112,0.8796878786
magenta,1012,9,16,0.6111111111,453.5858889,463.7124444,565.3526199,0.8730619265,564.3592872,566.3459527,0.8682564928,0.8778673602
magenta,1013,9,16,0.6666666667,453.6683333,463.9436667,565.4867857,0.8712414081,564.4934529,566.4801184,0.8664359743,0.8760468418
magenta,1014,9,16,0.7222222222,453.7507778,464.1748889,565.6209514,0.8694208897,564.6276187,566.6142842,0.8646154559,0.8742263234
magenta,1015,9,16,0.7777777778,453.8332222,464.4061111,565.7551171,0.8676003713,564.7617844,566.7484499,0.8627949375,0.872405805
magenta,1016,9,16,0.8333333333,453.9156667,464.6373333,565.8892829,0.8657798529,564.8959501,566.8826156,0.8609744191,0.8705852866
magenta,1017,9,16,0.8888888889,453.9981111,464.8685556,566.0234486,0.8639593345,565.0301159,567.0167814,0.8591539007,0.8687647682
magenta,1018,9,16,0.9444444444,454.0805556,465.0997778,566.1576144,0.8621388161,565.1642816,567.1509471,0.8573333823,0.8669442498
magenta,1019,9,16,1,454.163,465.331,566.2917801,0.8603182976,565.2984473,567.2851129,0.8555128639,0.8651237314
magenta,1020,9,17,0.001953125,454.2160471,465.4831208,566.3781062,0.8591205807,565.3847734,567.3714389,0.854315147,0.8639260145
magenta,1021,9,17,0.00390625,454.2690169,465.6353579,566.4643065,0.8579219483,565.4709737,567.4576392,0.8531165145,0.862727382
magenta,1022,9,17,0.005859375,454.32191,465.7877108,566.5503819,0.8567224046,565.5570491,567.5437146,0.8519169709,0.8615278384
magenta,1023,9,17,0.0078125,454.3747268,465.9401788,566.6363332,0.8555219543,565.6430004,567.629666,0.8507165206,0.8603273881
magenta,1024,9,17,0.009765625,454.427468,466.0927614,566.7221613,0.8543206017,565.7288286,567.7154941,0.849515168,0.8591260354
magenta,1025,9,17,0.01171875,454.4801339,466.245458,566.8078671,0.8531183512,565.8145344,567.8011999,0.8483129175,0.8579237849
magenta,1026,9,17,0.013671875,454.5327252,466.3982681,566.8934515,0.8519152072,565.9001187,567.8867842,0.8471097735,0.8567206409
magenta,1027,9,17,0.015625,454.5852424,466.5511911,566.9789152,0.8507111742,565.9855824,567.9722479,0.8459057405,0.8555166079
magenta,1028,9,17,0.017578125,454.6376861,466.7042265,567.0642591,0.8495062565,566.0709264,568.0575919,0.8447008228,0.8543116903
magenta,1029,9,17,0.01953125,454.6900566,466.8573737,567.1494842,0.8483004587,566.1561515,568.142817,0.8434950249,0.8531058924
magenta,1030,9,17,0.021484375,454.7423546,467.0106321,567.2345913,0.847093785,566.2412585,568.2279241,0.8422883513,0.8518992187
magenta,1031,9,17,0.0234375,454.7945807,467.1640012,567.3195812,0.8458862399,566.3262484,568.3129139,0.8410808062,0.8506916737
magenta,1032,9,17,0.025390625,454.8467353,467.3174804,567.4044548,0.8446778279,566.411122,568.3977875,0.8398723942,0.8494832617
magenta,1033,9,17,0.02734375,454.8988189,467.4710692,567.4892129,0.8434685534,566.4958802,568.4825457,0.8386631196,0.8482739871
magenta,1034,9,17,0.029296875,454.9508321,467.6247669,567.5738565,0.8422584207,566.5805238,568.5671893,0.8374529869,0.8470638544
magenta,1035,9,17,0.03125,455.0027755,467.7785731,567.6583864,0.8410474342,566.6650536,568.6517191,0.8362420005,0.845852868
magenta,1036,9,17,0.033203125,455.0546494,467.9324871,567.7428034,0.8398355985,566.7494706,568.7361361,0.8350301648,0.8446410323
magenta,1037,9,17,0.03515625,455.1064546,468.0865085,567.8271084,0.8386229179,566.8337756,568.8204411,0.8338174842,0.8434283517
magenta,1038,9,17,0.037109375,455.1581915,468.2406366,567.9113023,0.8374093969,566.9179695,568.904635,0.8326039632,0.8422148306
magenta,1039,9,17,0.0390625,455.2098606,468.3948709,567.9953859,0.8361950398,567.0020531,568.9887186,0.8313896061,0.8410004735
magenta,1040,9,17,0.041015625,455.2614625,468.5492108,568.07936,0.8349798511,567.0860273,569.0726928,0.8301744173,0.8397852848
magenta,1041,9,17,0.04296875,455.3129977,468.7036557,568.1632257,0.8337638351,567.1698929,569.1565584,0.8289584014,0.8385692689
magenta,1042,9,17,0.044921875,455.3644667,468.8582052,568.2469836,0.8325469964,567.2536509,569.2403164,0.8277415626,0.8373524301
magenta,1043,9,17,0.046875,455.4158701,469.0128586,568.3306348,0.8313293393,567.337302,569.3239675,0.8265239055,0.836134773
magenta,1044,9,17,0.048828125,455.4672083,469.1676154,568.4141799,0.8301108682,567.4208472,569.4075127,0.8253054344,0.8349163019
magenta,1045,9,17,0.05078125,455.518482,469.322475,568.49762,0.8288915875,567.5042872,569.4909528,0.8240861538,0.8336970213
magenta,1046,9,17,0.052734375,455.5696916,469.4774369,568.5809558,0.8276715018,567.5876231,569.5742886,0.8228660681,0.8324769355
magenta,1047,9,17,0.0546875,455.6208377,469.6325005,568.6641883,0.8264506153,567.6708555,569.657521,0.8216451816,0.8312560491
magenta,1048,9,17,0.056640625,455.6719208,469.7876652,568.7473182,0.8252289326,567.7539854,569.7406509,0.8204234988,0.8300343663
magenta,1049,9,17,0.05859375,455.7229414,469.9429305,568.8303465,0.8240064579,567.8370137,569.8236792,0.8192010242,0.8288118917
magenta,1050,9,17,0.060546875,455.7739001,470.0982957,568.9132739,0.8227831958,567.9199412,569.9066067,0.8179777621,0.8275886296
magenta,1051,9,17,0.0625,455.8247974,470.2537605,568.9961015,0.8215591507,568.0027687,569.9894342,0.8167537169,0.8263645844
magenta,1052,9,17,0.064453125,455.8756338,470.4093241,569.0788299,0.8203343269,568.0854972,570.0721627,0.8155288932,0.8251397606
magenta,1053,9,17,0.06640625,455.9264098,470.5649861,569.1614602,0.8191087289,568.1681274,570.1547929,0.8143032952,0.8239141626
magenta,1054,9,17,0.068359375,455.977126,470.7207459,569.2439931,0.8178823611,568.2506603,570.2373258,0.8130769274,0.8226877949
magenta,1055,9,17,0.0703125,456.027783,470.8766028,569.3264295,0.816655228,568.3330967,570.3197623,0.8118497942,0.8214606617
magenta,1056,9,17,0.072265625,456.0783811,471.0325564,569.4087703,0.8154273339,568.4154375,570.4021031,0.8106219001,0.8202327676
magenta,1057,9,17,0.07421875,456.1289211,471.1886061,569.4910163,0.8141986832,568.4976836,570.4843491,0.8093932495,0.8190041169
magenta,1058,9,17,0.076171875,456.1794033,471.3447513,569.5731684,0.8129692804,568.5798357,570.5665012,0.8081638467,0.8177747142
magenta,1059,9,17,0.078125,456.2298283,471.5009915,569.6552275,0.8117391299,568.6618948,570.6485603,0.8069336962,0.8165445637
magenta,1060,9,17,0.080078125,456.2801968,471.6573261,569.7371944,0.8105082361,568.7438617,570.7305272,0.8057028024,0.8153136699
magenta,1061,9,17,0.08203125,456.3305091,471.8137545,569.81907,0.8092766035,568.8257372,570.8124028,0.8044711698,0.8140820372
magenta,1062,9,17,0.083984375,456.3807658,471.9702762,569.9008551,0.8080442364,568.9075224,570.8941879,0.8032388026,0.8128496701
magenta,1063,9,17,0.0859375,456.4309674,472.1268907,569.9825506,0.8068111392,568.9892179,570.9758834,0.8020057055,0.8116165729
magenta,1064,9,17,0.087890625,456.4811146,472.2835973,570.0641574,0.8055773164,569.0708247,571.0574902,0.8007718827,0.8103827502
magenta,1065,9,17,0.08984375,456.5312077,472.4403955,570.1456764,0.8043427724,569.1523436,571.1390091,0.7995373387,0.8091482062
magenta,1066,9,17,0.091796875,456.5812473,472.5972847,570.2271083,0.8031075116,569.2337755,571.220441,0.7983020779,0.8079129454
magenta,1067,9,17,0.09375,456.6312341,472.7542644,570.308454,0.8018715385,569.3151213,571.3017868,0.7970661047,0.8066769722
magenta,1068,9,17,0.095703125,456.6811684,472.9113341,570.3897145,0.8006348574,569.3963817,571.3830472,0.7958294236,0.8054402911
magenta,1069,9,17,0.09765625,456.7310508,473.0684931,570.4708905,0.7993974727,569.4775578,571.4642233,0.794592039,0.8042029064
magenta,1070,9,17,0.099609375,456.7808819,473.2257408,570.551983,0.7981593889,569.5586502,571.5453158,0.7933539552,0.8029648227
magenta,1071,9,17,0.1015625,456.8306622,473.3830769,570.6329928,0.7969206104,569.63966,571.6263255,0.7921151767,0.8017260442
magenta,1072,9,17,0.103515625,456.8803921,473.5405005,570.7139207,0.7956811417,569.7205879,571.7072535,0.7908757079,0.8004865754
magenta,1073,9,17,0.10546875,456.9300723,473.6980113,570.7947676,0.794440987,569.8014349,571.7881004,0.7896355533,0.7992464208
magenta,1074,9,17,0.107421875,456.9797033,473.8556087,570.8755345,0.7932001509,569.8822017,571.8688672,0.7883947172,0.7980055846
magenta,1075,9,17,0.109375,457.0292856,474.013292,570.956222,0.7919586378,569.9628893,571.9495548,0.787153204,0.7967640715
magenta,1076,9,17,0.111328125,457.0788197,474.1710608,571.0368312,0.790716452,570.0434985,572.030164,0.7859110183,0.7955218857
magenta,1077,9,17,0.11328125,457.1283061,474.3289145,571.1173628,0.789473598,570.1240301,572.1106956,0.7846681643,0.7942790318
magenta,1078,9,17,0.115234375,457.1777455,474.4868524,571.1978178,0.7882300803,570.2044851,572.1911506,0.7834246465,0.793035514
magenta,1079,9,17,0.1171875,457.2271382,474.6448741,571.278197,0.7869859031,570.2848642,572.2715297,0.7821804694,0.7917913369
magenta,1080,9,17,0.119140625,457.2764849,474.802979,571.3585012,0.785741071,570.3651684,572.3518339,0.7809356373,0.7905465048
magenta,1081,9,17,0.12109375,457.325786,474.9611665,571.4387313,0.7844955884,570.4453985,572.432064,0.7796901547,0.7893010222
magenta,1082,9,17,0.123046875,457.3750422,475.119436,571.5188882,0.7832494597,570.5255554,572.5122209,0.7784440259,0.7880548934
magenta,1083,9,17,0.125,457.4242539,475.2777871,571.5989727,0.7820026892,570.6056399,572.5923054,0.7771972555,0.786808123
magenta,1084,9,17,0.126953125,457.4734217,475.4362191,571.6789857,0.7807552815,570.6856529,572.6723184,0.7759498478,0.7855607152
magenta,1085,9,17,0.12890625,457.522546,475.5947315,571.758928,0.7795072409,570.7655953,572.7522608,0.7747018072,0.7843126746
magenta,1086,9,17,0.130859375,457.5716275,475.7533237,571.8388006,0.7782585718,570.8454679,572.8321334,0.7734531381,0.7830640056
magenta,1087,9,17,0.1328125,457.6206666,475.9119952,571.9186043,0.7770092787,570.9252715,572.911937,0.772203845,0.7818147125
magenta,1088,9,17,0.134765625,457.6696639,476.0707453,571.9983399,0.775759366,571.0050071,572.9916727,0.7709539323,0.7805647998
magenta,1089,9,17,0.13671875,457.7186199,476.2295736,572.0780083,0.7745088381,571.0846755,573.0713411,0.7697034044,0.7793142718
magenta,1090,9,17,0.138671875,457.7675351,476.3884795,572.1576104,0.7732576994,571.1642776,573.1509431,0.7684522657,0.7780631331
magenta,1091,9,17,0.140625,457.8164101,476.5474624,572.237147,0.7720059543,571.2438142,573.2304797,0.7672005206,0.7768113881
magenta,1092,9,17,0.142578125,457.8652454,476.7065218,572.316619,0.7707536073,571.3232862,573.3099517,0.7659481736,0.775559041
magenta,1093,9,17,0.14453125,457.9140415,476.865657,572.3960272,0.7695006627,571.4026944,573.3893599,0.764695229,0.7743060965
magenta,1094,9,17,0.146484375,457.962799,477.0248676,572.4753725,0.7682471251,571.4820398,573.4687053,0.7634416913,0.7730525588
magenta,1095,9,17,0.1484375,458.0115184,477.1841529,572.5546558,0.7669929987,571.5613231,573.5479886,0.7621875649,0.7717984324
magenta,1096,9,17,0.150390625,458.0602001,477.3435124,572.633878,0.765738288,571.6405452,573.6272107,0.7609328543,0.7705437217
magenta,1097,9,17,0.15234375,458.1088448,477.5029456,572.7130398,0.7644829975,571.7197071,573.7063726,0.7596775637,0.7692884312
magenta,1098,9,17,0.154296875,458.157453,477.6624519,572.7921422,0.7632271315,571.7988095,573.785475,0.7584216978,0.7680325652
magenta,1099,9,17,0.15625,458.2060252,477.8220307,572.871186,0.7619706945,571.8778533,573.8645188,0.7571652607,0.7667761282
magenta,1100,9,17,0.158203125,458.2545619,477.9816815,572.9501721,0.7607136908,571.9568394,573.9435049,0.7559082571,0.7655191246
magenta,1101,9,17,0.16015625,458.3030637,478.1414037,573.0291014,0.759456125,572.0357686,574.0224341,0.7546506913,0.7642615587
magenta,1102,9,17,0.162109375,458.3515311,478.3011967,573.1079746,0.7581980014,572.1146418,574.1013074,0.7533925677,0.7630034351
magenta,1103,9,17,0.1640625,458.3999646,478.46106,573.1867927,0.7569393244,572.1934599,574.1801255,0.7521338907,0.7617447581
magenta,1104,9,17,0.166015625,458.4483647,478.620993,573.2655565,0.7556800985,572.2722238,574.2588893,0.7508746647,0.7604855322
magenta,1105,9,17,0.16796875,458.496732,478.7809952,573.3442669,0.754420328,572.3509342,574.3375997,0.7496148943,0.7592257617
magenta,1106,9,17,0.169921875,458.545067,478.941066,573.4229248,0.7531600174,572.429592,574.4162575,0.7483545837,0.7579654512
magenta,1107,9,17,0.171875,458.5933703,479.1012048,573.5015309,0.7518991711,572.5081982,574.4948637,0.7470937374,0.7567046049
magenta,1108,9,17,0.173828125,458.6416423,479.2614111,573.5800863,0.7506377936,572.5867535,574.573419,0.7458323598,0.7554432273
magenta,1109,9,17,0.17578125,458.6898836,479.4216844,573.6585916,0.7493758892,572.6652589,574.6519244,0.7445704554,0.7541813229
magenta,1110,9,17,0.177734375,458.7380947,479.5820239,573.7370479,0.7481134623,572.7437152,574.7303807,0.7433080285,0.752918896
magenta,1111,9,17,0.1796875,458.7862762,479.7424293,573.8154559,0.7468505174,572.8221232,574.8087887,0.7420450836,0.7516559511
magenta,1112,9,17,0.181640625,458.8344286,479.9028999,573.8938166,0.7455870589,572.9004838,574.8871493,0.7407816251,0.7503924926
magenta,1113,9,17,0.18359375,458.8825524,480.0634352,573.9721307,0.7443230911,572.9787979,574.9654634,0.7395176574,0.7491285249
magenta,1114,9,17,0.185546875,458.9306481,480.2240346,574.0503991,0.7430586186,573.0570664,575.0437319,0.7382531849,0.7478640524
magenta,1115,9,17,0.1875,458.9787163,480.3846975,574.1286228,0.7417936458,573.13529,575.1219555,0.736988212,0.7465990795
magenta,1116,9,17,0.189453125,459.0267575,480.5454234,574.2068025,0.740528177,573.2134697,575.2001352,0.7357227432,0.7453336107
magenta,1117,9,17,0.19140625,459.0747722,480.7062118,574.2849391,0.7392622166,573.2916064,575.2782719,0.7344567829,0.7440676504
magenta,1118,9,17,0.193359375,459.122761,480.867062,574.3630335,0.7379957692,573.3697008,575.3563663,0.7331903354,0.7428012029
magenta,1119,9,17,0.1953125,459.1707244,481.0279736,574.4410866,0.736728839,573.4477539,575.4344194,0.7319234053,0.7415342728
magenta,1120,9,17,0.197265625,459.2186629,481.1889458,574.5190992,0.7354614306,573.5257664,575.512432,0.7306559969,0.7402668643
magenta,1121,9,17,0.19921875,459.266577,481.3499783,574.5970721,0.7341935483,573.6037394,575.5904049,0.7293881146,0.738998982
magenta,1122,9,17,0.201171875,459.3144674,481.5110704,574.6750063,0.7329251966,573.6816736,575.6683391,0.7281197628,0.7377306303
magenta,1123,9,17,0.203125,459.3623344,481.6722215,574.7529026,0.7316563798,573.7595698,575.7462354,0.7268509461,0.7364618135
magenta,1124,9,17,0.205078125,459.4101787,481.8334312,574.8307618,0.7303871024,573.8374291,575.8240946,0.7255816687,0.7351925362
magenta,1125,9,17,0.20703125,459.4580007,481.9946988,574.9085849,0.7291173689,573.9152521,575.9019176,0.7243119351,0.7339228026
magenta,1126,9,17,0.208984375,459.505801,482.1560237,574.9863726,0.7278471835,573.9930398,575.9797053,0.7230417498,0.7326526172
magenta,1127,9,17,0.2109375,459.5535801,482.3174055,575.0641258,0.7265765508,574.0707931,576.0574586,0.7217711171,0.7313819845
magenta,1128,9,17,0.212890625,459.6013386,482.4788436,575.1418455,0.7253054751,574.1485128,576.1351783,0.7205000414,0.7301109089
magenta,1129,9,17,0.21484375,459.649077,482.6403373,575.2195324,0.724033961,574.2261997,576.2128652,0.7192285272,0.7288393947
magenta,1130,9,17,0.216796875,459.6967958,482.8018862,575.2971875,0.7227620127,574.3038547,576.2905202,0.7179565789,0.7275674464
magenta,1131,9,17,0.21875,459.7444955,482.9634897,575.3748115,0.7214896347,574.3814787,576.3681443,0.7166842009,0.7262950684
magenta,1132,9,17,0.220703125,459.7921767,483.1251471,575.4524054,0.7202168314,574.4590726,576.4457381,0.7154113977,0.7250222652
magenta,1133,9,17,0.22265625,459.83984,483.286858,575.52997,0.7189436073,574.5366372,576.5233027,0.7141381736,0.723749041
magenta,1134,9,17,0.224609375,459.8874857,483.4486219,575.6075061,0.7176699667,574.6141734,576.6008389,0.712864533,0.7224754005
magenta,1135,9,17,0.2265625,459.9351145,483.610438,575.6850147,0.7163959141,574.6916819,576.6783475,0.7115904804,0.7212013479
magenta,1136,9,17,0.228515625,459.9827269,483.7723059,575.7624966,0.7151214539,574.7691638,576.7558293,0.7103160202,0.7199268877
magenta,1137,9,17,0.23046875,460.0303234,483.934225,575.8399526,0.7138465905,574.8466198,576.8332854,0.7090411568,0.7186520243
magenta,1138,9,17,0.232421875,460.0779045,484.0961948,575.9173836,0.7125713284,574.9240509,576.9107164,0.7077658946,0.7173767621
magenta,1139,9,17,0.234375,460.1254708,484.2582147,575.9947906,0.7112956719,575.0014578,576.9881233,0.7064902381,0.7161011056
magenta,1140,9,17,0.236328125,460.1730228,484.4202841,576.0721742,0.7100196254,575.0788415,577.065507,0.7052141916,0.7148250591
magenta,1141,9,17,0.23828125,460.2205611,484.5824024,576.1495355,0.7087431934,575.1562027,577.1428682,0.7039377597,0.7135486271
magenta,1142,9,17,0.240234375,460.2680861,484.7445692,576.2268752,0.7074663803,575.2335424,577.220208,0.7026609466,0.712271814
magenta,1143,9,17,0.2421875,460.3155984,484.9067838,576.3041942,0.7061891905,575.3108615,577.297527,0.7013837568,0.7109946242
magenta,1144,9,17,0.244140625,460.3630986,485.0690457,576.3814935,0.7049116284,575.3881607,577.3748262,0.7001061947,0.7097170622
magenta,1145,9,17,0.24609375,460.4105871,485.2313543,576.4587737,0.7036336985,575.465441,577.4521065,0.6988282648,0.7084391322
magenta,1146,9,17,0.248046875,460.4580645,485.393709,576.5360359,0.7023554051,575.5427032,577.5293687,0.6975499714,0.7071608389
magenta,1147,9,17,0.25,460.5055312,485.5561094,576.6132809,0.7010767528,575.6199481,577.6066136,0.696271319,0.7058821865
magenta,1148,9,17,0.251953125,460.552988,485.7185548,576.6905094,0.6997977458,575.6971767,577.6838422,0.694992312,0.7046031795
magenta,1149,9,17,0.25390625,460.6004352,485.8810447,576.7677225,0.6985183886,575.7743897,577.7610553,0.6937129548,0.7033238223
magenta,1150,9,17,0.255859375,460.6478734,486.0435784,576.8449209,0.6972386856,575.8515882,577.8382537,0.6924332519,0.7020441194
magenta,1151,9,17,0.2578125,460.6953031,486.2061556,576.9221056,0.6959586413,575.9287728,577.9154383,0.6911532076,0.700764075
magenta,1152,9,17,0.259765625,460.7427249,486.3687755,576.9992773,0.6946782601,576.0059445,577.99261,0.6898728263,0.6994836938
magenta,1153,9,17,0.26171875,460.7901393,486.5314377,577.0764369,0.6933975463,576.0831042,578.0697697,0.6885921126,0.69820298
magenta,1154,9,17,0.263671875,460.8375467,486.6941416,577.1535854,0.6921165044,576.1602526,578.1469181,0.6873110707,0.6969219381
magenta,1155,9,17,0.265625,460.8849479,486.8568865,577.2307235,0.6908351388,576.2373907,578.2240562,0.6860297051,0.6956405726
magenta,1156,9,17,0.267578125,460.9323432,487.019672,577.3078521,0.689553454,576.3145193,578.3011849,0.6847480203,0.6943588877
magenta,1157,9,17,0.26953125,460.9797332,487.1824975,577.3849721,0.6882714543,576.3916394,578.3783049,0.6834660206,0.693076888
magenta,1158,9,17,0.271484375,461.0271185,487.3453625,577.4620844,0.6869891442,576.4687516,578.4554171,0.6821837104,0.6917945779
magenta,1159,9,17,0.2734375,461.0744995,487.5082662,577.5391897,0.685706528,576.545857,578.5325225,0.6809010943,0.6905119618
magenta,1160,9,17,0.275390625,461.1218768,487.6712083,577.6162891,0.6844236103,576.6229563,578.6096218,0.6796181765,0.689229044
magenta,1161,9,17,0.27734375,461.1692509,487.8341882,577.6933832,0.6831403953,576.7000505,578.686716,0.6783349616,0.6879458291
magenta,1162,9,17,0.279296875,461.2166224,487.9972052,577.7704731,0.6818568876,576.7771403,578.7638058,0.6770514539,0.6866623214
magenta,1163,9,17,0.28125,461.2639918,488.1602589,577.8475595,0.6805730916,576.8542267,578.8408922,0.6757676578,0.6853785253
magenta,1164,9,17,0.283203125,461.3113595,488.3233486,577.9246433,0.6792890116,576.9313105,578.9179761,0.6744835778,0.6840944453
magenta,1165,9,17,0.28515625,461.3587262,488.4864738,578.0017254,0.678004652,577.0083926,578.9950582,0.6731992183,0.6828100858
magenta,1166,9,17,0.287109375,461.4060924,488.649634,578.0788066,0.6767200174,577.0854739,579.0721394,0.6719145837,0.6815254511
magenta,1167,9,17,0.2890625,461.4534586,488.8128285,578.1558878,0.6754351121,577.1625551,579.1492206,0.6706296784,0.6802405458
magenta,1168,9,17,0.291015625,461.5008253,488.9760569,578.2329699,0.6741499405,577.2396372,579.2263027,0.6693445068,0.6789553743
magenta,1169,9,17,0.29296875,461.5481931,489.1393185,578.3100537,0.6728645071,577.316721,579.3033865,0.6680590734,0.6776699408
magenta,1170,9,17,0.294921875,461.5955625,489.3026128,578.3871401,0.6715788162,577.3938074,579.3804729,0.6667733825,0.67638425
magenta,1171,9,17,0.296875,461.6429339,489.4659392,578.46423,0.6702928723,577.4708972,579.4575627,0.6654874386,0.6750983061
magenta,1172,9,17,0.298828125,461.690308,489.6292973,578.5413241,0.6690066799,577.5479913,579.5346569,0.6642012461,0.6738121136
magenta,1173,9,17,0.30078125,461.7376853,489.7926863,578.6184234,0.6677202432,577.6250907,579.6117562,0.6629148094,0.6725256769
magenta,1174,9,17,0.302734375,461.7850663,489.9561058,578.6955287,0.6664335667,577.702196,579.6888615,0.661628133,0.6712390005
magenta,1175,9,17,0.3046875,461.8324516,490.1195552,578.772641,0.665146655,577.7793082,579.7659737,0.6603412212,0.6699520887
magenta,1176,9,17,0.306640625,461.8798416,490.2830339,578.8497609,0.6638595122,577.8564282,579.8430937,0.6590540785,0.668664946
magenta,1177,9,17,0.30859375,461.9272368,490.4465414,578.9268895,0.662572143,577.9335568,579.9202223,0.6577667093,0.6673775767
magenta,1178,9,17,0.310546875,461.9746379,490.610077,579.0040276,0.6612845517,578.0106948,579.9973604,0.6564791179,0.6660899854
magenta,1179,9,17,0.3125,462.0220454,490.7736404,579.081176,0.6599967426,578.0878432,580.0745088,0.6551913089,0.6648021764
magenta,1180,9,17,0.314453125,462.0694598,490.9372308,579.1583356,0.6587087203,578.1650028,580.1516684,0.6539032866,0.6635141541
magenta,1181,9,17,0.31640625,462.1168815,491.1008478,579.2355073,0.6574204892,578.2421745,580.22884,0.6526150555,0.6622259229
magenta,1182,9,17,0.318359375,462.1643112,491.2644907,579.3126918,0.6561320536,578.3193591,580.3060246,0.6513266199,0.6609374874
magenta,1183,9,17,0.3203125,462.2117494,491.428159,579.3898902,0.6548434181,578.3965574,580.3832229,0.6500379843,0.6596488518
magenta,1184,9,17,0.322265625,462.2591965,491.5918521,579.4671032,0.6535545869,578.4737704,580.4604359,0.6487491531,0.6583600206
magenta,1185,9,17,0.32421875,462.3066532,491.7555696,579.5443317,0.6522655645,578.5509989,580.5376645,0.6474601308,0.6570709982
magenta,1186,9,17,0.326171875,462.3541199,491.9193107,579.6215766,0.6509763554,578.6282438,580.6149093,0.6461709216,0.6557817891
magenta,1187,9,17,0.328125,462.4015973,492.0830751,579.6988387,0.6496869639,578.7055059,580.6921714,0.6448815302,0.6544923976
magenta,1188,9,17,0.330078125,462.4490857,492.246862,579.7761189,0.6483973945,578.7827861,580.7694516,0.6435919607,0.6532028282
magenta,1189,9,17,0.33203125,462.4965858,492.4106709,579.853418,0.6471076516,578.8600852,580.8467508,0.6423022178,0.6519130853
magenta,1190,9,17,0.333984375,462.5440981,492.5745014,579.930737,0.6458177395,578.9374042,580.9240697,0.6410123058,0.6506231733
magenta,1191,9,17,0.3359375,462.591623,492.7383527,580.0080766,0.6445276628,579.0147438,581.0014093,0.6397222291,0.6493330966
magenta,1192,9,17,0.337890625,462.6391612,492.9022244,580.0854377,0.6432374259,579.092105,581.0787705,0.6384319921,0.6480428596
magenta,1193,9,17,0.33984375,462.6867132,493.0661159,580.1628213,0.6419470331,579.1694885,581.1561541,0.6371415993,0.6467524668
magenta,1194,9,17,0.341796875,462.7342795,493.2300267,580.2402281,0.6406564888,579.2468954,581.2335609,0.6358510551,0.6454619225
magenta,1195,9,17,0.34375,462.7818605,493.3939561,580.3176591,0.6393657976,579.3243263,581.3109918,0.6345603638,0.6441712313
magenta,1196,9,17,0.345703125,462.829457,493.5579036,580.395115,0.6380749637,579.4017822,581.3884477,0.63326953,0.6428803974
magenta,1197,9,17,0.34765625,462.8770693,493.7218687,580.4725967,0.6367839917,579.479264,581.4659295,0.6319785579,0.6415894254
magenta,1198,9,17,0.349609375,462.924698,493.8858507,580.5501052,0.6354928859,579.5567724,581.5434379,0.6306874521,0.6402983196
magenta,1199,9,17,0.3515625,462.9723436,494.0498492,580.6276412,0.6342016507,579.6343085,581.620974,0.629396217,0.6390070845
magenta,1200,9,17,0.353515625,463.0200068,494.2138636,580.7052057,0.6329102907,579.7118729,581.6985384,0.6281048569,0.6377157244
magenta,1201,9,17,0.35546875,463.0676879,494.3778932,580.7827994,0.6316188101,579.7894667,581.7761322,0.6268133763,0.6364242438
magenta,1202,9,17,0.357421875,463.1153875,494.5419376,580.8604233,0.6303272134,579.8670906,581.8537561,0.6255217797,0.6351326471
magenta,1203,9,17,0.359375,463.1631063,494.7059962,580.9380782,0.6290355051,579.9447455,581.931411,0.6242300713,0.6338409388
magenta,1204,9,17,0.361328125,463.2108445,494.8700684,581.015765,0.6277436894,580.0224322,582.0090978,0.6229382557,0.6325491232
magenta,1205,9,17,0.36328125,463.258603,495.0341537,581.0934845,0.626451771,580.1001518,582.0868173,0.6216463373,0.6312572047
magenta,1206,9,17,0.365234375,463.306382,495.1982515,581.1712376,0.6251597541,580.1779049,582.1645704,0.6203543204,0.6299651878
magenta,1207,9,17,0.3671875,463.3541822,495.3623612,581.2490252,0.6238676432,580.2556924,582.242358,0.6190622095,0.6286730769
magenta,1208,9,17,0.369140625,463.4020042,495.5264823,581.3268481,0.6225754427,580.3335153,582.3201808,0.617770009,0.6273808765
magenta,1209,9,17,0.37109375,463.4498483,495.6906142,581.4047071,0.6212831571,580.4113744,582.3980399,0.6164777233,0.6260885908
magenta,1210,9,17,0.373046875,463.4977153,495.8547563,581.4826033,0.6199907906,580.4892705,582.475936,0.6151853569,0.6247962244
magenta,1211,9,17,0.375,463.5456055,496.0189082,581.5605373,0.6186983479,580.5672045,582.55387,0.6138929141,0.6235037816
magenta,1212,9,17,0.376953125,463.5935195,496.1830692,581.63851,0.6174058332,580.6451773,582.6318428,0.6126003994,0.6222112669
magenta,1213,9,17,0.37890625,463.6414579,496.3472388,581.7165224,0.616113251,580.7231897,582.7098552,0.6113078172,0.6209186847
magenta,1214,9,17,0.380859375,463.6894212,496.5114164,581.7945753,0.6148206057,580.8012426,582.7879081,0.6100151719,0.6196260394
magenta,1215,9,17,0.3828125,463.7374098,496.6756014,581.8726696,0.6135279017,580.8793368,582.8660023,0.608722468,0.6183333354
magenta,1216,9,17,0.384765625,463.7854245,496.8397933,581.950806,0.6122351435,580.9574733,582.9441388,0.6074297097,0.6170405772
magenta,1217,9,17,0.38671875,463.8334655,497.0039916,582.0289855,0.6109423354,581.0356528,583.0223183,0.6061369017,0.6157477691
magenta,1218,9,17,0.388671875,463.8815336,497.1681956,582.107209,0.6096494819,581.1138762,583.1005418,0.6048440482,0.6144549156
magenta,1219,9,17,0.390625,463.9296292,497.3324049,582.1854773,0.6083565874,581.1921445,583.17881,0.6035511537,0.6131620211
magenta,1220,9,17,0.392578125,463.9777529,497.4966187,582.2637912,0.6070636563,581.2704584,583.2571239,0.6022582226,0.61186909
magenta,1221,9,17,0.39453125,464.0259051,497.6608367,582.3421516,0.605770693,581.3488188,583.3354844,0.6009652593,0.6105761268
magenta,1222,9,17,0.396484375,464.0740865,497.8250582,582.4205594,0.604477702,581.4272266,583.4138922,0.5996722683,0.6092831357
magenta,1223,9,17,0.3984375,464.1222975,497.9892827,582.4990154,0.6031846876,581.5056827,583.4923482,0.5983792539,0.6079901214
magenta,1224,9,17,0.400390625,464.1705387,498.1535095,582.5775206,0.6018916544,581.5841878,583.5708534,0.5970862206,0.6066970881
magenta,1225,9,17,0.40234375,464.2188106,498.3177382,582.6560757,0.6005986066,581.662743,583.6494085,0.5957931728,0.6054040403
magenta,1226,9,17,0.404296875,464.2671137,498.4819682,582.7346817,0.5993055487,581.7413489,583.7280144,0.5945001149,0.6041109824
magenta,1227,9,17,0.40625,464.3154485,498.6461989,582.8133393,0.5980124851,581.8200065,583.806672,0.5932070514,0.6028179189
magenta,1228,9,17,0.408203125,464.3638157,498.8104298,582.8920495,0.5967194203,581.8987167,583.8853822,0.5919139866,0.601524854
magenta,1229,9,17,0.41015625,464.4122157,498.9746603,582.970813,0.5954263587,581.9774803,583.9641458,0.5906209249,0.6002317924
magenta,1230,9,17,0.412109375,464.460649,499.1388898,583.0496309,0.5941333046,582.0562981,584.0429637,0.5893278708,0.5989387383
magenta,1231,9,17,0.4140625,464.5091163,499.3031178,583.1285039,0.5928402625,582.1351711,584.1218366,0.5880348288,0.5976456962
magenta,1232,9,17,0.416015625,464.5576179,499.4673437,583.2074329,0.5915472368,582.2141001,584.2007656,0.5867418031,0.5963526706
magenta,1233,9,17,0.41796875,464.6061544,499.6315669,583.2864187,0.590254232,582.293086,584.2797515,0.5854487983,0.5950596657
magenta,1234,9,17,0.419921875,464.6547265,499.795787,583.3654623,0.5889612524,582.3721295,584.358795,0.5841558187,0.5937666861
magenta,1235,9,17,0.421875,464.7033345,499.9600032,583.4445644,0.5876683025,582.4512317,584.4378972,0.5828628687,0.5924737362
magenta,1236,9,17,0.423828125,464.751979,500.1242152,583.523726,0.5863753866,582.5303932,584.5170587,0.5815699529,0.5911808203
magenta,1237,9,17,0.42578125,464.8006607,500.2884222,583.6029479,0.5850825093,582.6096151,584.5962806,0.5802770755,0.589887943
magenta,1238,9,17,0.427734375,464.8493798,500.4526239,583.6822309,0.5837896748,582.6888982,584.6755637,0.5789842411,0.5885951085
magenta,1239,9,17,0.4296875,464.8981372,500.6168195,583.761576,0.5824968877,582.7682432,584.7549087,0.577691454,0.5873023214
magenta,1240,9,17,0.431640625,464.9469331,500.7810085,583.8409839,0.5812041523,582.8476512,584.8343167,0.5763987186,0.5860095861
magenta,1241,9,17,0.43359375,464.9957682,500.9451904,583.9204556,0.5799114731,582.9271229,584.9137884,0.5751060394,0.5847169069
magenta,1242,9,17,0.435546875,465.044643,501.1093646,583.9999919,0.5786188545,583.0066592,584.9933247,0.5738134208,0.5834242882
magenta,1243,9,17,0.4375,465.0935581,501.2735305,584.0795937,0.5773263009,583.086261,585.0729265,0.5725208671,0.5821317346
magenta,1244,9,17,0.439453125,465.1425139,501.4376876,584.1592618,0.5760338167,583.1659291,585.1525946,0.5712283829,0.5808392504
magenta,1245,9,17,0.44140625,465.191511,501.6018354,584.2389971,0.5747414063,583.2456644,585.2323299,0.5699359726,0.57954684
magenta,1246,9,17,0.443359375,465.24055,501.7659732,584.3188005,0.5734490742,583.3254678,585.3121333,0.5686436404,0.5782545079
magenta,1247,9,17,0.4453125,465.2896312,501.9301005,584.3986728,0.5721568247,583.40534,585.3920055,0.567351391,0.5769622584
magenta,1248,9,17,0.447265625,465.3387554,502.0942168,584.4786148,0.5708646623,583.4852821,585.4719476,0.5660592286,0.575670096
magenta,1249,9,17,0.44921875,465.387923,502.2583214,584.5586275,0.5695725914,583.5652948,585.5519603,0.5647671577,0.5743780252
magenta,1250,9,17,0.451171875,465.4371345,502.4224139,584.6387117,0.5682806165,583.645379,585.6320445,0.5634751827,0.5730860502
magenta,1251,9,17,0.453125,465.4863904,502.5864936,584.7188683,0.5669887418,583.7255356,585.7122011,0.5621833081,0.5717941756
magenta,1252,9,17,0.455078125,465.5356914,502.75056,584.7990981,0.5656969719,583.8057653,585.7924309,0.5608915382,0.5705024057
magenta,1253,9,17,0.45703125,465.5850379,502.9146125,584.879402,0.5644053112,583.8860692,585.8727347,0.5595998775,0.5692107449
magenta,1254,9,17,0.458984375,465.6344304,503.0786506,584.9597808,0.5631137641,583.966448,585.9531135,0.5583083303,0.5679191978
magenta,1255,9,17,0.4609375,465.6838695,503.2426737,585.0402354,0.5618223349,584.0469027,586.0335682,0.5570169012,0.5666277687
magenta,1256,9,17,0.462890625,465.7333558,503.4066813,585.1207667,0.5605310282,584.127434,586.1140995,0.5557255945,0.5653364619
magenta,1257,9,17,0.46484375,465.7828897,503.5706728,585.2013755,0.5592398483,584.2080428,586.1947083,0.5544344146,0.5640452821
magenta,1258,9,17,0.466796875,465.8324717,503.7346476,585.2820628,0.5579487997,584.28873,586.2753955,0.5531433659,0.5627542334
magenta,1259,9,17,0.46875,465.8821025,503.8986051,585.3628292,0.5566578867,584.3694965,586.356162,0.551852453,0.5614633204
magenta,1260,9,17,0.470703125,465.9317825,504.0625449,585.4436758,0.5553671138,584.4503431,586.4370086,0.5505616801,0.5601725476
magenta,1261,9,17,0.47265625,465.9815122,504.2264663,585.5246034,0.5540764854,584.5312706,586.5179362,0.5492710517,0.5588819192
magenta,1262,9,17,0.474609375,466.0312923,504.3903688,585.6056128,0.552786006,584.6122801,586.5989456,0.5479805722,0.5575914397
magenta,1263,9,17,0.4765625,466.0811231,504.5542519,585.6867049,0.5514956798,584.6933722,586.6800377,0.5466902461,0.5563011136
magenta,1264,9,17,0.478515625,466.1310053,504.7181149,585.7678806,0.5502055115,584.7745478,586.7612133,0.5454000777,0.5550109452
magenta,1265,9,17,0.48046875,466.1809394,504.8819573,585.8491407,0.5489155053,584.8558079,586.8424734,0.5441100715,0.553720939
magenta,1266,9,17,0.482421875,466.2309259,505.0457785,585.9304861,0.5476256656,584.9371533,586.9238188,0.5428202319,0.5524310994
magenta,1267,9,17,0.484375,466.2809653,505.209578,586.0119176,0.546335997,585.0185848,587.0052503,0.5415305633,0.5511414307
magenta,1268,9,17,0.486328125,466.3310582,505.3733553,586.0934361,0.5450465038,585.1001034,587.0867689,0.5402410701,0.5498519375
magenta,1269,9,17,0.48828125,466.3812051,505.5371097,586.1750425,0.5437571904,585.1817098,587.1683753,0.5389517567,0.5485626242
magenta,1270,9,17,0.490234375,466.4314065,505.7008407,586.2567377,0.5424680613,585.2634049,587.2500704,0.5376626276,0.5472734951
magenta,1271,9,17,0.4921875,466.481663,505.8645477,586.3385224,0.5411791209,585.3451896,587.3318551,0.5363736872,0.5459845546
magenta,1272,9,17,0.494140625,466.531975,506.0282302,586.4203976,0.5398903735,585.4270648,587.4137303,0.5350849398,0.5446958073
magenta,1273,9,17,0.49609375,466.5823432,506.1918876,586.5023641,0.5386018237,585.5090313,587.4956968,0.5337963899,0.5434072574
magenta,1274,9,17,0.498046875,466.632768,506.3555194,586.5844227,0.5373134758,585.59109,587.5777555,0.532508042,0.5421189095
magenta,1275,9,17,0.5,466.68325,506.519125,586.6665744,0.5360253342,585.6732417,587.6599072,0.5312199004,0.5408307679
magenta,1276,9,17,0.501953125,466.7337897,506.6827038,586.7488201,0.5347374033,585.7554873,587.7421528,0.5299319696,0.5395428371
magenta,1277,9,17,0.50390625,466.7843876,506.8462553,586.8311604,0.5334496877,585.8378277,587.8244932,0.5286442539,0.5382551214
magenta,1278,9,17,0.505859375,466.8350443,507.0097789,586.9135964,0.5321621916,585.9202637,587.9069292,0.5273567578,0.5369676253
magenta,1279,9,17,0.5078125,466.8857602,507.173274,586.9961289,0.5308749195,586.0027961,587.9894617,0.5260694858,0.5356803532
magenta,1280,9,17,0.509765625,466.936536,507.3367401,587.0787587,0.5295878759,586.085426,588.0720915,0.5247824421,0.5343933096
magenta,1281,9,17,0.51171875,466.9873721,507.5001767,587.1614868,0.528301065,586.168154,588.1548195,0.5234956313,0.5331064988
magenta,1282,9,17,0.513671875,467.0382691,507.6635831,587.2443139,0.5270144915,586.2509811,588.2376466,0.5222090578,0.5318199252
magenta,1283,9,17,0.515625,467.0892275,507.8269588,587.3272409,0.5257281596,586.3339081,588.3205736,0.5209227259,0.5305335933
magenta,1284,9,17,0.517578125,467.1402479,507.9903033,587.4102687,0.5244420738,586.416936,588.4036015,0.5196366401,0.5292475075
magenta,1285,9,17,0.51953125,467.1913307,508.153616,587.4933982,0.5231562385,586.5000654,588.4867309,0.5183508048,0.5279616723
magenta,1286,9,17,0.521484375,467.2424765,508.3168962,587.5766302,0.5218706582,586.5832974,588.5699629,0.5170652244,0.5266760919
magenta,1287,9,17,0.5234375,467.2936858,508.4801436,587.6599655,0.5205853371,586.6666328,588.6532983,0.5157799034,0.5253907709
magenta,1288,9,17,0.525390625,467.3449592,508.6433574,587.7434051,0.5193002799,586.7500724,588.7367379,0.5144948461,0.5241057136
magenta,1289,9,17,0.52734375,467.3962972,508.8065372,587.8269498,0.5180154908,586.8336171,588.8202826,0.513210057,0.5228209245
magenta,1290,9,17,0.529296875,467.4477003,508.9696824,587.9106005,0.5167309743,586.9172678,588.9039333,0.5119255405,0.521536408
magenta,1291,9,17,0.53125,467.499169,509.1327923,587.994358,0.5154467348,587.0010252,588.9876908,0.5106413011,0.5202521685
magenta,1292,9,17,0.533203125,467.5507039,509.2958666,588.0782232,0.5141627767,587.0848904,589.0715559,0.509357343,0.5189682105
magenta,1293,9,17,0.53515625,467.6023055,509.4589045,588.1621969,0.5128791045,587.1688641,589.1555296,0.5080736708,0.5176845382
magenta,1294,9,17,0.537109375,467.6539743,509.6219055,588.24628,0.5115957225,587.2529472,589.2396128,0.5067902888,0.5164011563
magenta,1295,9,17,0.5390625,467.7057109,509.7848692,588.3304734,0.5103126352,587.3371406,589.3238061,0.5055072015,0.515118069
magenta,1296,9,17,0.541015625,467.7575158,509.9477948,588.4147779,0.509029847,587.4214451,589.4081107,0.5042244133,0.5138352808
magenta,1297,9,17,0.54296875,467.8093895,510.1106819,588.4991944,0.5077473623,587.5058617,589.4925272,0.5029419286,0.5125527961
magenta,1298,9,17,0.544921875,467.8613325,510.2735299,588.5837238,0.5064651856,587.590391,589.5770565,0.5016597518,0.5112706193
magenta,1299,9,17,0.546875,467.9133454,510.4363382,588.6683668,0.5051833212,587.6750341,589.6616996,0.5003778874,0.5099887549
magenta,1300,9,17,0.548828125,467.9654287,510.5991063,588.7531245,0.5039017735,587.7597917,589.7464573,0.4990963398,0.5087072072
magenta,1301,9,17,0.55078125,468.017583,510.7618336,588.8379976,0.502620547,587.8446648,589.8313303,0.4978151133,0.5074259807
magenta,1302,9,17,0.552734375,468.0698087,510.9245196,588.922987,0.5013396461,587.9296542,589.9163197,0.4965342124,0.5061450799
magenta,1303,9,17,0.5546875,468.1221064,511.0871636,589.0080935,0.5000590752,588.0147608,590.0014263,0.4952536415,0.504864509
magenta,1304,9,17,0.556640625,468.1744767,511.2497651,589.0933181,0.4987788388,588.0999853,590.0866508,0.493973405,0.5035842725
magenta,1305,9,17,0.55859375,468.22692,511.4123236,589.1786615,0.4974989412,588.1853288,590.1719943,0.4926935074,0.5023043749
magenta,1306,9,17,0.560546875,468.2794368,511.5748386,589.2641247,0.4962193868,588.270792,590.2574575,0.4914139531,0.5010248206
magenta,1307,9,17,0.5625,468.3320278,511.7373093,589.3497085,0.4949401801,588.3563758,590.3430413,0.4901347464,0.4997456139
magenta,1308,9,17,0.564453125,468.3846935,511.8997354,589.4354138,0.4936613256,588.442081,590.4287465,0.4888558918,0.4984667593
magenta,1309,9,17,0.56640625,468.4374343,512.0621161,589.5212414,0.4923828275,588.5279086,590.5145741,0.4875773938,0.4971882612
magenta,1310,9,17,0.568359375,468.4902508,512.224451,589.6071922,0.4911046904,588.6138594,590.6005249,0.4862992566,0.4959101241
magenta,1311,9,17,0.5703125,468.5431435,512.3867396,589.693267,0.4898269186,588.6999342,590.6865997,0.4850214848,0.4946323523
magenta,1312,9,17,0.572265625,468.596113,512.5489811,589.7794667,0.4885495166,588.786134,590.7727995,0.4837440828,0.4933549503
magenta,1313,9,17,0.57421875,468.6491597,512.7111751,589.8657923,0.4872724887,588.8724595,590.859125,0.482467055,0.4920779224
magenta,1314,9,17,0.576171875,468.7022843,512.8733211,589.9522444,0.4859958395,588.9589117,590.9455772,0.4811904057,0.4908012732
magenta,1315,9,17,0.578125,468.7554873,513.0354184,590.0388241,0.4847195732,589.0454913,591.0321568,0.4799141395,0.489525007
magenta,1316,9,17,0.580078125,468.8087691,513.1974665,590.1255321,0.4834436944,589.1321993,591.1188649,0.4786382607,0.4882491281
magenta,1317,9,17,0.58203125,468.8621303,513.3594648,590.2123693,0.4821682074,589.2190366,591.2057021,0.4773627737,0.4869736412
magenta,1318,9,17,0.583984375,468.9155715,513.5214128,590.2993367,0.4808931167,589.3060039,591.2926694,0.476087683,0.4856985505
magenta,1319,9,17,0.5859375,468.9690931,513.6833099,590.3864349,0.4796184267,589.3931022,591.3797677,0.474812993,0.4844238605
magenta,1320,9,17,0.587890625,469.0226957,513.8451556,590.473665,0.4783441418,589.4803322,591.4669977,0.4735387081,0.4831495755
magenta,1321,9,17,0.58984375,469.0763798,514.0069492,590.5610277,0.4770702664,589.567695,591.5543605,0.4722648327,0.4818757001
magenta,1322,9,17,0.591796875,469.130146,514.1686903,590.648524,0.4757968049,589.6551912,591.6418567,0.4709913712,0.4806022387
magenta,1323,9,17,0.59375,469.1839948,514.3303782,590.7361546,0.4745237618,589.7428219,591.7294874,0.4697183281,0.4793291955
magenta,1324,9,17,0.595703125,469.2379267,514.4920124,590.8239205,0.4732511414,589.8305878,591.8172533,0.4684457077,0.4780565752
magenta,1325,9,17,0.59765625,469.2919422,514.6535924,590.9118225,0.4719789483,589.9184898,591.9051553,0.4671735145,0.476784382
magenta,1326,9,17,0.599609375,469.3460419,514.8151176,590.9998615,0.4707071867,590.0065288,591.9931943,0.4659017529,0.4755126204
magenta,1327,9,17,0.6015625,469.4002263,514.9765874,591.0880384,0.4694358611,590.0947056,592.0813711,0.4646304274,0.4742412948
magenta,1328,9,17,0.603515625,469.4544959,515.1380012,591.1763539,0.468164976,590.1830211,592.1696866,0.4633595422,0.4729704097
magenta,1329,9,17,0.60546875,469.5088513,515.2993586,591.264809,0.4668945357,590.2714762,592.2581417,0.462089102,0.4716999694
magenta,1330,9,17,0.607421875,469.563293,515.4606589,591.3534045,0.4656245447,590.3600717,592.3467372,0.4608191109,0.4704299784
magenta,1331,9,17,0.609375,469.6178215,515.6219015,591.4421412,0.4643550073,590.4488085,592.435474,0.4595495736,0.4691604411
magenta,1332,9,17,0.611328125,469.6724373,515.783086,591.5310202,0.4630859281,590.5376874,592.5243529,0.4582804944,0.4678913618
magenta,1333,9,17,0.61328125,469.727141,515.9442118,591.6200421,0.4618173114,590.6267093,592.6133748,0.4570118777,0.4666227451
magenta,1334,9,17,0.615234375,469.7819331,516.1052782,591.7092079,0.4605491616,590.7158751,592.7025406,0.4557437279,0.4653545953
magenta,1335,9,17,0.6171875,469.8368142,516.2662848,591.7985184,0.4592814832,590.8051856,592.7918512,0.4544760494,0.4640869169
magenta,1336,9,17,0.619140625,469.8917847,516.4272309,591.8879745,0.4580142805,590.8946418,592.8813073,0.4532088468,0.4628197143
magenta,1337,9,17,0.62109375,469.9468452,516.5881161,591.9775771,0.456747558,590.9842443,592.9709098,0.4519421243,0.4615529918
magenta,1338,9,17,0.623046875,470.0019962,516.7489397,592.0673269,0.4554813202,591.0739942,593.0606597,0.4506758864,0.4602867539
magenta,1339,9,17,0.625,470.0572383,516.9097012,592.157225,0.4542155713,591.1638922,593.1505577,0.4494101376,0.459021005
magenta,1340,9,17,0.626953125,470.1125719,517.0704,592.2472721,0.4529503159,591.2539393,593.2406048,0.4481448821,0.4577557496
magenta,1341,9,17,0.62890625,470.1679977,517.2310356,592.337469,0.4516855583,591.3441363,593.3308018,0.4468801246,0.456490992
magenta,1342,9,17,0.630859375,470.2235161,517.3916074,592.4278168,0.450421303,591.434484,593.4211495,0.4456158693,0.4552267367
magenta,1343,9,17,0.6328125,470.2791277,517.5521148,592.5183161,0.4491575544,591.5249834,593.5116489,0.4443521206,0.4539629881
magenta,1344,9,17,0.634765625,470.334833,517.7125574,592.608968,0.4478943169,591.6156352,593.6023007,0.4430888831,0.4526997506
magenta,1345,9,17,0.63671875,470.3906325,517.8729344,592.6997731,0.4466315949,591.7064404,593.6931059,0.4418261611,0.4514370286
magenta,1346,9,17,0.638671875,470.4465268,518.0332455,592.7907325,0.4453693928,591.7973997,593.7840653,0.4405639591,0.4501748265
magenta,1347,9,17,0.640625,470.5025163,518.1934899,592.8818469,0.4441077151,591.8885142,593.8751797,0.4393022814,0.4489131488
magenta,1348,9,17,0.642578125,470.5586017,518.3536671,592.9731173,0.4428465662,591.9797846,593.9664501,0.4380411324,0.4476519999
magenta,1349,9,17,0.64453125,470.6147834,518.5137767,593.0645445,0.4415859504,592.0712117,594.0578772,0.4367805167,0.4463913842
magenta,1350,9,17,0.646484375,470.671062,518.673818,593.1561293,0.4403258723,592.1627965,594.149462,0.4355204385,0.445131306
magenta,1351,9,17,0.6484375,470.727438,518.8337904,593.2478726,0.4390663361,592.2545398,594.2412054,0.4342609024,0.4438717699
magenta,1352,9,17,0.650390625,470.7839119,518.9936934,593.3397753,0.4378073465,592.3464425,594.333108,0.4330019127,0.4426127802
magenta,1353,9,17,0.65234375,470.8404843,519.1535265,593.4318382,0.4365489076,592.4385055,594.425171,0.4317434739,0.4413543414
magenta,1354,9,17,0.654296875,470.8971557,519.313289,593.5240622,0.4352910241,592.5307295,594.517395,0.4304855903,0.4400964578
magenta,1355,9,17,0.65625,470.9539266,519.4729804,593.6164482,0.4340337002,592.6231155,594.609781,0.4292282665,0.4388391339
magenta,1356,9,17,0.658203125,471.0107975,519.6326002,593.708997,0.4327769404,592.7156642,594.7023298,0.4279715067,0.4375823742
magenta,1357,9,17,0.66015625,471.0677691,519.7921478,593.8017095,0.4315207492,592.8083767,594.7950422,0.4267153155,0.4363261829
magenta,1358,9,17,0.662109375,471.1248417,519.9516227,593.8945865,0.4302651309,592.9012537,594.8879193,0.4254596971,0.4350705646
magenta,1359,9,17,0.6640625,471.182016,520.1110242,593.9876289,0.4290100899,592.9942962,594.9809617,0.4242046562,0.4338155237
magenta,1360,9,17,0.666015625,471.2392925,520.2703518,594.0808376,0.4277556308,593.0875048,595.0741704,0.422950197,0.4325610645
magenta,1361,9,17,0.66796875,471.2966716,520.4296049,594.1742134,0.4265017578,593.1808806,595.1675462,0.421696324,0.4313071915
magenta,1362,9,17,0.669921875,471.354154,520.5887831,594.2677572,0.4252484754,593.2744244,595.26109,0.4204430417,0.4300539091
magenta,1363,9,17,0.671875,471.4117401,520.7478856,594.3614698,0.423995788,593.3681371,595.3548026,0.4191903543,0.4288012218
magenta,1364,9,17,0.673828125,471.4694306,520.9069121,594.4553522,0.4227437001,593.4620194,595.448685,0.4179382664,0.4275491339
magenta,1365,9,17,0.67578125,471.5272258,521.0658618,594.5494051,0.4214922161,593.5560724,595.5427379,0.4166867823,0.4262976498
magenta,1366,9,17,0.677734375,471.5851264,521.2247343,594.6436295,0.4202413403,593.6502967,595.6369622,0.4154359065,0.425046774
magenta,1367,9,17,0.6796875,471.6431328,521.3835289,594.7380261,0.4189910772,593.7446934,595.7313589,0.4141856435,0.4237965109
magenta,1368,9,17,0.681640625,471.7012457,521.5422452,594.832596,0.4177414312,593.8392632,595.8259287,0.4129359975,0.4225468649
magenta,1369,9,17,0.68359375,471.7594655,521.7008826,594.9273398,0.4164924067,593.934007,595.9206725,0.411686973,0.4212978405
magenta,1370,9,17,0.685546875,471.8177928,521.8594404,595.0222585,0.4152440082,594.0289257,596.0155912,0.4104385745,0.420049442
magenta,1371,9,17,0.6875,471.876228,522.0179182,595.1173529,0.4139962401,594.1240202,596.1106857,0.4091908063,0.4188016738
magenta,1372,9,17,0.689453125,471.9347718,522.1763154,595.212624,0.4127491067,594.2192912,596.2059567,0.4079436729,0.4175545404
magenta,1373,9,17,0.69140625,471.9934246,522.3346314,595.3080725,0.4115026125,594.3147397,596.3014053,0.4066971787,0.4163080462
magenta,1374,9,17,0.693359375,472.052187,522.4928656,595.4036993,0.4102567619,594.4103666,596.3970321,0.4054513282,0.4150621956
magenta,1375,9,17,0.6953125,472.1110595,522.6510175,595.4995054,0.4090115593,594.5061726,596.4928381,0.4042061256,0.4138169931
magenta,1376,9,17,0.697265625,472.1700427,522.8090866,595.5954914,0.4077670092,594.6021587,596.5888242,0.4029615755,0.412572443
magenta,1377,9,17,0.69921875,472.229137,522.9670722,595.6916584,0.406523116,594.6983257,596.6849912,0.4017176822,0.4113285497
magenta,1378,9,17,0.701171875,472.288343,523.1249739,595.7880072,0.405279884,594.7946744,596.7813399,0.4004744503,0.4100853177
magenta,1379,9,17,0.703125,472.3476613,523.282791,595.8845386,0.4040373177,594.8912058,596.8778713,0.399231884,0.4088427515
magenta,1380,9,17,0.705078125,472.4070923,523.440523,595.9812534,0.4027954215,594.9879207,596.9745862,0.3979899878,0.4076008553
magenta,1381,9,17,0.70703125,472.4666366,523.5981693,596.0781527,0.4015541999,595.0848199,597.0714854,0.3967487662,0.4063596336
magenta,1382,9,17,0.708984375,472.5262947,523.7557294,596.1752371,0.4003136572,595.1819044,597.1685699,0.3955082235,0.4051190909
magenta,1383,9,17,0.7109375,472.5860671,523.9132027,596.2725077,0.3990737979,595.2791749,597.2658404,0.3942683641,0.4038792316
magenta,1384,9,17,0.712890625,472.6459545,524.0705886,596.3699651,0.3978346263,595.3766324,597.3632979,0.3930291926,0.40264006
magenta,1385,9,17,0.71484375,472.7059572,524.2278866,596.4676104,0.3965961469,595.4742776,597.4609432,0.3917907132,0.4014015807
magenta,1386,9,17,0.716796875,472.7660759,524.3850962,596.5654443,0.3953583642,595.5721116,597.5587771,0.3905529304,0.4001637979
magenta,1387,9,17,0.71875,472.826311,524.5422167,596.6634678,0.3941212824,595.670135,597.6568006,0.3893158487,0.3989267162
magenta,1388,9,17,0.720703125,472.8866631,524.6992476,596.7616816,0.3928849062,595.7683489,597.7550144,0.3880794724,0.3976903399
magenta,1389,9,17,0.72265625,472.9471327,524.8561884,596.8600867,0.3916492397,595.866754,597.8534195,0.386843806,0.3964546735
magenta,1390,9,17,0.724609375,473.0077204,525.0130384,596.9586839,0.3904142876,595.9653512,597.9520167,0.3856088539,0.3952197213
magenta,1391,9,17,0.7265625,473.0684267,525.1697972,597.0574741,0.3891800542,596.0641414,598.0508069,0.3843746204,0.3939854879
magenta,1392,9,17,0.728515625,473.129252,525.3264641,597.1564581,0.3879465438,596.1631254,598.1497909,0.3831411101,0.3927519776
magenta,1393,9,17,0.73046875,473.1901971,525.4830386,597.2556368,0.386713761,596.2623041,598.2489696,0.3819083273,0.3915191948
magenta,1394,9,17,0.732421875,473.2512622,525.6395201,597.3550111,0.3854817102,596.3616783,598.3483438,0.3806762764,0.3902871439
magenta,1395,9,17,0.734375,473.3124481,525.7959082,597.4545817,0.3842503957,596.461249,598.4479145,0.379444962,0.3890558294
magenta,1396,9,17,0.736328125,473.3737552,525.9522021,597.5543497,0.383019822,596.5610169,598.5476824,0.3782143882,0.3878252557
magenta,1397,9,17,0.73828125,473.4351841,526.1084014,597.6543158,0.3817899935,596.660983,598.6476485,0.3769845597,0.3865954272
magenta,1398,9,17,0.740234375,473.4967352,526.2645055,597.7544809,0.3805609146,596.7611481,598.7478136,0.3757554808,0.3853663483
magenta,1399,9,17,0.7421875,473.5584092,526.4205138,597.8548458,0.3793325897,596.861513,598.8481786,0.374527156,0.3841380234
magenta,1400,9,17,0.744140625,473.6202065,526.5764258,597.9554115,0.3781050233,596.9620787,598.9487442,0.3732995896,0.382910457
magenta,1401,9,17,0.74609375,473.6821277,526.7322409,598.0561787,0.3768782197,597.062846,599.0495115,0.372072786,0.3816836535
magenta,1402,9,17,0.748046875,473.7441732,526.8879585,598.1571484,0.3756521835,597.1638157,599.1504812,0.3708467497,0.3804576172
magenta,1403,9,17,0.75,473.8063437,527.0435781,598.2583214,0.3744269189,597.2649887,599.2516542,0.3696214852,0.3792323526
magenta,1404,9,17,0.751953125,473.8686397,527.1990992,598.3596986,0.3732024304,597.3663659,599.3530314,0.3683969967,0.3780078642
magenta,1405,9,17,0.75390625,473.9310617,527.3545211,598.4612808,0.3719787225,597.4679481,599.4546136,0.3671732888,0.3767841563
magenta,1406,9,17,0.755859375,473.9936102,527.5098433,598.5630689,0.3707557995,597.5697362,599.5564017,0.3659503658,0.3755612333
magenta,1407,9,17,0.7578125,474.0562857,527.6650653,598.6650638,0.3695336659,597.671731,599.6583966,0.3647282322,0.3743390997
magenta,1408,9,17,0.759765625,474.1190888,527.8201864,598.7672663,0.3683123261,597.7739335,599.760599,0.3635068924,0.3731177598
magenta,1409,9,17,0.76171875,474.18202,527.9752062,598.8696772,0.3670917845,597.8763445,599.86301,0.3622863508,0.3718972182
magenta,1410,9,17,0.763671875,474.2450799,528.130124,598.9722975,0.3658720455,597.9789647,599.9656303,0.3610666117,0.3706774792
magenta,1411,9,17,0.765625,474.3082689,528.2849394,599.075128,0.3646531135,598.0817952,600.0684608,0.3598476798,0.3694585472
magenta,1412,9,17,0.767578125,474.3715877,528.4396516,599.1781695,0.363434993,598.1848368,600.1715023,0.3586295593,0.3682404267
magenta,1413,9,17,0.76953125,474.4350366,528.5942603,599.281423,0.3622176883,598.2880903,600.2747558,0.3574122546,0.3670231221
magenta,1414,9,17,0.771484375,474.4986163,528.7487648,599.3848893,0.361001204,598.3915565,600.378222,0.3561957702,0.3658066377
magenta,1415,9,17,0.7734375,474.5623273,528.9031645,599.4885692,0.3597855443,598.4952364,600.4819019,0.3549801106,0.364590978
magenta,1416,9,17,0.775390625,474.6261701,529.0574589,599.5924636,0.3585707137,598.5991308,600.5857963,0.35376528,0.3633761475
magenta,1417,9,17,0.77734375,474.6901452,529.2116474,599.6965734,0.3573567167,598.7032406,600.6899061,0.352551283,0.3621621505
magenta,1418,9,17,0.779296875,474.7542533,529.3657296,599.8008994,0.3561435577,598.8075666,600.7942321,0.3513381239,0.3609489914
magenta,1419,9,17,0.78125,474.8184947,529.5197047,599.9054425,0.354931241,598.9121097,600.8987752,0.3501258072,0.3597366747
magenta,1420,9,17,0.783203125,474.88287,529.6735723,600.0102035,0.3537197711,599.0168708,601.0035363,0.3489143373,0.3585252048
magenta,1421,9,17,0.78515625,474.9473799,529.8273317,600.1151834,0.3525091524,599.1218507,601.1085162,0.3477037186,0.3573145861
magenta,1422,9,17,0.787109375,475.0120247,529.9809825,600.220383,0.3512993893,599.2270502,601.2137157,0.3464939555,0.356104823
magenta,1423,9,17,0.7890625,475.076805,530.1345241,600.325803,0.3500904862,599.3324703,601.3191358,0.3452850525,0.35489592
magenta,1424,9,17,0.791015625,475.1417214,530.2879559,600.4314445,0.3488824476,599.4381118,601.4247773,0.3440770139,0.3536878814
magenta,1425,9,17,0.79296875,475.2067743,530.4412773,600.5373083,0.3476752779,599.5439755,601.530641,0.3428698442,0.3524807117
magenta,1426,9,17,0.794921875,475.2719644,530.5944878,600.6433951,0.3464689815,599.6500624,601.6367279,0.3416635477,0.3512744152
magenta,1427,9,17,0.796875,475.3372921,530.7475868,600.749706,0.3452635627,599.7563732,601.7430387,0.340458129,0.3500689965
magenta,1428,9,17,0.798828125,475.4027579,530.9005738,600.8562417,0.3440590261,599.8629089,601.8495744,0.3392535924,0.3488644599
magenta,1429,9,17,0.80078125,475.4683625,531.0534482,600.9630031,0.3428553761,599.9696703,601.9563358,0.3380499423,0.3476608098
magenta,1430,9,17,0.802734375,475.5341063,531.2062094,601.069991,0.3416526169,600.0766583,602.0633238,0.3368471832,0.3464580507
magenta,1431,9,17,0.8046875,475.5999898,531.358857,601.1772064,0.3404507532,600.1838737,602.1705392,0.3356453195,0.3452561869
magenta,1432,9,17,0.806640625,475.6660137,531.5113902,601.2846501,0.3392497892,600.2913174,602.2779829,0.3344443555,0.344055223
magenta,1433,9,17,0.80859375,475.7321783,531.6638086,601.392323,0.3380497295,600.3989902,602.3856557,0.3332442957,0.3428551632
magenta,1434,9,17,0.810546875,475.7984843,531.8161116,601.5002258,0.3368505783,600.5068931,602.4935586,0.3320451446,0.3416560121
magenta,1435,9,17,0.8125,475.8649321,531.9682986,601.6083596,0.3356523403,600.6150268,602.6016923,0.3308469065,0.340457774
magenta,1436,9,17,0.814453125,475.9315224,532.1203691,601.716725,0.3344550196,600.7233923,602.7100578,0.3296495859,0.3392604534
magenta,1437,9,17,0.81640625,475.9982556,532.2723225,601.8253231,0.3332586209,600.8319903,602.8186559,0.3284531871,0.3380640546
magenta,1438,9,17,0.818359375,476.0651322,532.4241583,601.9341546,0.3320631484,600.9408219,602.9274874,0.3272577146,0.3368685821
magenta,1439,9,17,0.8203125,476.1321529,532.5758758,602.0432205,0.3308686066,601.0498877,603.0365532,0.3260631729,0.3356740403
magenta,1440,9,17,0.822265625,476.199318,532.7274746,602.1525215,0.329675,601.1591888,603.1458543,0.3248695662,0.3344804337
magenta,1441,9,17,0.82421875,476.2666282,532.8789541,602.2620586,0.3284823329,601.2687258,603.2553913,0.3236768991,0.3332877666
magenta,1442,9,17,0.826171875,476.334084,533.0303136,602.3718326,0.3272906097,601.3784998,603.3651653,0.322485176,0.3320960435
magenta,1443,9,17,0.828125,476.4016859,533.1815527,602.4818443,0.3260998349,601.4885116,603.4751771,0.3212944012,0.3309052687
magenta,1444,9,17,0.830078125,476.4694344,533.3326708,602.5920947,0.324910013,601.5987619,603.5854275,0.3201045792,0.3297154467
magenta,1445,9,17,0.83203125,476.5373301,533.4836674,602.7025846,0.3237211482,601.7092518,603.6959173,0.3189157145,0.3285265819
magenta,1446,9,17,0.833984375,476.6053735,533.6345417,602.8133148,0.322533245,601.819982,603.8066475,0.3177278113,0.3273386788
magenta,1447,9,17,0.8359375,476.6735651,533.7852934,602.9242862,0.3213463079,601.9309535,603.917619,0.3165408742,0.3261517417
magenta,1448,9,17,0.837890625,476.7419055,533.9359219,603.0354997,0.3201603413,602.042167,604.0288325,0.3153549076,0.324965775
magenta,1449,9,17,0.83984375,476.8103951,534.0864265,603.1469562,0.3189753495,602.1536234,604.1402889,0.3141699158,0.3237807833
magenta,1450,9,17,0.841796875,476.8790346,534.2368067,603.2586564,0.317791337,602.2653237,604.2519892,0.3129859033,0.3225967708
magenta,1451,9,17,0.84375,476.9478244,534.387062,603.3706013,0.3166083083,602.3772686,604.3639341,0.3118028745,0.321413742
magenta,1452,9,17,0.845703125,477.0167651,534.5371918,603.4827917,0.3154262676,602.489459,604.4761245,0.3106208339,0.3202317014
magenta,1453,9,17,0.84765625,477.0858572,534.6871956,603.5952286,0.3142452195,602.6018958,604.5885613,0.3094397858,0.3190506533
magenta,1454,9,17,0.849609375,477.1551012,534.8370727,603.7079126,0.3130651684,602.7145798,604.7012454,0.3082597346,0.3178706021
magenta,1455,9,17,0.8515625,477.2244976,534.9868226,603.8208448,0.3118861186,602.827512,604.8141775,0.3070806849,0.3166915524
magenta,1456,9,17,0.853515625,477.2940471,535.1364448,603.9340259,0.3107080746,602.9406931,604.9273586,0.3059026409,0.3155135084
magenta,1457,9,17,0.85546875,477.3637501,535.2859387,604.0474568,0.3095310409,603.0541241,605.0407896,0.3047256072,0.3143364746
magenta,1458,9,17,0.857421875,477.4336071,535.4353037,604.1611385,0.3083550218,603.1678057,605.1544712,0.303549588,0.3131604555
magenta,1459,9,17,0.859375,477.5036187,535.5845393,604.2750717,0.3071800217,603.2817389,605.2684044,0.3023745879,0.3119854554
magenta,1460,9,17,0.861328125,477.5737854,535.7336449,604.3892573,0.306006045,603.3959245,605.38259,0.3012006113,0.3108114788
magenta,1461,9,17,0.86328125,477.6441078,535.8826199,604.5036961,0.3048330963,603.5103634,605.4970289,0.3000276626,0.30963853
magenta,1462,9,17,0.865234375,477.7145863,536.0314639,604.6183891,0.3036611798,603.6250564,605.6117219,0.2988557461,0.3084666136
magenta,1463,9,17,0.8671875,477.7852215,536.1801761,604.7333372,0.3024903001,603.7400044,605.7266699,0.2976848664,0.3072957338
magenta,1464,9,17,0.869140625,477.8560139,536.3287562,604.848541,0.3013204615,603.8552083,605.8418738,0.2965150277,0.3061258952
magenta,1465,9,17,0.87109375,477.9269641,536.4772034,604.9640016,0.3001516684,603.9706688,605.9573344,0.2953462347,0.3049571022
magenta,1466,9,17,0.873046875,477.9980726,536.6255173,605.0797198,0.2989839253,604.086387,606.0730525,0.2941784916,0.303789359
magenta,1467,9,17,0.875,478.0693398,536.7736973,605.1956964,0.2978172366,604.2023636,606.1890291,0.2930118029,0.3026226703
magenta,1468,9,17,0.876953125,478.1407665,536.9217428,605.3119323,0.2966516067,604.3185995,606.3052651,0.2918461729,0.3014570404
magenta,1469,9,17,0.87890625,478.212353,537.0696532,605.4284284,0.2954870399,604.4350956,606.4217611,0.2906816062,0.3002924737
magenta,1470,9,17,0.880859375,478.2840999,537.2174281,605.5451855,0.2943235409,604.5518527,606.5385183,0.2895181071,0.2991289746
magenta,1471,9,17,0.8828125,478.3560077,537.3650668,605.6622045,0.2931611138,604.6688717,606.6555373,0.2883556801,0.2979665476
magenta,1472,9,17,0.884765625,478.428077,537.5125687,605.7794862,0.2919997632,604.7861535,606.772819,0.2871943295,0.296805197
magenta,1473,9,17,0.88671875,478.5003082,537.6599334,605.8970316,0.2908394935,604.9036988,606.8903644,0.2860340598,0.2956449273
magenta,1474,9,17,0.888671875,478.572702,537.8071603,606.0148414,0.2896803092,605.0215087,607.0081742,0.2848748754,0.2944857429
magenta,1475,9,17,0.890625,478.6452589,537.9542487,606.1329166,0.2885222145,605.1395839,607.1262494,0.2837167807,0.2933276482
magenta,1476,9,17,0.892578125,478.7179793,538.1011982,606.251258,0.2873652139,605.2579252,607.2445907,0.2825597802,0.2921706477
magenta,1477,9,17,0.89453125,478.7908638,538.2480082,606.3698664,0.2862093119,605.3765336,607.3631992,0.2814038782,0.2910147457
magenta,1478,9,17,0.896484375,478.8639129,538.394678,606.4887427,0.2850545129,605.49541,607.4820755,0.2802490791,0.2898599466
magenta,1479,9,17,0.8984375,478.9371273,538.5412073,606.6078879,0.2839008212,605.6145551,607.6012206,0.2790953875,0.288706255
magenta,1480,9,17,0.900390625,479.0105073,538.6875953,606.7273026,0.2827482414,605.7339699,607.7206354,0.2779428076,0.2875536751
magenta,1481,9,17,0.90234375,479.0840535,538.8338415,606.8469879,0.2815967777,605.8536551,607.8403207,0.276791344,0.2864022115
magenta,1482,9,17,0.904296875,479.1577665,538.9799454,606.9669445,0.2804464347,605.9736118,607.9602773,0.275641001,0.2852518685
magenta,1483,9,17,0.90625,479.2316468,539.1259065,607.0871734,0.2792972168,606.0938406,608.0805062,0.274491783,0.2841026505
magenta,1484,9,17,0.908203125,479.3056949,539.271724,607.2076753,0.2781491283,606.2143426,608.2010081,0.2733436945,0.282954562
magenta,1485,9,17,0.91015625,479.3799113,539.4173976,607.3284512,0.2770021737,606.3351185,608.321784,0.2721967399,0.2818076074
magenta,1486,9,17,0.912109375,479.4542966,539.5629266,607.449502,0.2758563574,606.4561692,608.4428347,0.2710509236,0.2806617911
magenta,1487,9,17,0.9140625,479.5288513,539.7083104,607.5708283,0.2747116838,606.5774956,608.5641611,0.26990625,0.2795171175
magenta,1488,9,17,0.916015625,479.6035759,539.8535486,607.6924313,0.2735681573,606.6990985,608.685764,0.2687627236,0.278373591
magenta,1489,9,17,0.91796875,479.678471,539.9986405,607.8143116,0.2724257824,606.8209788,608.8076443,0.2676203487,0.2772312161
magenta,1490,9,17,0.919921875,479.7535371,540.1435855,607.9364701,0.2712845635,606.9431374,608.9298029,0.2664791297,0.2760899972
magenta,1491,9,17,0.921875,479.8287747,540.2883832,608.0589078,0.2701445049,607.0655751,609.0522406,0.2653390712,0.2749499386
magenta,1492,9,17,0.923828125,479.9041843,540.433033,608.1816255,0.2690056112,607.1882927,609.1749582,0.2642001774,0.2738110449
magenta,1493,9,17,0.92578125,479.9797665,540.5775343,608.304624,0.2678678866,607.3112912,609.2979568,0.2630624529,0.2726733204
magenta,1494,9,17,0.927734375,480.0555219,540.7218864,608.4279042,0.2667313357,607.4345715,609.421237,0.261925902,0.2715367695
magenta,1495,9,17,0.9296875,480.1314508,540.866089,608.551467,0.2655959629,607.5581342,609.5447997,0.2607905291,0.2704013966
magenta,1496,9,17,0.931640625,480.2075539,541.0101414,608.6753132,0.2644617725,607.6819804,609.668646,0.2596563388,0.2692672062
magenta,1497,9,17,0.93359375,480.2838317,541.154043,608.7994437,0.263328769,607.8061109,609.7927764,0.2585233353,0.2681342027
magenta,1498,9,17,0.935546875,480.3602848,541.2977934,608.9238593,0.2621969568,607.9305266,609.9171921,0.2573915231,0.2670023906
magenta,1499,9,17,0.9375,480.4369136,541.4413918,609.048561,0.2610663404,608.0552282,610.0418937,0.2562609066,0.2658717741
magenta,1500,9,17,0.939453125,480.5137186,541.5848379,609.1735495,0.259936924,608.1802167,610.1668823,0.2551314903,0.2647423578
magenta,1501,9,17,0.94140625,480.5907005,541.7281309,609.2988258,0.2588087122,608.305493,610.2921585,0.2540032785,0.263614146
magenta,1502,9,17,0.943359375,480.6678598,541.8712704,609.4243906,0.2576817094,608.4310578,610.4177234,0.2528762757,0.2624871432
magenta,1503,9,17,0.9453125,480.7451968,542.0142558,609.5502449,0.25655592,608.5569122,610.5435777,0.2517504863,0.2613613537
magenta,1504,9,17,0.947265625,480.8227123,542.1570865,609.6763895,0.2554313484,608.6830568,610.6697223,0.2506259147,0.2602367821
magenta,1505,9,17,0.94921875,480.9004068,542.299762,609.8028253,0.254307999,608.8094926,610.7961581,0.2495025653,0.2591134327
magenta,1506,9,17,0.951171875,480.9782806,542.4422817,609.9295532,0.2531858762,608.9362204,610.9228859,0.2483804425,0.25799131
magenta,1507,9,17,0.953125,481.0563345,542.584645,610.0565739,0.2520649845,609.0632412,611.0499067,0.2472595508,0.2568704183
magenta,1508,9,17,0.955078125,481.1345689,542.7268515,610.1838884,0.2509453283,609.1905557,611.1772212,0.2461398946,0.255750762
magenta,1509,9,17,0.95703125,481.2129843,542.8689004,610.3114976,0.249826912,609.3181648,611.3048303,0.2450214782,0.2546323457
magenta,1510,9,17,0.958984375,481.2915813,543.0107913,610.4394022,0.2487097399,609.4460694,611.432735,0.2439043062,0.2535151737
magenta,1511,9,17,0.9609375,481.3703604,543.1525236,610.5676032,0.2475938166,609.5742704,611.5609359,0.2427883829,0.2523992503
magenta,1512,9,17,0.962890625,481.4493222,543.2940968,610.6961014,0.2464791464,609.7027686,611.6894341,0.2416737127,0.2512845802
magenta,1513,9,17,0.96484375,481.5284671,543.4355102,610.8248976,0.2453657338,609.8315648,611.8182304,0.2405603001,0.2501711676
magenta,1514,9,17,0.966796875,481.6077957,543.5767633,610.9539928,0.2442535832,609.96066,611.9473255,0.2394481494,0.2490590169
magenta,1515,9,17,0.96875,481.6873085,543.7178556,611.0833878,0.2431426989,610.090055,612.0767205,0.2383372652,0.2479481326
magenta,1516,9,17,0.970703125,481.7670061,543.8587865,611.2130834,0.2420330855,610.2197506,612.2064162,0.2372276517,0.2468385192
magenta,1517,9,17,0.97265625,481.846889,543.9995554,611.3430806,0.2409247472,610.3497478,612.3364133,0.2361193135,0.245730181
magenta,1518,9,17,0.974609375,481.9269576,544.1401618,611.4733801,0.2398176886,610.4800473,612.4667128,0.2350122549,0.2446231224
magenta,1519,9,17,0.9765625,482.0072127,544.2806052,611.6039829,0.2387119141,610.6106501,612.5973156,0.2339064804,0.2435173479
magenta,1520,9,17,0.978515625,482.0876545,544.4208848,611.7348897,0.2376074281,610.741557,612.7282225,0.2328019943,0.2424128618
magenta,1521,9,17,0.98046875,482.1682838,544.5610003,611.8661016,0.2365042349,610.8727688,612.8594343,0.2316988012,0.2413096686
magenta,1522,9,17,0.982421875,482.249101,544.700951,611.9976192,0.235402339,611.0042865,612.990952,0.2305969053,0.2402077728
magenta,1523,9,17,0.984375,482.3301067,544.8407363,612.1294436,0.2343017449,611.1361108,613.1227763,0.2294963112,0.2391071787
magenta,1524,9,17,0.986328125,482.4113013,544.9803558,612.2615755,0.2332024569,611.2682427,613.2549082,0.2283970232,0.2380078907
magenta,1525,9,17,0.98828125,482.4926855,545.1198088,612.3940158,0.2321044795,611.400683,613.3873485,0.2272990458,0.2369099132
magenta,1526,9,17,0.990234375,482.5742597,545.2590948,612.5267653,0.231007817,611.5334326,613.5200981,0.2262023833,0.2358132508
magenta,1527,9,17,0.9921875,482.6560245,545.3982133,612.659825,0.229912474,611.6664923,613.6531578,0.2251070402,0.2347179077
magenta,1528,9,17,0.994140625,482.7379804,545.5371636,612.7931957,0.2288184547,611.799863,613.7865285,0.224013021,0.2336238885
magenta,1529,9,17,0.99609375,482.8201279,545.6759451,612.9268783,0.2277257637,611.9335455,613.920211,0.22292033,0.2325311974
magenta,1530,9,17,0.998046875,482.9024676,545.8145575,613.0608736,0.2266344053,612.0675408,614.0542063,0.2218289716,0.2314398391
magenta,1531,9,17,1,482.985,545.953,613.1951824,0.225544384,612.2018496,614.1885152,0.2207389503,0.2303498177
magenta,1532,9,18,0.08333333333,483.11525,546.1515833,613.4071444,0.2239808465,612.4138116,614.4004771,0.2191754128,0.2287862802
magenta,1533,9,18,0.1666666667,483.2455,546.3501667,613.6191064,0.222417309,612.6257736,614.6124391,0.2176118753,0.2272227428
magenta,1534,9,18,0.25,483.37575,546.54875,613.8310683,0.2208537715,612.8377356,614.8244011,0.2160483378,0.2256592053
magenta,1535,9,18,0.3333333333,483.506,546.7473333,614.0430303,0.219290234,613.0496976,615.0363631,0.2144848003,0.2240956678
magenta,1536,9,18,0.4166666667,483.63625,546.9459167,614.2549923,0.2177266965,613.2616595,615.2483251,0.2129212628,0.2225321303
magenta,1537,9,18,0.5,483.7665,547.1445,614.4669543,0.216163159,613.4736215,615.460287,0.2113577253,0.2209685928
magenta,1538,9,18,0.5833333333,483.89675,547.3430833,614.6789163,0.2145996216,613.6855835,615.672249,0.2097941878,0.2194050553
magenta,1539,9,18,0.6666666667,484.027,547.5416667,614.8908782,0.2130360841,613.8975455,615.884211,0.2082306503,0.2178415178
magenta,1540,9,18,0.75,484.15725,547.74025,615.1028402,0.2114725466,614.1095075,616.096173,0.2066671128,0.2162779803
magenta,1541,9,18,0.8333333333,484.2875,547.9388333,615.3148022,0.2099090091,614.3214694,616.3081349,0.2051035753,0.2147144428
magenta,1542,9,18,0.9166666667,484.41775,548.1374167,615.5267642,0.2083454716,614.5334314,616.5200969,0.2035400379,0.2131509053
magenta,1543,9,18,1,484.548,548.336,615.7387261,0.2067819341,614.7453934,616.7320589,0.2019765004,0.2115873678
magenta,1544,9,19,0.09090909091,484.6906364,548.535,615.970845,0.205215116,614.9775123,616.9641778,0.2004096823,0.2100205497
magenta,1545,9,19,0.1818181818,484.8332727,548.734,616.2029639,0.2036482979,615.2096312,617.1962967,0.1988428642,0.2084537316
magenta,1546,9,19,0.2727272727,484.9759091,548.933,616.4350828,0.2020814798,615.4417501,617.4284156,0.1972760461,0.2068869135
magenta,1547,9,19,0.3636363636,485.1185455,549.132,616.6672017,0.2005146617,615.673869,617.6605345,0.195709228,0.2053200954
magenta,1548,9,19,0.4545454545,485.2611818,549.331,616.8993206,0.1989478436,615.9059879,617.8926534,0.1941424099,0.2037532773
magenta,1549,9,19,0.5454545455,485.4038182,549.53,617.1314395,0.1973810255,616.1381067,618.1247723,0.1925755918,0.2021864592
magenta,1550,9,19,0.6363636364,485.5464545,549.729,617.3635584,0.1958142074,616.3702256,618.3568912,0.1910087737,0.2006196411
magenta,1551,9,19,0.7272727273,485.6890909,549.928,617.5956773,0.1942473893,616.6023445,618.58901,0.1894419556,0.199052823
magenta,1552,9,19,0.8181818182,485.8317273,550.127,617.8277962,0.1926805712,616.8344634,618.8211289,0.1878751375,0.1974860049
magenta,1553,9,19,0.9090909091,485.9743636,550.326,618.0599151,0.1911137531,617.0665823,619.0532478,0.1863083194,0.1959191868
magenta,1554,9,19,1,486.117,550.525,618.292034,0.189546935,617.2987012,619.2853667,0.1847415013,0.1943523687
magenta,1555,9,20,0.00390625,486.2405575,550.6876713,618.4931049,0.1882661496,617.4997722,619.4864377,0.1834607158,0.1930715833
magenta,1556,9,20,0.0078125,486.3642695,550.8492275,618.6944274,0.1869941432,617.7010946,619.6877601,0.1821887095,0.191799577
magenta,1557,9,20,0.01171875,486.4881368,551.0096738,618.8960025,0.1857308764,617.9026697,619.8893353,0.1809254427,0.1905363102
magenta,1558,9,20,0.015625,486.6121602,551.1690151,619.0978315,0.1844763096,618.1044987,620.0911643,0.1796708759,0.1892817433
magenta,1559,9,20,0.01953125,486.7363402,551.3272564,619.2999156,0.1832304031,618.3065828,620.2932483,0.1784249694,0.1880358369
magenta,1560,9,20,0.0234375,486.8606778,551.4844028,619.5022559,0.1819931174,618.5089232,620.4955887,0.1771876837,0.1867985511
magenta,1561,9,20,0.02734375,486.9851735,551.6404594,619.7048538,0.1807644129,618.711521,620.6981865,0.1759589791,0.1855698466
magenta,1562,9,20,0.03125,487.1098282,551.795431,619.9077102,0.1795442499,618.9143775,620.901043,0.1747388162,0.1843496836
magenta,1563,9,20,0.03515625,487.2346426,551.9493229,620.1108266,0.178332589,619.1174938,621.1041593,0.1735271552,0.1831380227
magenta,1564,9,20,0.0390625,487.3596174,552.1021399,620.3142039,0.1771293904,619.3208712,621.3075367,0.1723239567,0.1819348241
magenta,1565,9,20,0.04296875,487.4847533,552.2538872,620.5178435,0.1759346147,619.5245108,621.5111763,0.1711291809,0.1807400484
magenta,1566,9,20,0.046875,487.6100511,552.4045697,620.7217465,0.1747482222,619.7284138,621.7150793,0.1699427884,0.1795536559
magenta,1567,9,20,0.05078125,487.7355115,552.5541925,620.9259142,0.1735701733,619.9325814,621.919247,0.1687647396,0.178375607
magenta,1568,9,20,0.0546875,487.8611353,552.7027606,621.1303477,0.1724004285,620.1370149,622.1236804,0.1675949948,0.1772058622
magenta,1569,9,20,0.05859375,487.9869231,552.8502791,621.3350482,0.1712389481,620.3417154,622.3283809,0.1664335144,0.1760443819
magenta,1570,9,20,0.0625,488.1128757,552.9967529,621.5400168,0.1700856927,620.5466841,622.5333496,0.1652802589,0.1748911264
magenta,1571,9,20,0.06640625,488.2389939,553.1421872,621.7452549,0.1689406224,620.7519222,622.7385877,0.1641351887,0.1737460562
magenta,1572,9,20,0.0703125,488.3652784,553.2865868,621.9507636,0.1678036979,620.9574309,622.9440964,0.1629982642,0.1726091317
magenta,1573,9,20,0.07421875,488.4917299,553.4299569,622.1565441,0.1666748795,621.1632113,623.1498768,0.1618694458,0.1714803132
magenta,1574,9,20,0.078125,488.6183491,553.5723025,622.3625975,0.1655541276,621.3692648,623.3559303,0.1607486939,0.1703595613
magenta,1575,9,20,0.08203125,488.7451368,553.7136286,622.5689251,0.1644414026,621.5755924,623.5622579,0.1596359689,0.1692468364
magenta,1576,9,20,0.0859375,488.8720937,553.8539402,622.7755281,0.163336665,621.7821954,623.7688609,0.1585312312,0.1681420987
magenta,1577,9,20,0.08984375,488.9992206,553.9932424,622.9824077,0.162239875,621.9890749,623.9757404,0.1574344413,0.1670453088
magenta,1578,9,20,0.09375,489.1265181,554.1315402,623.189565,0.1611509933,622.1962322,624.1828977,0.1563455596,0.165956427
magenta,1579,9,20,0.09765625,489.253987,554.2688386,623.3970012,0.1600699801,622.4036684,624.390334,0.1552645464,0.1648754138
magenta,1580,9,20,0.1015625,489.3816281,554.4051426,623.6047176,0.1589967959,622.6113848,624.5980503,0.1541913621,0.1638022296
magenta,1581,9,20,0.10546875,489.5094421,554.5404574,623.8127153,0.157931401,622.8193825,624.8060481,0.1531259673,0.1627368348
magenta,1582,9,20,0.109375,489.6374297,554.6747878,624.0209956,0.156873756,623.0276628,625.0143283,0.1520683222,0.1616791897
magenta,1583,9,20,0.11328125,489.7655916,554.808139,624.2295595,0.1558238211,623.2362268,625.2228923,0.1510183874,0.1606292549
magenta,1584,9,20,0.1171875,489.8939287,554.9405159,624.4384084,0.1547815569,623.4450757,625.4317412,0.1499761231,0.1595869906
magenta,1585,9,20,0.12109375,490.0224415,555.0719236,624.6475434,0.1537469237,623.6542107,625.6408762,0.1489414899,0.1585523574
magenta,1586,9,20,0.125,490.1511309,555.2023672,624.8569657,0.1527198819,623.863633,625.8502985,0.1479144482,0.1575253156
magenta,1587,9,20,0.12890625,490.2799975,555.3318516,625.0666765,0.151700392,624.0733438,626.0600093,0.1468949582,0.1565058257
magenta,1588,9,20,0.1328125,490.4090422,555.4603819,625.276677,0.1506884143,624.2833442,626.2700098,0.1458829806,0.155493848
magenta,1589,9,20,0.13671875,490.5382656,555.587963,625.4869684,0.1496839093,624.4936356,626.4803011,0.1448784755,0.154489343
magenta,1590,9,20,0.140625,490.6676685,555.7146001,625.6975518,0.1486868373,624.7042191,626.6908846,0.1438814036,0.1534922711
magenta,1591,9,20,0.14453125,490.7972516,555.8402982,625.9084285,0.1476971589,624.9150958,626.9017613,0.1428917252,0.1525025926
magenta,1592,9,20,0.1484375,490.9270157,555.9650623,626.1195997,0.1467148343,625.126267,627.1129325,0.1419094006,0.1515202681
magenta,1593,9,20,0.15234375,491.0569614,556.0888973,626.3310666,0.1457398241,625.3377338,627.3243993,0.1409343904,0.1505452578
magenta,1594,9,20,0.15625,491.1870896,556.2118085,626.5428303,0.1447720886,625.5494975,627.536163,0.1399666548,0.1495775223
magenta,1595,9,20,0.16015625,491.3174009,556.3338007,626.754892,0.1438115882,625.7615592,627.7482248,0.1390061544,0.1486170219
magenta,1596,9,20,0.1640625,491.4478961,556.454879,626.967253,0.1428582833,625.9739202,627.9605857,0.1380528496,0.147663717
magenta,1597,9,20,0.16796875,491.5785759,556.5750484,627.1799144,0.1419121344,626.1865816,628.1732472,0.1371067006,0.1467175681
magenta,1598,9,20,0.171875,491.709441,556.694314,627.3928774,0.1409731018,626.3995447,628.3862102,0.1361676681,0.1457785355
magenta,1599,9,20,0.17578125,491.8404922,556.8126808,627.6061433,0.140041146,626.6128106,628.5994761,0.1352357123,0.1448465797
magenta,1600,9,20,0.1796875,491.9717303,556.9301537,627.8197132,0.1391162274,626.8263804,628.8130459,0.1343107937,0.1439216611
magenta,1601,9,20,0.18359375,492.1031559,557.046738,628.0335883,0.1381983064,627.0402555,629.026921,0.1333928726,0.1430037401
magenta,1602,9,20,0.1875,492.2347698,557.1624385,628.2477698,0.1372873433,627.254437,629.2411025,0.1324819096,0.1420927771
magenta,1603,9,20,0.19140625,492.3665727,557.2772603,628.4622588,0.1363832987,627.4689261,629.4555916,0.131577865,0.1411887325
magenta,1604,9,20,0.1953125,492.4985653,557.3912084,628.6770567,0.1354861329,627.683724,629.6703895,0.1306806992,0.1402915667
magenta,1605,9,20,0.19921875,492.6307485,557.5042879,628.8921646,0.1345958064,627.8988318,629.8854973,0.1297903726,0.1394012401
magenta,1606,9,20,0.203125,492.7631228,557.6165038,629.1075836,0.1337122794,628.1142508,630.1009164,0.1289068457,0.1385177132
magenta,1607,9,20,0.20703125,492.8956891,557.7278611,629.323315,0.1328355126,628.3299822,630.3166478,0.1280300788,0.1376409463
magenta,1608,9,20,0.2109375,493.0284481,557.8383648,629.53936,0.1319654661,628.5460272,630.5326927,0.1271600324,0.1367708999
magenta,1609,9,20,0.21484375,493.1614005,557.94802,629.7557197,0.1311021006,628.7623869,630.7490524,0.1262966669,0.1359075343
magenta,1610,9,20,0.21875,493.294547,558.0568317,629.9723954,0.1302453763,628.9790626,630.9657281,0.1254399426,0.1350508101
magenta,1611,9,20,0.22265625,493.4278885,558.1648049,630.1893882,0.1293952538,629.1960554,631.1827209,0.12458982,0.1342006875
magenta,1612,9,20,0.2265625,493.5614255,558.2719447,630.4066993,0.1285516933,629.4133666,631.4000321,0.1237462596,0.133357127
magenta,1613,9,20,0.23046875,493.6951589,558.378256,630.62433,0.1277146553,629.6309972,631.6176628,0.1229092216,0.1325200891
magenta,1614,9,20,0.234375,493.8290894,558.483744,630.8422814,0.1268841003,629.8489487,631.8356142,0.1220786666,0.131689534
magenta,1615,9,20,0.23828125,493.9632177,558.5884136,631.0605547,0.1260599886,630.067222,632.0538875,0.1212545549,0.1308654223
magenta,1616,9,20,0.2421875,494.0975446,558.6922698,631.2791512,0.1252422806,630.2858184,632.2724839,0.1204368469,0.1300477144
magenta,1617,9,20,0.24609375,494.2320707,558.7953178,631.4980719,0.1244309368,630.5047392,632.4914047,0.1196255031,0.1292363706
magenta,1618,9,20,0.25,494.3667969,558.8975625,631.7173182,0.1236259176,630.7239854,632.7106509,0.1188204839,0.1284313513
magenta,1619,9,20,0.25390625,494.5017238,558.9990089,631.9368911,0.1228271833,630.9435584,632.9302239,0.1180217496,0.1276326171
magenta,1620,9,20,0.2578125,494.6368522,559.0996622,632.156792,0.1220346944,631.1634592,633.1501247,0.1172292607,0.1268401282
magenta,1621,9,20,0.26171875,494.7721828,559.1995272,632.3770219,0.1212484114,631.3836891,633.3703546,0.1164429776,0.1260538451
magenta,1622,9,20,0.265625,494.9077164,559.2986091,632.5975821,0.1204682945,631.6042493,633.5909148,0.1156628607,0.1252737282
magenta,1623,9,20,0.26953125,495.0434536,559.3969128,632.8184737,0.1196943042,631.825141,633.8118065,0.1148888705,0.1244997379
magenta,1624,9,20,0.2734375,495.1793953,559.4944434,633.039698,0.118926401,632.0463653,634.0330308,0.1141209672,0.1237318347
magenta,1625,9,20,0.27734375,495.3155421,559.591206,633.2612562,0.1181645452,632.2679234,634.254589,0.1133591114,0.1229699789
magenta,1626,9,20,0.28125,495.4518949,559.6872054,633.4831494,0.1174086972,632.4898167,634.4764822,0.1126032635,0.1222141309
magenta,1627,9,20,0.28515625,495.5884542,559.7824469,633.7053789,0.1166588175,632.7120461,634.6987116,0.1118533838,0.1214642512
magenta,1628,9,20,0.2890625,495.7252209,559.8769354,633.9279458,0.1159148665,632.934613,634.9212785,0.1111094327,0.1207203002
magenta,1629,9,20,0.29296875,495.8621957,559.9706759,634.1508513,0.1151768045,633.1575185,635.1441841,0.1103713708,0.1199822382
magenta,1630,9,20,0.296875,495.9993793,560.0636735,634.3740967,0.114444592,633.3807639,635.3674294,0.1096391583,0.1192500258
magenta,1631,9,20,0.30078125,496.1367724,560.1559331,634.597683,0.1137181895,633.6043503,635.5910158,0.1089127557,0.1185236232
magenta,1632,9,20,0.3046875,496.2743759,560.2474599,634.8216116,0.1129975572,633.8282789,635.8149444,0.1081921235,0.1178029909
magenta,1633,9,20,0.30859375,496.4121903,560.3382589,635.0458836,0.1122826557,634.0525508,636.0392164,0.1074772219,0.1170880894
magenta,1634,9,20,0.3125,496.5502166,560.428335,635.2705002,0.1115734452,634.2771674,636.2638329,0.1067680115,0.116378879
magenta,1635,9,20,0.31640625,496.6884553,560.5176933,635.4954626,0.1108698864,634.5021298,636.4887953,0.1060644526,0.1156753201
magenta,1636,9,20,0.3203125,496.8269072,560.6063388,635.7207719,0.1101719394,634.7274392,636.7141047,0.1053665057,0.1149773732
magenta,1637,9,20,0.32421875,496.9655731,560.6942766,635.9464295,0.1094795649,634.9530967,636.9397622,0.1046741311,0.1142849986
magenta,1638,9,20,0.328125,497.1044536,560.7815117,636.1724364,0.1087927231,635.1791036,637.1657691,0.1039872893,0.1135981568
magenta,1639,9,20,0.33203125,497.2435496,560.8680491,636.3987939,0.1081113745,635.4054611,637.3921266,0.1033059407,0.1129168082
magenta,1640,9,20,0.3359375,497.3828618,560.9538939,636.6255031,0.1074354794,635.6321703,637.6188359,0.1026300457,0.1122409132
magenta,1641,9,20,0.33984375,497.5223908,561.039051,636.8525653,0.1067649984,635.8592325,637.8458981,0.1019595647,0.1115704321
magenta,1642,9,20,0.34375,497.6621375,561.1235255,637.0799816,0.1060998918,636.0866489,638.0733144,0.101294458,0.1109053255
magenta,1643,9,20,0.34765625,497.8021025,561.2073225,637.3077533,0.10544012,636.3144206,638.3010861,0.1006346862,0.1102455537
magenta,1644,9,20,0.3515625,497.9422866,561.2904469,637.5358815,0.1047856434,636.5425488,638.5292143,0.09998020969,0.1095910772
magenta,1645,9,20,0.35546875,498.0826905,561.3729038,637.7643675,0.1041364225,636.7710347,638.7577003,0.09933098877,0.1089418562
magenta,1646,9,20,0.359375,498.223315,561.4546982,637.9932124,0.1034924176,636.9998796,638.9865451,0.0986869839,0.1082978514
magenta,1647,9,20,0.36328125,498.3641608,561.5358352,638.2224174,0.1028535892,637.2290846,639.2157501,0.09804815549,0.107659023
magenta,1648,9,20,0.3671875,498.5052286,561.6163197,638.4519837,0.1022198977,637.4586509,639.4453164,0.09741446396,0.1070253314
magenta,1649,9,20,0.37109375,498.6465192,561.6961568,638.6819124,0.1015913034,637.6885797,639.6752452,0.09678586971,0.1063967372
magenta,1650,9,20,0.375,498.7880332,561.7753516,638.9122049,0.1009677669,637.9188722,639.9055377,0.09616233316,0.1057732006
magenta,1651,9,20,0.37890625,498.9297715,561.853909,639.1428623,0.1003492484,638.1495296,640.1361951,0.09554381471,0.1051546822
magenta,1652,9,20,0.3828125,499.0717347,561.9318341,639.3738858,0.0997357085,638.380553,640.3672186,0.09493027477,0.1045411422
magenta,1653,9,20,0.38671875,499.2139236,562.0091319,639.6052766,0.09912710749,638.6119438,640.5986093,0.09432167376,0.1039325412
magenta,1654,9,20,0.390625,499.356339,562.0858074,639.8370358,0.09852340581,638.843703,640.8303685,0.09371797208,0.1033288395
magenta,1655,9,20,0.39453125,499.4989815,562.1618657,640.0691647,0.09792456388,639.0758319,641.0624974,0.09311913014,0.1027299976
magenta,1656,9,20,0.3984375,499.6418519,562.2373118,640.3016644,0.0973305421,639.3083316,641.2949972,0.09252510837,0.1021359758
magenta,1657,9,20,0.40234375,499.7849509,562.3121508,640.5345362,0.09674130089,639.5412034,641.527869,0.09193586716,0.1015467346
magenta,1658,9,20,0.40625,499.9282793,562.3863876,640.7677812,0.09615680066,639.7744485,641.761114,0.09135136692,0.1009622344
magenta,1659,9,20,0.41015625,500.0718377,562.4600272,641.0014007,0.09557700181,640.008068,641.9947335,0.09077156807,0.1003824355
magenta,1660,9,20,0.4140625,500.215627,562.5330748,641.2353958,0.09500186475,640.2420631,642.2287286,0.09019643102,0.09980729849
magenta,1661,9,20,0.41796875,500.3596479,562.6055353,641.4697678,0.09443134991,640.476435,642.4631005,0.08962591617,0.09923678364
magenta,1662,9,20,0.421875,500.503901,562.6774138,641.7045177,0.09386541768,640.711185,642.6978505,0.08905998394,0.09867085142
magenta,1663,9,20,0.42578125,500.6483872,562.7487153,641.9396469,0.09330402848,640.9463142,642.9329797,0.08849859474,0.09810946221
magenta,1664,9,20,0.4296875,500.7931071,562.8194448,642.1751565,0.09274714272,641.1818237,643.1684893,0.08794170898,0.09755257645
magenta,1665,9,20,0.43359375,500.9380616,562.8896074,642.4110477,0.0921947208,641.4177149,643.4043804,0.08738928707,0.09700015454
magenta,1666,9,20,0.4375,501.0832512,562.959208,642.6473217,0.09164672315,641.6539889,643.6406544,0.08684128941,0.09645215688
magenta,1667,9,20,0.44140625,501.2286768,563.0282517,642.8839796,0.09110311016,641.8906469,643.8773124,0.08629767642,0.09590854389
magenta,1668,9,20,0.4453125,501.3743391,563.0967436,643.1210228,0.09056384225,642.12769,644.1143555,0.08575840851,0.09536927598
magenta,1669,9,20,0.44921875,501.5202389,563.1646887,643.3584523,0.09002887983,642.3651196,644.3517851,0.08522344609,0.09483431357
magenta,1670,9,20,0.453125,501.6663768,563.2320919,643.5962694,0.08949818331,642.6029367,644.5896022,0.08469274957,0.09430361705
magenta,1671,9,20,0.45703125,501.8127536,563.2989584,643.8344753,0.0889717131,642.8411425,644.827808,0.08416627937,0.09377714684
magenta,1672,9,20,0.4609375,501.95937,563.3652931,644.0730711,0.08844942961,643.0797383,645.0664039,0.08364399588,0.09325486335
magenta,1673,9,20,0.46484375,502.1062267,563.431101,644.3120581,0.08793129325,643.3187253,645.3053908,0.08312585952,0.09273672699
magenta,1674,9,20,0.46875,502.2533246,563.4963873,644.5514374,0.08741726444,643.5581046,645.5447701,0.0826118307,0.09222269817
magenta,1675,9,20,0.47265625,502.4006643,563.5611569,644.7912102,0.08690730357,643.7978775,645.784543,0.08210186983,0.0917127373
magenta,1676,9,20,0.4765625,502.5482466,563.6254149,645.0313778,0.08640137106,644.0380451,646.0247106,0.08159593733,0.0912068048
magenta,1677,9,20,0.48046875,502.6960721,563.6891663,645.2719413,0.08589942733,644.2786086,646.2652741,0.08109399359,0.09070486107
magenta,1678,9,20,0.484375,502.8441417,563.7524161,645.512902,0.08540143278,644.5195692,646.5062347,0.08059599904,0.09020686651
magenta,1679,9,20,0.48828125,502.9924561,563.8151693,645.7542609,0.08490734782,644.7609281,646.7475937,0.08010191408,0.08971278156
magenta,1680,9,20,0.4921875,503.1410159,563.877431,645.9960193,0.08441713286,645.0026866,646.9893521,0.07961169913,0.0892225666
magenta,1681,9,20,0.49609375,503.289822,563.9392063,646.2381785,0.08393074832,645.2448457,647.2315112,0.07912531459,0.08873618206
magenta,1682,9,20,0.5,503.438875,564.0005,646.4807395,0.0834481546,645.4874068,647.4740723,0.07864272087,0.08825358834
magenta,1683,9,20,0.50390625,503.5881757,564.0613173,646.7237037,0.08296931212,645.7303709,647.7170364,0.07816387838,0.08777474585
magenta,1684,9,20,0.5078125,503.7377249,564.1216632,646.9670721,0.08249418127,645.9737393,647.9604048,0.07768874754,0.08729961501
magenta,1685,9,20,0.51171875,503.8875232,564.1815427,647.210846,0.08202272248,646.2175132,648.2041787,0.07721728875,0.08682815622
magenta,1686,9,20,0.515625,504.0375714,564.2409609,647.4550265,0.08155489616,646.4616937,648.4483593,0.07674946243,0.0863603299
magenta,1687,9,20,0.51953125,504.1878703,564.2999227,647.6996149,0.08109066271,646.7062822,648.6929477,0.07628522898,0.08589609645
magenta,1688,9,20,0.5234375,504.3384205,564.3584332,647.9446124,0.08062998255,646.9512796,648.9379451,0.07582454881,0.08543541628
magenta,1689,9,20,0.52734375,504.4892228,564.4164975,648.1900201,0.08017281608,647.1966873,649.1833529,0.07536738235,0.08497824982
magenta,1690,9,20,0.53125,504.6402779,564.4741205,648.4358393,0.07971912372,647.4425065,649.429172,0.07491368998,0.08452455745
magenta,1691,9,20,0.53515625,504.7915866,564.5313073,648.6820711,0.07926886587,647.6887383,649.6754038,0.07446343214,0.08407429961
magenta,1692,9,20,0.5390625,504.9431496,564.5880629,648.9287167,0.07882200295,647.9353839,649.9220495,0.07401656922,0.08362743669
magenta,1693,9,20,0.54296875,505.0949677,564.6443923,649.1757773,0.07837849537,648.1824446,650.1691101,0.07357306163,0.0831839291
magenta,1694,9,20,0.546875,505.2470414,564.7003007,649.4232542,0.07793830353,648.4299215,650.416587,0.0731328698,0.08274373727
magenta,1695,9,20,0.55078125,505.3993717,564.7557929,649.6711485,0.07750138785,648.6778157,650.6644813,0.07269595412,0.08230682159
magenta,1696,9,20,0.5546875,505.5519593,564.810874,649.9194614,0.07706770874,648.9261286,650.9127941,0.07226227501,0.08187314248
magenta,1697,9,20,0.55859375,505.7048047,564.8655492,650.1681941,0.07663722661,649.1748613,651.1615268,0.07183179287,0.08144266034
magenta,1698,9,20,0.5625,505.8579089,564.9198232,650.4173477,0.07620990186,649.424015,651.4106805,0.07140446813,0.0810153356
magenta,1699,9,20,0.56640625,506.0112726,564.9737013,650.6669236,0.07578569491,649.6735908,651.6602564,0.07098026118,0.08059112865
magenta,1700,9,20,0.5703125,506.1648963,565.0271885,650.9169228,0.07536456618,649.9235901,651.9102556,0.07055913244,0.08016999991
magenta,1701,9,20,0.57421875,506.318781,565.0802897,651.1673467,0.07494647606,650.1740139,652.1606794,0.07014104232,0.07975190979
magenta,1702,9,20,0.578125,506.4729273,565.13301,651.4181962,0.07453138497,650.4248635,652.411529,0.06972595123,0.0793368187
magenta,1703,9,20,0.58203125,506.627336,565.1853544,651.6694728,0.07411925332,650.67614,652.6628055,0.06931381958,0.07892468705
magenta,1704,9,20,0.5859375,506.7820078,565.237328,651.9211775,0.07371004152,650.9278447,652.9145102,0.06890460778,0.07851547525
magenta,1705,9,20,0.58984375,506.9369434,565.2889358,652.1733115,0.07330370998,651.1799788,653.1666443,0.06849827624,0.07810914371
magenta,1706,9,20,0.59375,507.0921436,565.3401827,652.4258761,0.07290021911,651.4325433,653.4192089,0.06809478537,0.07770565284
magenta,1707,9,20,0.59765625,507.2476091,565.3910739,652.6788724,0.07249952932,651.6855397,653.6722052,0.06769409558,0.07730496305
magenta,1708,9,20,0.6015625,507.4033406,565.4416144,652.9323017,0.07210160102,651.9389689,653.9256344,0.06729616729,0.07690703476
magenta,1709,9,20,0.60546875,507.5593389,565.4918092,653.186165,0.07170639462,652.1928323,654.1794978,0.06690096089,0.07651182836
magenta,1710,9,20,0.609375,507.7156046,565.5416633,653.4404637,0.07131387054,652.447131,654.4337965,0.06650843681,0.07611930428
magenta,1711,9,20,0.61328125,507.8721386,565.5911817,653.6951989,0.07092398918,652.7018662,654.6885317,0.06611855544,0.07572942291
magenta,1712,9,20,0.6171875,508.0289416,565.6403695,653.9503718,0.07053671095,652.9570391,654.9437046,0.06573127721,0.07534214468
magenta,1713,9,20,0.62109375,508.1860143,565.6892318,654.2059836,0.07015199626,653.2126508,655.1993164,0.06534656253,0.07495743
magenta,1714,9,20,0.625,508.3433574,565.7377734,654.4620355,0.06976980553,653.4687027,655.4553682,0.06496437179,0.07457523926
magenta,1715,9,20,0.62890625,508.5009717,565.7859996,654.7185287,0.06939009916,653.7251959,655.7118614,0.06458466542,0.07419553289
magenta,1716,9,20,0.6328125,508.6588579,565.8339152,654.9754643,0.06901283756,653.9821315,655.9687971,0.06420740382,0.0738182713
magenta,1717,9,20,0.63671875,508.8170167,565.8815253,655.2328436,0.06863798115,654.2395109,656.2261764,0.06383254741,0.07344341488
magenta,1718,9,20,0.640625,508.9754489,565.928835,655.4906678,0.06826549033,654.497335,656.4840006,0.06346005659,0.07307092406
magenta,1719,9,20,0.64453125,509.1341552,565.9758493,655.748938,0.06789532551,654.7556053,656.7422708,0.06308989178,0.07270075925
magenta,1720,9,20,0.6484375,509.2931363,566.0225731,656.0076555,0.06752744711,655.0143228,657.0009883,0.06272201338,0.07233288085
magenta,1721,9,20,0.65234375,509.452393,566.0690116,656.2668215,0.06716181554,655.2734887,657.2601542,0.0623563818,0.07196724928
magenta,1722,9,20,0.65625,509.611926,566.1151698,656.5264371,0.0667983912,655.5331043,657.5197698,0.06199295747,0.07160382494
magenta,1723,9,20,0.66015625,509.771736,566.1610527,656.7865035,0.06643713451,655.7931707,657.7798362,0.06163170077,0.07124256824
magenta,1724,9,20,0.6640625,509.9318238,566.2066652,657.0470219,0.06607800587,656.0536892,658.0403547,0.06127257213,0.07088343961
magenta,1725,9,20,0.66796875,510.0921901,566.2520125,657.3079936,0.0657209657,656.3146608,658.3013263,0.06091553196,0.07052639943
magenta,1726,9,20,0.671875,510.2528357,566.2970996,657.5694196,0.0653659744,656.5760869,658.5627524,0.06056054067,0.07017140814
magenta,1727,9,20,0.67578125,510.4137612,566.3419315,657.8313013,0.0650129924,656.8379686,658.8246341,0.06020755866,0.06981842613
magenta,1728,9,20,0.6796875,510.5749674,566.3865132,658.0936398,0.06466198009,657.1003071,659.0869726,0.05985654635,0.06946741382
magenta,1729,9,20,0.68359375,510.736455,566.4308498,658.3564363,0.06431289788,657.3631035,659.3497691,0.05950746415,0.06911833162
magenta,1730,9,20,0.6875,510.8982249,566.4749463,658.619692,0.0639657062,657.6263592,659.6130247,0.05916027246,0.06877113994
magenta,1731,9,20,0.69140625,511.0602776,566.5188077,658.883408,0.06362036544,657.8900753,659.8767408,0.05881493171,0.06842579918
magenta,1732,9,20,0.6953125,511.2226139,566.562439,659.1475856,0.06327683603,658.1542529,660.1409184,0.05847140229,0.06808226976
magenta,1733,9,20,0.69921875,511.3852347,566.6058453,659.412226,0.06293507836,658.4188933,660.4055588,0.05812964462,0.06774051209
magenta,1734,9,20,0.703125,511.5481405,566.6490316,659.6773304,0.06259505285,658.6839976,660.6706632,0.05778961911,0.06740048658
magenta,1735,9,20,0.70703125,511.7113322,566.6920029,659.9428999,0.0622567199,658.9495672,660.9362327,0.05745128617,0.06706215364
magenta,1736,9,20,0.7109375,511.8748104,566.7347643,660.2089358,0.06192003994,659.215603,661.2022685,0.05711460621,0.06672547368
magenta,1737,9,20,0.71484375,512.038576,566.7773208,660.4754392,0.06158497337,659.4821064,661.468772,0.05677953964,0.06639040711
magenta,1738,9,20,0.71875,512.2026295,566.8196774,660.7424113,0.0612514806,659.7490786,661.7357441,0.05644604687,0.06605691434
magenta,1739,9,20,0.72265625,512.3669719,566.8618391,661.0098534,0.06091952204,660.0165207,662.0031862,0.0561140883,0.06572495578
magenta,1740,9,20,0.7265625,512.5316038,566.903811,661.2777666,0.0605890581,660.2844339,662.2710994,0.05578362437,0.06539449184
magenta,1741,9,20,0.73046875,512.6965259,566.9455981,661.5461522,0.06026004919,660.5528194,662.5394849,0.05545461546,0.06506548293
magenta,1742,9,20,0.734375,512.8617389,566.9872054,661.8150112,0.05993245573,660.8216784,662.808344,0.05512702199,0.06473788946
magenta,1743,9,20,0.73828125,513.0272437,567.028638,662.084345,0.05960623811,661.0910122,663.0776777,0.05480080437,0.06441167185
magenta,1744,9,20,0.7421875,513.1930409,567.0699008,662.3541546,0.05928135676,661.3608218,663.3474874,0.05447592302,0.06408679049
magenta,1745,9,20,0.74609375,513.3591313,567.110999,662.6244413,0.05895777208,661.6311086,663.6177741,0.05415233834,0.06376320581
magenta,1746,9,20,0.75,513.5255156,567.1519375,662.8952064,0.05863544448,661.9018736,663.8885391,0.05383001074,0.06344087821
magenta,1747,9,20,0.75390625,513.6921946,567.1927214,663.1664509,0.05831433437,662.1731181,664.1597836,0.05350890064,0.06311976811
magenta,1748,9,20,0.7578125,513.8591689,567.2333556,663.4381761,0.05799440217,662.4448433,664.4315088,0.05318896844,0.06279983591
magenta,1749,9,20,0.76171875,514.0264393,567.2738453,663.7103831,0.05767560828,662.7170503,664.7037159,0.05287017455,0.06248104202
magenta,1750,9,20,0.765625,514.1940065,567.3141955,663.9830732,0.05735791312,662.9897405,664.976406,0.05255247938,0.06216334686
magenta,1751,9,20,0.76953125,514.3618714,567.3544111,664.2562476,0.05704127709,663.2629148,665.2495803,0.05223584335,0.06184671083
magenta,1752,9,20,0.7734375,514.5300345,567.3944972,664.5299074,0.0567256606,663.5365746,665.5232402,0.05192022687,0.06153109434
magenta,1753,9,20,0.77734375,514.6984967,567.4344589,664.8040539,0.05641102407,663.8107211,665.7973866,0.05160559034,0.06121645781
magenta,1754,9,20,0.78125,514.8672586,567.4743011,665.0786882,0.05609732791,664.0853554,666.0720209,0.05129189417,0.06090276164
magenta,1755,9,20,0.78515625,515.0363211,567.514029,665.3538115,0.05578453252,664.3604787,666.3471442,0.05097909878,0.06058996625
magenta,1756,9,20,0.7890625,515.2056848,567.5536474,665.629425,0.05547259831,664.6360923,666.6227578,0.05066716458,0.06027803205
magenta,1757,9,20,0.79296875,515.3753505,567.5931615,665.90553,0.05516148571,664.9121972,666.8988628,0.05035605197,0.05996691944
magenta,1758,9,20,0.796875,515.5453189,567.6325763,666.1821276,0.0548511551,665.1887948,667.1754603,0.05004572137,0.05965658884
magenta,1759,9,20,0.80078125,515.7155907,567.6718968,666.459219,0.05454156692,665.4658862,667.4525517,0.04973613318,0.05934700065
magenta,1760,9,20,0.8046875,515.8861667,567.711128,666.7368053,0.05423268156,665.7434726,667.7301381,0.04942724782,0.0590381153
magenta,1761,9,20,0.80859375,516.0570476,567.750275,667.0148879,0.05392445944,666.0215552,668.0082207,0.0491190257,0.05872989317
magenta,1762,9,20,0.8125,516.2282341,567.7893428,667.2934679,0.05361686097,666.3001351,668.2868006,0.04881142723,0.0584222947
magenta,1763,9,20,0.81640625,516.3997271,567.8283364,667.5725464,0.05330984655,666.5792137,668.5658792,0.04850441281,0.05811528029
magenta,1764,9,20,0.8203125,516.5715271,567.8672608,667.8521247,0.0530033766,666.858792,668.8454575,0.04819794287,0.05780881034
magenta,1765,9,20,0.82421875,516.743635,567.9061211,668.132204,0.05269741153,667.1388712,669.1255368,0.0478919778,0.05750284527
magenta,1766,9,20,0.828125,516.9160514,567.9449223,668.4127854,0.05239191175,667.4194527,669.4061182,0.04758647802,0.05719734549
magenta,1767,9,20,0.83203125,517.0887772,567.9836695,668.6938702,0.05208683767,667.7005375,669.687203,0.04728140394,0.05689227141
magenta,1768,9,20,0.8359375,517.261813,568.0223676,668.9754596,0.0517821497,667.9821268,669.9687923,0.04697671596,0.05658758344
magenta,1769,9,20,0.83984375,517.4351596,568.0610217,669.2575547,0.05147780825,668.2642219,670.2508874,0.04667237451,0.05628324198
magenta,1770,9,20,0.84375,517.6088177,568.0996368,669.5401567,0.05117377372,668.5468239,670.5334894,0.04636833999,0.05597920746
magenta,1771,9,20,0.84765625,517.782788,568.138218,669.8232668,0.05087000654,668.8299341,670.8165996,0.04606457281,0.05567544028
magenta,1772,9,20,0.8515625,517.9570713,568.1767702,670.1068863,0.05056646711,669.1135535,671.100219,0.04576103338,0.05537190085
magenta,1773,9,20,0.85546875,518.1316683,568.2152986,670.3910163,0.05026311584,669.3976835,671.384349,0.04545768211,0.05506854958
magenta,1774,9,20,0.859375,518.3065798,568.2538081,670.675658,0.04995991314,669.6823252,671.6689907,0.04515447941,0.05476534688
magenta,1775,9,20,0.86328125,518.4818064,568.2923037,670.9608126,0.04965681942,669.9674798,671.9541453,0.04485138569,0.05446225316
magenta,1776,9,20,0.8671875,518.657349,568.3307905,671.2464813,0.0493537951,670.2531485,672.239814,0.04454836136,0.05415922883
magenta,1777,9,20,0.87109375,518.8332082,568.3692735,671.5326652,0.04905080057,670.5393325,672.525998,0.04424536684,0.05385623431
magenta,1778,9,20,0.875,519.0093848,568.4077578,671.8193657,0.04874779626,670.8260329,672.8126985,0.04394236253,0.05355323
magenta,1779,9,20,0.87890625,519.1858795,568.4462484,672.1065838,0.04844474257,671.1132511,673.0999166,0.04363930884,0.05325017631
magenta,1780,9,20,0.8828125,519.362693,568.4847502,672.3943209,0.04814159992,671.4009881,673.3876536,0.04333616618,0.05294703365
magenta,1781,9,20,0.88671875,519.5398261,568.5232684,672.6825779,0.0478383287,671.6892452,673.6759107,0.04303289497,0.05264376244
magenta,1782,9,20,0.890625,519.7172795,568.5618079,672.9713563,0.04753488934,671.9780235,673.964689,0.04272945561,0.05234032308
magenta,1783,9,20,0.89453125,519.895054,568.6003738,673.2606571,0.04723124225,672.2673243,674.2539898,0.04242580851,0.05203667598
magenta,1784,9,20,0.8984375,520.0731502,568.6389711,673.5504815,0.04692734783,672.5571488,674.5438143,0.04212191409,0.05173278156
magenta,1785,9,20,0.90234375,520.251569,568.6776049,673.8408308,0.04662316649,672.847498,674.8341635,0.04181773276,0.05142860023
magenta,1786,9,20,0.90625,520.430311,568.7162802,674.1317061,0.04631865865,673.1383733,675.1250389,0.04151322491,0.05112409239
magenta,1787,9,20,0.91015625,520.609377,568.7550019,674.4231086,0.04601378471,673.4297759,675.4164414,0.04120835098,0.05081921845
magenta,1788,9,20,0.9140625,520.7887677,568.7937751,674.7150396,0.04570850509,673.7217068,675.7083724,0.04090307136,0.05051393883
magenta,1789,9,20,0.91796875,520.9684838,568.832605,675.0075002,0.0454027802,674.0141674,676.0008329,0.04059734646,0.05020821393
magenta,1790,9,20,0.921875,521.1485262,568.8714964,675.3004916,0.04509657044,674.3071588,676.2938243,0.0402911367,0.04990200417
magenta,1791,9,20,0.92578125,521.3288954,568.9104544,675.5940149,0.04478983622,674.6006822,676.5873477,0.03998440249,0.04959526996
magenta,1792,9,20,0.9296875,521.5095923,568.949484,675.8880715,0.04448253797,674.8947388,676.8814043,0.03967710423,0.0492879717
magenta,1793,9,20,0.93359375,521.6906175,568.9885903,676.1826625,0.04417463608,675.1893297,677.1759952,0.03936920234,0.04898006981
magenta,1794,9,20,0.9375,521.8719719,569.0277783,676.477789,0.04386609097,675.4844563,677.4711218,0.03906065723,0.0486715247
magenta,1795,9,20,0.94140625,522.0536562,569.067053,676.7734524,0.04355686304,675.7801196,677.7667851,0.03875142931,0.04836229678
magenta,1796,9,20,0.9453125,522.235671,569.1064195,677.0696536,0.04324691271,676.0763209,678.0629864,0.03844147898,0.04805234645
magenta,1797,9,20,0.94921875,522.4180171,569.1458828,677.3663941,0.0429362004,676.3730613,678.3597269,0.03813076666,0.04774163413
magenta,1798,9,20,0.953125,522.6006952,569.1854479,677.6636749,0.0426246865,676.6703422,678.6570077,0.03781925276,0.04743012023
magenta,1799,9,20,0.95703125,522.7837062,569.2251198,677.9614973,0.04231233142,676.9681645,678.95483,0.03750689769,0.04711776516
magenta,1800,9,20,0.9609375,522.9670507,569.2649035,678.2598624,0.04199909559,677.2665296,679.2531952,0.03719366186,0.04680452933
magenta,1801,9,20,0.96484375,523.1507294,569.3048042,678.5587714,0.04168493941,677.5654387,679.5521042,0.03687950567,0.04649037314
magenta,1802,9,20,0.96875,523.3347431,569.3448268,678.8582256,0.04136982329,677.8648929,679.8515584,0.03656438955,0.04617525702
magenta,1803,9,20,0.97265625,523.5190925,569.3849763,679.1582261,0.04105370763,678.1648934,680.1515589,0.0362482739,0.04585914137
magenta,1804,9,20,0.9765625,523.7037783,569.4252578,679.4587742,0.04073655286,678.4654414,680.4521069,0.03593111912,0.04554198659
magenta,1805,9,20,0.98046875,523.8888014,569.4656763,679.7598709,0.04041831938,678.7665381,680.7532036,0.03561288564,0.04522375311
magenta,1806,9,20,0.984375,524.0741623,569.5062369,680.0615175,0.04009896759,679.0681848,681.0548503,0.03529353386,0.04490440133
magenta,1807,9,20,0.98828125,524.2598619,569.5469445,680.3637153,0.03977845792,679.3703825,681.357048,0.03497302419,0.04458389166
magenta,1808,9,20,0.9921875,524.4459009,569.5878042,680.6664653,0.03945675077,679.6731326,681.6597981,0.03465131704,0.04426218451
magenta,1809,9,20,0.99609375,524.63228,569.628821,680.9697688,0.03913380656,679.9764361,681.9631016,0.03432837282,0.04393924029
magenta,1810,9,20,1,524.819,569.67,681.273627,0.03880958568,680.2802943,682.2669598,0.03400415195,0.04361501942
magenta,1811,9,21,0.02083333333,525.0587083,569.7198125,681.6637157,0.03841738907,680.670383,682.6570485,0.03361195533,0.0432228228
magenta,1812,9,21,0.04166666667,525.2984167,569.769625,682.0538044,0.03802519245,681.0604717,683.0471372,0.03321975871,0.04283062619
magenta,1813,9,21,0.0625,525.538125,569.8194375,682.4438931,0.03763299583,681.4505604,683.4372259,0.0328275621,0.04243842957
magenta,1814,9,21,0.08333333333,525.7778333,569.86925,682.8339818,0.03724079922,681.8406491,683.8273146,0.03243536548,0.04204623295
magenta,1815,9,21,0.1041666667,526.0175417,569.9190625,683.2240705,0.0368486026,682.2307378,684.2174033,0.03204316887,0.04165403634
magenta,1816,9,21,0.125,526.25725,569.968875,683.6141592,0.03645640599,682.6208265,684.607492,0.03165097225,0.04126183972
magenta,1817,9,21,0.1458333333,526.4969583,570.0186875,684.0042479,0.03606420937,683.0109152,684.9975807,0.03125877563,0.04086964311
magenta,1818,9,21,0.1666666667,526.7366667,570.0685,684.3943366,0.03567201275,683.4010039,685.3876694,0.03086657902,0.04047744649
magenta,1819,9,21,0.1875,526.976375,570.1183125,684.7844253,0.03527981614,683.7910926,685.7777581,0.0304743824,0.04008524987
magenta,1820,9,21,0.2083333333,527.2160833,570.168125,685.174514,0.03488761952,684.1811812,686.1678468,0.03008218579,0.03969305326
magenta,1821,9,21,0.2291666667,527.4557917,570.2179375,685.5646027,0.03449542291,684.5712699,686.5579355,0.02968998917,0.03930085664
magenta,1822,9,21,0.25,527.6955,570.26775,685.9546914,0.03410322629,684.9613586,686.9480242,0.02929779255,0.03890866003
magenta,1823,9,21,0.2708333333,527.9352083,570.3175625,686.3447801,0.03371102967,685.3514473,687.3381128,0.02890559594,0.03851646341
magenta,1824,9,21,0.2916666667,528.1749167,570.367375,686.7348688,0.03331883306,685.741536,687.7282015,0.02851339932,0.03812426679
magenta,1825,9,21,0.3125,528.414625,570.4171875,687.1249575,0.03292663644,686.1316247,688.1182902,0.02812120271,0.03773207018
magenta,1826,9,21,0.3333333333,528.6543333,570.467,687.5150462,0.03253443983,686.5217134,688.5083789,0.02772900609,0.03733987356
magenta,1827,9,21,0.3541666667,528.8940417,570.5168125,687.9051349,0.03214224321,686.9118021,688.8984676,0.02733680947,0.03694767695
magenta,1828,9,21,0.375,529.13375,570.566625,688.2952236,0.03175004659,687.3018908,689.2885563,0.02694461286,0.03655548033
magenta,1829,9,21,0.3958333333,529.3734583,570.6164375,688.6853123,0.03135784998,687.6919795,689.678645,0.02655241624,0.03616328371
magenta,1830,9,21,0.4166666667,529.6131667,570.66625,689.075401,0.03096565336,688.0820682,690.0687337,0.02616021963,0.0357710871
magenta,1831,9,21,0.4375,529.852875,570.7160625,689.4654897,0.03057345675,688.4721569,690.4588224,0.02576802301,0.03537889048
magenta,1832,9,21,0.4583333333,530.0925833,570.765875,689.8555784,0.03018126013,688.8622456,690.8489111,0.02537582639,0.03498669387
magenta,1833,9,21,0.4791666667,530.3322917,570.8156875,690.2456671,0.02978906351,689.2523343,691.2389998,0.02498362978,0.03459449725
magenta,1834,9,21,0.5,530.572,570.8655,690.6357557,0.0293968669,689.642423,691.6290885,0.02459143316,0.03420230063
magenta,1835,9,21,0.5208333333,530.8117083,570.9153125,691.0258444,0.02900467028,690.0325117,692.0191772,0.02419923655,0.03381010402
magenta,1836,9,21,0.5416666667,531.0514167,570.965125,691.4159331,0.02861247367,690.4226004,692.4092659,0.02380703993,0.0334179074
magenta,1837,9,21,0.5625,531.291125,571.0149375,691.8060218,0.02822027705,690.8126891,692.7993546,0.02341484331,0.03302571079
magenta,1838,9,21,0.5833333333,531.5308333,571.06475,692.1961105,0.02782808043,691.2027778,693.1894433,0.0230226467,0.03263351417
magenta,1839,9,21,0.6041666667,531.7705417,571.1145625,692.5861992,0.02743588382,691.5928665,693.579532,0.02263045008,0.03224131755
magenta,1840,9,21,0.625,532.01025,571.164375,692.9762879,0.0270436872,691.9829552,693.9696207,0.02223825347,0.03184912094
magenta,1841,9,21,0.6458333333,532.2499583,571.2141875,693.3663766,0.02665149059,692.3730439,694.3597094,0.02184605685,0.03145692432
magenta,1842,9,21,0.6666666667,532.4896667,571.264,693.7564653,0.02625929397,692.7631326,694.7497981,0.02145386024,0.03106472771
magenta,1843,9,21,0.6875,532.729375,571.3138125,694.146554,0.02586709735,693.1532213,695.1398868,0.02106166362,0.03067253109
magenta,1844,9,21,0.7083333333,532.9690833,571.363625,694.5366427,0.02547490074,693.5433099,695.5299755,0.020669467,0.03028033447
magenta,1845,9,21,0.7291666667,533.2087917,571.4134375,694.9267314,0.02508270412,693.9333986,695.9200642,0.02027727039,0.02988813786
magenta,1846,9,21,0.75,533.4485,571.46325,695.3168201,0.02469050751,694.3234873,696.3101529,0.01988507377,0.02949594124
magenta,1847,9,21,0.7708333333,533.6882083,571.5130625,695.7069088,0.02429831089,694.713576,696.7002415,0.01949287716,0.02910374463
magenta,1848,9,21,0.7916666667,533.9279167,571.562875,696.0969975,0.02390611427,695.1036647,697.0903302,0.01910068054,0.02871154801
magenta,1849,9,21,0.8125,534.167625,571.6126875,696.4870862,0.02351391766,695.4937534,697.4804189,0.01870848392,0.02831935139
magenta,1850,9,21,0.8333333333,534.4073333,571.6625,696.8771749,0.02312172104,695.8838421,697.8705076,0.01831628731,0.02792715478
magenta,1851,9,21,0.8541666667,534.6470417,571.7123125,697.2672636,0.02272952443,696.2739308,698.2605963,0.01792409069,0.02753495816
magenta,1852,9,21,0.875,534.88675,571.762125,697.6573523,0.02233732781,696.6640195,698.650685,0.01753189408,0.02714276155
magenta,1853,9,21,0.8958333333,535.1264583,571.8119375,698.047441,0.02194513119,697.0541082,699.0407737,0.01713969746,0.02675056493
magenta,1854,9,21,0.9166666667,535.3661667,571.86175,698.4375297,0.02155293458,697.4441969,699.4308624,0.01674750084,0.02635836831
magenta,1855,9,21,0.9375,535.605875,571.9115625,698.8276184,0.02116073796,697.8342856,699.8209511,0.01635530423,0.0259661717
magenta,1856,9,21,0.9583333333,535.8455833,571.961375,699.2177071,0.02076854135,698.2243743,700.2110398,0.01596310761,0.02557397508
magenta,1857,9,21,0.9791666667,536.0852917,572.0111875,699.6077958,0.02037634473,698.614463,700.6011285,0.015570911,0.02518177847
magenta,1858,9,21,1,536.325,572.061,699.9978844,0.01998414811,699.0045517,700.9912172,0.01517871438,0.02478958185
cyan,0,12,0,0,364.267,555.549,419.9997722,0.1499906831,419.0064394,420.9931049,0.1451852493,0.1547961168
cyan,1,12,1,0.04545454545,364.4512727,555.7175455,420.2996479,0.1486636476,419.3063151,421.2929806,0.1438582138,0.1534690813
cyan,2,12,1,0.09090909091,364.6355455,555.8860909,420.5995236,0.147336612,419.6061908,421.5928564,0.1425311783,0.1521420458
cyan,3,12,1,0.1363636364,364.8198182,556.0546364,420.8993993,0.1460095765,419.9060666,421.8927321,0.1412041428,0.1508150103
cyan,4,12,1,0.1818181818,365.0040909,556.2231818,421.199275,0.144682541,420.2059423,422.1926078,0.1398771073,0.1494879747
cyan,5,12,1,0.2272727273,365.1883636,556.3917273,421.4991507,0.1433555055,420.505818,422.4924835,0.1385500717,0.1481609392
cyan,6,12,1,0.2727272727,365.3726364,556.5602727,421.7990265,0.14202847,420.8056937,422.7923592,0.1372230362,0.1468339037
cyan,7,12,1,0.3181818182,365.5569091,556.7288182,422.0989022,0.1407014344,421.1055694,423.0922349,0.1358960007,0.1455068682
cyan,8,12,1,0.3636363636,365.7411818,556.8973636,422.3987779,0.1393743989,421.4054451,423.3921107,0.1345689652,0.1441798326
cyan,9,12,1,0.4090909091,365.9254545,557.0659091,422.6986536,0.1380473634,421.7053209,423.6919864,0.1332419297,0.1428527971
cyan,10,12,1,0.4545454545,366.1097273,557.2344545,422.9985293,0.1367203279,422.0051966,423.9918621,0.1319148941,0.1415257616
cyan,11,12,1,0.5,366.294,557.403,423.298405,0.1353932923,422.3050723,424.2917378,0.1305878586,0.1401987261
cyan,12,12,1,0.5454545455,366.4782727,557.5715455,423.5982808,0.1340662568,422.604948,424.5916135,0.1292608231,0.1388716906
cyan,13,12,1,0.5909090909,366.6625455,557.7400909,423.8981565,0.1327392213,422.9048237,424.8914892,0.1279337876,0.137544655
cyan,14,12,1,0.6363636364,366.8468182,557.9086364,424.1980322,0.1314121858,423.2046994,425.1913649,0.126606752,0.1362176195
cyan,15,12,1,0.6818181818,367.0310909,558.0771818,424.4979079,0.1300851503,423.5045751,425.4912407,0.1252797165,0.134890584
cyan,16,12,1,0.7272727273,367.2153636,558.2457273,424.7977836,0.1287581147,423.8044509,425.7911164,0.123952681,0.1335635485
cyan,17,12,1,0.7727272727,367.3996364,558.4142727,425.0976593,0.1274310792,424.1043266,426.0909921,0.1226256455,0.132236513
cyan,18,12,1,0.8181818182,367.5839091,558.5828182,425.397535,0.1261040437,424.4042023,426.3908678,0.12129861,0.1309094774
cyan,19,12,1,0.8636363636,367.7681818,558.7513636,425.6974108,0.1247770082,424.704078,426.6907435,0.1199715744,0.1295824419
cyan,20,12,1,0.9090909091,367.9524545,558.9199091,425.9972865,0.1234499727,425.0039537,426.9906192,0.1186445389,0.1282554064
cyan,21,12,1,0.9545454545,368.1367273,559.0884545,426.2971622,0.1221229371,425.3038294,427.2904949,0.1173175034,0.1269283709
cyan,22,12,1,1,368.321,559.257,426.5970379,0.1207959016,425.6037051,427.5903707,0.1159904679,0.1256013353
cyan,23,12,2,0.05263157895,368.5115789,559.4161579,426.907176,0.1195427786,425.9138433,427.9005088,0.1147373449,0.1243482124
cyan,24,12,2,0.1052631579,368.7021579,559.5753158,427.2173142,0.1182896557,426.2239814,428.2106469,0.1134842219,0.1230950894
cyan,25,12,2,0.1578947368,368.8927368,559.7344737,427.5274523,0.1170365327,426.5341195,428.520785,0.112231099,0.1218419664
cyan,26,12,2,0.2105263158,369.0833158,559.8936316,427.8375904,0.1157834097,426.8442576,428.8309232,0.110977976,0.1205888435
cyan,27,12,2,0.2631578947,369.2738947,560.0527895,428.1477285,0.1145302868,427.1543958,429.1410613,0.109724853,0.1193357205
cyan,28,12,2,0.3157894737,369.4644737,560.2119474,428.4578667,0.1132771638,427.4645339,429.4511994,0.1084717301,0.1180825976
cyan,29,12,2,0.3684210526,369.6550526,560.3711053,428.7680048,0.1120240409,427.774672,429.7613375,0.1072186071,0.1168294746
cyan,30,12,2,0.4210526316,369.8456316,560.5302632,429.0781429,0.1107709179,428.0848101,430.0714757,0.1059654842,0.1155763516
cyan,31,12,2,0.4736842105,370.0362105,560.6894211,429.388281,0.1095177949,428.3949483,430.3816138,0.1047123612,0.1143232287
cyan,32,12,2,0.5263157895,370.2267895,560.8485789,429.6984192,0.108264672,428.7050864,430.6917519,0.1034592382,0.1130701057
cyan,33,12,2,0.5789473684,370.4173684,561.0077368,430.0085573,0.107011549,429.0152245,431.00189,0.1022061153,0.1118169827
cyan,34,12,2,0.6315789474,370.6079474,561.1668947,430.3186954,0.105758426,429.3253626,431.3120282,0.1009529923,0.1105638598
cyan,35,12,2,0.6842105263,370.7985263,561.3260526,430.6288335,0.1045053031,429.6355008,431.6221663,0.09969986932,0.1093107368
cyan,36,12,2,0.7368421053,370.9891053,561.4852105,430.9389717,0.1032521801,429.9456389,431.9323044,0.09844674636,0.1080576138
cyan,37,12,2,0.7894736842,371.1796842,561.6443684,431.2491098,0.1019990571,430.255777,432.2424425,0.09719362339,0.1068044909
cyan,38,12,2,0.8421052632,371.3702632,561.8035263,431.5592479,0.1007459342,430.5659151,432.5525807,0.09594050043,0.1055513679
cyan,39,12,2,0.8947368421,371.5608421,561.9626842,431.869386,0.0994928112,430.8760533,432.8627188,0.09468737746,0.1042982449
cyan,40,12,2,0.9473684211,371.7514211,562.1218421,432.1795242,0.09823968823,431.1861914,433.1728569,0.09343425449,0.103045122
cyan,41,12,2,1,371.942,562.281,432.4896623,0.09698656526,431.4963295,433.482995,0.09218113153,0.101791999
cyan,42,12,3,0.05882352941,372.1330588,562.4233529,432.8005813,0.09586575539,431.8072486,433.7939141,0.09106032166,0.1006711891
cyan,43,12,3,0.1176470588,372.3241176,562.5657059,433.1115004,0.09474494552,432.1181676,434.1048331,0.08993951178,0.09955037925
cyan,44,12,3,0.1764705882,372.5151765,562.7080588,433.4224194,0.09362413565,432.4290867,434.4157522,0.08881870191,0.09842956938
cyan,45,12,3,0.2352941176,372.7062353,562.8504118,433.7333385,0.09250332577,432.7400057,434.7266712,0.08769789204,0.09730875951
cyan,46,12,3,0.2941176471,372.8972941,562.9927647,434.0442575,0.0913825159,433.0509248,435.0375903,0.08657708216,0.09618794963
cyan,47,12,3,0.3529411765,373.0883529,563.1351176,434.3551766,0.09026170603,433.3618438,435.3485093,0.08545627229,0.09506713976
cyan,48,12,3,0.4117647059,373.2794118,563.2774706,434.6660956,0.08914089615,433.6727629,435.6594284,0.08433546242,0.09394632989
cyan,49,12,3,0.4705882353,373.4704706,563.4198235,434.9770147,0.08802008628,433.9836819,435.9703474,0.08321465254,0.09282552002
cyan,50,12,3,0.5294117647,373.6615294,563.5621765,435.2879337,0.08689927641,434.294601,436.2812665,0.08209384267,0.09170471014
cyan,51,12,3,0.5882352941,373.8525882,563.7045294,435.5988528,0.08577846653,434.60552,436.5921855,0.0809730328,0.09058390027
cyan,52,12,3,0.6470588235,374.0436471,563.8468824,435.9097718,0.08465765666,434.9164391,436.9031046,0.07985222293,0.0894630904
cyan,53,12,3,0.7058823529,374.2347059,563.9892353,436.2206909,0.08353684679,435.2273581,437.2140236,0.07873141305,0.08834228052
cyan,54,12,3,0.7647058824,374.4257647,564.1315882,436.5316099,0.08241603691,435.5382772,437.5249427,0.07761060318,0.08722147065
cyan,55,12,3,0.8235294118,374.6168235,564.2739412,436.842529,0.08129522704,435.8491962,437.8358617,0.07648979331,0.08610066078
cyan,56,12,3,0.8823529412,374.8078824,564.4162941,437.153448,0.08017441717,436.1601153,438.1467808,0.07536898343,0.0849798509
cyan,57,12,3,0.9411764706,374.9989412,564.5586471,437.4643671,0.0790536073,436.4710343,438.4576998,0.07424817356,0.08385904103
cyan,58,12,3,1,375.19,564.701,437.7752861,0.07793279742,436.7819534,438.7686189,0.07312736369,0.08273823116
cyan,59,12,4,0.00390625,375.3101657,564.7859177,437.9708374,0.07726420123,436.9775047,438.9641702,0.07245876749,0.08206963496
cyan,60,12,4,0.0078125,375.4301718,564.870165,438.166129,0.07660088399,437.1727963,439.1594618,0.07179545025,0.08140631772
cyan,61,12,4,0.01171875,375.5500201,564.9537446,438.3611638,0.07594282363,437.367831,439.3544965,0.0711373899,0.08074825737
cyan,62,12,4,0.015625,375.6697123,565.0366593,438.5559447,0.07528999808,437.5626119,439.5492775,0.07048456434,0.08009543181
cyan,63,12,4,0.01953125,375.7892504,565.118912,438.7504747,0.07464238526,437.7571419,439.7438074,0.06983695152,0.07944781899
cyan,64,12,4,0.0234375,375.9086361,565.2005054,438.9447567,0.07399996309,437.9514239,439.9380894,0.06919452935,0.07880539682
cyan,65,12,4,0.02734375,376.0278713,565.2814423,439.1387936,0.0733627095,438.1454608,440.1321264,0.06855727576,0.07816814323
cyan,66,12,4,0.03125,376.1469576,565.3617256,439.3325884,0.07273060241,438.3392557,440.3259212,0.06792516868,0.07753603615
cyan,67,12,4,0.03515625,376.2658969,565.441358,439.526144,0.07210361975,438.5328113,440.5194768,0.06729818602,0.07690905349
cyan,68,12,4,0.0390625,376.3846911,565.5203424,439.7194634,0.07148173945,438.7261306,440.7127961,0.06667630571,0.07628717318
cyan,69,12,4,0.04296875,376.5033419,565.5986816,439.9125494,0.07086493941,438.9192167,440.9058822,0.06605950568,0.07567037315
cyan,70,12,4,0.046875,376.6218511,565.6763783,440.1054051,0.07025319758,439.1120723,441.0987378,0.06544776385,0.07505863132
cyan,71,12,4,0.05078125,376.7402205,565.7534354,440.2980333,0.06964649188,439.3047005,441.291366,0.06484105814,0.07445192561
cyan,72,12,4,0.0546875,376.858452,565.8298556,440.4904369,0.06904480022,439.4971042,441.4837697,0.06423936648,0.07385023396
cyan,73,12,4,0.05859375,376.9765473,565.9056419,440.682619,0.06844810054,439.6892863,441.6759518,0.0636426668,0.07325353427
cyan,74,12,4,0.0625,377.0945083,565.9807969,440.8745825,0.06785637075,439.8812497,441.8679152,0.06305093702,0.07266180449
cyan,75,12,4,0.06640625,377.2123367,566.0553235,441.0663302,0.06726958879,440.0729974,442.0596629,0.06246415505,0.07207502252
cyan,76,12,4,0.0703125,377.3300343,566.1292244,441.2578651,0.06668773257,440.2645324,442.2511979,0.06188229884,0.07149316631
cyan,77,12,4,0.07421875,377.447603,566.2025026,441.4491902,0.06611078003,440.4558575,442.442523,0.06130534629,0.07091621376
cyan,78,12,4,0.078125,377.5650446,566.2751608,441.6403084,0.06553870908,440.6469756,442.6336412,0.06073327534,0.07034414281
cyan,79,12,4,0.08203125,377.6823608,566.3472017,441.8312226,0.06497149765,440.8378899,442.8245554,0.06016606391,0.06977693138
cyan,80,12,4,0.0859375,377.7995535,566.4186283,442.0219358,0.06440912366,441.028603,443.0152685,0.05960368993,0.0692145574
cyan,81,12,4,0.08984375,377.9166244,566.4894432,442.2124508,0.06385156504,441.2191181,443.2057836,0.05904613131,0.06865699878
cyan,82,12,4,0.09375,378.0335754,566.5596494,442.4027707,0.06329879972,441.4094379,443.3961034,0.05849336599,0.06810423346
cyan,83,12,4,0.09765625,378.1504082,566.6292496,442.5928983,0.06275080561,441.5995656,443.5862311,0.05794537188,0.06755623935
cyan,84,12,4,0.1015625,378.2671248,566.6982466,442.7828366,0.06220756065,441.7895039,443.7761694,0.05740212691,0.06701299439
cyan,85,12,4,0.10546875,378.3837268,566.7666432,442.9725886,0.06166904275,441.9792558,443.9659214,0.05686360902,0.06647447649
cyan,86,12,4,0.109375,378.5002161,566.8344423,443.1621571,0.06113522984,442.1688244,444.1554899,0.05632979611,0.06594066358
cyan,87,12,4,0.11328125,378.6165944,566.9016465,443.3515451,0.06060609985,442.3582124,444.3448779,0.05580066611,0.06541153358
cyan,88,12,4,0.1171875,378.7328637,566.9682588,443.5407556,0.0600816307,442.5474228,444.5340883,0.05527619696,0.06488706443
cyan,89,12,4,0.12109375,378.8490256,567.034282,443.7297914,0.0595618003,442.7364586,444.7231241,0.05475636657,0.06436723404
cyan,90,12,4,0.125,378.965082,567.0997188,443.9186555,0.0590465866,442.9253227,444.9119882,0.05424115287,0.06385202034
cyan,91,12,4,0.12890625,379.0810348,567.164572,444.1073508,0.05853596751,443.1140181,445.1006836,0.05373053378,0.06334140125
cyan,92,12,4,0.1328125,379.1968856,567.2288444,444.2958803,0.05802992096,443.3025476,445.2892131,0.05322448722,0.0628353547
cyan,93,12,4,0.13671875,379.3126363,567.292539,444.4842469,0.05752842487,443.4909142,445.4775797,0.05272299113,0.0623338586
cyan,94,12,4,0.140625,379.4282887,567.3556583,444.6724536,0.05703145716,443.6791208,445.6657863,0.05222602343,0.0618368909
cyan,95,12,4,0.14453125,379.5438446,567.4182054,444.8605032,0.05653899577,443.8671704,445.853836,0.05173356203,0.0613444295
cyan,96,12,4,0.1484375,379.6593059,567.4801828,445.0483987,0.0560510186,444.055066,446.0417315,0.05124558487,0.06085645234
cyan,97,12,4,0.15234375,379.7746742,567.5415936,445.2361431,0.0555675036,444.2428103,446.2294758,0.05076206986,0.06037293734
cyan,98,12,4,0.15625,379.8899515,567.6024404,445.4237392,0.05508842868,444.4304065,446.417072,0.05028299494,0.05989386242
cyan,99,12,4,0.16015625,380.0051395,567.6627261,445.6111901,0.05461377177,444.6178573,446.6045228,0.04980833803,0.0594192055
cyan,100,12,4,0.1640625,380.12024,567.7224535,445.7984986,0.05414351079,444.8051658,446.7918313,0.04933807705,0.05894894452
cyan,101,12,4,0.16796875,380.2352548,567.7816254,445.9856676,0.05367762366,444.9923349,446.9790004,0.04887218993,0.0584830574
cyan,102,12,4,0.171875,380.3501858,567.8402445,446.1727002,0.05321608832,445.1793674,447.166033,0.04841065458,0.05802152205
cyan,103,12,4,0.17578125,380.4650346,567.8983137,446.3595992,0.05275888268,445.3662665,447.352932,0.04795344894,0.05756431641
cyan,104,12,4,0.1796875,380.5798033,567.9558359,446.5463676,0.05230598467,445.5530349,447.5397004,0.04750055093,0.0571114184
cyan,105,12,4,0.18359375,380.6944934,568.0128137,446.7330083,0.05185737221,445.7396756,447.7263411,0.04705193848,0.05666280595
cyan,106,12,4,0.1875,380.8091069,568.06925,446.9195243,0.05141302323,445.9261916,447.9128571,0.0466075895,0.05621845697
cyan,107,12,4,0.19140625,380.9236456,568.1251476,447.1059185,0.05097291566,446.1125857,448.0992512,0.04616748192,0.05577834939
cyan,108,12,4,0.1953125,381.0381112,568.1805094,447.2921937,0.05053702741,446.298861,448.2855265,0.04573159367,0.05534246114
cyan,109,12,4,0.19921875,381.1525055,568.235338,447.4783531,0.05010533641,446.4850203,448.4716858,0.04529990268,0.05491077015
cyan,110,12,4,0.203125,381.2668304,568.2896364,447.6643994,0.04967782059,446.6710666,448.6577321,0.04487238685,0.05448325433
cyan,111,12,4,0.20703125,381.3810877,568.3434072,447.8503356,0.04925445787,446.8570028,448.8436684,0.04444902413,0.0540598916
cyan,112,12,4,0.2109375,381.4952791,568.3966534,448.0361647,0.04883522617,447.0428319,449.0294974,0.04402979244,0.05364065991
cyan,113,12,4,0.21484375,381.6094065,568.4493778,448.2218896,0.04842010342,447.2285568,449.2152223,0.04361466969,0.05322553716
cyan,114,12,4,0.21875,381.7234716,568.501583,448.4075132,0.04800906755,447.4141804,449.4008459,0.04320363381,0.05281450128
cyan,115,12,4,0.22265625,381.8374763,568.553272,448.5930384,0.04760209647,447.5997057,449.5863712,0.04279666273,0.0524075302
cyan,116,12,4,0.2265625,381.9514224,568.6044475,448.7784683,0.04719916811,447.7851355,449.771801,0.04239373438,0.05200460185
cyan,117,12,4,0.234375,382.1791459,568.7052694,449.1490535,0.04640535126,448.1557207,450.1423863,0.04159991753,0.051210785
cyan,118,12,4,0.2421875,382.4066566,568.8040711,449.5192923,0.0456274404,448.5259595,450.5126251,0.04082200666,0.05043287413
cyan,119,12,4,0.25,382.6339688,568.900875,449.8892082,0.0448652589,448.8958754,450.8825409,0.04005982517,0.04967069264
cyan,120,12,4,0.2578125,382.8610969,568.9957036,450.2588246,0.04411863018,449.2654918,451.2521573,0.03931319644,0.04892406391
cyan,121,12,4,0.265625,383.0880555,569.0885792,450.628165,0.04338737762,449.6348322,451.6214977,0.03858194389,0.04819281136
cyan,122,12,4,0.2734375,383.3148589,569.1795244,450.9972529,0.04267132462,450.0039201,451.9905856,0.03786589089,0.04747675836
cyan,123,12,4,0.28125,383.5415215,569.2685615,451.3661117,0.04197029458,450.372779,452.3594445,0.03716486085,0.04677572832
cyan,124,12,4,0.2890625,383.7680579,569.355713,451.734765,0.04128411089,450.7414322,452.7280977,0.03647867715,0.04608954462
cyan,125,12,4,0.296875,383.9944823,569.4410013,452.1032362,0.04061259694,451.1099034,453.0965689,0.03580716321,0.04541803068
cyan,126,12,4,0.3046875,384.2208093,569.5244489,452.4715488,0.03995557614,451.478216,453.4648815,0.0351501424,0.04476100987
cyan,127,12,4,0.3125,384.4470532,569.6060781,452.8397262,0.03931287187,451.8463934,453.8330589,0.03450743813,0.0441183056
cyan,128,12,4,0.3203125,384.6732285,569.6859115,453.207792,0.03868430753,452.2144592,454.2011247,0.03387887379,0.04348974126
cyan,129,12,4,0.328125,384.8993496,569.7639713,453.5757695,0.03806970651,452.5824368,454.5691023,0.03326427278,0.04287514025
cyan,130,12,4,0.3359375,385.125431,569.8402801,453.9436824,0.03746889222,452.9503496,454.9370151,0.03266345848,0.04227432595
cyan,131,12,4,0.34375,385.351487,569.9148604,454.311554,0.03688168804,453.3182212,455.3048868,0.0320762543,0.04168712178
cyan,132,12,4,0.3515625,385.5775321,569.9877344,454.6794079,0.03630791737,453.6860751,455.6727406,0.03150248364,0.04111335111
cyan,133,12,4,0.359375,385.8035807,570.0589247,455.0472674,0.03574740361,454.0539347,456.0406002,0.03094196988,0.04055283735
cyan,134,12,4,0.3671875,386.0296472,570.1284537,455.4151562,0.03519997015,454.4218234,456.4084889,0.03039453641,0.04000540389
cyan,135,12,4,0.375,386.2557461,570.1963437,455.7830975,0.03466544039,454.7897648,456.7764303,0.02986000665,0.03947087412
cyan,136,12,4,0.3828125,386.4818918,570.2626174,456.1511151,0.03414363771,455.1577823,457.1444478,0.02933820398,0.03894907145
cyan,137,12,4,0.390625,386.7080986,570.327297,456.5192322,0.03363438552,455.5258995,457.512565,0.02882895179,0.03843981926
cyan,138,12,4,0.3984375,386.9343812,570.390405,456.8874724,0.03313750721,455.8941397,457.8808052,0.02833207348,0.03794294095
cyan,139,12,4,0.40625,387.1607537,570.4519639,457.2558592,0.03265282618,456.2625265,458.249192,0.02784739245,0.03745825992
cyan,140,12,4,0.4140625,387.3872308,570.511996,457.624416,0.03218016582,456.6310833,458.6177488,0.02737473209,0.03698559956
cyan,141,12,4,0.421875,387.6138267,570.5705238,457.9931664,0.03171934953,456.9998336,458.9864991,0.02691391579,0.03652478326
cyan,142,12,4,0.4296875,387.840556,570.6275697,458.3621337,0.03127020069,457.3688009,459.3554664,0.02646476696,0.03607563443
cyan,143,12,4,0.4375,388.0674331,570.6831563,458.7313414,0.03083254272,457.7380087,459.7246742,0.02602710898,0.03563797645
cyan,144,12,4,0.4453125,388.2944724,570.7373057,459.1008131,0.03040619899,458.1074804,460.0941459,0.02560076525,0.03521163273
cyan,145,12,4,0.453125,388.5216882,570.7900406,459.4705722,0.02999099291,458.4772395,460.463905,0.02518555917,0.03479642665
cyan,146,12,4,0.4609375,388.7490951,570.8413834,459.8406422,0.02958674787,458.8473094,460.8339749,0.02478131414,0.03439218161
cyan,147,12,4,0.46875,388.9767075,570.8913564,460.2110465,0.02919328727,459.2177138,461.2043793,0.02438785353,0.033998721
cyan,148,12,4,0.4765625,389.2045397,570.9399822,460.5818087,0.0288104345,459.5884759,461.5751415,0.02400500076,0.03361586823
cyan,149,12,4,0.484375,389.4326063,570.9872831,460.9529522,0.02843801295,459.9596194,461.9462849,0.02363257922,0.03324344669
cyan,150,12,4,0.4921875,389.6609215,571.0332815,461.3245004,0.02807584603,460.3311677,462.3178332,0.02327041229,0.03288127976
cyan,151,12,4,0.5,389.8895,571.078,461.696477,0.02772375712,460.7031442,462.6898097,0.02291832338,0.03252919085
cyan,152,12,4,0.5078125,390.118356,571.1214609,462.0689052,0.02738156962,461.0755724,463.062238,0.02257613589,0.03218700336
cyan,153,12,4,0.515625,390.3475041,571.1636866,462.4418087,0.02704910693,461.4484759,463.4351414,0.0222436732,0.03185454067
cyan,154,12,4,0.5234375,390.5769586,571.2046997,462.8152108,0.02672619244,461.821878,463.8085436,0.02192075871,0.03153162618
cyan,155,12,4,0.53125,390.8067339,571.2445225,463.1891351,0.02641264955,462.1958023,464.1824679,0.02160721582,0.03121808329
cyan,156,12,4,0.5390625,391.0368446,571.2831774,463.563605,0.02610830165,462.5702723,464.5569378,0.02130286792,0.03091373539
cyan,157,12,4,0.546875,391.267305,571.3206869,463.9386441,0.02581297214,462.9453113,464.9319768,0.0210075384,0.03061840587
cyan,158,12,4,0.5546875,391.4981295,571.3570734,464.3142757,0.02552648441,463.3209429,465.3076084,0.02072105067,0.03033191814
cyan,159,12,4,0.5625,391.7293325,571.3923594,464.6905233,0.02524866185,463.6971906,465.6838561,0.02044322811,0.03005409559
cyan,160,12,4,0.5703125,391.9609286,571.4265672,465.0674105,0.02497932787,464.0740778,466.0607433,0.02017389413,0.0297847616
cyan,161,12,4,0.578125,392.192932,571.4597194,465.4449607,0.02471830585,464.451628,466.4382935,0.01991287211,0.02952373958
cyan,162,12,4,0.5859375,392.4253574,571.4918382,465.8231974,0.02446541919,464.8298647,466.8165302,0.01965998546,0.02927085293
cyan,163,12,4,0.59375,392.6582189,571.5229463,466.2021441,0.02422049129,465.2088113,467.1954768,0.01941505756,0.02902592503
cyan,164,12,4,0.6015625,392.8915312,571.5530659,466.5818242,0.02398334555,465.5884914,467.5751569,0.01917791181,0.02878877928
cyan,165,12,4,0.609375,393.1253086,571.5822196,466.9622611,0.02375380535,465.9689284,467.9555939,0.01894837161,0.02855923908
cyan,166,12,4,0.6171875,393.3595655,571.6104297,467.3434785,0.02353169409,466.3501458,468.3368113,0.01872626035,0.02833712783
cyan,167,12,4,0.625,393.5943164,571.6377187,467.7254997,0.02331683517,466.732167,468.7188325,0.01851140143,0.0281222689
cyan,168,12,4,0.6328125,393.8295757,571.6641091,468.1083483,0.02310905198,467.1150155,469.101681,0.01830361824,0.02791448571
cyan,169,12,4,0.640625,394.0653578,571.6896232,468.4920476,0.02290816792,467.4987149,469.4853804,0.01810273418,0.02771360165
cyan,170,12,4,0.6484375,394.3016771,571.7142834,468.8766213,0.02271400638,467.8832885,469.869954,0.01790857264,0.02751944011
cyan,171,12,4,0.65625,394.5385482,571.7381123,469.2620927,0.02252639075,468.2687599,470.2554254,0.01772095702,0.02733182449
cyan,172,12,4,0.6640625,394.7759853,571.7611322,469.6484853,0.02234514444,468.6551525,470.641818,0.01753971071,0.02715057818
cyan,173,12,4,0.671875,395.0140029,571.7833656,470.0358226,0.02217009084,469.0424899,471.0291554,0.0173646571,0.02697552457
cyan,174,12,4,0.6796875,395.2526155,571.8048349,470.4241281,0.02200105334,469.4307954,471.4174609,0.0171956196,0.02680648707
cyan,175,12,4,0.6875,395.4918374,571.8255625,470.8134253,0.02183785533,469.8200925,471.8067581,0.0170324216,0.02664328907
cyan,176,12,4,0.6953125,395.7316831,571.8455709,471.2037376,0.02168032022,470.2104048,472.1970703,0.01687488648,0.02648575396
cyan,177,12,4,0.703125,395.9721671,571.8648824,471.5950885,0.0215282714,470.6017557,472.5884212,0.01672283766,0.02633370513
cyan,178,12,4,0.7109375,396.2133037,571.8835196,471.9875015,0.02138153225,470.9941687,472.9808342,0.01657609852,0.02618696599
cyan,179,12,4,0.71875,396.4551074,571.9015049,472.381,0.02123992619,471.3876672,473.3743328,0.01643449245,0.02604535992
cyan,180,12,4,0.7265625,396.6975925,571.9188606,472.7756076,0.02110327659,471.7822748,473.7689403,0.01629784286,0.02590871033
cyan,181,12,4,0.734375,396.9407736,571.9356093,473.1713476,0.02097140687,472.1780149,474.1646804,0.01616597313,0.0257768406
cyan,182,12,4,0.7421875,397.184665,571.9517732,473.5682437,0.02084414041,472.5749109,474.5615765,0.01603870667,0.02564957414
cyan,183,12,4,0.75,397.4292813,571.967375,473.9663192,0.0207213006,472.9729864,474.959652,0.01591586686,0.02552673434
cyan,184,12,4,0.7578125,397.6746367,571.982437,474.3655976,0.02060271085,473.3722649,475.3589304,0.01579727711,0.02540814458
cyan,185,12,4,0.765625,397.9207457,571.9969816,474.7661025,0.02048819454,473.7727697,475.7594352,0.01568276081,0.02529362828
cyan,186,12,4,0.7734375,398.1676227,572.0110312,475.1678572,0.02037757508,474.1745244,476.16119,0.01557214134,0.02518300881
cyan,187,12,4,0.78125,398.4152823,572.0246084,475.5708853,0.02027067585,474.5775525,476.564218,0.01546524212,0.02507610959
cyan,188,12,4,0.7890625,398.6637387,572.0377355,475.9752102,0.02016732026,474.9818774,476.9685429,0.01536188653,0.024972754
cyan,189,12,4,0.796875,398.9130065,572.0504349,476.3808554,0.0200673317,475.3875226,477.3741881,0.01526189796,0.02487276543
cyan,190,12,4,0.80078125,399.0379491,572.0566313,476.5841804,0.02001854486,475.5908477,477.5775132,0.01521311112,0.0248239786
cyan,191,12,4,0.8046875,399.1631,572.0627292,476.7878444,0.01997053355,475.7945116,477.7811771,0.01516509982,0.02477596729
cyan,192,12,4,0.80859375,399.2884609,572.0687313,476.9918501,0.0199232757,475.9985174,477.9851829,0.01511784197,0.02472870944
cyan,193,12,4,0.8125,399.4140337,572.0746406,477.1962006,0.01987674923,476.2028679,478.1895334,0.01507131549,0.02468218297
cyan,194,12,4,0.81640625,399.5398201,572.0804598,477.4008988,0.01983093206,476.407566,478.3942316,0.01502549832,0.0246363658
cyan,195,12,4,0.8203125,399.665822,572.0861917,477.6059476,0.01978580212,476.6126148,478.5992803,0.01498036838,0.02459123585
cyan,196,12,4,0.82421875,399.7920411,572.0918392,477.8113499,0.01974133733,476.8180172,478.8046827,0.01493590359,0.02454677106
cyan,197,12,4,0.828125,399.9184793,572.0974049,478.0171088,0.01969751561,477.023776,479.0104415,0.01489208188,0.02450294935
cyan,198,12,4,0.83203125,400.0451383,572.1028918,478.223227,0.0196543149,477.2298943,479.2165598,0.01484888117,0.02445974864
cyan,199,12,4,0.8359375,400.17202,572.1083026,478.4297076,0.01961171311,477.4363749,479.4230404,0.01480627938,0.02441714685
cyan,200,12,4,0.83984375,400.2991262,572.1136401,478.6365535,0.01956968818,477.6432208,479.6298863,0.01476425444,0.02437512191
cyan,201,12,4,0.84375,400.4264587,572.1189072,478.8437676,0.01952821801,477.8504349,479.8371004,0.01472278428,0.02433365175
cyan,202,12,4,0.84765625,400.5540192,572.1241067,479.0513529,0.01948728054,478.0580202,480.0446857,0.01468184681,0.02429271428
cyan,203,12,4,0.8515625,400.6818096,572.1292412,479.2593123,0.0194468537,478.2659795,480.252645,0.01464141997,0.02425228744
cyan,204,12,4,0.85546875,400.8098317,572.1343137,479.4676487,0.0194069154,478.4743159,480.4609814,0.01460148167,0.02421234914
cyan,205,12,4,0.859375,400.9380873,572.139327,479.676365,0.01936744358,478.6830323,480.6696978,0.01456200984,0.02417287731
cyan,206,12,4,0.86328125,401.0665781,572.1442839,479.8854643,0.01932841615,478.8921315,480.878797,0.01452298241,0.02413384989
cyan,207,12,4,0.8671875,401.1953061,572.1491871,480.0949493,0.01928981104,479.1016166,481.0882821,0.0144843773,0.02409524478
cyan,208,12,4,0.87109375,401.3242729,572.1540394,480.3048232,0.01925160618,479.3114904,481.2981559,0.01444617244,0.02405703991
cyan,209,12,4,0.875,401.4534805,572.1588437,480.5150887,0.01921377948,479.521756,481.5084215,0.01440834574,0.02401921322
cyan,210,12,4,0.87890625,401.5829305,572.1636029,480.7257489,0.01917630888,479.7324161,481.7190816,0.01437087514,0.02398174261
cyan,211,12,4,0.8828125,401.7126249,572.1683195,480.9368066,0.01913917229,479.9434739,481.9301394,0.01433373856,0.02394460603
cyan,212,12,4,0.88671875,401.8425653,572.1729966,481.1482649,0.01910234765,480.1549321,482.1415976,0.01429691391,0.02390778138
cyan,213,12,4,0.890625,401.9727537,572.1776368,481.3601265,0.01906581287,480.3667938,482.3534593,0.01426037914,0.02387124661
cyan,214,12,4,0.89453125,402.1031917,572.1822431,481.5723946,0.01902954589,480.5790618,482.5657273,0.01422411215,0.02383497962
cyan,215,12,4,0.8984375,402.2338813,572.1868181,481.7850719,0.01899352462,480.7917392,482.7784047,0.01418809088,0.02379895835
cyan,216,12,4,0.90234375,402.3648242,572.1913647,481.9981615,0.01895772698,481.0048287,482.9914943,0.01415229325,0.02376316072
cyan,217,12,4,0.90625,402.4960223,572.1958857,482.2116663,0.01892213092,481.2183335,483.204999,0.01411669718,0.02372756465
cyan,218,12,4,0.91015625,402.6274772,572.200384,482.4255891,0.01888671434,481.4322564,483.4189219,0.0140812806,0.02369214807
cyan,219,12,4,0.9140625,402.7591909,572.2048622,482.639933,0.01885145517,481.6466003,483.6332658,0.01404602144,0.02365688891
cyan,220,12,4,0.91796875,402.8911651,572.2093232,482.8547009,0.01881633134,481.8613681,483.8480337,0.01401089761,0.02362176508
cyan,221,12,4,0.921875,403.0234017,572.2137699,483.0698957,0.01878132078,482.0765629,484.0632285,0.01397588704,0.02358675451
cyan,222,12,4,0.92578125,403.1559024,572.218205,483.2855203,0.01874640139,482.2921876,484.2788531,0.01394096766,0.02355183513
cyan,223,12,4,0.9296875,403.288669,572.2226313,483.5015777,0.01871155112,482.508245,484.4949105,0.01390611739,0.02351698486
cyan,224,12,4,0.93359375,403.4217034,572.2270516,483.7180709,0.01867674789,482.7247381,484.7114036,0.01387131415,0.02348218162
cyan,225,12,4,0.9375,403.5550073,572.2314687,483.9350027,0.01864196961,482.9416699,484.9283354,0.01383653587,0.02344740334
cyan,226,12,4,0.94140625,403.6885826,572.2358855,484.152376,0.01860719421,483.1590433,485.1457088,0.01380176048,0.02341262795
cyan,227,12,4,0.9453125,403.822431,572.2403048,484.3701939,0.01857239963,483.3768611,485.3635266,0.01376696589,0.02337783336
cyan,228,12,4,0.94921875,403.9565544,572.2447292,484.5884592,0.01853756377,483.5951265,485.581792,0.01373213004,0.02334299751
cyan,229,12,4,0.953125,404.0909546,572.2491617,484.8071749,0.01850266457,483.8138422,485.8005077,0.01369723084,0.02330809831
cyan,230,12,4,0.95703125,404.2256333,572.2536051,485.026344,0.01846767996,484.0330112,486.0196767,0.01366224622,0.02327311369
cyan,231,12,4,0.9609375,404.3605924,572.2580621,485.2459692,0.01843258784,484.2526365,486.239302,0.01362715411,0.02323802158
cyan,232,12,4,0.96484375,404.4958336,572.2625356,485.4660537,0.01839736616,484.472721,486.4593865,0.01359193243,0.0232027999
cyan,233,12,4,0.96875,404.6313588,572.2670283,485.6866003,0.01836199283,484.6932675,486.6799331,0.0135565591,0.02316742657
cyan,234,12,4,0.97265625,404.7671698,572.2715431,485.907612,0.01832644578,484.9142792,486.9009447,0.01352101205,0.02313187952
cyan,235,12,4,0.9765625,404.9032684,572.2760828,486.1290916,0.01829070293,485.1357588,487.1224244,0.0134852692,0.02309613667
cyan,236,12,4,0.98046875,405.0396564,572.2806501,486.3510422,0.01825474221,485.3577094,487.3443749,0.01344930848,0.02306017595
cyan,237,12,4,0.984375,405.1763355,572.2852479,486.5734666,0.01821854155,485.5801338,487.5667994,0.01341310781,0.02302397528
cyan,238,12,4,0.98828125,405.3133076,572.289879,486.7963678,0.01818207885,485.8030351,487.7897006,0.01337664512,0.02298751259
cyan,239,12,4,0.9921875,405.4505746,572.2945462,487.0197488,0.01814533206,486.026416,488.0130815,0.01333989832,0.0229507658
cyan,240,12,4,0.99609375,405.5881381,572.2992522,487.2436124,0.01810827909,486.2502796,488.2369451,0.01330284536,0.02291371283
cyan,241,12,4,1,405.726,572.304,487.4679616,0.01807089787,486.4746288,488.4612944,0.01326546414,0.02287633161
cyan,242,12,5,0.1428571429,405.9471429,572.3122857,487.8278378,0.01800566065,486.8345051,488.8211706,0.01320022692,0.02281109439
cyan,243,12,5,0.2857142857,406.1682857,572.3205714,488.187714,0.01794042343,487.1943813,489.1810468,0.01313498969,0.02274585717
cyan,244,12,5,0.4285714286,406.3894286,572.3288571,488.5475903,0.01787518621,487.5542575,489.540923,0.01306975247,0.02268061994
cyan,245,12,5,0.5714285714,406.6105714,572.3371429,488.9074665,0.01780994899,487.9141337,489.9007992,0.01300451525,0.02261538272
cyan,246,12,5,0.7142857143,406.8317143,572.3454286,489.2673427,0.01774471176,488.2740099,490.2606755,0.01293927803,0.0225501455
cyan,247,12,5,0.8571428571,407.0528571,572.3537143,489.6272189,0.01767947454,488.6338862,490.6205517,0.01287404081,0.02248490828
cyan,248,12,5,1,407.274,572.362,489.9870951,0.01761423732,488.9937624,490.9804279,0.01280880359,0.02241967106
cyan,249,12,6,0.1428571429,407.4941429,572.3691429,490.345344,0.01755799834,489.3520113,491.3386768,0.0127525646,0.02236343207
cyan,250,12,6,0.2857142857,407.7142857,572.3762857,490.7035929,0.01750175935,489.7102601,491.6969256,0.01269632562,0.02230719309
cyan,251,12,6,0.4285714286,407.9344286,572.3834286,491.0618418,0.01744552037,490.068509,492.0551745,0.01264008663,0.0222509541
cyan,252,12,6,0.5714285714,408.1545714,572.3905714,491.4200906,0.01738928138,490.4267579,492.4134234,0.01258384765,0.02219471512
cyan,253,12,6,0.7142857143,408.3747143,572.3977143,491.7783395,0.0173330424,490.7850067,492.7716723,0.01252760866,0.02213847614
cyan,254,12,6,0.8571428571,408.5948571,572.4048571,492.1365884,0.01727680342,491.1432556,493.1299211,0.01247136968,0.02208223715
cyan,255,12,6,1,408.815,572.412,492.4948372,0.01722056443,491.5015045,493.48817,0.0124151307,0.02202599817
cyan,256,12,7,0.0078125,409.0088942,572.4165104,492.8103705,0.01718505211,491.8170377,493.8037033,0.01237961837,0.02199048585
cyan,257,12,7,0.015625,409.2034291,572.4208516,493.1269462,0.01715087149,492.1336135,494.120279,0.01234543775,0.02195630522
cyan,258,12,7,0.0234375,409.3985936,572.4250201,493.4445466,0.01711805099,492.4512139,494.4378794,0.01231261726,0.02192348473
cyan,259,12,7,0.03125,409.5943769,572.4290123,493.763154,0.01708661906,492.7698213,494.7564868,0.01228118532,0.02189205279
cyan,260,12,7,0.0390625,409.790768,572.4328244,494.0827506,0.01705660411,493.0894179,495.0760834,0.01225117037,0.02186203784
cyan,261,12,7,0.046875,409.9877562,572.436453,494.4033187,0.01702803457,493.409986,495.3966515,0.01222260083,0.0218334683
cyan,262,12,7,0.0546875,410.1853304,572.4398944,494.7248406,0.01700093887,493.7315078,495.7181733,0.01219550513,0.0218063726
cyan,263,12,7,0.0625,410.3834797,572.443145,495.0472984,0.01697534544,494.0539657,496.0406312,0.0121699117,0.02178077917
cyan,264,12,7,0.0703125,410.5821934,572.4462012,495.3706745,0.0169512827,494.3773417,496.3640073,0.01214584897,0.02175671644
cyan,265,12,7,0.078125,410.7814604,572.4490594,495.6949511,0.01692877909,494.7016183,496.6882839,0.01212334536,0.02173421283
cyan,266,12,7,0.0859375,410.9812698,572.4517159,496.0201104,0.01690786303,495.0267777,497.0134432,0.0121024293,0.02171329677
cyan,267,12,7,0.09375,411.1816108,572.4541672,496.3461348,0.01688856296,495.3528021,497.3394676,0.01208312922,0.02169399669
cyan,268,12,7,0.1015625,411.3824725,572.4564096,496.6730065,0.01687090729,495.6796737,497.6663392,0.01206547355,0.02167634102
cyan,269,12,7,0.109375,411.5838439,572.4584396,497.0007077,0.01685492446,496.0073749,497.9940404,0.01204949072,0.02166035819
cyan,270,12,7,0.1171875,411.7857141,572.4602535,497.3292206,0.01684064289,496.3358879,498.3225534,0.01203520915,0.02164607663
cyan,271,12,7,0.125,411.9880723,572.4618477,497.6585277,0.01682809101,496.6651949,498.6518604,0.01202265728,0.02163352475
cyan,272,12,7,0.1328125,412.1909075,572.4632186,497.988611,0.01681729726,496.9952782,498.9819437,0.01201186352,0.021622731
cyan,273,12,7,0.140625,412.3942088,572.4643626,498.3194529,0.01680829005,497.3261201,499.3127856,0.01200285632,0.02161372379
cyan,274,12,7,0.1484375,412.5979654,572.465276,498.6510356,0.01680109782,497.6577028,499.6443683,0.01199566409,0.02160653156
cyan,275,12,7,0.15625,412.8021663,572.4659554,498.9833413,0.016795749,497.9900086,499.9766741,0.01199031526,0.02160118273
cyan,276,12,7,0.1640625,413.0068006,572.466397,499.3163524,0.01679227201,498.3230197,500.3096852,0.01198683827,0.02159770574
cyan,277,12,7,0.171875,413.2118574,572.4665973,499.6500511,0.01679069527,498.6567183,500.6433839,0.01198526154,0.02159612901
cyan,278,12,7,0.1796875,413.4173259,572.4665526,499.9844196,0.01679104723,498.9910869,500.9777524,0.01198561349,0.02159648097
cyan,279,12,7,0.1875,413.6231951,572.4662593,500.3194402,0.0167933563,499.3261075,501.312773,0.01198792257,0.02159879004
cyan,280,12,7,0.1953125,413.829454,572.4657138,500.6550952,0.01679765092,499.6617625,501.648428,0.01199221718,0.02160308465
cyan,281,12,7,0.203125,414.0360919,572.4649126,500.9913668,0.01680395951,499.998034,501.9846996,0.01199852577,0.02160939324
cyan,282,12,7,0.2109375,414.2430978,572.4638519,501.3282372,0.0168123105,500.3349045,502.32157,0.01200687676,0.02161774423
cyan,283,12,7,0.21875,414.4504608,572.4625283,501.6656888,0.01682273232,500.6723561,502.6590216,0.01201729858,0.02162816605
cyan,284,12,7,0.2265625,414.65817,572.460938,502.0037038,0.01683525339,501.010371,502.9970365,0.01202981965,0.02164068713
cyan,285,12,7,0.234375,414.8662144,572.4590774,502.3422644,0.01684990215,501.3489316,503.3355971,0.01204446841,0.02165533588
cyan,286,12,7,0.2421875,415.0745833,572.4569431,502.6813529,0.01686670702,501.6880201,503.6746856,0.01206127328,0.02167214075
cyan,287,12,7,0.25,415.2832656,572.4545312,503.0209515,0.01688569643,502.0276187,504.0142842,0.01208026269,0.02169113017
cyan,288,12,7,0.2578125,415.4922505,572.4518384,503.3610425,0.01690689881,502.3677098,504.3543753,0.01210146507,0.02171233255
cyan,289,12,7,0.265625,415.7015271,572.4488608,503.7016082,0.01693034259,502.7082755,504.694941,0.01212490885,0.02173577632
cyan,290,12,7,0.2734375,415.9110845,572.4455949,504.0426308,0.01695605619,503.0492981,505.0359636,0.01215062245,0.02176148992
cyan,291,12,7,0.28125,416.1209118,572.4420372,504.3840926,0.01698406804,503.3907599,505.3774254,0.0121786343,0.02178950177
cyan,292,12,7,0.2890625,416.330998,572.4381839,504.7259759,0.01701440657,503.7326431,505.7193086,0.01220897284,0.02181984031
cyan,293,12,7,0.296875,416.5413323,572.4340315,505.0682628,0.01704710021,504.07493,506.0615955,0.01224166648,0.02185253395
cyan,294,12,7,0.3046875,416.7519037,572.4295764,505.4109356,0.01708217739,504.4176029,506.4042684,0.01227674365,0.02188761113
cyan,295,12,7,0.3125,416.9627014,572.4248149,505.7539767,0.01711966653,504.7606439,506.7473095,0.0123142328,0.02192510027
cyan,296,12,7,0.3203125,417.1737145,572.4197435,506.0973682,0.01715959607,505.1040355,507.090701,0.01235416233,0.0219650298
cyan,297,12,7,0.328125,417.384932,572.4143586,506.4410924,0.01720199442,505.4477597,507.4344252,0.01239656068,0.02200742816
cyan,298,12,7,0.3359375,417.596343,572.4086564,506.7851316,0.01724689002,505.7917989,507.7784644,0.01244145629,0.02205232376
cyan,299,12,7,0.34375,417.8079367,572.4026335,507.1294681,0.0172943113,506.1361353,508.1228008,0.01248887757,0.02209974504
cyan,300,12,7,0.3515625,418.0197022,572.3962862,507.474084,0.01734428668,506.4807512,508.4674167,0.01253885295,0.02214972042
cyan,301,12,7,0.359375,418.2316285,572.3896108,507.8189616,0.0173968446,506.8256289,508.8122944,0.01259141086,0.02220227833
cyan,302,12,7,0.3671875,418.4437047,572.3826039,508.1640833,0.01745201347,507.1707505,509.157416,0.01264657974,0.02225744721
cyan,303,12,7,0.375,418.6559199,572.3752617,508.5094312,0.01750982174,507.5160984,509.5027639,0.012704388,0.02231525547
cyan,304,12,7,0.3828125,418.8682633,572.3675807,508.8549876,0.01757029782,507.8616548,509.8483203,0.01276486408,0.02237573155
cyan,305,12,7,0.390625,419.0807239,572.3595573,509.2007347,0.01763347014,508.207402,510.1940675,0.01282803641,0.02243890388
cyan,306,12,7,0.3984375,419.2932908,572.3511877,509.5466549,0.01769936714,508.5533222,510.5399877,0.0128939334,0.02250480087
cyan,307,12,7,0.40625,419.5059532,572.3424686,509.8927304,0.01776801724,508.8993976,510.8860632,0.0129625835,0.02257345097
cyan,308,12,7,0.4140625,419.7187,572.3333961,510.2389434,0.01783944886,509.2456107,511.2322762,0.01303401512,0.0226448826
cyan,309,12,7,0.421875,419.9315205,572.3239668,510.5852762,0.01791369044,509.5919435,511.578609,0.01310825671,0.02271912418
cyan,310,12,7,0.4296875,420.1444036,572.3141769,510.9317111,0.01799077041,509.9383783,511.9250438,0.01318533667,0.02279620414
cyan,311,12,7,0.4375,420.3573386,572.3040229,511.2782302,0.01807071718,510.2848974,512.271563,0.01326528345,0.02287615092
cyan,312,12,7,0.4453125,420.5703145,572.2935013,511.6248159,0.0181535592,510.6314832,512.6181487,0.01334812546,0.02295899294
cyan,313,12,7,0.453125,420.7833204,572.2826083,511.9714504,0.01823932489,510.9781177,512.9647832,0.01343389115,0.02304475862
cyan,314,12,7,0.4609375,420.9963453,572.2713403,512.318116,0.01832804267,511.3247833,513.3114488,0.01352260893,0.0231334764
cyan,315,12,7,0.46875,421.2093785,572.2596938,512.664795,0.01841974097,511.6714622,513.6581277,0.01361430724,0.02322517471
cyan,316,12,7,0.4765625,421.422409,572.2476651,513.0114695,0.01851444823,512.0181367,514.0048022,0.0137090145,0.02331988197
cyan,317,12,7,0.484375,421.6354258,572.2352507,513.3581218,0.01861219287,512.3647891,514.3514546,0.01380675913,0.02341762661
cyan,318,12,7,0.4921875,421.8484181,572.2224468,513.7047343,0.01871300332,512.7114015,514.698067,0.01390756958,0.02351843705
cyan,319,12,7,0.5,422.061375,572.20925,514.0512891,0.018816908,513.0579563,515.0446219,0.01401147426,0.02362234173
cyan,320,12,7,0.5078125,422.2742856,572.1956566,514.3977685,0.01892393534,513.4044358,515.3911013,0.01411850161,0.02372936908
cyan,321,12,7,0.515625,422.4871389,572.1816629,514.7441548,0.01903411378,513.7508221,515.7374876,0.01422868005,0.02383954752
cyan,322,12,7,0.5234375,422.6999241,572.1672654,515.0904302,0.01914747174,514.0970975,516.083763,0.01434203801,0.02395290548
cyan,323,12,7,0.53125,422.9126303,572.1524605,515.436577,0.01926403765,514.4432443,516.4299098,0.01445860391,0.02406947138
cyan,324,12,7,0.5390625,423.1252465,572.1372445,515.7825775,0.01938383993,514.7892447,516.7759102,0.0145784062,0.02418927367
cyan,325,12,7,0.546875,423.3377619,572.1216139,516.1284138,0.01950690702,515.135081,517.1217466,0.01470147328,0.02431234075
cyan,326,12,7,0.5546875,423.5501655,572.105565,516.4740683,0.01963326734,515.4807355,517.467401,0.0148278336,0.02443870107
cyan,327,12,7,0.5625,423.7624465,572.0890942,516.8195232,0.01976294932,515.8261904,517.8128559,0.01495751558,0.02456838305
cyan,328,12,7,0.5703125,423.974594,572.072198,517.1647607,0.01989598138,516.171428,518.1580935,0.01509054765,0.02470141512
cyan,329,12,7,0.578125,424.186597,572.0548726,517.5097632,0.02003239197,516.5164304,518.503096,0.01522695823,0.0248378257
cyan,330,12,7,0.5859375,424.3984446,572.0371145,517.8545129,0.02017220949,516.8611801,518.8478456,0.01536677576,0.02497764323
cyan,331,12,7,0.59375,424.6101259,572.0189201,518.1989919,0.02031546239,517.2056592,519.1923247,0.01551002866,0.02512089613
cyan,332,12,7,0.6015625,424.8216301,572.0002858,518.5431827,0.02046217909,517.5498499,519.5365155,0.01565674536,0.02526761283
cyan,333,12,7,0.609375,425.0329463,571.9812079,518.8870674,0.02061238802,517.8937347,519.8804002,0.01580695428,0.02541782175
cyan,334,12,7,0.6171875,425.2440634,571.9616828,519.2306283,0.0207661176,518.2372956,520.2239611,0.01596068387,0.02557155134
cyan,335,12,7,0.625,425.4549707,571.941707,519.5738477,0.02092339627,518.580515,520.5671805,0.01611796253,0.02572883
cyan,336,12,7,0.6328125,425.6656572,571.9212768,519.9167078,0.02108425245,518.9233751,520.9100406,0.01627881871,0.02588968618
cyan,337,12,7,0.640625,425.876112,571.9003887,520.2591909,0.02124871457,519.2658581,521.2525236,0.01644328083,0.0260541483
cyan,338,12,7,0.6484375,426.0863242,571.8790389,520.6012792,0.02141681105,519.6079464,521.5946119,0.01661137732,0.02622224479
cyan,339,12,7,0.65625,426.296283,571.8572239,520.942955,0.02158857034,519.9496222,521.9362877,0.0167831366,0.02639400407
cyan,340,12,7,0.6640625,426.5059773,571.8349401,521.2842005,0.02176402084,520.2908677,522.2775332,0.01695858711,0.02656945458
cyan,341,12,7,0.671875,426.7153964,571.8121839,521.624998,0.021943191,520.6316652,522.6183307,0.01713775727,0.02674862474
cyan,342,12,7,0.6796875,426.9245292,571.7889517,521.9653298,0.02212610924,520.971997,522.9586625,0.01732067551,0.02693154298
cyan,343,12,7,0.6875,427.133365,571.7652397,522.305178,0.02231280399,521.3118453,523.2985108,0.01750737025,0.02711823772
cyan,344,12,7,0.6953125,427.3418927,571.7410446,522.6445251,0.02250330367,521.6511923,523.6378578,0.01769786994,0.02730873741
cyan,345,12,7,0.703125,427.5501016,571.7163625,522.9833532,0.02269763672,521.9900204,523.9766859,0.01789220298,0.02750307045
cyan,346,12,7,0.7109375,427.7579806,571.69119,523.3216445,0.02289583156,522.3283118,524.3149773,0.01809039782,0.02770126529
cyan,347,12,7,0.71875,427.9655189,571.6655234,523.6593814,0.02309791662,522.6660486,524.6527142,0.01829248288,0.02790335035
cyan,348,12,7,0.7265625,428.1727056,571.6393591,523.9965461,0.02330392032,523.0032133,524.9898788,0.01849848659,0.02810935406
cyan,349,12,7,0.734375,428.3795297,571.6126934,524.3331208,0.0235138711,523.339788,525.3264536,0.01870843737,0.02831930484
cyan,350,12,7,0.7421875,428.5859805,571.5855228,524.6690878,0.02372779739,523.6757551,525.6624206,0.01892236366,0.02853323113
cyan,351,12,7,0.75,428.7920469,571.5578437,525.0044294,0.02394572761,524.0110967,525.9977622,0.01914029387,0.02875116134
cyan,352,12,7,0.7578125,428.997718,571.5296525,525.3391279,0.02416769019,524.3457951,526.3324606,0.01936225645,0.02897312392
cyan,353,12,7,0.765625,429.2029831,571.5009455,525.6731653,0.02439371355,524.6798326,526.6664981,0.01958827982,0.02919914729
cyan,354,12,7,0.7734375,429.4078311,571.4717191,526.0065242,0.02462382614,525.0131914,526.9998569,0.0198183924,0.02942925987
cyan,355,12,7,0.78125,429.6122511,571.4419698,526.3391866,0.02485805636,525.3458538,527.3325193,0.02005262263,0.0296634901
cyan,356,12,7,0.7890625,429.8162323,571.4116939,526.6711348,0.02509643266,525.6778021,527.6644676,0.02029099892,0.02990186639
cyan,357,12,7,0.796875,430.0197638,571.3808877,527.0023512,0.02533898346,526.0090184,527.9956839,0.02053354972,0.03014441719
cyan,358,12,7,0.8046875,430.2228346,571.3495478,527.3328179,0.02558573718,526.3394851,528.3261506,0.02078030345,0.03039117092
cyan,359,12,7,0.8125,430.4254338,571.3176704,527.6625172,0.02583672226,526.6691845,528.65585,0.02103128853,0.030642156
cyan,360,12,7,0.8203125,430.6275506,571.285252,527.9914314,0.02609196713,526.9980986,528.9847642,0.02128653339,0.03089740086
cyan,361,12,7,0.828125,430.829174,571.252289,528.3195427,0.0263515002,527.32621,529.3128755,0.02154606647,0.03115693394
cyan,362,12,7,0.8359375,431.0302932,571.2187777,528.6468334,0.02661534992,527.6535007,529.6401662,0.02180991618,0.03142078366
cyan,363,12,7,0.84375,431.2308972,571.1847145,528.9732858,0.0268835447,527.979953,529.9666185,0.02207811097,0.03168897844
cyan,364,12,7,0.8515625,431.4309751,571.1500959,529.298882,0.02715611298,528.3055493,530.2922148,0.02235067925,0.03196154672
cyan,365,12,7,0.859375,431.630516,571.1149182,529.6236044,0.02743308319,528.6302716,530.6169372,0.02262764945,0.03223851692
cyan,366,12,7,0.8671875,431.8295091,571.0791778,529.9474352,0.02771448374,528.9541024,530.940768,0.02290905001,0.03251991748
cyan,367,12,7,0.875,432.0279434,571.0428711,530.2703567,0.02800034308,529.2770239,531.2636894,0.02319490934,0.03280577681
cyan,368,12,7,0.8828125,432.2258079,571.0059945,530.5923511,0.02829068962,529.5990183,531.5856838,0.02348525589,0.03309612336
cyan,369,12,7,0.890625,432.4230919,570.9685443,530.9134006,0.0285855518,529.9200679,531.9067334,0.02378011807,0.03339098554
cyan,370,12,7,0.8984375,432.6197844,570.930517,531.2334876,0.02888495804,530.2401549,532.2268204,0.02407952431,0.03369039178
cyan,371,12,7,0.90625,432.8158745,570.891909,531.5525943,0.02918893678,530.5592615,532.5459271,0.02438350304,0.03399437051
cyan,372,12,7,0.9140625,433.0113513,570.8527166,531.8707029,0.02949751643,530.8773702,532.8640357,0.0246920827,0.03430295017
cyan,373,12,7,0.921875,433.2062039,570.8129362,532.1877958,0.02981072543,531.194463,533.1811285,0.0250052917,0.03461615917
cyan,374,12,7,0.9296875,433.4004214,570.7725643,532.5038551,0.03012859221,531.5105223,533.4971878,0.02532315848,0.03493402595
cyan,375,12,7,0.9375,433.5939929,570.7315972,532.8188631,0.03045114519,531.8255303,533.8121959,0.02564571146,0.03525657893
cyan,376,12,7,0.9453125,433.7869075,570.6900312,533.1328021,0.03077841281,532.1394693,534.1261349,0.02597297907,0.03558384654
cyan,377,12,7,0.953125,433.9791542,570.6478629,533.4456543,0.03111042348,532.4523216,534.4389871,0.02630498974,0.03591585722
cyan,378,12,7,0.9609375,434.1707223,570.6050885,533.757402,0.03144720564,532.7640693,534.7507348,0.0266417719,0.03625263938
cyan,379,12,7,0.96875,434.3616007,570.5617045,534.0680275,0.03178878772,533.0746947,535.0613602,0.02698335398,0.03659422145
cyan,380,12,7,0.9765625,434.5517786,570.5177073,534.3775129,0.03213519814,533.3841802,535.3708457,0.0273297644,0.03694063187
cyan,381,12,7,0.984375,434.741245,570.4730932,534.6858406,0.03248646533,533.6925079,535.6791734,0.02768103159,0.03729189906
cyan,382,12,7,0.9921875,434.9299891,570.4278586,534.9929928,0.03284261772,533.9996601,535.9863256,0.02803718398,0.03764805145
cyan,383,12,7,1,435.118,570.382,535.2989518,0.03320368374,534.3056191,536.2922846,0.02839825,0.03800911747
cyan,384,12,8,0.1428571429,435.3411429,570.3151429,535.6620827,0.03373008063,534.66875,536.6554155,0.02892464689,0.03853551437
cyan,385,12,8,0.2857142857,435.5642857,570.2482857,536.0252137,0.03425647752,535.0318809,537.0185464,0.02945104379,0.03906191126
cyan,386,12,8,0.4285714286,435.7874286,570.1814286,536.3883446,0.03478287441,535.3950118,537.3816773,0.02997744068,0.03958830815
cyan,387,12,8,0.5714285714,436.0105714,570.1145714,536.7514755,0.03530927131,535.7581427,537.7448082,0.03050383757,0.04011470504
cyan,388,12,8,0.7142857143,436.2337143,570.0477143,537.1146064,0.0358356682,536.1212736,538.1079392,0.03103023446,0.04064110193
cyan,389,12,8,0.8571428571,436.4568571,569.9808571,537.4777373,0.03636206509,536.4844046,538.4710701,0.03155663135,0.04116749883
cyan,390,12,8,1,436.68,569.914,537.8408682,0.03688846198,536.8475355,538.834201,0.03208302825,0.04169389572
cyan,391,12,9,0.1428571429,436.9032857,569.8347143,538.2042316,0.03751271471,537.2108989,539.1975644,0.03270728097,0.04231814844
cyan,392,12,9,0.2857142857,437.1265714,569.7554286,538.567595,0.03813696743,537.5742622,539.5609278,0.0333315337,0.04294240117
cyan,393,12,9,0.4285714286,437.3498571,569.6761429,538.9309584,0.03876122016,537.9376256,539.9242912,0.03395578642,0.04356665389
cyan,394,12,9,0.5714285714,437.5731429,569.5968571,539.2943218,0.03938547288,538.300989,540.2876545,0.03458003914,0.04419090662
cyan,395,12,9,0.7142857143,437.7964286,569.5175714,539.6576852,0.0400097256,538.6643524,540.6510179,0.03520429187,0.04481515934
cyan,396,12,9,0.8571428571,438.0197143,569.4382857,540.0210486,0.04063397833,539.0277158,541.0143813,0.03582854459,0.04543941206
cyan,397,12,9,1,438.243,569.359,540.384412,0.04125823105,539.3910792,541.3777447,0.03645279732,0.04606366479
cyan,398,12,10,0.1428571429,438.4661429,569.2664286,540.7475429,0.04198708829,539.7542101,541.7408756,0.03718165455,0.04679252202
cyan,399,12,10,0.2857142857,438.6892857,569.1738571,541.1106738,0.04271594552,540.117341,542.1040066,0.03791051179,0.04752137926
cyan,400,12,10,0.4285714286,438.9124286,569.0812857,541.4738047,0.04344480276,540.480472,542.4671375,0.03863936902,0.04825023649
cyan,401,12,10,0.5714285714,439.1355714,568.9887143,541.8369356,0.04417365999,540.8436029,542.8302684,0.03936822626,0.04897909373
cyan,402,12,10,0.7142857143,439.3587143,568.8961429,542.2000665,0.04490251723,541.2067338,543.1933993,0.04009708349,0.04970795096
cyan,403,12,10,0.8571428571,439.5818571,568.8035714,542.5631974,0.04563137446,541.5698647,543.5565302,0.04082594073,0.0504368082
cyan,404,12,10,1,439.805,568.711,542.9263284,0.0463602317,541.9329956,543.9196611,0.04155479796,0.05116566543
cyan,405,12,11,0.1428571429,440.0292857,568.604,543.2913191,0.04720269168,542.2979863,544.2846519,0.04239725795,0.05200812542
cyan,406,12,11,0.2857142857,440.2535714,568.497,543.6563098,0.04804515167,542.6629771,544.6496426,0.04323971793,0.0528505854
cyan,407,12,11,0.4285714286,440.4778571,568.39,544.0213006,0.04888761165,543.0279678,545.0146333,0.04408217791,0.05369304538
cyan,408,12,11,0.5714285714,440.7021429,568.283,544.3862913,0.04973007163,543.3929586,545.3796241,0.0449246379,0.05453550537
cyan,409,12,11,0.7142857143,440.9264286,568.176,544.7512821,0.05057253161,543.7579493,545.7446148,0.04576709788,0.05537796535
cyan,410,12,11,0.8571428571,441.1507143,568.069,545.1162728,0.0514149916,544.12294,546.1096056,0.04660955786,0.05622042533
cyan,411,12,11,1,441.375,567.962,545.4812635,0.05225745158,544.4879308,546.4745963,0.04745201785,0.05706288532
cyan,412,12,12,0.00390625,441.5235032,567.8808963,545.7229298,0.05289601841,544.729597,546.7162626,0.04809058468,0.05770145215
cyan,413,12,12,0.0078125,441.6715912,567.7994913,545.9639205,0.05353695706,544.9705877,546.9572532,0.04873152332,0.0583423908
cyan,414,12,12,0.01171875,441.8192646,567.717785,546.2042363,0.05418026778,545.2109036,547.1975691,0.04937483405,0.05898570152
cyan,415,12,12,0.015625,441.9665238,567.6357775,546.4438782,0.05482595084,545.4505454,547.4372109,0.05002051711,0.05963138458
cyan,416,12,12,0.01953125,442.1133693,567.5534686,546.6828468,0.0554740065,545.6895141,547.6761796,0.05066857277,0.06027944024
cyan,417,12,12,0.0234375,442.2598017,567.4708583,546.9211431,0.05612443503,545.9278103,547.9144758,0.05131900129,0.06092986876
cyan,418,12,12,0.02734375,442.4058213,567.3879466,547.1587677,0.05677723667,546.165435,548.1521005,0.05197180294,0.06158267041
cyan,419,12,12,0.03125,442.5514287,567.3047335,547.3957216,0.0574324117,546.4023889,548.3890544,0.05262697797,0.06223784544
cyan,420,12,12,0.03515625,442.6966245,567.2212189,547.6320055,0.05808996038,546.6386727,548.6253382,0.05328452664,0.06289539412
cyan,421,12,12,0.0390625,442.841409,567.1374028,547.8676202,0.05874988297,546.8742874,548.8609529,0.05394444923,0.0635553167
cyan,422,12,12,0.04296875,442.9857828,567.0532851,548.1025664,0.05941217973,547.1092337,549.0958992,0.05460674599,0.06421761346
cyan,423,12,12,0.046875,443.1297463,566.9688659,548.3368451,0.06007685092,547.3435124,549.3301779,0.05527141718,0.06488228465
cyan,424,12,12,0.05078125,443.2733001,566.8841451,548.570457,0.0607438968,547.5771243,549.5637898,0.05593846307,0.06554933054
cyan,425,12,12,0.0546875,443.4164447,566.7991226,548.8034029,0.06141331765,547.8100702,549.7967357,0.05660788391,0.06621875138
cyan,426,12,12,0.05859375,443.5591805,566.7137985,549.0356837,0.06208511371,548.0423509,550.0290164,0.05727967997,0.06689054744
cyan,427,12,12,0.0625,443.7015081,566.6281726,549.2673,0.06275928525,548.2739673,550.2606328,0.05795385152,0.06756471899
cyan,428,12,12,0.06640625,443.8434278,566.542245,549.4982528,0.06343583253,548.50492,550.4915855,0.0586303988,0.06824126627
cyan,429,12,12,0.0703125,443.9849403,566.4560156,549.7285428,0.06411475582,548.73521,550.7218755,0.05930932209,0.06892018956
cyan,430,12,12,0.07421875,444.126046,566.3694845,549.9581707,0.06479605538,548.964838,550.9515035,0.05999062164,0.06960148911
cyan,431,12,12,0.078125,444.2667455,566.2826515,550.1871376,0.06547973146,549.1938048,551.1804703,0.06067429772,0.07028516519
cyan,432,12,12,0.08203125,444.4070391,566.1955166,550.415444,0.06616578433,549.4221112,551.4087768,0.0613603506,0.07097121807
cyan,433,12,12,0.0859375,444.5469274,566.1080798,550.6430909,0.06685421425,549.6497581,551.6364236,0.06204878052,0.07165964799
cyan,434,12,12,0.08984375,444.6864109,566.020341,550.870079,0.06754502149,549.8767462,551.8634117,0.06273958776,0.07235045523
cyan,435,12,12,0.09375,444.8254901,565.9323003,551.0964091,0.0682382063,550.1030763,552.0897418,0.06343277257,0.07304364004
cyan,436,12,12,0.09765625,444.9641654,565.8439576,551.322082,0.06893376895,550.3287492,552.3154148,0.06412833522,0.07373920269
cyan,437,12,12,0.1015625,445.1024374,565.7553129,551.5470986,0.0696317097,550.5537658,552.5404313,0.06482627596,0.07443714344
cyan,438,12,12,0.10546875,445.2403066,565.666366,551.7714596,0.07033202881,550.7781268,552.7647923,0.06552659507,0.07513746254
cyan,439,12,12,0.109375,445.3777734,565.5771171,551.9951658,0.07103472654,551.001833,552.9884986,0.06622929281,0.07584016028
cyan,440,12,12,0.11328125,445.5148384,565.487566,552.2182181,0.07173980316,551.2248853,553.2115508,0.06693436942,0.07654523689
cyan,441,12,12,0.1171875,445.6515019,565.3977128,552.4406172,0.07244725892,551.4472844,553.4339499,0.06764182519,0.07725269266
cyan,442,12,12,0.12109375,445.7877646,565.3075573,552.6623639,0.07315709409,551.6690311,553.6556967,0.06835166036,0.07796252783
cyan,443,12,12,0.125,445.923627,565.2170996,552.8834591,0.07386930893,551.8901263,553.8767918,0.0690638752,0.07867474267
cyan,444,12,12,0.12890625,446.0590894,565.1263396,553.1039035,0.07458390371,552.1105707,554.0972362,0.06977846997,0.07938933744
cyan,445,12,12,0.1328125,446.1941524,565.0352774,553.3236979,0.07530087868,552.3303652,554.3170307,0.07049544494,0.08010631241
cyan,446,12,12,0.13671875,446.3288165,564.9439128,553.5428432,0.0760202341,552.5495105,554.536176,0.07121480036,0.08082566783
cyan,447,12,12,0.140625,446.4630822,564.8522458,553.7613402,0.07674197024,552.7680074,554.7546729,0.0719365365,0.08154740398
cyan,448,12,12,0.14453125,446.59695,564.7602764,553.9791895,0.07746608736,552.9858568,554.9725223,0.07266065363,0.0822715211
cyan,449,12,12,0.1484375,446.7304204,564.6680045,554.1963922,0.07819258572,553.2030594,555.1897249,0.07338715199,0.08299801946
cyan,450,12,12,0.15234375,446.8634938,564.5754302,554.4129488,0.07892146559,553.4196161,555.4062816,0.07411603185,0.08372689932
cyan,451,12,12,0.15625,446.9961708,564.4825534,554.6288604,0.07965272722,553.6355276,555.6221931,0.07484729348,0.08445816096
cyan,452,12,12,0.16015625,447.1284518,564.3893741,554.8441275,0.08038637088,553.8507948,555.8374603,0.07558093714,0.08519180461
cyan,453,12,12,0.1640625,447.2603374,564.2958922,555.0587512,0.08112239682,554.0654184,556.0520839,0.07631696309,0.08592783056
cyan,454,12,12,0.16796875,447.391828,564.2021076,555.272732,0.08186080532,554.2793993,556.2660648,0.07705537159,0.08666623906
cyan,455,12,12,0.171875,447.5229241,564.1080205,555.486071,0.08260159663,554.4927382,556.4794037,0.0777961629,0.08740703037
cyan,456,12,12,0.17578125,447.6536263,564.0136306,555.6987687,0.08334477102,554.705436,556.6921015,0.07853933728,0.08815020475
cyan,457,12,12,0.1796875,447.783935,563.9189381,555.9108262,0.08409032874,554.9174934,556.9041589,0.079284895,0.08889576247
cyan,458,12,12,0.18359375,447.9138506,563.8239428,556.1222441,0.08483827006,555.1289113,557.1155768,0.08003283632,0.08964370379
cyan,459,12,12,0.1875,448.0433738,563.7286448,556.3330232,0.08558859524,555.3396905,557.326356,0.0807831615,0.09039402897
cyan,460,12,12,0.19140625,448.1725049,563.6330439,556.5431645,0.08634130454,555.5498317,557.5364972,0.0815358708,0.09114673827
cyan,461,12,12,0.1953125,448.3012446,563.5371402,556.7526685,0.08709639822,555.7593358,557.7460013,0.08229096449,0.09190183196
cyan,462,12,12,0.19921875,448.4295932,563.4409337,556.9615363,0.08785387655,555.9682035,557.954869,0.08304844282,0.09265931029
cyan,463,12,12,0.203125,448.5575512,563.3444242,557.1697685,0.08861373979,556.1764357,558.1631012,0.08380830606,0.09341917353
cyan,464,12,12,0.20703125,448.6851193,563.2476118,557.377366,0.0893759882,556.3840332,558.3706987,0.08457055446,0.09418142194
cyan,465,12,12,0.2109375,448.8122977,563.1504964,557.5843295,0.09014062204,556.5909968,558.5776623,0.0853351883,0.09494605577
cyan,466,12,12,0.21484375,448.9390872,563.053078,557.7906599,0.09090764157,556.7973272,558.7839927,0.08610220784,0.09571307531
cyan,467,12,12,0.21875,449.065488,562.9553566,557.996358,0.09167704706,557.0030252,558.9896908,0.08687161332,0.09648248079
cyan,468,12,12,0.22265625,449.1915008,562.8573321,558.2014246,0.09244883876,557.2080918,559.1947573,0.08764340503,0.0972542725
cyan,469,12,12,0.2265625,449.317126,562.7590045,558.4058604,0.09322301695,557.4125276,559.3991932,0.08841758321,0.09802845068
cyan,470,12,12,0.23046875,449.4423641,562.6603738,558.6096663,0.09399958187,557.6163335,559.6029991,0.08919414813,0.0988050156
cyan,471,12,12,0.234375,449.5672156,562.5614399,558.8128431,0.0947785338,557.8195103,559.8061758,0.08997310006,0.09958396753
cyan,472,12,12,0.23828125,449.6916811,562.4622028,559.0153915,0.09555987299,558.0220588,560.0087243,0.09075443925,0.1003653067
cyan,473,12,12,0.2421875,449.8157609,562.3626624,559.2173125,0.0963435997,558.2239797,560.2106452,0.09153816597,0.1011490334
cyan,474,12,12,0.24609375,449.9394556,562.2628188,559.4186067,0.09712971421,558.4252739,560.4119395,0.09232428047,0.1019351479
cyan,475,12,12,0.25,450.0627656,562.1626719,559.619275,0.09791821676,558.6259422,560.6126077,0.09311278303,0.1027236505
cyan,476,12,12,0.25390625,450.1856916,562.0622216,559.8193182,0.09870910763,558.8259854,560.8126509,0.09390367389,0.1035145414
cyan,477,12,12,0.2578125,450.3082339,561.961468,560.018737,0.09950238707,559.0254043,561.0120698,0.09469695333,0.1043078208
cyan,478,12,12,0.26171875,450.430393,561.860411,560.2175324,0.1002980553,559.2241996,561.2108652,0.09549262161,0.1051034891
cyan,479,12,12,0.265625,450.5521695,561.7590505,560.415705,0.1010961127,559.4223723,561.4090378,0.09629067898,0.1059015465
cyan,480,12,12,0.26953125,450.6735638,561.6573865,560.6132558,0.1018965595,559.619923,561.6065885,0.09709112571,0.1067019932
cyan,481,12,12,0.2734375,450.7945765,561.5554191,560.8101854,0.1026993958,559.8168526,561.8035181,0.09789396207,0.1075048295
cyan,482,12,12,0.27734375,450.915208,561.4531481,561.0064947,0.103504622,560.0131619,561.9998275,0.09869918831,0.1083100558
cyan,483,12,12,0.28125,451.0354588,561.3505736,561.2021845,0.1043122384,560.2088517,562.1955173,0.09950680469,0.1091176722
cyan,484,12,12,0.28515625,451.1553294,561.2476954,561.3972556,0.1051222452,560.4039228,562.3905884,0.1003168115,0.1099276789
cyan,485,12,12,0.2890625,451.2748203,561.1445136,561.5917088,0.1059346427,560.598376,562.5850416,0.1011292089,0.1107400764
cyan,486,12,12,0.29296875,451.393932,561.0410282,561.7855449,0.1067494311,560.7922121,562.7788776,0.1019439973,0.1115548648
cyan,487,12,12,0.296875,451.512665,560.937239,561.9787647,0.1075666106,560.9854319,562.9720974,0.1027611769,0.1123720444
cyan,488,12,12,0.30078125,451.6310197,560.8331461,562.171369,0.1083861817,561.1780362,563.1647017,0.1035807479,0.1131916154
cyan,489,12,12,0.3046875,451.7489967,560.7287495,562.3633586,0.1092081444,561.3700258,563.3566913,0.1044027107,0.1140135782
cyan,490,12,12,0.30859375,451.8665965,560.624049,562.5547343,0.1100324991,561.5614015,563.548067,0.1052270654,0.1148379329
cyan,491,12,12,0.3125,451.9838196,560.5190447,562.7454969,0.1108592461,561.7521641,563.7388296,0.1060538124,0.1156646799
cyan,492,12,12,0.31640625,452.1006664,560.4137365,562.9356472,0.1116883856,561.9423144,563.9289799,0.1068829519,0.1164938193
cyan,493,12,12,0.3203125,452.2171374,560.3081244,563.125186,0.1125199178,562.1318532,564.1185187,0.1077144841,0.1173253516
cyan,494,12,12,0.32421875,452.3332332,560.2022084,563.3141141,0.1133538431,562.3207813,564.3074468,0.1085484093,0.1181592768
cyan,495,12,12,0.328125,452.4489542,560.0959884,563.5024323,0.1141901616,562.5090996,564.4957651,0.1093847279,0.1189955954
cyan,496,12,12,0.33203125,452.5643009,559.9894644,563.6901415,0.1150288737,562.6968087,564.6834742,0.11022344,0.1198343075
cyan,497,12,12,0.3359375,452.6792738,559.8826364,563.8772423,0.1158699796,562.8839096,564.8705751,0.1110645459,0.1206754134
cyan,498,12,12,0.33984375,452.7938734,559.7755043,564.0637357,0.1167134796,563.0704029,565.0570684,0.1119080459,0.1215189133
cyan,499,12,12,0.34375,452.9081002,559.6680681,564.2496224,0.1175593739,563.2562896,565.2429551,0.1127539402,0.1223648077
cyan,500,12,12,0.34765625,453.0219547,559.5603278,564.4349032,0.1184076628,563.4415704,565.4282359,0.1136022291,0.1232130966
cyan,501,12,12,0.3515625,453.1354374,559.4522833,564.6195789,0.1192583466,563.6262461,565.6129116,0.1144529129,0.1240637803
cyan,502,12,12,0.35546875,453.2485487,559.3439346,564.8036503,0.1201114255,563.8103175,565.7969831,0.1153059918,0.1249168592
cyan,503,12,12,0.359375,453.3612892,559.2352817,564.9871183,0.1209668998,563.9937855,565.980451,0.116161466,0.1257723335
cyan,504,12,12,0.36328125,453.4736594,559.1263245,565.1699835,0.1218247697,564.1766508,566.1633163,0.1170193359,0.1266302034
cyan,505,12,12,0.3671875,453.5856597,559.017063,565.3522469,0.1226850355,564.3589142,566.3455797,0.1178796018,0.1274904692
cyan,506,12,12,0.37109375,453.6972906,558.9074972,565.5339093,0.1235476975,564.5405765,566.527242,0.1187422637,0.1283531312
cyan,507,12,12,0.375,453.8085527,558.797627,565.7149713,0.1244127559,564.7216386,566.7083041,0.1196073222,0.1292181896
cyan,508,12,12,0.37890625,453.9194464,558.6874523,565.8954339,0.125280211,564.9021011,566.8887667,0.1204747773,0.1300856447
cyan,509,12,12,0.3828125,454.0299723,558.5769733,566.0752978,0.1261500631,565.0819651,567.0686306,0.1213446293,0.1309554968
cyan,510,12,12,0.38671875,454.1401307,558.4661898,566.2545639,0.1270223124,565.2612311,567.2478966,0.1222168786,0.1318277461
cyan,511,12,12,0.390625,454.2499223,558.3551018,566.4332328,0.1278969591,565.4399001,567.4265656,0.1230915254,0.1327023928
cyan,512,12,12,0.39453125,454.3593474,558.2437092,566.6113055,0.1287740036,565.6179728,567.6046383,0.1239685699,0.1335794373
cyan,513,12,12,0.3984375,454.4684067,558.1320121,566.7887828,0.1296534461,565.79545,567.7821155,0.1248480124,0.1344588798
cyan,514,12,12,0.40234375,454.5771005,558.0200104,566.9656654,0.1305352869,565.9723326,567.9589981,0.1257298531,0.1353407206
cyan,515,12,12,0.40625,454.6854294,557.9077041,567.1419541,0.1314195261,566.1486213,568.1352868,0.1266140924,0.1362249599
cyan,516,12,12,0.41015625,454.7933938,557.7950931,567.3176497,0.1323061642,566.324317,568.3109825,0.1275007305,0.137111598
cyan,517,12,12,0.4140625,454.9009943,557.6821773,567.4927531,0.1331952013,566.4994204,568.4860859,0.1283897676,0.1380006351
cyan,518,12,12,0.41796875,455.0082314,557.5689569,567.6672651,0.1340866378,566.6739323,568.6605978,0.129281204,0.1388920715
cyan,519,12,12,0.421875,455.1151055,557.4554317,567.8411863,0.1349804738,566.8478536,568.8345191,0.13017504,0.1397859075
cyan,520,12,12,0.42578125,455.2216171,557.3416017,568.0145178,0.1358767096,567.021185,569.0078505,0.1310712759,0.1406821433
cyan,521,12,12,0.4296875,455.3277668,557.2274668,568.1872601,0.1367753455,567.1939274,569.1805929,0.1319699118,0.1415807793
cyan,522,12,12,0.43359375,455.433555,557.1130271,568.3594142,0.1376763818,567.3660815,569.352747,0.1328709481,0.1424818156
cyan,523,12,12,0.4375,455.5389822,556.9982825,568.5309809,0.1385798187,567.5376482,569.5243137,0.133774385,0.1433852525
cyan,524,12,12,0.44140625,455.6440489,556.8832329,568.7019609,0.1394856565,567.7086282,569.6952937,0.1346802228,0.1442910903
cyan,525,12,12,0.4453125,455.7487556,556.7678784,568.8723551,0.1403938955,567.8790223,569.8656879,0.1355884617,0.1451993292
cyan,526,12,12,0.44921875,455.8531028,556.6522189,569.0421642,0.1413045358,568.0488315,570.035497,0.1364991021,0.1461099695
cyan,527,12,12,0.453125,455.957091,556.5362543,569.2113891,0.1422175778,568.2180563,570.2047218,0.1374121441,0.1470230115
cyan,528,12,12,0.45703125,456.0607206,556.4199847,569.3800305,0.1431330217,568.3866978,570.3733633,0.138327588,0.1479384555
cyan,529,12,12,0.4609375,456.1639922,556.30341,569.5480893,0.1440508679,568.5547565,570.5414221,0.1392454341,0.1488563016
cyan,530,12,12,0.46484375,456.2669063,556.1865301,569.7155663,0.1449711164,568.7222335,570.708899,0.1401656827,0.1497765502
cyan,531,12,12,0.46875,456.3694633,556.0693451,569.8824622,0.1458937677,568.8891294,570.8757949,0.141088334,0.1506992015
cyan,532,12,12,0.47265625,456.4716638,555.9518549,570.0487778,0.146818822,569.0554451,571.0421106,0.1420133883,0.1516242557
cyan,533,12,12,0.4765625,456.5735082,555.8340595,570.2145141,0.1477462795,569.2211813,571.2078468,0.1429408458,0.1525517132
cyan,534,12,12,0.48046875,456.6749971,555.7159587,570.3796716,0.1486761405,569.3863389,571.3730044,0.1438707068,0.1534815742
cyan,535,12,12,0.484375,456.7761309,555.5975527,570.5442514,0.1496084053,569.5509186,571.5375842,0.1448029715,0.154413839
cyan,536,12,12,0.48828125,456.87691,555.4788414,570.7082541,0.1505430741,569.7149214,571.7015869,0.1457376403,0.1553485078
cyan,537,12,12,0.4921875,456.9773351,555.3598247,570.8716806,0.1514801471,569.8783479,571.8650134,0.1466747134,0.1562855809
cyan,538,12,12,0.49609375,457.0774066,555.2405025,571.0345317,0.1524196248,570.0411989,572.0278644,0.147614191,0.1572250585
cyan,539,12,12,0.5,457.177125,555.120875,571.1968081,0.1533615072,570.2034754,572.1901409,0.1485560735,0.1581669409
cyan,540,12,12,0.50390625,457.2764908,555.000942,571.3585107,0.1543057947,570.365178,572.3518435,0.149500361,0.1591112284
cyan,541,12,12,0.5078125,457.3755044,554.8807035,571.5196403,0.1552524875,570.5263076,572.5129731,0.1504470538,0.1600579213
cyan,542,12,12,0.51171875,457.4741664,554.7601594,571.6801977,0.156201586,570.6868649,572.6735304,0.1513961522,0.1610070197
cyan,543,12,12,0.515625,457.5724773,554.6393098,571.8401836,0.1571530903,570.8468508,572.8335164,0.1523476565,0.161958524
cyan,544,12,12,0.51953125,457.6704375,554.5181546,571.9995989,0.1581070007,571.0062661,572.9929317,0.1533015669,0.1629124344
cyan,545,12,12,0.5234375,457.7680476,554.3966938,572.1584444,0.1590633175,571.1651116,573.1517772,0.1542578837,0.1638687512
cyan,546,12,12,0.52734375,457.865308,554.2749273,572.3167209,0.1600220409,571.3233881,573.3100536,0.1552166072,0.1648274746
cyan,547,12,12,0.53125,457.9622193,554.1528551,572.4744291,0.1609831712,571.4810964,573.4677619,0.1561777375,0.165788605
cyan,548,12,12,0.53515625,458.0587818,554.0304771,572.63157,0.1619467087,571.6382372,573.6249027,0.157141275,0.1667521425
cyan,549,12,12,0.5390625,458.1549962,553.9077934,572.7881442,0.1629126537,571.7948114,573.7814769,0.1581072199,0.1677180874
cyan,550,12,12,0.54296875,458.2508629,553.7848039,572.9441526,0.1638810063,571.9508198,573.9374853,0.1590755726,0.16868644
cyan,551,12,12,0.546875,458.3463824,553.6615086,573.099596,0.1648517669,572.1062632,574.0929287,0.1600463331,0.1696572006
cyan,552,12,12,0.55078125,458.4415552,553.5379074,573.2544752,0.1658249357,572.2611424,574.2478079,0.1610195019,0.1706303694
cyan,553,12,12,0.5546875,458.5363818,553.4140003,573.4087909,0.1668005129,572.4154582,574.4021237,0.1619950792,0.1716059466
cyan,554,12,12,0.55859375,458.6308627,553.2897873,573.5625441,0.1677784989,572.5692113,574.5558769,0.1629730652,0.1725839326
cyan,555,12,12,0.5625,458.7249983,553.1652683,573.7157355,0.1687588939,572.7224027,574.7090682,0.1639534602,0.1735643276
cyan,556,12,12,0.56640625,458.8187892,553.0404433,573.8683658,0.1697416982,572.8750331,574.8616986,0.1649362644,0.1745471319
cyan,557,12,12,0.5703125,458.9122358,552.9153123,574.020436,0.170726912,573.0271032,575.0137687,0.1659214782,0.1755323457
cyan,558,12,12,0.57421875,459.0053387,552.7898752,574.1719467,0.1717145355,573.178614,575.1652795,0.1669091018,0.1765199693
cyan,559,12,12,0.578125,459.0980984,552.664132,574.3228989,0.1727045691,573.3295661,575.3162316,0.1678991354,0.1775100029
cyan,560,12,12,0.58203125,459.1905153,552.5380827,574.4732932,0.1736970131,573.4799604,575.466626,0.1688915793,0.1785024468
cyan,561,12,12,0.5859375,459.2825899,552.4117273,574.6231305,0.1746918676,573.6297978,575.6164633,0.1698864338,0.1794973013
cyan,562,12,12,0.58984375,459.3743227,552.2850656,574.7724117,0.1756891329,573.7790789,575.7657445,0.1708836991,0.1804945666
cyan,563,12,12,0.59375,459.4657142,552.1580977,574.9211375,0.1766888093,573.9278047,575.9144702,0.1718833756,0.181494243
cyan,564,12,12,0.59765625,459.5567649,552.0308235,575.0693086,0.1776908971,574.0759759,576.0626414,0.1728854633,0.1824963308
cyan,565,12,12,0.6015625,459.6474754,551.9032431,575.216926,0.1786953965,574.2235932,576.2102587,0.1738899627,0.1835008302
cyan,566,12,12,0.60546875,459.737846,551.7753563,575.3639904,0.1797023077,574.3706576,576.3573231,0.174896874,0.1845077415
cyan,567,12,12,0.609375,459.8278773,551.6471631,575.5105025,0.1807116312,574.5171698,576.5038353,0.1759061974,0.1855170649
cyan,568,12,12,0.61328125,459.9175698,551.5186636,575.6564633,0.181723367,574.6631306,576.6497961,0.1769179332,0.1865288007
cyan,569,12,12,0.6171875,460.0069239,551.3898576,575.8018736,0.1827375155,574.8085408,576.7952063,0.1779320817,0.1875429492
cyan,570,12,12,0.62109375,460.0959402,551.2607451,575.946734,0.1837540769,574.9534012,576.9400667,0.1789486431,0.1885595106
cyan,571,12,12,0.625,460.1846191,551.1313262,576.0910454,0.1847730515,575.0977127,577.0843782,0.1799676177,0.1895784852
cyan,572,12,12,0.62890625,460.2729612,551.0016007,576.2348087,0.1857944395,575.2414759,577.2281414,0.1809890058,0.1905998733
cyan,573,12,12,0.6328125,460.360967,550.8715687,576.3780246,0.1868182413,575.3846918,577.3713573,0.1820128076,0.191623675
cyan,574,12,12,0.63671875,460.4486368,550.74123,576.5206939,0.187844457,575.5273611,577.5140266,0.1830390233,0.1926498908
cyan,575,12,12,0.640625,460.5359713,550.6105848,576.6628174,0.188873087,575.6694846,577.6561501,0.1840676533,0.1936785208
cyan,576,12,12,0.64453125,460.6229709,550.4796328,576.8043959,0.1899041315,575.8110632,577.7977287,0.1850986978,0.1947095652
cyan,577,12,12,0.6484375,460.7096361,550.3483742,576.9454303,0.1909375907,575.9520975,577.938763,0.186132157,0.1957430245
cyan,578,12,12,0.65234375,460.7959674,550.2168089,577.0859213,0.191973465,576.0925885,578.079254,0.1871680312,0.1967788987
cyan,579,12,12,0.65625,460.8819652,550.0849367,577.2258697,0.1930117545,576.2325369,578.2192024,0.1882063208,0.1978171883
cyan,580,12,12,0.66015625,460.9676302,549.9527578,577.3652763,0.1940524596,576.3719436,578.3586091,0.1892470259,0.1988578933
cyan,581,12,12,0.6640625,461.0529627,549.8202721,577.504142,0.1950955805,576.5108092,578.4974748,0.1902901468,0.1999010142
cyan,582,12,12,0.66796875,461.1379634,549.6874795,577.6424675,0.1961411175,576.6491347,578.6358003,0.1913356837,0.2009465512
cyan,583,12,12,0.671875,461.2226325,549.55438,577.7802536,0.1971890708,576.7869209,578.7735864,0.192383637,0.2019945045
cyan,584,12,12,0.67578125,461.3069707,549.4209735,577.9175012,0.1982394407,576.9241684,578.910834,0.1934340069,0.2030448744
cyan,585,12,12,0.6796875,461.3909785,549.2872602,578.054211,0.1992922274,577.0608783,579.0475438,0.1944867937,0.2040976611
cyan,586,12,12,0.68359375,461.4746563,549.1532398,578.1903839,0.2003474313,577.1970511,579.1837166,0.1955419975,0.205152865
cyan,587,12,12,0.6875,461.5580046,549.0189124,578.3260205,0.2014050525,577.3326878,579.3193533,0.1965996188,0.2062104862
cyan,588,12,12,0.69140625,461.641024,548.8842779,578.4611218,0.2024650914,577.4677891,579.4544546,0.1976596577,0.2072705251
cyan,589,12,12,0.6953125,461.7237149,548.7493363,578.5956886,0.2035275482,577.6023559,579.5890214,0.1987221144,0.2083329819
cyan,590,12,12,0.69921875,461.8060777,548.6140876,578.7297216,0.2045924231,577.7363889,579.7230544,0.1997869894,0.2093978569
cyan,591,12,12,0.703125,461.8881131,548.4785317,578.8632217,0.2056597165,577.8698889,579.8565544,0.2008542828,0.2104651502
cyan,592,12,12,0.70703125,461.9698215,548.3426687,578.9961895,0.2067294286,578.0028568,579.9895223,0.2019239948,0.2115348623
cyan,593,12,12,0.7109375,462.0512033,548.2064984,579.1286261,0.2078015596,578.1352933,580.1219588,0.2029961258,0.2126069933
cyan,594,12,12,0.71484375,462.1322592,548.0700208,579.2605321,0.2088761098,578.2671993,580.2538648,0.2040706761,0.2136815435
cyan,595,12,12,0.71875,462.2129895,547.933236,579.3919083,0.2099530795,578.3985755,580.3852411,0.2051476458,0.2147585132
cyan,596,12,12,0.72265625,462.2933947,547.7961438,579.5227556,0.2110324689,578.5294228,580.5160883,0.2062270352,0.2158379027
cyan,597,12,12,0.7265625,462.3734755,547.6587443,579.6530747,0.2121142784,578.659742,580.6464075,0.2073088446,0.2169197121
cyan,598,12,12,0.73046875,462.4532321,547.5210374,579.7828665,0.2131985081,578.7895337,580.7761993,0.2083930743,0.2180039418
cyan,599,12,12,0.734375,462.5326652,547.383023,579.9121317,0.2142851583,578.918799,580.9054645,0.2094797245,0.219090592
cyan,600,12,12,0.73828125,462.6117753,547.2447012,580.0408712,0.2153742293,579.0475385,581.034204,0.2105687955,0.220179663
cyan,601,12,12,0.7421875,462.6905627,547.1060719,580.1690858,0.2164657213,579.175753,581.1624186,0.2116602876,0.2212711551
cyan,602,12,12,0.74609375,462.7690281,546.967135,580.2967762,0.2175596347,579.3034434,581.290109,0.2127542009,0.2223650684
cyan,603,12,12,0.75,462.8471719,546.8278906,580.4239433,0.2186559696,579.4306105,581.417276,0.2138505359,0.2234614033
cyan,604,12,12,0.75390625,462.9249946,546.6883386,580.5505878,0.2197547263,579.5572551,581.5439206,0.2149492926,0.2245601601
cyan,605,12,12,0.7578125,463.0024966,546.548479,580.6767106,0.2208559052,579.6833779,581.6700434,0.2160504715,0.2256613389
cyan,606,12,12,0.76171875,463.0796786,546.4083117,580.8023125,0.2219595064,579.8089797,581.7956452,0.2171540726,0.2267649401
cyan,607,12,12,0.765625,463.156541,546.2678367,580.9273942,0.2230655302,579.9340614,581.920727,0.2182600965,0.2278709639
cyan,608,12,12,0.76953125,463.2330842,546.127054,581.0519566,0.2241739769,580.0586238,582.0452894,0.2193685432,0.2289794106
cyan,609,12,12,0.7734375,463.3093088,545.9859636,581.1760005,0.2252848467,580.1826677,582.1693332,0.220479413,0.2300902805
cyan,610,12,12,0.77734375,463.3852152,545.8445653,581.2995266,0.22639814,580.3061938,582.2928594,0.2215927062,0.2312035737
cyan,611,12,12,0.78125,463.460804,545.7028592,581.4225358,0.2275138569,580.429203,582.4158686,0.2227084231,0.2323192906
cyan,612,12,12,0.78515625,463.5360756,545.5608453,581.5450289,0.2286319977,580.5516961,582.5383616,0.2238265639,0.2334374314
cyan,613,12,12,0.7890625,463.6110306,545.4185234,581.6670066,0.2297525627,580.6736739,582.6603394,0.224947129,0.2345579964
cyan,614,12,12,0.79296875,463.6856694,545.2758937,581.7884699,0.2308755521,580.7951371,582.7818026,0.2260701184,0.2356809859
cyan,615,12,12,0.796875,463.7599925,545.1329559,581.9094194,0.2320009663,580.9160866,582.9027521,0.2271955326,0.2368064001
cyan,616,12,12,0.80078125,463.8340004,544.9897102,582.029856,0.2331288055,581.0365232,583.0231887,0.2283233717,0.2379342392
cyan,617,12,12,0.8046875,463.9076936,544.8461565,582.1497804,0.2342590698,581.1564477,583.1431132,0.2294536361,0.2390645036
cyan,618,12,12,0.80859375,463.9810726,544.7022947,582.2691936,0.2353917597,581.2758608,583.2625263,0.230586326,0.2401971935
cyan,619,12,12,0.8125,464.0541379,544.5581248,582.3880962,0.2365268754,581.3947634,583.3814289,0.2317214416,0.2413323091
cyan,620,12,12,0.81640625,464.12689,544.4136467,582.5064891,0.237664417,581.5131563,583.4998218,0.2328589833,0.2424698507
cyan,621,12,12,0.8203125,464.1993294,544.2688605,582.6243731,0.2388043849,581.6310403,583.6177058,0.2339989512,0.2436098187
cyan,622,12,12,0.82421875,464.2714565,544.1237662,582.741749,0.2399467794,581.7484162,583.7350817,0.2351413457,0.2447522132
cyan,623,12,12,0.828125,464.3432719,543.9783636,582.8586175,0.2410916007,581.8652848,583.8519503,0.236286167,0.2458970345
cyan,624,12,12,0.83203125,464.414776,543.8326527,582.9749796,0.2422388491,581.9816468,583.9683124,0.2374334153,0.2470442828
cyan,625,12,12,0.8359375,464.4859694,543.6866335,583.0908359,0.2433885248,582.0975032,584.0841687,0.238583091,0.2481939585
cyan,626,12,12,0.83984375,464.5568525,543.540306,583.2061874,0.244540628,582.2128546,584.1995201,0.2397351943,0.2493460618
cyan,627,12,12,0.84375,464.6274259,543.3936702,583.3210347,0.2456951592,582.327702,584.3143675,0.2408897254,0.2505005929
cyan,628,12,12,0.84765625,464.6976899,543.246726,583.4353788,0.2468521184,582.442046,584.4287115,0.2420466847,0.2516575522
cyan,629,12,12,0.8515625,464.7676452,543.0994733,583.5492203,0.248011506,582.5558875,584.542553,0.2432060723,0.2528169398
cyan,630,12,12,0.85546875,464.8372922,542.9519122,583.6625601,0.2491733223,582.6692273,584.6558929,0.2443678886,0.253978756
cyan,631,12,12,0.859375,464.9066314,542.8040426,583.775399,0.2503375675,582.7820663,584.7687318,0.2455321337,0.2551430012
cyan,632,12,12,0.86328125,464.9756632,542.6558644,583.8877378,0.2515042418,582.8944051,584.8810706,0.2466988081,0.2563096755
cyan,633,12,12,0.8671875,465.0443883,542.5073777,583.9995774,0.2526733456,583.0062446,584.9929101,0.2478679118,0.2574787793
cyan,634,12,12,0.87109375,465.112807,542.3585824,584.1109184,0.253844879,583.1175856,585.1042512,0.2490394453,0.2586503127
cyan,635,12,12,0.875,465.1809199,542.2094785,584.2217617,0.2550188424,583.228429,585.2150945,0.2502134086,0.2598242761
cyan,636,12,12,0.87890625,465.2487275,542.0600659,584.3321082,0.256195236,583.3387754,585.3254409,0.2513898022,0.2610006697
cyan,637,12,12,0.8828125,465.3162302,541.9103447,584.4419585,0.25737406,583.4486258,585.4352913,0.2525686263,0.2621794938
cyan,638,12,12,0.88671875,465.3834285,541.7603147,584.5513136,0.2585553149,583.5579808,585.5446463,0.2537498811,0.2633607486
cyan,639,12,12,0.890625,465.450323,541.6099759,584.6601741,0.2597390007,583.6668414,585.6535069,0.2549335669,0.2645444344
cyan,640,12,12,0.89453125,465.5169142,541.4593284,584.768541,0.2609251177,583.7752083,585.7618738,0.256119684,0.2657305515
cyan,641,12,12,0.8984375,465.5832024,541.308372,584.876415,0.2621136663,583.8830823,585.8697478,0.2573082326,0.2669191
cyan,642,12,12,0.90234375,465.6491883,541.1571068,584.9837969,0.2633046467,583.9904642,585.9771297,0.2584992129,0.2681100804
cyan,643,12,12,0.90625,465.7148722,541.0055327,585.0906875,0.2644980591,584.0973548,586.0840203,0.2596926253,0.2693034928
cyan,644,12,12,0.91015625,465.7802548,540.8536496,585.1970877,0.2656939038,584.2037549,586.1904204,0.26088847,0.2704993375
cyan,645,12,12,0.9140625,465.8453364,540.7014576,585.3029981,0.266892181,584.3096654,586.2963309,0.2620867473,0.2716976148
cyan,646,12,12,0.91796875,465.9101177,540.5489567,585.4084197,0.2680928912,584.415087,586.4017525,0.2632874574,0.2728983249
cyan,647,12,12,0.921875,465.974599,540.3961466,585.5133532,0.2692960343,584.5200205,586.506686,0.2644906006,0.2741014681
cyan,648,12,12,0.92578125,466.0387809,540.2430276,585.6177994,0.2705016109,584.6244667,586.6111322,0.2656961772,0.2753070446
cyan,649,12,12,0.9296875,466.1026639,540.0895994,585.7217592,0.2717096211,584.7284264,586.7150919,0.2669041873,0.2765150548
cyan,650,12,12,0.93359375,466.1662484,539.9358621,585.8252333,0.2729200651,584.8319005,586.818566,0.2681146314,0.2777254988
cyan,651,12,12,0.9375,466.2295349,539.7818157,585.9282225,0.2741329433,584.9348897,586.9215552,0.2693275095,0.278938377
cyan,652,12,12,0.94140625,466.292524,539.62746,586.0307276,0.2753482559,585.0373948,587.0240603,0.2705428221,0.2801536896
cyan,653,12,12,0.9453125,466.3552161,539.4727952,586.1327494,0.2765660031,585.1394167,587.1260822,0.2717605694,0.2813714368
cyan,654,12,12,0.94921875,466.4176118,539.3178211,586.2342888,0.2777861853,585.2409561,587.2276216,0.2729807515,0.282591619
cyan,655,12,12,0.953125,466.4797114,539.1625377,586.3353465,0.2790088026,585.3420138,587.3286793,0.2742033689,0.2838142364
cyan,656,12,12,0.95703125,466.5415156,539.0069449,586.4359234,0.2802338554,585.4425906,587.4292562,0.2754284217,0.2850392892
cyan,657,12,12,0.9609375,466.6030248,538.8510428,586.5360202,0.2814613439,585.5426874,587.5293529,0.2766559102,0.2862667777
cyan,658,12,12,0.96484375,466.6642395,538.6948314,586.6356377,0.2826912684,585.642305,587.6289705,0.2778858347,0.2874967021
cyan,659,12,12,0.96875,466.7251601,538.5383105,586.7347768,0.2839236291,585.741444,587.7281095,0.2791181954,0.2887290629
cyan,660,12,12,0.97265625,466.7857873,538.3814801,586.8334382,0.2851584263,585.8401054,587.8267709,0.2803529926,0.2899638601
cyan,661,12,12,0.9765625,466.8461214,538.2243402,586.9316227,0.2863956603,585.93829,587.9249555,0.2815902266,0.291201094
cyan,662,12,12,0.98046875,466.9061629,538.0668909,587.0293312,0.2876353313,586.0359985,588.022664,0.2828298976,0.292440765
cyan,663,12,12,0.984375,466.9659125,537.9091319,587.1265644,0.2888774396,586.1332317,588.1198972,0.2840720058,0.2936828733
cyan,664,12,12,0.98828125,467.0253704,537.7510634,587.2233232,0.2901219854,586.2299905,588.216656,0.2853165516,0.2949274191
cyan,665,12,12,0.9921875,467.0845374,537.5926853,587.3196083,0.291368969,586.3262756,588.3129411,0.2865635352,0.2961744027
cyan,666,12,12,0.99609375,467.1434137,537.4339975,587.4154206,0.2926183907,586.4220879,588.4087534,0.2878129569,0.2974238244
cyan,667,12,12,1,467.202,537.275,587.5107608,0.2938702507,586.5174281,588.5040936,0.2890648169,0.2986756844
cyan,668,12,13,0.05555555556,467.284,537.0505556,587.6442033,0.2956374045,586.6508705,588.6375361,0.2908319708,0.3004428383
cyan,669,12,13,0.1111111111,467.366,536.8261111,587.7776458,0.2974045584,586.784313,588.7709785,0.2925991247,0.3022099921
cyan,670,12,13,0.1666666667,467.448,536.6016667,587.9110883,0.2991717122,586.9177555,588.904421,0.2943662785,0.303977146
cyan,671,12,13,0.2222222222,467.53,536.3772222,588.0445307,0.3009388661,587.051198,589.0378635,0.2961334324,0.3057442998
cyan,672,12,13,0.2777777778,467.612,536.1527778,588.1779732,0.30270602,587.1846404,589.171306,0.2979005862,0.3075114537
cyan,673,12,13,0.3333333333,467.694,535.9283333,588.3114157,0.3044731738,587.3180829,589.3047484,0.2996677401,0.3092786076
cyan,674,12,13,0.3888888889,467.776,535.7038889,588.4448582,0.3062403277,587.4515254,589.4381909,0.3014348939,0.3110457614
cyan,675,12,13,0.4444444444,467.858,535.4794444,588.5783006,0.3080074815,587.5849679,589.5716334,0.3032020478,0.3128129153
cyan,676,12,13,0.5,467.94,535.255,588.7117431,0.3097746354,587.7184103,589.7050759,0.3049692017,0.3145800691
cyan,677,12,13,0.5555555556,468.022,535.0305556,588.8451856,0.3115417893,587.8518528,589.8385183,0.3067363555,0.316347223
cyan,678,12,13,0.6111111111,468.104,534.8061111,588.978628,0.3133089431,587.9852953,589.9719608,0.3085035094,0.3181143769
cyan,679,12,13,0.6666666667,468.186,534.5816667,589.1120705,0.315076097,588.1187378,590.1054033,0.3102706632,0.3198815307
cyan,680,12,13,0.7222222222,468.268,534.3572222,589.245513,0.3168432508,588.2521802,590.2388458,0.3120378171,0.3216486846
cyan,681,12,13,0.7777777778,468.35,534.1327778,589.3789555,0.3186104047,588.3856227,590.3722882,0.313804971,0.3234158384
cyan,682,12,13,0.8333333333,468.432,533.9083333,589.5123979,0.3203775585,588.5190652,590.5057307,0.3155721248,0.3251829923
cyan,683,12,13,0.8888888889,468.514,533.6838889,589.6458404,0.3221447124,588.6525077,590.6391732,0.3173392787,0.3269501461
cyan,684,12,13,0.9444444444,468.596,533.4594444,589.7792829,0.3239118663,588.7859501,590.7726157,0.3191064325,0.3287173
cyan,685,12,13,1,468.678,533.235,589.9127254,0.3256790201,588.9193926,590.9060581,0.3208735864,0.3304844539
cyan,686,12,14,0.05263157895,468.7545789,533.0031053,590.0373459,0.3275048335,589.0440131,591.0306787,0.3226993998,0.3323102673
cyan,687,12,14,0.1052631579,468.8311579,532.7712105,590.1619664,0.329330647,589.1686337,591.1552992,0.3245252132,0.3341360807
cyan,688,12,14,0.1578947368,468.9077368,532.5393158,590.286587,0.3311564604,589.2932542,591.2799197,0.3263510267,0.3359618941
cyan,689,12,14,0.2105263158,468.9843158,532.3074211,590.4112075,0.3329822738,589.4178748,591.4045403,0.3281768401,0.3377877075
cyan,690,12,14,0.2631578947,469.0608947,532.0755263,590.5358281,0.3348080872,589.5424953,591.5291608,0.3300026535,0.339613521
cyan,691,12,14,0.3157894737,469.1374737,531.8436316,590.6604486,0.3366339007,589.6671158,591.6537814,0.3318284669,0.3414393344
cyan,692,12,14,0.3684210526,469.2140526,531.6117368,590.7850691,0.3384597141,589.7917364,591.7784019,0.3336542803,0.3432651478
cyan,693,12,14,0.4210526316,469.2906316,531.3798421,590.9096897,0.3402855275,589.9163569,591.9030224,0.3354800938,0.3450909612
cyan,694,12,14,0.4736842105,469.3672105,531.1479474,591.0343102,0.3421113409,590.0409775,592.027643,0.3373059072,0.3469167747
cyan,695,12,14,0.5263157895,469.4437895,530.9160526,591.1589308,0.3439371543,590.165598,592.1522635,0.3391317206,0.3487425881
cyan,696,12,14,0.5789473684,469.5203684,530.6841579,591.2835513,0.3457629678,590.2902185,592.2768841,0.340957534,0.3505684015
cyan,697,12,14,0.6315789474,469.5969474,530.4522632,591.4081718,0.3475887812,590.4148391,592.4015046,0.3427833474,0.3523942149
cyan,698,12,14,0.6842105263,469.6735263,530.2203684,591.5327924,0.3494145946,590.5394596,592.5261251,0.3446091609,0.3542200283
cyan,699,12,14,0.7368421053,469.7501053,529.9884737,591.6574129,0.351240408,590.6640802,592.6507457,0.3464349743,0.3560458418
cyan,700,12,14,0.7894736842,469.8266842,529.7565789,591.7820335,0.3530662214,590.7887007,592.7753662,0.3482607877,0.3578716552
cyan,701,12,14,0.8421052632,469.9032632,529.5246842,591.906654,0.3548920349,590.9133212,592.8999867,0.3500866011,0.3596974686
cyan,702,12,14,0.8947368421,469.9798421,529.2927895,592.0312745,0.3567178483,591.0379418,593.0246073,0.3519124146,0.361523282
cyan,703,12,14,0.9473684211,470.0564211,529.0608947,592.1558951,0.3585436617,591.1625623,593.1492278,0.353738228,0.3633490954
cyan,704,12,14,1,470.133,528.829,592.2805156,0.3603694751,591.2871829,593.2738484,0.3555640414,0.3651749089
cyan,705,12,15,0.05,470.20465,528.59065,592.397115,0.3622461138,591.4037823,593.3904478,0.3574406801,0.3670515475
cyan,706,12,15,0.1,470.2763,528.3523,592.5137145,0.3641227525,591.5203817,593.5070472,0.3593173187,0.3689281862
cyan,707,12,15,0.15,470.34795,528.11395,592.6303139,0.3659993911,591.6369811,593.6236467,0.3611939574,0.3708048249
cyan,708,12,15,0.2,470.4196,527.8756,592.7469133,0.3678760298,591.7535806,593.7402461,0.363070596,0.3726814635
cyan,709,12,15,0.25,470.49125,527.63725,592.8635128,0.3697526684,591.87018,593.8568455,0.3649472347,0.3745581022
cyan,710,12,15,0.3,470.5629,527.3989,592.9801122,0.3716293071,591.9867794,593.9734449,0.3668238734,0.3764347408
cyan,711,12,15,0.35,470.63455,527.16055,593.0967116,0.3735059458,592.1033789,594.0900444,0.368700512,0.3783113795
cyan,712,12,15,0.4,470.7062,526.9222,593.213311,0.3753825844,592.2199783,594.2066438,0.3705771507,0.3801880182
cyan,713,12,15,0.45,470.77785,526.68385,593.3299105,0.3772592231,592.3365777,594.3232432,0.3724537894,0.3820646568
cyan,714,12,15,0.5,470.8495,526.4455,593.4465099,0.3791358618,592.4531772,594.4398427,0.374330428,0.3839412955
cyan,715,12,15,0.55,470.92115,526.20715,593.5631093,0.3810125004,592.5697766,594.5564421,0.3762070667,0.3858179342
cyan,716,12,15,0.6,470.9928,525.9688,593.6797088,0.3828891391,592.686376,594.6730415,0.3780837054,0.3876945728
cyan,717,12,15,0.65,471.06445,525.73045,593.7963082,0.3847657778,592.8029754,594.789641,0.379960344,0.3895712115
cyan,718,12,15,0.7,471.1361,525.4921,593.9129076,0.3866424164,592.9195749,594.9062404,0.3818369827,0.3914478502
cyan,719,12,15,0.75,471.20775,525.25375,594.0295071,0.3885190551,593.0361743,595.0228398,0.3837136213,0.3933244888
cyan,720,12,15,0.8,471.2794,525.0154,594.1461065,0.3903956937,593.1527737,595.1394392,0.38559026,0.3952011275
cyan,721,12,15,0.85,471.35105,524.77705,594.2627059,0.3922723324,593.2693732,595.2560387,0.3874668987,0.3970777661
cyan,722,12,15,0.9,471.4227,524.5387,594.3793053,0.3941489711,593.3859726,595.3726381,0.3893435373,0.3989544048
cyan,723,12,15,0.95,471.49435,524.30035,594.4959048,0.3960256097,593.502572,595.4892375,0.391220176,0.4008310435
cyan,724,12,15,1,471.566,524.062,594.6125042,0.3979022484,593.6191715,595.605837,0.3930968147,0.4027076821
cyan,725,12,16,0.00390625,471.6062369,523.9217969,594.6779837,0.3990061317,593.6846509,595.6713164,0.3942006979,0.4038115654
cyan,726,12,16,0.0078125,471.6463932,523.7815704,594.7433319,0.4001101986,593.7499991,595.7366646,0.3953047649,0.4049156324
cyan,727,12,16,0.01171875,471.6864692,523.6413208,594.8085494,0.4012144485,593.8152166,595.8018821,0.3964090148,0.4060198822
cyan,728,12,16,0.015625,471.7264651,523.501048,594.8736366,0.4023188805,593.8803039,595.8669694,0.3975134468,0.4071243142
cyan,729,12,16,0.01953125,471.7663812,523.3607521,594.9385941,0.4034234938,593.9452613,595.9319268,0.39861806,0.4082289275
cyan,730,12,16,0.0234375,471.806218,523.2204334,595.0034222,0.4045282875,594.0100895,595.996755,0.3997228538,0.4093337213
cyan,731,12,16,0.02734375,471.8459755,523.0800918,595.0681216,0.405633261,594.0747889,596.0614544,0.4008278272,0.4104386947
cyan,732,12,16,0.03125,471.8856542,522.9397275,595.1326927,0.4067384132,594.1393599,596.1260254,0.4019329795,0.411543847
cyan,733,12,16,0.03515625,471.9252544,522.7993406,595.1971358,0.4078437436,594.2038031,596.1904686,0.4030383098,0.4126491773
cyan,734,12,16,0.0390625,471.9647763,522.6589312,595.2614517,0.4089492511,594.2681189,596.2547844,0.4041438174,0.4137546849
cyan,735,12,16,0.04296875,472.0042202,522.5184994,595.3256407,0.4100549351,594.3323079,596.3189734,0.4052495014,0.4148603689
cyan,736,12,16,0.046875,472.0435865,522.3780453,595.3897032,0.4111607947,594.3963705,596.383036,0.406355361,0.4159662285
cyan,737,12,16,0.05078125,472.0828754,522.237569,595.4536399,0.4122668291,594.4603071,596.4469726,0.4074613954,0.4170722629
cyan,738,12,16,0.0546875,472.1220872,522.0970705,595.5174511,0.4133730375,594.5241184,596.5107839,0.4085676038,0.4181784713
cyan,739,12,16,0.05859375,472.1612222,521.9565501,595.5811374,0.4144794191,594.5878047,596.5744702,0.4096739854,0.4192848529
cyan,740,12,16,0.0625,472.2002808,521.8160078,595.6446993,0.4155859731,594.6513665,596.638032,0.4107805393,0.4203914068
cyan,741,12,16,0.06640625,472.2392631,521.6754437,595.7081371,0.4166926986,594.7148044,596.7014699,0.4118872648,0.4214981323
cyan,742,12,16,0.0703125,472.2781696,521.5348579,595.7714515,0.4177995948,594.7781187,596.7647842,0.4129941611,0.4226050286
cyan,743,12,16,0.07421875,472.3170005,521.3942506,595.8346428,0.418906661,594.8413101,596.8279756,0.4141012273,0.4237120948
cyan,744,12,16,0.078125,472.3557561,521.2536217,595.8977117,0.4200138964,594.9043789,596.8910444,0.4152084626,0.4248193301
cyan,745,12,16,0.08203125,472.3944367,521.1129715,595.9606584,0.4211213,594.9673257,596.9539912,0.4163158663,0.4259267337
cyan,746,12,16,0.0859375,472.4330426,520.9723,596.0234837,0.4222288711,595.0301509,597.0168164,0.4174234374,0.4270343049
cyan,747,12,16,0.08984375,472.4715742,520.8316073,596.0861878,0.423336609,595.0928551,597.0795206,0.4185311752,0.4281420427
cyan,748,12,16,0.09375,472.5100316,520.6908936,596.1487714,0.4244445127,595.1554386,597.1421041,0.419639079,0.4292499464
cyan,749,12,16,0.09765625,472.5484151,520.5501588,596.2112348,0.4255525815,595.217902,597.2045676,0.4207471477,0.4303580152
cyan,750,12,16,0.1015625,472.5867252,520.4094033,596.2735786,0.4266608145,595.2802458,597.2669114,0.4218553808,0.4314662483
cyan,751,12,16,0.10546875,472.6249621,520.2686269,596.3358033,0.427769211,595.3424705,597.329136,0.4229637773,0.4325746448
cyan,752,12,16,0.109375,472.663126,520.12783,596.3979093,0.4288777702,595.4045765,597.391242,0.4240723364,0.4336832039
cyan,753,12,16,0.11328125,472.7012174,519.9870124,596.4598971,0.4299864911,595.4665643,597.4532298,0.4251810574,0.4347919249
cyan,754,12,16,0.1171875,472.7392364,519.8461744,596.5217672,0.4310953731,595.5284344,597.5150999,0.4262899394,0.4359008068
cyan,755,12,16,0.12109375,472.7771833,519.7053161,596.5835201,0.4322044153,595.5901873,597.5768529,0.4273989816,0.437009849
cyan,756,12,16,0.125,472.8150586,519.5644375,596.6451563,0.4333136169,595.6518235,597.638489,0.4285081831,0.4381190506
cyan,757,12,16,0.12890625,472.8528624,519.4235388,596.7066762,0.4344229771,595.7133434,597.700009,0.4296175433,0.4392284108
cyan,758,12,16,0.1328125,472.8905951,519.28262,596.7680804,0.435532495,595.7747476,597.7614131,0.4307270613,0.4403379287
cyan,759,12,16,0.13671875,472.9282569,519.1416813,596.8293692,0.4366421699,595.8360365,597.822702,0.4318367362,0.4414476036
cyan,760,12,16,0.140625,472.9658482,519.0007228,596.8905433,0.4377520009,595.8972106,597.8838761,0.4329465672,0.4425574347
cyan,761,12,16,0.14453125,473.0033692,518.8597445,596.9516031,0.4388619873,595.9582703,597.9449358,0.4340565536,0.4436674211
cyan,762,12,16,0.1484375,473.0408203,518.7187466,597.012549,0.4399721283,596.0192163,598.0058818,0.4351666945,0.444777562
cyan,763,12,16,0.15234375,473.0782018,518.5777292,597.0733816,0.4410824229,596.0800488,598.0667144,0.4362769892,0.4458878566
cyan,764,12,16,0.15625,473.1155139,518.4366924,597.1341013,0.4421928705,596.1407686,598.1274341,0.4373874367,0.4469983042
cyan,765,12,16,0.16015625,473.1527569,518.2956362,597.1947086,0.4433034701,596.2013759,598.1880414,0.4384980364,0.4481089038
cyan,766,12,16,0.1640625,473.1899311,518.1545609,597.2552041,0.444414221,596.2618713,598.2485368,0.4396087873,0.4492196548
cyan,767,12,16,0.16796875,473.2270369,518.0134664,597.3155881,0.4455251224,596.3222553,598.3089208,0.4407196887,0.4503305562
cyan,768,12,16,0.171875,473.2640746,517.8723529,597.3758612,0.4466361735,596.3825284,598.3691939,0.4418307398,0.4514416072
cyan,769,12,16,0.17578125,473.3010443,517.7312205,597.4360238,0.4477473734,596.442691,598.4293566,0.4429419397,0.4525528072
cyan,770,12,16,0.1796875,473.3379465,517.5900693,597.4960765,0.4488587214,596.5027437,598.4894092,0.4440532877,0.4536641551
cyan,771,12,16,0.18359375,473.3747814,517.4488994,597.5560196,0.4499702166,596.5626869,598.5493524,0.4451647829,0.4547756503
cyan,772,12,16,0.1875,473.4115493,517.3077109,597.6158538,0.4510818582,596.622521,598.6091866,0.4462764245,0.4558872919
cyan,773,12,16,0.19140625,473.4482506,517.166504,597.6755795,0.4521936454,596.6822467,598.6689122,0.4473882117,0.4569990792
cyan,774,12,16,0.1953125,473.4848854,517.0252786,597.7351971,0.4533055775,596.7418643,598.7285298,0.4485001437,0.4581110112
cyan,775,12,16,0.19921875,473.5214542,516.8840349,597.7947071,0.4544176535,596.8013744,598.7880399,0.4496122197,0.4592230872
cyan,776,12,16,0.203125,473.5579571,516.7427731,597.8541101,0.4555298727,596.8607774,598.8474429,0.4507244389,0.4603353064
cyan,777,12,16,0.20703125,473.5943946,516.6014931,597.9134065,0.4566422342,596.9200738,598.9067393,0.4518368005,0.4614476679
cyan,778,12,16,0.2109375,473.6307668,516.4601952,597.9725968,0.4577547373,596.9792641,598.9659296,0.4529493036,0.462560171
cyan,779,12,16,0.21484375,473.6670742,516.3188795,598.0316815,0.4588673812,597.0383488,599.0250143,0.4540619474,0.4636728149
cyan,780,12,16,0.21875,473.703317,516.1775459,598.0906611,0.4599801649,597.0973283,599.0839938,0.4551747312,0.4647855987
cyan,781,12,16,0.22265625,473.7394954,516.0361947,598.149536,0.4610930878,597.1562032,599.1428687,0.4562876541,0.4658985216
cyan,782,12,16,0.2265625,473.7756098,515.8948259,598.2083067,0.4622061491,597.2149739,599.2016394,0.4574007153,0.4670115828
cyan,783,12,16,0.23046875,473.8116605,515.7534396,598.2669737,0.4633193478,597.2736409,599.2603065,0.458513914,0.4681247815
cyan,784,12,16,0.234375,473.8476478,515.612036,598.3255375,0.4644326832,597.3322048,599.3188703,0.4596272494,0.4692381169
cyan,785,12,16,0.23828125,473.883572,515.4706151,598.3839986,0.4655461544,597.3906659,599.3773314,0.4607407207,0.4703515882
cyan,786,12,16,0.2421875,473.9194334,515.3291771,598.4423575,0.4666597608,597.4490247,599.4356902,0.4618543271,0.4714651945
cyan,787,12,16,0.24609375,473.9552322,515.187722,598.5006146,0.4677735014,597.5072818,599.4939474,0.4629680677,0.4725789351
cyan,788,12,16,0.25,473.9909687,515.04625,598.5587704,0.4688873754,597.5654377,599.5521032,0.4640819417,0.4736928092
cyan,789,12,16,0.25390625,474.0266434,514.9047611,598.6168255,0.4700013821,597.6234927,599.6101582,0.4651959484,0.4748068159
cyan,790,12,16,0.2578125,474.0622564,514.7632555,598.6747802,0.4711155206,597.6814474,599.668113,0.4663100869,0.4759209544
cyan,791,12,16,0.26171875,474.0978081,514.6217333,598.7326351,0.4722297901,597.7393023,599.7259679,0.4674243564,0.4770352239
cyan,792,12,16,0.265625,474.1332987,514.4801945,598.7903907,0.4733441899,597.7970579,599.7837234,0.4685387561,0.4781496236
cyan,793,12,16,0.26953125,474.1687286,514.3386392,598.8480474,0.474458719,597.8547146,599.8413801,0.4696532852,0.4792641527
cyan,794,12,16,0.2734375,474.204098,514.1970677,598.9056057,0.4755733766,597.912273,599.8989385,0.4707679429,0.4803788104
cyan,795,12,16,0.27734375,474.2394073,514.0554799,598.9630662,0.4766881621,597.9697334,599.9563989,0.4718827284,0.4814935958
cyan,796,12,16,0.28125,474.2746567,513.913876,599.0204292,0.4778030745,598.0270964,600.0137619,0.4729976408,0.4826085082
cyan,797,12,16,0.28515625,474.3098465,513.772256,599.0776953,0.4789181131,598.0843625,600.0710281,0.4741126793,0.4837235468
cyan,798,12,16,0.2890625,474.3449771,513.6306202,599.134865,0.480033277,598.1415322,600.1281977,0.4752278432,0.4848387107
cyan,799,12,16,0.29296875,474.3800487,513.4889685,599.1919387,0.4811485654,598.1986059,600.1852714,0.4763431316,0.4859539991
cyan,800,12,16,0.296875,474.4150617,513.3473011,599.2489169,0.4822639775,598.2555841,600.2422496,0.4774585438,0.4870694112
cyan,801,12,16,0.30078125,474.4500163,513.2056182,599.3058001,0.4833795125,598.3124674,600.2991329,0.4785740788,0.4881849463
cyan,802,12,16,0.3046875,474.4849128,513.0639197,599.3625888,0.4844951697,598.3692561,600.3559216,0.4796897359,0.4893006034
cyan,803,12,16,0.30859375,474.5197515,512.9222058,599.4192835,0.4856109481,598.4259508,600.4126163,0.4808055143,0.4904163818
cyan,804,12,16,0.3125,474.5545327,512.7804766,599.4758847,0.4867268469,598.4825519,600.4692174,0.4819214132,0.4915322807
cyan,805,12,16,0.31640625,474.5892568,512.6387322,599.5323928,0.4878428655,598.53906,600.5257255,0.4830374317,0.4926482992
cyan,806,12,16,0.3203125,474.6239239,512.4969727,599.5888083,0.4889590029,598.5954755,600.582141,0.4841535691,0.4937644366
cyan,807,12,16,0.32421875,474.6585345,512.3551982,599.6451317,0.4900752583,598.6517989,600.6384645,0.4852698246,0.494880692
cyan,808,12,16,0.328125,474.6930888,512.2134088,599.7013635,0.4911916309,598.7080307,600.6946963,0.4863861972,0.4959970647
cyan,809,12,16,0.33203125,474.727587,512.0716047,599.7575042,0.49230812,598.7641714,600.7508369,0.4875026863,0.4971135537
cyan,810,12,16,0.3359375,474.7620296,511.9297858,599.8135542,0.4934247247,598.8202214,600.806887,0.4886192909,0.4982301584
cyan,811,12,16,0.33984375,474.7964168,511.7879524,599.8695141,0.4945414441,598.8761813,600.8628468,0.4897360104,0.4993468779
cyan,812,12,16,0.34375,474.8307488,511.6461045,599.9253842,0.4956582776,598.9320515,600.918717,0.4908528438,0.5004637113
cyan,813,12,16,0.34765625,474.8650261,511.5042422,599.9811652,0.4967752242,598.9878325,600.974498,0.4919697904,0.5015806579
cyan,814,12,16,0.3515625,474.8992488,511.3623657,600.0368575,0.4978922831,599.0435247,601.0301903,0.4930868494,0.5026977169
cyan,815,12,16,0.35546875,474.9334173,511.220475,600.0924615,0.4990094537,599.0991288,601.0857943,0.4942040199,0.5038148874
cyan,816,12,16,0.359375,474.9675319,511.0785702,600.1479778,0.5001267349,599.1546451,601.1413106,0.4953213012,0.5049321687
cyan,817,12,16,0.36328125,475.0015929,510.9366515,600.2034068,0.5012441261,599.2100741,601.1967396,0.4964386924,0.5060495598
cyan,818,12,16,0.3671875,475.0356005,510.7947189,600.2587491,0.5023616264,599.2654163,601.2520818,0.4975561927,0.5071670602
cyan,819,12,16,0.37109375,475.0695552,510.6527725,600.314005,0.503479235,599.3206723,601.3073378,0.4986738013,0.5082846688
cyan,820,12,16,0.375,475.103457,510.5108125,600.3691752,0.5045969511,599.3758424,601.3625079,0.4997915174,0.5094023849
cyan,821,12,16,0.37890625,475.1373065,510.3688389,600.42426,0.5057147739,599.4309272,601.4175927,0.5009093402,0.5105202077
cyan,822,12,16,0.3828125,475.1711038,510.2268519,600.4792599,0.5068327026,599.4859271,601.4725927,0.5020272688,0.5116381363
cyan,823,12,16,0.38671875,475.2048492,510.0848516,600.5341755,0.5079507363,599.5408427,601.5275082,0.5031453026,0.51275617
cyan,824,12,16,0.390625,475.2385431,509.942838,600.5890072,0.5090688743,599.5956744,601.5823399,0.5042634405,0.513874308
cyan,825,12,16,0.39453125,475.2721858,509.8008113,600.6437555,0.5101871157,599.6504227,601.6370882,0.505381682,0.5149925494
cyan,826,12,16,0.3984375,475.3057775,509.6587715,600.6984208,0.5113054597,599.7050881,601.6917536,0.506500026,0.5161108935
cyan,827,12,16,0.40234375,475.3393186,509.5167188,600.7530038,0.5124239056,599.759671,601.7463365,0.5076184719,0.5172293393
cyan,828,12,16,0.40625,475.3728093,509.3746533,600.8075048,0.5135424525,599.814172,601.8008375,0.5087370187,0.5183478862
cyan,829,12,16,0.41015625,475.4062499,509.2325751,600.8619243,0.5146610995,599.8685915,601.8552571,0.5098556658,0.5194665333
cyan,830,12,16,0.4140625,475.4396408,509.0904842,600.9162628,0.515779846,599.9229301,601.9095956,0.5109744123,0.5205852797
cyan,831,12,16,0.41796875,475.4729822,508.9483808,600.9705209,0.516898691,599.9771881,601.9638536,0.5120932573,0.5217041248
cyan,832,12,16,0.421875,475.5062744,508.806265,601.0246989,0.5180176338,600.0313661,602.0180316,0.5132122001,0.5228230675
cyan,833,12,16,0.42578125,475.5395177,508.6641369,601.0787974,0.5191366735,600.0854646,602.0721301,0.5143312398,0.5239421073
cyan,834,12,16,0.4296875,475.5727125,508.5219966,601.1328168,0.5202558094,600.139484,602.1261495,0.5154503757,0.5250612432
cyan,835,12,16,0.43359375,475.605859,508.3798441,601.1867576,0.5213750406,600.1934249,602.1800904,0.5165696069,0.5261804744
cyan,836,12,16,0.4375,475.6389575,508.2376797,601.2406204,0.5224943664,600.2472877,602.2339532,0.5176889326,0.5272998001
cyan,837,12,16,0.44140625,475.6720083,508.0955033,601.2944056,0.5236137858,600.3010728,602.2877383,0.5188083521,0.5284192196
cyan,838,12,16,0.4453125,475.7050118,507.9533152,601.3481136,0.5247332982,600.3547809,602.3414464,0.5199278644,0.5295387319
cyan,839,12,16,0.44921875,475.7379681,507.8111154,601.401745,0.5258529026,600.4084123,602.3950778,0.5210474688,0.5306583363
cyan,840,12,16,0.453125,475.7708776,507.6689039,601.4553003,0.5269725983,600.4619675,602.448633,0.5221671646,0.531778032
cyan,841,12,16,0.45703125,475.8037407,507.526681,601.5087798,0.5280923845,600.5154471,602.5021126,0.5232869507,0.5328978182
cyan,842,12,16,0.4609375,475.8365575,507.3844467,601.5621842,0.5292122603,600.5688515,602.555517,0.5244068265,0.534017694
cyan,843,12,16,0.46484375,475.8693285,507.2422011,601.6155139,0.5303322249,600.6221812,602.6088467,0.5255267912,0.5351376587
cyan,844,12,16,0.46875,475.9020538,507.0999443,601.6687694,0.5314522776,600.6754366,602.6621021,0.5266468439,0.5362577114
cyan,845,12,16,0.47265625,475.9347338,506.9576765,601.7219511,0.5325724176,600.7286183,602.7152838,0.5277669838,0.5373778513
cyan,846,12,16,0.4765625,475.9673688,506.8153977,601.7750596,0.5336926439,600.7817268,602.7683923,0.5288872102,0.5384980776
cyan,847,12,16,0.48046875,475.999959,506.673108,601.8280952,0.5348129558,600.8347625,602.821428,0.5300075221,0.5396183895
cyan,848,12,16,0.484375,476.0325049,506.5308075,601.8810586,0.5359333525,600.8877259,602.8743914,0.5311279188,0.5407387863
cyan,849,12,16,0.48828125,476.0650066,506.3884964,601.9339502,0.5370538332,600.9406175,602.927283,0.5322483995,0.541859267
cyan,850,12,16,0.4921875,476.0974645,506.2461747,601.9867705,0.5381743971,600.9934377,602.9801033,0.5333689633,0.5429798308
cyan,851,12,16,0.49609375,476.1298789,506.1038425,602.0395199,0.5392950433,601.0461872,603.0328527,0.5344896096,0.544100477
cyan,852,12,16,0.5,476.16225,505.9615,602.092199,0.5404157711,601.0988662,603.0855317,0.5356103373,0.5452212048
cyan,853,12,16,0.50390625,476.1945782,505.8191472,602.1448082,0.5415365796,601.1514754,603.1381409,0.5367311458,0.5463420133
cyan,854,12,16,0.5078125,476.2268637,505.6767843,602.197348,0.542657468,601.2040152,603.1906807,0.5378520342,0.5474629017
cyan,855,12,16,0.51171875,476.2591069,505.5344114,602.2498189,0.5437784355,601.2564861,603.2431516,0.5389730018,0.5485838692
cyan,856,12,16,0.515625,476.2913081,505.3920284,602.3022213,0.5448994813,601.3088886,603.2955541,0.5400940476,0.5497049151
cyan,857,12,16,0.51953125,476.3234675,505.2496357,602.3545558,0.5460206046,601.3612231,603.3478886,0.5412151709,0.5508260384
cyan,858,12,16,0.5234375,476.3555855,505.1072332,602.4068229,0.5471418046,601.4134901,603.4001557,0.5423363709,0.5519472384
cyan,859,12,16,0.52734375,476.3876622,504.9648211,602.459023,0.5482630805,601.4656902,603.4523557,0.5434576468,0.5530685142
cyan,860,12,16,0.53125,476.4196982,504.8223994,602.5111566,0.5493844314,601.5178238,603.5044893,0.5445789977,0.5541898652
cyan,861,12,16,0.53515625,476.4516936,504.6799683,602.5632241,0.5505058566,601.5698914,603.5565569,0.5457004229,0.5553112903
cyan,862,12,16,0.5390625,476.4836487,504.5375279,602.6152262,0.5516273552,601.6218934,603.608559,0.5468219215,0.5564327889
cyan,863,12,16,0.54296875,476.5155638,504.3950783,602.6671632,0.5527489264,601.6738304,603.660496,0.5479434927,0.5575543602
cyan,864,12,16,0.546875,476.5474392,504.2526195,602.7190356,0.5538705695,601.7257029,603.7123684,0.5490651357,0.5586760032
cyan,865,12,16,0.55078125,476.5792753,504.1101517,602.770844,0.5549922835,601.7775113,603.7641768,0.5501868498,0.5597977173
cyan,866,12,16,0.5546875,476.6110723,503.967675,602.8225888,0.5561140678,601.829256,603.8159215,0.551308634,0.5609195015
cyan,867,12,16,0.55859375,476.6428306,503.8251895,602.8742704,0.5572359214,601.8809377,603.8676032,0.5524304876,0.5620413551
cyan,868,12,16,0.5625,476.6745503,503.6826953,602.9258895,0.5583578436,601.9325567,603.9192222,0.5535524098,0.5631632773
cyan,869,12,16,0.56640625,476.7062318,503.5401925,602.9774463,0.5594798335,601.9841136,603.9707791,0.5546743998,0.5642852673
cyan,870,12,16,0.5703125,476.7378755,503.3976812,603.0289415,0.5606018904,602.0356088,604.0222743,0.5557964567,0.5654073241
cyan,871,12,16,0.57421875,476.7694816,503.2551614,603.0803756,0.5617240134,602.0870428,604.0737083,0.5569185797,0.5665294472
cyan,872,12,16,0.578125,476.8010503,503.1126334,603.1317489,0.5628462018,602.1384162,604.1250817,0.5580407681,0.5676516355
cyan,873,12,16,0.58203125,476.8325821,502.9700972,603.183062,0.5639684547,602.1897293,604.1763948,0.5591630209,0.5687738884
cyan,874,12,16,0.5859375,476.8640771,502.8275529,603.2343154,0.5650907712,602.2409827,604.2276482,0.5602853375,0.569896205
cyan,875,12,16,0.58984375,476.8955358,502.6850006,603.2855096,0.5662131507,602.2921768,604.2788423,0.561407717,0.5710185844
cyan,876,12,16,0.59375,476.9269583,502.5424404,603.336645,0.5673355923,602.3433122,604.3299777,0.5625301585,0.572141026
cyan,877,12,16,0.59765625,476.958345,502.3998725,603.387722,0.5684580951,602.3943893,604.3810548,0.5636526613,0.5732635288
cyan,878,12,16,0.6015625,476.9896962,502.2572968,603.4387413,0.5695806584,602.4454086,604.4320741,0.5647752246,0.5743860921
cyan,879,12,16,0.60546875,477.0210122,502.1147136,603.4897033,0.5707032813,602.4963706,604.4830361,0.5658978476,0.575508715
cyan,880,12,16,0.609375,477.0522933,501.9721229,603.5406085,0.5718259631,602.5472757,604.5339412,0.5670205293,0.5766313968
cyan,881,12,16,0.61328125,477.0835397,501.8295249,603.5914573,0.5729487029,602.5981245,604.58479,0.5681432691,0.5777541366
cyan,882,12,16,0.6171875,477.1147518,501.6869195,603.6422502,0.5740714999,602.6489174,604.6355829,0.5692660661,0.5788769336
cyan,883,12,16,0.62109375,477.1459299,501.5443071,603.6929877,0.5751943533,602.699655,604.6863205,0.5703889195,0.579999787
cyan,884,12,16,0.625,477.1770742,501.4016875,603.7436704,0.5763172623,602.7503376,604.7370031,0.5715118286,0.581122696
cyan,885,12,16,0.62890625,477.2081851,501.259061,603.7942986,0.5774402261,602.8009658,604.7876314,0.5726347924,0.5822456598
cyan,886,12,16,0.6328125,477.2392629,501.1164276,603.8448729,0.5785632439,602.8515401,604.8382057,0.5737578101,0.5833686776
cyan,887,12,16,0.63671875,477.2703078,500.9737875,603.8953937,0.5796863148,602.902061,604.8887265,0.5748808811,0.5844917485
cyan,888,12,16,0.640625,477.3013201,500.8311407,603.9458616,0.5808094381,602.9525289,604.9391944,0.5760040043,0.5856148718
cyan,889,12,16,0.64453125,477.3323002,500.6884874,603.996277,0.5819326129,603.0029442,604.9896098,0.5771271792,0.5867380466
cyan,890,12,16,0.6484375,477.3632484,500.5458277,604.0466404,0.5830558384,603.0533076,605.0399731,0.5782504047,0.5878612722
cyan,891,12,16,0.65234375,477.3941649,500.4031616,604.0969522,0.5841791139,603.1036195,605.090285,0.5793736802,0.5889845476
cyan,892,12,16,0.65625,477.42505,500.2604893,604.1472131,0.5853024385,603.1538803,605.1405458,0.5804970047,0.5901078722
cyan,893,12,16,0.66015625,477.455904,500.1178108,604.1974233,0.5864258113,603.2040906,605.1907561,0.5816203776,0.5912312451
cyan,894,12,16,0.6640625,477.4867273,499.9751263,604.2475835,0.5875492317,603.2542508,605.2409163,0.582743798,0.5923546654
cyan,895,12,16,0.66796875,477.5175202,499.8324359,604.2976942,0.5886726987,603.3043614,605.2910269,0.583867265,0.5934781325
cyan,896,12,16,0.671875,477.5482828,499.6897396,604.3477557,0.5897962116,603.3544229,605.3410884,0.5849907779,0.5946016454
cyan,897,12,16,0.67578125,477.5790156,499.5470377,604.3977686,0.5909197696,603.4044358,605.3911013,0.5861143358,0.5957252033
cyan,898,12,16,0.6796875,477.6097188,499.4043301,604.4477333,0.5920433718,603.4544005,605.4410661,0.587237938,0.5968488055
cyan,899,12,16,0.68359375,477.6403927,499.261617,604.4976504,0.5931670174,603.5043176,605.4909832,0.5883615836,0.5979724511
cyan,900,12,16,0.6875,477.6710376,499.1188984,604.5475203,0.5942907056,603.5541876,605.5408531,0.5894852719,0.5990961393
cyan,901,12,16,0.69140625,477.7016538,498.9761746,604.5973436,0.5954144357,603.6040108,605.5906763,0.5906090019,0.6002198694
cyan,902,12,16,0.6953125,477.7322417,498.8334456,604.6471206,0.5965382067,603.6537878,605.6404533,0.591732773,0.6013436404
cyan,903,12,16,0.69921875,477.7628014,498.6907114,604.6968519,0.5976620179,603.7035191,605.6901847,0.5928565842,0.6024674517
cyan,904,12,16,0.703125,477.7933333,498.5479723,604.746538,0.5987858685,603.7532052,605.7398707,0.5939804348,0.6035913023
cyan,905,12,16,0.70703125,477.8238378,498.4052283,604.7961793,0.5999097577,603.8028465,605.789512,0.595104324,0.6047151914
cyan,906,12,16,0.7109375,477.854315,498.2624794,604.8457763,0.6010336846,603.8524435,605.8391091,0.5962282509,0.6058391184
cyan,907,12,16,0.71484375,477.8847653,498.1197259,604.8953295,0.6021576485,603.9019968,605.8886623,0.5973522148,0.6069630822
cyan,908,12,16,0.71875,477.915189,497.9769678,604.9448395,0.6032816485,603.9515067,605.9381722,0.5984762148,0.6080870822
cyan,909,12,16,0.72265625,477.9455864,497.8342052,604.9943066,0.6044056838,604.0009738,605.9876393,0.5996002501,0.6092111175
cyan,910,12,16,0.7265625,477.9759578,497.6914382,605.0437314,0.6055297536,604.0503986,606.0370641,0.6007243199,0.6103351874
cyan,911,12,16,0.73046875,478.0063034,497.5486669,605.0931143,0.6066538572,604.0997815,606.086447,0.6018484234,0.6114592909
cyan,912,12,16,0.734375,478.0366237,497.4058915,605.1424558,0.6077779936,604.149123,606.1357886,0.6029725598,0.6125834273
cyan,913,12,16,0.73828125,478.0669188,497.263112,605.1917564,0.6089021621,604.1984237,606.1850892,0.6040967283,0.6137075958
cyan,914,12,16,0.7421875,478.097189,497.1203285,605.2410167,0.6100263618,604.2476839,606.2343494,0.6052209281,0.6148317956
cyan,915,12,16,0.74609375,478.1274348,496.9775411,605.290237,0.6111505921,604.2969042,606.2835697,0.6063451583,0.6159560258
cyan,916,12,16,0.75,478.1576562,496.83475,605.3394178,0.6122748519,604.3460851,606.3327506,0.6074694182,0.6170802856
cyan,917,12,16,0.75390625,478.1878538,496.6919552,605.3885598,0.6133991406,604.395227,606.3818925,0.6085937069,0.6182045743
cyan,918,12,16,0.7578125,478.2180277,496.5491569,605.4376632,0.6145234573,604.4443304,606.4309959,0.6097180236,0.6193288911
cyan,919,12,16,0.76171875,478.2481783,496.4063551,605.4867286,0.6156478012,604.4933958,606.4800614,0.6108423675,0.620453235
cyan,920,12,16,0.765625,478.2783058,496.2635499,605.5357565,0.6167721716,604.5424238,606.5290893,0.6119667378,0.6215776053
cyan,921,12,16,0.76953125,478.3084105,496.1207415,605.5847474,0.6178965675,604.5914147,606.5780802,0.6130911338,0.6227020012
cyan,922,12,16,0.7734375,478.3384928,495.97793,605.6337018,0.6190209882,604.640369,606.6270345,0.6142155545,0.6238264219
cyan,923,12,16,0.77734375,478.368553,495.8351154,605.68262,0.6201454329,604.6892873,606.6759528,0.6153399991,0.6249508666
cyan,924,12,16,0.78125,478.3985912,495.6922979,605.7315028,0.6212699007,604.73817,606.7248355,0.6164644669,0.6260753344
cyan,925,12,16,0.78515625,478.428608,495.5494775,605.7803504,0.6223943908,604.7870176,606.7736831,0.6175889571,0.6271998246
cyan,926,12,16,0.7890625,478.4586034,495.4066544,605.8291634,0.6235189025,604.8358306,606.8224961,0.6187134688,0.6283243363
cyan,927,12,16,0.79296875,478.4885779,495.2638286,605.8779422,0.624643435,604.8846095,606.871275,0.6198380012,0.6294488687
cyan,928,12,16,0.796875,478.5185317,495.1210004,605.9266874,0.6257679873,604.9333547,606.9200202,0.6209625536,0.630573421
cyan,929,12,16,0.80078125,478.5484651,494.9781697,605.9753995,0.6268925588,604.9820667,606.9687323,0.622087125,0.6316979925
cyan,930,12,16,0.8046875,478.5783784,494.8353367,606.0240789,0.6280171485,605.0307461,607.0174116,0.6232117147,0.6328225822
cyan,931,12,16,0.80859375,478.6082719,494.6925014,606.0727261,0.6291417557,605.0793933,607.0660588,0.624336322,0.6339471894
cyan,932,12,16,0.8125,478.638146,494.5496641,606.1213415,0.6302663796,605.1280088,607.1146743,0.6254609458,0.6350718133
cyan,933,12,16,0.81640625,478.6680009,494.4068247,606.1699257,0.6313910193,605.176593,607.1632585,0.6265855856,0.6361964531
cyan,934,12,16,0.8203125,478.6978368,494.2639834,606.2184792,0.6325156741,605.2251465,607.211812,0.6277102404,0.6373211078
cyan,935,12,16,0.82421875,478.7276542,494.1211403,606.2670024,0.6336403431,605.2736697,607.2603352,0.6288349094,0.6384457769
cyan,936,12,16,0.828125,478.7574533,493.9782955,606.3154959,0.6347650256,605.3221631,607.3088286,0.6299595918,0.6395704593
cyan,937,12,16,0.83203125,478.7872343,493.8354491,606.36396,0.6358897206,605.3706273,607.3572928,0.6310842869,0.6406951544
cyan,938,12,16,0.8359375,478.8169977,493.6926012,606.4123953,0.6370144275,605.4190626,607.4057281,0.6322089938,0.6418198613
cyan,939,12,16,0.83984375,478.8467436,493.549752,606.4608023,0.6381391454,605.4674696,607.4541351,0.6333337116,0.6429445791
cyan,940,12,16,0.84375,478.8764725,493.4069014,606.5091814,0.6392638734,605.5158487,607.5025142,0.6344584397,0.6440693072
cyan,941,12,16,0.84765625,478.9061845,493.2640496,606.5575332,0.6403886108,605.5642005,607.550866,0.6355831771,0.6451940446
cyan,942,12,16,0.8515625,478.93588,493.1211967,606.6058581,0.6415133568,605.6125253,607.5991909,0.6367079231,0.6463187905
cyan,943,12,16,0.85546875,478.9655593,492.9783429,606.6541566,0.6426381105,605.6608238,607.6474893,0.6378326768,0.6474435443
cyan,944,12,16,0.859375,478.9952226,492.8354882,606.7024291,0.6437628712,605.7090964,607.6957619,0.6389574375,0.6485683049
cyan,945,12,16,0.86328125,479.0248703,492.6926327,606.7506763,0.644887638,605.7573435,607.744009,0.6400822042,0.6496930717
cyan,946,12,16,0.8671875,479.0545027,492.5497765,606.7988985,0.6460124101,605.8055657,607.7922312,0.6412069763,0.6508178438
cyan,947,12,16,0.87109375,479.08412,492.4069197,606.8470962,0.6471371867,605.8537634,607.8404289,0.642331753,0.6519426204
cyan,948,12,16,0.875,479.1137227,492.2640625,606.8952699,0.648261967,605.9019371,607.8886026,0.6434565333,0.6530674007
cyan,949,12,16,0.87890625,479.1433108,492.1212049,606.9434201,0.6493867502,605.9500873,607.9367529,0.6445813164,0.6541921839
cyan,950,12,16,0.8828125,479.1728848,491.9783471,606.9915473,0.6505115354,605.9982145,607.9848801,0.6457061017,0.6553169692
cyan,951,12,16,0.88671875,479.202445,491.835489,607.039652,0.651636322,606.0463192,608.0329847,0.6468308882,0.6564417557
cyan,952,12,16,0.890625,479.2319916,491.692631,607.0877346,0.6527611089,606.0944018,608.0810673,0.6479556752,0.6575665427
cyan,953,12,16,0.89453125,479.261525,491.549773,607.1357956,0.6538858955,606.1424629,608.1291284,0.6490804618,0.6586913293
cyan,954,12,16,0.8984375,479.2910454,491.4069151,607.1838356,0.655010681,606.1905028,608.1771683,0.6502052473,0.6598161147
cyan,955,12,16,0.90234375,479.3205531,491.2640575,607.2318549,0.6561354644,606.2385221,608.2251877,0.6513300307,0.6609408982
cyan,956,12,16,0.90625,479.3500485,491.1212002,607.2798541,0.6572602451,606.2865214,608.2731869,0.6524548114,0.6620656788
cyan,957,12,16,0.91015625,479.3795318,490.9783434,607.3278337,0.6583850222,606.334501,608.3211665,0.6535795884,0.6631904559
cyan,958,12,16,0.9140625,479.4090034,490.8354871,607.3757941,0.6595097948,606.3824614,608.3691269,0.6547043611,0.6643152285
cyan,959,12,16,0.91796875,479.4384634,490.6926316,607.4237359,0.6606345622,606.4304031,608.4170687,0.6558291285,0.665439996
cyan,960,12,16,0.921875,479.4679123,490.5497767,607.4716595,0.6617593236,606.4783267,608.4649922,0.6569538899,0.6665647573
cyan,961,12,16,0.92578125,479.4973503,490.4069228,607.5195653,0.6628840781,606.5262326,608.5128981,0.6580786444,0.6676895119
cyan,962,12,16,0.9296875,479.5267778,490.2640698,607.567454,0.664008825,606.5741212,608.5607867,0.6592033913,0.6688142588
cyan,963,12,16,0.93359375,479.5561949,490.1212179,607.6153259,0.6651335634,606.6219931,608.6086586,0.6603281297,0.6699389972
cyan,964,12,16,0.9375,479.5856021,489.9783672,607.6631815,0.6662582926,606.6698488,608.6565143,0.6614528588,0.6710637263
cyan,965,12,16,0.94140625,479.6149995,489.8355177,607.7110214,0.6673830116,606.7176886,608.7043541,0.6625775778,0.6721884453
cyan,966,12,16,0.9453125,479.6443876,489.6926697,607.758846,0.6685077197,606.7655132,608.7521787,0.663702286,0.6733131535
cyan,967,12,16,0.94921875,479.6737665,489.5498231,607.8066557,0.6696324161,606.813323,608.7999885,0.6648269824,0.6744378499
cyan,968,12,16,0.953125,479.7031367,489.4069781,607.8544512,0.6707571,606.8611184,608.8477839,0.6659516663,0.6755625338
cyan,969,12,16,0.95703125,479.7324983,489.2641349,607.9022328,0.6718817706,606.9089,608.8955655,0.6670763368,0.6766872043
cyan,970,12,16,0.9609375,479.7618518,489.1212934,607.950001,0.673006427,606.9566683,608.9433338,0.6682009933,0.6778118607
cyan,971,12,16,0.96484375,479.7911973,488.9784538,607.9977564,0.6741310684,607.0044236,608.9910891,0.6693256347,0.6789365022
cyan,972,12,16,0.96875,479.8205352,488.8356162,608.0454994,0.6752556941,607.0521666,609.0388321,0.6704502604,0.6800611279
cyan,973,12,16,0.97265625,479.8498658,488.6927807,608.0932304,0.6763803032,607.0998977,609.0865632,0.6715748695,0.681185737
cyan,974,12,16,0.9765625,479.8791894,488.5499475,608.1409501,0.6775048949,607.1476173,609.1342828,0.6726994612,0.6823103287
cyan,975,12,16,0.98046875,479.9085062,488.4071165,608.1886588,0.6786294685,607.195326,609.1819915,0.6738240347,0.6834349022
cyan,976,12,16,0.984375,479.9378167,488.264288,608.236357,0.679754023,607.2430242,609.2296897,0.6749485892,0.6845594567
cyan,977,12,16,0.98828125,479.9671209,488.1214619,608.2840452,0.6808785576,607.2907125,609.277378,0.6760731239,0.6856839914
cyan,978,12,16,0.9921875,479.9964194,487.9786385,608.331724,0.6820030717,607.3383912,609.3250568,0.6771976379,0.6868085054
cyan,979,12,16,0.99609375,480.0257123,487.8358179,608.3793938,0.6831275643,607.386061,609.3727265,0.6783221305,0.687932998
cyan,980,12,16,1,480.055,487.693,608.427055,0.6842520346,607.4337222,609.4203877,0.6794466009,0.6890574684
cyan,981,12,17,0.03448275862,480.1038966,487.4504483,608.5066266,0.6861617554,607.5132939,609.4999594,0.6813563217,0.6909671891
cyan,982,12,17,0.06896551724,480.1527931,487.2078966,608.5861983,0.6880714762,607.5928656,609.5795311,0.6832660424,0.6928769099
cyan,983,12,17,0.1034482759,480.2016897,486.9653448,608.66577,0.6899811969,607.6724372,609.6591027,0.6851757632,0.6947866306
cyan,984,12,17,0.1379310345,480.2505862,486.7227931,608.7453416,0.6918909177,607.7520089,609.7386744,0.6870854839,0.6966963514
cyan,985,12,17,0.1724137931,480.2994828,486.4802414,608.8249133,0.6938006384,607.8315806,609.8182461,0.6889952047,0.6986060722
cyan,986,12,17,0.2068965517,480.3483793,486.2376897,608.904485,0.6957103592,607.9111522,609.8978177,0.6909049255,0.7005157929
cyan,987,12,17,0.2413793103,480.3972759,485.9951379,608.9840567,0.69762008,607.9907239,609.9773894,0.6928146462,0.7024255137
cyan,988,12,17,0.275862069,480.4461724,485.7525862,609.0636283,0.6995298007,608.0702956,610.0569611,0.694724367,0.7043352345
cyan,989,12,17,0.3103448276,480.495069,485.5100345,609.1432,0.7014395215,608.1498672,610.1365327,0.6966340877,0.7062449552
cyan,990,12,17,0.3448275862,480.5439655,485.2674828,609.2227717,0.7033492422,608.2294389,610.2161044,0.6985438085,0.708154676
cyan,991,12,17,0.3793103448,480.5928621,485.024931,609.3023433,0.705258963,608.3090106,610.2956761,0.7004535293,0.7100643967
cyan,992,12,17,0.4137931034,480.6417586,484.7823793,609.381915,0.7071686838,608.3885822,610.3752478,0.70236325,0.7119741175
cyan,993,12,17,0.4482758621,480.6906552,484.5398276,609.4614867,0.7090784045,608.4681539,610.4548194,0.7042729708,0.7138838383
cyan,994,12,17,0.4827586207,480.7395517,484.2972759,609.5410583,0.7109881253,608.5477256,610.5343911,0.7061826915,0.715793559
cyan,995,12,17,0.5172413793,480.7884483,484.0547241,609.62063,0.712897846,608.6272972,610.6139628,0.7080924123,0.7177032798
cyan,996,12,17,0.5517241379,480.8373448,483.8121724,609.7002017,0.7148075668,608.7068689,610.6935344,0.7100021331,0.7196130005
cyan,997,12,17,0.5862068966,480.8862414,483.5696207,609.7797733,0.7167172876,608.7864406,610.7731061,0.7119118538,0.7215227213
cyan,998,12,17,0.6206896552,480.9351379,483.327069,609.859345,0.7186270083,608.8660123,610.8526778,0.7138215746,0.7234324421
cyan,999,12,17,0.6551724138,480.9840345,483.0845172,609.9389167,0.7205367291,608.9455839,610.9322494,0.7157312954,0.7253421628
cyan,1000,12,17,0.6896551724,481.032931,482.8419655,610.0184883,0.7224464498,609.0251556,611.0118211,0.7176410161,0.7272518836
cyan,1001,12,17,0.724137931,481.0818276,482.5994138,610.09806,0.7243561706,609.1047273,611.0913928,0.7195507369,0.7291616043
cyan,1002,12,17,0.7586206897,481.1307241,482.3568621,610.1776317,0.7262658914,609.1842989,611.1709644,0.7214604576,0.7310713251
cyan,1003,12,17,0.7931034483,481.1796207,482.1143103,610.2572034,0.7281756121,609.2638706,611.2505361,0.7233701784,0.7329810459
cyan,1004,12,17,0.8275862069,481.2285172,481.8717586,610.336775,0.7300853329,609.3434423,611.3301078,0.7252798992,0.7348907666
cyan,1005,12,17,0.8620689655,481.2774138,481.6292069,610.4163467,0.7319950537,609.4230139,611.4096794,0.7271896199,0.7368004874
cyan,1006,12,17,0.8965517241,481.3263103,481.3866552,610.4959184,0.7339047744,609.5025856,611.4892511,0.7290993407,0.7387102082
cyan,1007,12,17,0.9310344828,481.3752069,481.1441034,610.57549,0.7358144952,609.5821573,611.5688228,0.7310090614,0.7406199289
cyan,1008,12,17,0.9655172414,481.4241034,480.9015517,610.6550617,0.7377242159,609.6617289,611.6483945,0.7329187822,0.7425296497
cyan,1009,12,17,1,481.473,480.659,610.7346334,0.7396339367,609.7413006,611.7279661,0.734828503,0.7444393704
cyan,1010,12,18,0.03333333333,481.5200667,480.4213667,610.8112272,0.7415049327,609.8178944,611.8045599,0.736699499,0.7463103665
cyan,1011,12,18,0.06666666667,481.5671333,480.1837333,610.887821,0.7433759287,609.8944882,611.8811537,0.738570495,0.7481813625
cyan,1012,12,18,0.1,481.6142,479.9461,610.9644148,0.7452469248,609.971082,611.9577476,0.740441491,0.7500523585
cyan,1013,12,18,0.1333333333,481.6612667,479.7084667,611.0410086,0.7471179208,610.0476758,612.0343414,0.742312487,0.7519233545
cyan,1014,12,18,0.1666666667,481.7083333,479.4708333,611.1176024,0.7489889168,610.1242697,612.1109352,0.7441834831,0.7537943505
cyan,1015,12,18,0.2,481.7554,479.2332,611.1941962,0.7508599128,610.2008635,612.187529,0.7460544791,0.7556653465
cyan,1016,12,18,0.2333333333,481.8024667,478.9955667,611.27079,0.7527309088,610.2774573,612.2641228,0.7479254751,0.7575363426
cyan,1017,12,18,0.2666666667,481.8495333,478.7579333,611.3473838,0.7546019048,610.3540511,612.3407166,0.7497964711,0.7594073386
cyan,1018,12,18,0.3,481.8966,478.5203,611.4239777,0.7564729009,610.4306449,612.4173104,0.7516674671,0.7612783346
cyan,1019,12,18,0.3333333333,481.9436667,478.2826667,611.5005715,0.7583438969,610.5072387,612.4939042,0.7535384631,0.7631493306
cyan,1020,12,18,0.3666666667,481.9907333,478.0450333,611.5771653,0.7602148929,610.5838325,612.570498,0.7554094592,0.7650203266
cyan,1021,12,18,0.4,482.0378,477.8074,611.6537591,0.7620858889,610.6604263,612.6470918,0.7572804552,0.7668913227
cyan,1022,12,18,0.4333333333,482.0848667,477.5697667,611.7303529,0.7639568849,610.7370201,612.7236857,0.7591514512,0.7687623187
cyan,1023,12,18,0.4666666667,482.1319333,477.3321333,611.8069467,0.765827881,610.813614,612.8002795,0.7610224472,0.7706333147
cyan,1024,12,18,0.5,482.179,477.0945,611.8835405,0.767698877,610.8902078,612.8768733,0.7628934432,0.7725043107
cyan,1025,12,18,0.5333333333,482.2260667,476.8568667,611.9601343,0.769569873,610.9668016,612.9534671,0.7647644393,0.7743753067
cyan,1026,12,18,0.5666666667,482.2731333,476.6192333,612.0367281,0.771440869,611.0433954,613.0300609,0.7666354353,0.7762463027
cyan,1027,12,18,0.6,482.3202,476.3816,612.113322,0.773311865,611.1199892,613.1066547,0.7685064313,0.7781172988
cyan,1028,12,18,0.6333333333,482.3672667,476.1439667,612.1899158,0.7751828611,611.196583,613.1832485,0.7703774273,0.7799882948
cyan,1029,12,18,0.6666666667,482.4143333,475.9063333,612.2665096,0.7770538571,611.2731768,613.2598423,0.7722484233,0.7818592908
cyan,1030,12,18,0.7,482.4614,475.6687,612.3431034,0.7789248531,611.3497706,613.3364361,0.7741194194,0.7837302868
cyan,1031,12,18,0.7333333333,482.5084667,475.4310667,612.4196972,0.7807958491,611.4263644,613.41303,0.7759904154,0.7856012828
cyan,1032,12,18,0.7666666667,482.5555333,475.1934333,612.496291,0.7826668451,611.5029582,613.4896238,0.7778614114,0.7874722789
cyan,1033,12,18,0.8,482.6026,474.9558,612.5728848,0.7845378411,611.5795521,613.5662176,0.7797324074,0.7893432749
cyan,1034,12,18,0.8333333333,482.6496667,474.7181667,612.6494786,0.7864088372,611.6561459,613.6428114,0.7816034034,0.7912142709
cyan,1035,12,18,0.8666666667,482.6967333,474.4805333,612.7260724,0.7882798332,611.7327397,613.7194052,0.7834743994,0.7930852669
cyan,1036,12,18,0.9,482.7438,474.2429,612.8026662,0.7901508292,611.8093335,613.795999,0.7853453955,0.7949562629
cyan,1037,12,18,0.9333333333,482.7908667,474.0052667,612.8792601,0.7920218252,611.8859273,613.8725928,0.7872163915,0.796827259
cyan,1038,12,18,0.9666666667,482.8379333,473.7676333,612.9558539,0.7938928212,611.9625211,613.9491866,0.7890873875,0.798698255
cyan,1039,12,18,1,482.885,473.53,613.0324477,0.7957638173,612.0391149,614.0257804,0.7909583835,0.800569251
cyan,1040,12,19,0.00390625,482.9214846,473.3519146,613.0918208,0.7971659654,612.098488,614.0851536,0.7923605316,0.8019713991
cyan,1041,12,19,0.0078125,482.9579311,473.1737913,613.1511318,0.7985684111,612.1577991,614.1444646,0.7937629773,0.8033738448
cyan,1042,12,19,0.01171875,482.99434,472.9956307,613.2103818,0.7999711512,612.217049,614.2037146,0.7951657175,0.804776585
cyan,1043,12,19,0.015625,483.0307121,472.8174331,613.2695718,0.8013741829,612.2762391,614.2629046,0.7965687492,0.8061796167
cyan,1044,12,19,0.01953125,483.067048,472.6391988,613.3287029,0.802777503,612.3353702,614.3220357,0.7979720693,0.8075829368
cyan,1045,12,19,0.0234375,483.1033483,472.4609282,613.3877762,0.8041811086,612.3944435,614.381109,0.7993756748,0.8089865423
cyan,1046,12,19,0.02734375,483.1396138,472.2826218,613.4467927,0.8055849965,612.45346,614.4401255,0.8007795628,0.8103904302
cyan,1047,12,19,0.03125,483.175845,472.10428,613.5057535,0.8069891637,612.5124208,614.4990863,0.80218373,0.8117945975
cyan,1048,12,19,0.03515625,483.2120427,471.925903,613.5646597,0.8083936073,612.571327,614.5579925,0.8035881736,0.813199041
cyan,1049,12,19,0.0390625,483.2482075,471.7474913,613.6235123,0.8097983241,612.6301796,614.6168451,0.8049928904,0.8146037579
cyan,1050,12,19,0.04296875,483.28434,471.5690453,613.6823125,0.8112033112,612.6889797,614.6756452,0.8063978775,0.8160087449
cyan,1051,12,19,0.046875,483.3204408,471.3905654,613.7410611,0.8126085655,612.7477284,614.7343939,0.8078031317,0.8174139992
cyan,1052,12,19,0.05078125,483.3565108,471.2120519,613.7997595,0.8140140839,612.8064267,614.7930922,0.8092086501,0.8188195176
cyan,1053,12,19,0.0546875,483.3925504,471.0335052,613.8584085,0.8154198634,612.8650757,614.8517413,0.8106144297,0.8202252972
cyan,1054,12,19,0.05859375,483.4285605,470.8549258,613.9170093,0.8168259011,612.9236765,614.9103421,0.8120204673,0.8216313348
cyan,1055,12,19,0.0625,483.4645415,470.676314,613.9755629,0.8182321938,612.9822302,614.9688957,0.8134267601,0.8230376275
cyan,1056,12,19,0.06640625,483.5004942,470.4976701,614.0340705,0.8196387385,613.0407377,615.0274033,0.8148333048,0.8244441723
cyan,1057,12,19,0.0703125,483.5364193,470.3189947,614.092533,0.8210455322,613.0992003,615.0858658,0.8162400985,0.825850966
cyan,1058,12,19,0.07421875,483.5723173,470.140288,614.1509516,0.8224525719,613.1576188,615.1442843,0.8176471382,0.8272580056
cyan,1059,12,19,0.078125,483.608189,469.9615504,614.2093273,0.8238598545,613.2159945,615.20266,0.8190544208,0.8286652882
cyan,1060,12,19,0.08203125,483.6440349,469.7827824,614.2676611,0.825267377,613.2743284,615.2609939,0.8204619432,0.8300728107
cyan,1061,12,19,0.0859375,483.6798559,469.6039843,614.3259542,0.8266751363,613.3326214,615.319287,0.8218697025,0.83148057
cyan,1062,12,19,0.08984375,483.7156524,469.4251565,614.3842076,0.8280831294,613.3908748,615.3775404,0.8232776956,0.8328885631
cyan,1063,12,19,0.09375,483.7514252,469.2462994,614.4424224,0.8294913533,613.4490896,615.4357551,0.8246859195,0.834296787
cyan,1064,12,19,0.09765625,483.787175,469.0674133,614.5005996,0.8308998049,613.5072669,615.4939324,0.8260943712,0.8357052386
cyan,1065,12,19,0.1015625,483.8229023,468.8884988,614.5587404,0.8323084812,613.5654076,615.5520731,0.8275030475,0.837113915
cyan,1066,12,19,0.10546875,483.8586078,468.709556,614.6168457,0.8337173793,613.6235129,615.6101784,0.8289119455,0.838522813
cyan,1067,12,19,0.109375,483.8942923,468.5305855,614.6749167,0.8351264959,613.6815839,615.6682494,0.8303210622,0.8399319296
cyan,1068,12,19,0.11328125,483.9299562,468.3515877,614.7329543,0.8365358281,613.7396216,615.7262871,0.8317303944,0.8413412619
cyan,1069,12,19,0.1171875,483.9656004,468.1725628,614.7909598,0.8379453729,613.797627,615.7842926,0.8331399392,0.8427508067
cyan,1070,12,19,0.12109375,484.0012255,467.9935113,614.8489341,0.8393551273,613.8556014,615.8422669,0.8345496935,0.844160561
cyan,1071,12,19,0.125,484.036832,467.8144336,614.9068784,0.8407650881,613.9135456,615.9002111,0.8359596543,0.8455705218
cyan,1072,12,19,0.12890625,484.0724208,467.63533,614.9647936,0.8421752524,613.9714608,615.9581263,0.8373698186,0.8469806861
cyan,1073,12,19,0.1328125,484.1079923,467.456201,615.0226808,0.8435856171,614.0293481,616.0160136,0.8387801833,0.8483910508
cyan,1074,12,19,0.13671875,484.1435474,467.277047,615.0805412,0.8449961791,614.0872085,616.073874,0.8401907454,0.8498016129
cyan,1075,12,19,0.140625,484.1790865,467.0978682,615.1383758,0.8464069356,614.1450431,616.1317086,0.8416015018,0.8512123693
cyan,1076,12,19,0.14453125,484.2146105,466.9186651,615.1961856,0.8478178833,614.2028529,616.1895184,0.8430124496,0.852623317
cyan,1077,12,19,0.1484375,484.2501199,466.7394381,615.2539718,0.8492290193,614.260639,616.2473046,0.8444235856,0.8540344531
cyan,1078,12,19,0.15234375,484.2856154,466.5601876,615.3117353,0.8506403406,614.3184026,616.3050681,0.8458349069,0.8554457743
cyan,1079,12,19,0.15625,484.3210977,466.380914,615.3694773,0.8520518441,614.3761446,616.3628101,0.8472464103,0.8568572778
cyan,1080,12,19,0.16015625,484.3565674,466.2016176,615.4271989,0.8534635267,614.4338661,616.4205316,0.848658093,0.8582689605
cyan,1081,12,19,0.1640625,484.3920252,466.0222988,615.484901,0.8548753855,614.4915682,616.4782337,0.8500699518,0.8596808192
cyan,1082,12,19,0.16796875,484.4274717,465.8429581,615.5425847,0.8562874174,614.549252,616.5359175,0.8514819837,0.8610928511
cyan,1083,12,19,0.171875,484.4629076,465.6635957,615.6002512,0.8576996194,614.6069185,616.593584,0.8528941856,0.8625050531
cyan,1084,12,19,0.17578125,484.4983335,465.4842121,615.6579015,0.8591119883,614.6645688,616.6512343,0.8543065546,0.8639174221
cyan,1085,12,19,0.1796875,484.5337501,465.3048077,615.7155367,0.8605245213,614.7222039,616.7088694,0.8557190876,0.8653299551
cyan,1086,12,19,0.18359375,484.5691581,465.1253829,615.7731578,0.8619372153,614.779825,616.7664905,0.8571317815,0.866742649
cyan,1087,12,19,0.1875,484.6045581,464.945938,615.8307658,0.8633500671,614.8374331,616.8240986,0.8585446334,0.8681555009
cyan,1088,12,19,0.19140625,484.6399508,464.7664734,615.888362,0.8647630739,614.8950292,616.8816947,0.8599576402,0.8695685076
cyan,1089,12,19,0.1953125,484.6753367,464.5869896,615.9459472,0.8661762325,614.9526145,616.93928,0.8613707988,0.8709816662
cyan,1090,12,19,0.19921875,484.7107167,464.4074868,616.0035227,0.8675895399,615.0101899,616.9968554,0.8627841062,0.8723949737
cyan,1091,12,19,0.203125,484.7460913,464.2279655,616.0610894,0.8690029932,615.0677566,617.0544222,0.8641975594,0.8738084269
cyan,1092,12,19,0.20703125,484.7814611,464.0484261,616.1186485,0.8704165891,615.1253157,617.1119812,0.8656111554,0.8752220229
cyan,1093,12,19,0.2109375,484.8168269,463.8688689,616.1762009,0.8718303248,615.1828682,617.1695337,0.8670248911,0.8766357585
cyan,1094,12,19,0.21484375,484.8521893,463.6892944,616.2337478,0.8732441972,615.2404151,617.2270806,0.8684387634,0.8780496309
cyan,1095,12,19,0.21875,484.887549,463.5097029,616.2912903,0.8746582031,615.2979575,617.284623,0.8698527694,0.8794636369
cyan,1096,12,19,0.22265625,484.9229066,463.3300949,616.3488293,0.8760723398,615.3554966,617.3421621,0.871266906,0.8808777735
cyan,1097,12,19,0.2265625,484.9582627,463.1504706,616.4063661,0.8774866039,615.4130333,617.3996988,0.8726811702,0.8822920377
cyan,1098,12,19,0.23046875,484.9936181,462.9708305,616.4639015,0.8789009926,615.4705688,617.4572343,0.8740955589,0.8837064264
cyan,1099,12,19,0.234375,485.0289734,462.791175,616.5214368,0.8803155028,615.528104,617.5147696,0.8755100691,0.8851209366
cyan,1100,12,19,0.23828125,485.0643291,462.6115044,616.5789729,0.8817301315,615.5856402,617.5723057,0.8769246978,0.8865355653
cyan,1101,12,19,0.2421875,485.0996861,462.4318192,616.636511,0.8831448756,615.6431783,617.6298438,0.8783394419,0.8879503094
cyan,1102,12,19,0.24609375,485.1350449,462.2521196,616.6940521,0.8845597321,615.7007193,617.6873848,0.8797542984,0.8893651659
cyan,1103,12,19,0.25,485.1704063,462.0724063,616.7515972,0.885974698,615.7582645,617.74493,0.8811692642,0.8907801317
cyan,1104,12,19,0.25390625,485.2057707,461.8926793,616.8091475,0.8873897702,615.8158148,617.8024803,0.8825843364,0.8921952039
cyan,1105,12,19,0.2578125,485.241139,461.7129393,616.866704,0.8888049456,615.8733713,617.8600368,0.8839995119,0.8936103794
cyan,1106,12,19,0.26171875,485.2765118,461.5331866,616.9242678,0.8902202214,615.930935,617.9176006,0.8854147876,0.8950256551
cyan,1107,12,19,0.265625,485.3118897,461.3534215,616.9818399,0.8916355943,615.9885072,617.9751727,0.8868301606,0.896441028
cyan,1108,12,19,0.26953125,485.3472734,461.1736444,617.0394214,0.8930510614,616.0460887,618.0327542,0.8882456277,0.8978564951
cyan,1109,12,19,0.2734375,485.3826635,460.9938558,617.0970134,0.8944666197,616.1036807,618.0903462,0.8896611859,0.8992720534
cyan,1110,12,19,0.27734375,485.4180607,460.8140559,617.154617,0.8958822661,616.1612842,618.1479498,0.8910768323,0.9006876998
cyan,1111,12,19,0.28125,485.4534656,460.6342453,617.2122332,0.8972979975,616.2189004,618.2055659,0.8924925638,0.9021034312
cyan,1112,12,19,0.28515625,485.488879,460.4544242,617.269863,0.898713811,616.2765302,618.2631957,0.8939083773,0.9035192447
cyan,1113,12,19,0.2890625,485.5243014,460.2745932,617.3275076,0.9001297035,616.3341748,618.3208403,0.8953242698,0.9049351372
cyan,1114,12,19,0.29296875,485.5597336,460.0947524,617.385168,0.901545672,616.3918352,618.3785007,0.8967402382,0.9063511057
cyan,1115,12,19,0.296875,485.5951761,459.9149024,617.4428453,0.9029617134,616.4495125,618.436178,0.8981562796,0.9077671471
cyan,1116,12,19,0.30078125,485.6306296,459.7350435,617.5005405,0.9043778247,616.5072077,618.4938732,0.8995723909,0.9091832584
cyan,1117,12,19,0.3046875,485.6660949,459.5551762,617.5582547,0.9057940028,616.564922,618.5515875,0.9009885691,0.9105994366
cyan,1118,12,19,0.30859375,485.7015724,459.3753007,617.615989,0.9072102448,616.6226563,618.6093218,0.9024048111,0.9120156786
cyan,1119,12,19,0.3125,485.737063,459.1954175,617.6737445,0.9086265476,616.6804118,618.6670773,0.9038211139,0.9134319813
cyan,1120,12,19,0.31640625,485.7725672,459.0155269,617.7315222,0.9100429081,616.7381895,618.724855,0.9052374744,0.9148483419
cyan,1121,12,19,0.3203125,485.8080857,458.8356295,617.7893232,0.9114593234,616.7959904,618.782656,0.9066538897,0.9162647571
cyan,1122,12,19,0.32421875,485.8436192,458.6557254,617.8471485,0.9128757904,616.8538158,618.8404813,0.9080703566,0.9176812241
cyan,1123,12,19,0.328125,485.8791683,458.4758152,617.9049993,0.914292306,616.9116665,618.898332,0.9094868722,0.9190977397
cyan,1124,12,19,0.33203125,485.9147337,458.2958992,617.9628765,0.9157088672,616.9695438,618.9562093,0.9109034334,0.9205143009
cyan,1125,12,19,0.3359375,485.9503161,458.1159777,618.0207813,0.917125471,617.0274486,619.0141141,0.9123200372,0.9219309047
cyan,1126,12,19,0.33984375,485.985916,457.9360513,618.0787147,0.9185421143,617.085382,619.0720475,0.9137366806,0.923347548
cyan,1127,12,19,0.34375,486.0215341,457.7561202,618.1366778,0.9199587942,617.1433451,619.1300106,0.9151533604,0.9247642279
cyan,1128,12,19,0.34765625,486.0571712,457.5761848,618.1946717,0.9213755075,617.2013389,619.1880045,0.9165700737,0.9261809412
cyan,1129,12,19,0.3515625,486.0928278,457.3962456,618.2526974,0.9227922512,617.2593646,619.2460301,0.9179868175,0.927597685
cyan,1130,12,19,0.35546875,486.1285046,457.2163029,618.310756,0.9242090224,617.3174232,619.3040887,0.9194035887,0.9290144561
cyan,1131,12,19,0.359375,486.1642023,457.0363572,618.3688485,0.9256258179,617.3755157,619.3621813,0.9208203842,0.9304312517
cyan,1132,12,19,0.36328125,486.1999215,456.8564087,618.4269761,0.9270426348,617.4336433,619.4203088,0.9222372011,0.9318480685
cyan,1133,12,19,0.3671875,486.2356629,456.6764578,618.4851397,0.92845947,617.491807,619.4784725,0.9236540362,0.9332649037
cyan,1134,12,19,0.37109375,486.2714271,456.4965051,618.5433405,0.9298763204,617.5500078,619.5366733,0.9250708867,0.9346817541
cyan,1135,12,19,0.375,486.3072148,456.3165508,618.6015796,0.931293183,617.6082468,619.5949123,0.9264877493,0.9360986168
cyan,1136,12,19,0.37890625,486.3430267,456.1365953,618.6598579,0.9327100549,617.6665252,619.6531907,0.9279046211,0.9375154886
cyan,1137,12,19,0.3828125,486.3788634,455.956639,618.7181766,0.9341269329,617.7248439,619.7115094,0.9293214991,0.9389323666
cyan,1138,12,19,0.38671875,486.4147255,455.7766824,618.7765368,0.935543814,617.783204,619.7698695,0.9307383802,0.9403492477
cyan,1139,12,19,0.390625,486.4506137,455.5967257,618.8349394,0.9369606952,617.8416066,619.8282721,0.9321552614,0.9417661289
cyan,1140,12,19,0.39453125,486.4865288,455.4167694,618.8933856,0.9383775734,617.9000528,619.8867183,0.9335721397,0.9431830072
cyan,1141,12,19,0.3984375,486.5224712,455.2368139,618.9518764,0.9397944457,617.9585437,619.9452092,0.934989012,0.9445998794
cyan,1142,12,19,0.40234375,486.5584417,455.0568595,619.0104129,0.9412113089,618.0170802,620.0037457,0.9364058752,0.9460167427
cyan,1143,12,19,0.40625,486.594441,454.8769067,619.0689962,0.9426281601,618.0756635,620.062329,0.9378227264,0.9474335939
cyan,1144,12,19,0.41015625,486.6304696,454.6969557,619.1276274,0.9440449962,618.1342946,620.1209601,0.9392395625,0.9488504299
cyan,1145,12,19,0.4140625,486.6665283,454.5170071,619.1863074,0.9454618142,618.1929746,620.1796402,0.9406563804,0.9502672479
cyan,1146,12,19,0.41796875,486.7026177,454.3370612,619.2450374,0.946878611,618.2517046,620.2383702,0.9420731772,0.9516840447
cyan,1147,12,19,0.421875,486.7387385,454.1571183,619.3038184,0.9482953836,618.3104857,620.2971512,0.9434899498,0.9531008173
cyan,1148,12,19,0.42578125,486.7748913,453.9771789,619.3626516,0.9497121289,618.3693188,620.3559843,0.9449066952,0.9545175627
cyan,1149,12,19,0.4296875,486.8110768,453.7972433,619.4215379,0.951128844,618.4282051,620.4148706,0.9463234103,0.9559342778
cyan,1150,12,19,0.43359375,486.8472956,453.617312,619.4804784,0.9525455258,618.4871457,620.4738112,0.9477400921,0.9573509596
cyan,1151,12,19,0.4375,486.8835483,453.4373853,619.5394743,0.9539621713,618.5461415,620.5328071,0.9491567375,0.958767605
cyan,1152,12,19,0.44140625,486.9198358,453.2574635,619.5985265,0.9553787774,618.6051938,620.5918593,0.9505733436,0.9601842111
cyan,1153,12,19,0.4453125,486.9561585,453.0775472,619.6576362,0.956795341,618.6643034,620.650969,0.9519899073,0.9616007748
cyan,1154,12,19,0.44921875,486.9925171,452.8976366,619.7168044,0.9582118592,618.7234716,620.7101371,0.9534064255,0.963017293
cyan,1155,12,19,0.453125,487.0289124,452.7177322,619.7760321,0.959628329,618.7826994,620.7693649,0.9548228952,0.9644337627
cyan,1156,12,19,0.45703125,487.065345,452.5378344,619.8353205,0.9610447472,618.8419878,620.8286533,0.9562393135,0.9658501809
cyan,1157,12,19,0.4609375,487.1018154,452.3579434,619.8946706,0.9624611109,618.9013379,620.8880034,0.9576556771,0.9672665446
cyan,1158,12,19,0.46484375,487.1383245,452.1780598,619.9540835,0.9638774169,618.9607508,620.9474163,0.9590719832,0.9686828507
cyan,1159,12,19,0.46875,487.1748727,451.9981839,620.0135603,0.9652936624,619.0202275,621.006893,0.9604882287,0.9700990961
cyan,1160,12,19,0.47265625,487.2114609,451.8183161,620.0731019,0.9667098442,619.0797691,621.0664347,0.9619044105,0.9715152779
cyan,1161,12,19,0.4765625,487.2480896,451.6384567,620.1327095,0.9681259593,619.1393768,621.1260423,0.9633205256,0.972931393
cyan,1162,12,19,0.48046875,487.2847595,451.4586062,620.1923842,0.9695420047,619.1990514,621.185717,0.9647365709,0.9743474384
cyan,1163,12,19,0.484375,487.3214713,451.2787649,620.252127,0.9709579773,619.2587942,621.2454597,0.9661525435,0.975763411
cyan,1164,12,19,0.48828125,487.3582255,451.0989333,620.3119389,0.9723738741,619.3186062,621.3052717,0.9675684403,0.9771793078
cyan,1165,12,19,0.4921875,487.395023,450.9191117,620.3718212,0.973789692,619.3784884,621.3651539,0.9689842583,0.9785951258
cyan,1166,12,19,0.49609375,487.4318643,450.7393004,620.4317747,0.9752054281,619.4384419,621.4251075,0.9703999944,0.9800108619
cyan,1167,12,19,0.5,487.46875,450.5595,620.4918006,0.9766210793,619.4984679,621.4851334,0.9718156456,0.9814265131
cyan,1168,12,19,0.50390625,487.5056809,450.3797107,620.5519,0.9780366426,619.5585672,621.5452327,0.9732312089,0.9828420763
cyan,1169,12,19,0.5078125,487.5426576,450.199933,620.6120739,0.9794521149,619.6187411,621.6054066,0.9746466811,0.9842575486
cyan,1170,12,19,0.51171875,487.5796807,450.0201672,620.6723233,0.9808674931,619.6789906,621.6656561,0.9760620594,0.9856729269
cyan,1171,12,19,0.515625,487.6167509,449.8404138,620.7326495,0.9822827743,619.7393167,621.7259822,0.9774773406,0.9870882081
cyan,1172,12,19,0.51953125,487.6538689,449.660673,620.7930533,0.9836979555,619.7997205,621.7863861,0.9788925217,0.9885033892
cyan,1173,12,19,0.5234375,487.6910353,449.4809454,620.8535359,0.9851130335,619.8602032,621.8468687,0.9803075997,0.9899184672
cyan,1174,12,19,0.52734375,487.7282507,449.3012312,620.9140984,0.9865280053,619.9207657,621.9074312,0.9817225716,0.9913334391
cyan,1175,12,19,0.53125,487.7655159,449.1215309,620.9747418,0.987942868,619.9814091,621.9680746,0.9831374343,0.9927483017
cyan,1176,12,19,0.53515625,487.8028315,448.9418449,621.0354672,0.9893576184,620.0421345,622.0288,0.9845521847,0.9941630522
cyan,1177,12,19,0.5390625,487.8401981,448.7621735,621.0962757,0.9907722536,620.1029429,622.0896084,0.9859668199,0.9955776873
cyan,1178,12,19,0.54296875,487.8776164,448.5825171,621.1571683,0.9921867705,620.1638355,622.150501,0.9873813368,0.9969922042
cyan,1179,12,19,0.546875,487.9150871,448.4028762,621.218146,0.993601166,620.2248133,622.2114788,0.9887957323,0.9984065998
cyan,1180,12,19,0.55078125,487.9526108,448.223251,621.2792101,0.9950154372,620.2858773,622.2725428,0.9902100035,0.999820871
cyan,1181,12,19,0.5546875,487.9901881,448.043642,621.3403614,0.996429581,620.3470287,622.3336942,0.9916241473,1.001235015
cyan,1182,12,19,0.55859375,488.0278197,447.8640496,621.4016012,0.9978435944,620.4082684,622.3949339,0.9930381606,1.002649028
cyan,1183,12,19,0.5625,488.0655063,447.6844741,621.4629304,0.9992574742,620.4695977,622.4562632,0.9944520405,1.004062908
cyan,1184,12,19,0.56640625,488.1032486,447.504916,621.5243502,1.000671218,620.5310174,622.5176829,0.9958657839,1.005476651
cyan,1185,12,19,0.5703125,488.1410471,447.3253756,621.5858615,1.002084821,620.5925287,622.5791943,0.9972793877,1.006890255
cyan,1186,12,19,0.57421875,488.1789026,447.1458533,621.6474655,1.003498283,620.6541327,622.6407983,0.9986928489,1.008303716
cyan,1187,12,19,0.578125,488.2168157,446.9663495,621.7091632,1.004911598,620.7158305,622.702496,1.000106165,1.009717032
cyan,1188,12,19,0.58203125,488.254787,446.7868646,621.7709558,1.006324765,620.777623,622.7642885,1.001519332,1.011130199
cyan,1189,12,19,0.5859375,488.2928172,446.6073989,621.8328442,1.007737781,620.8395114,622.8261769,1.002932347,1.012543214
cyan,1190,12,19,0.58984375,488.330907,446.4279529,621.8948295,1.009150641,620.9014967,622.8881623,1.004345207,1.013956075
cyan,1191,12,19,0.59375,488.3690571,446.2485269,621.9569128,1.010563344,620.9635801,622.9502456,1.00575791,1.015368778
cyan,1192,12,19,0.59765625,488.407268,446.0691214,622.0190952,1.011975886,621.0257625,623.012428,1.007170452,1.01678132
cyan,1193,12,19,0.6015625,488.4455404,445.8897366,622.0813778,1.013388264,621.088045,623.0747105,1.00858283,1.018193698
cyan,1194,12,19,0.60546875,488.483875,445.7103731,622.1437615,1.014800475,621.1504288,623.1370943,1.009995042,1.019605909
cyan,1195,12,19,0.609375,488.5222725,445.5310311,622.2062475,1.016212517,621.2129148,623.1995803,1.011407083,1.021017951
cyan,1196,12,19,0.61328125,488.5607334,445.3517111,622.2688369,1.017624385,621.2755041,623.2621696,1.012818952,1.022429819
cyan,1197,12,19,0.6171875,488.5992586,445.1724134,622.3315306,1.019036078,621.3381979,623.3248634,1.014230644,1.023841512
cyan,1198,12,19,0.62109375,488.6378485,444.9931385,622.3943298,1.020447591,621.4009971,623.3876626,1.015642158,1.025253025
cyan,1199,12,19,0.625,488.6765039,444.8138867,622.4572356,1.021858923,621.4639028,623.4505684,1.017053489,1.026664357
cyan,1200,12,19,0.62890625,488.7152254,444.6346584,622.520249,1.023270069,621.5269162,623.5135817,1.018464636,1.028075503
cyan,1201,12,19,0.6328125,488.7540137,444.455454,622.583371,1.024681028,621.5900383,623.5767038,1.019875594,1.029486461
cyan,1202,12,19,0.63671875,488.7928695,444.2762739,622.6466028,1.026091795,621.65327,623.6399356,1.021286361,1.030897229
cyan,1203,12,19,0.640625,488.8317933,444.0971184,622.7099454,1.027502368,621.7166126,623.7032781,1.022696934,1.032307802
cyan,1204,12,19,0.64453125,488.8707859,443.917988,622.7733999,1.028912744,621.7800671,623.7667326,1.02410731,1.033718177
cyan,1205,12,19,0.6484375,488.9098479,443.738883,622.8369673,1.030322919,621.8436345,623.8303,1.025517485,1.035128353
cyan,1206,12,19,0.65234375,488.9489799,443.5598039,622.9006487,1.031732891,621.9073159,623.8939814,1.026927458,1.036538325
cyan,1207,12,19,0.65625,488.9881827,443.3807509,622.9644452,1.033142657,621.9711124,623.957778,1.028337223,1.037948091
cyan,1208,12,19,0.66015625,489.0274568,443.2017245,623.0283578,1.034552214,622.0350251,624.0216906,1.02974678,1.039357647
cyan,1209,12,19,0.6640625,489.066803,443.0227252,623.0923877,1.035961558,622.0990549,624.0857205,1.031156124,1.040766992
cyan,1210,12,19,0.66796875,489.1062218,442.8437531,623.1565358,1.037370687,622.1632031,624.1498686,1.032565253,1.04217612
cyan,1211,12,19,0.671875,489.145714,442.6648088,623.2208033,1.038779597,622.2274706,624.2141361,1.033974163,1.043585031
cyan,1212,12,19,0.67578125,489.1852802,442.4858927,623.2851912,1.040188286,622.2918585,624.278524,1.035382852,1.044993719
cyan,1213,12,19,0.6796875,489.224921,442.3070051,623.3497006,1.04159675,622.3563679,624.3430334,1.036791316,1.046402184
cyan,1214,12,19,0.68359375,489.2646371,442.1281463,623.4143325,1.043004987,622.4209998,624.4076653,1.038199553,1.04781042
cyan,1215,12,19,0.6875,489.3044292,441.9493169,623.4790881,1.044412993,622.4857553,624.4724209,1.039607559,1.049218426
cyan,1216,12,19,0.69140625,489.3442979,441.7705171,623.5439683,1.045820765,622.5506356,624.5373011,1.041015331,1.050626199
cyan,1217,12,19,0.6953125,489.3842439,441.5917474,623.6089743,1.047228301,622.6156416,624.6023071,1.042422867,1.052033734
cyan,1218,12,19,0.69921875,489.4242678,441.4130082,623.6741071,1.048635597,622.6807744,624.6674399,1.043830163,1.05344103
cyan,1219,12,19,0.703125,489.4643703,441.2342997,623.7393678,1.05004265,622.7460351,624.7327006,1.045237216,1.054848084
cyan,1220,12,19,0.70703125,489.504552,441.0556225,623.8047575,1.051449457,622.8114247,624.7980902,1.046644024,1.056254891
cyan,1221,12,19,0.7109375,489.5448137,440.8769769,623.8702771,1.052856016,622.8769444,624.8636099,1.048050582,1.05766145
cyan,1222,12,19,0.71484375,489.5851559,440.6983633,623.9359279,1.054262323,622.9425951,624.9292606,1.049456889,1.059067757
cyan,1223,12,19,0.71875,489.6255793,440.519782,624.0017108,1.055668375,623.008378,624.9950436,1.050862941,1.060473809
cyan,1224,12,19,0.72265625,489.6660846,440.3412336,624.0676269,1.057074169,623.0742942,625.0609597,1.052268735,1.061879603
cyan,1225,12,19,0.7265625,489.7066723,440.1627182,624.1336774,1.058479702,623.1403446,625.1270101,1.053674268,1.063285136
cyan,1226,12,19,0.73046875,489.7473433,439.9842364,624.1998632,1.059884971,623.2065304,625.1931959,1.055079537,1.064690405
cyan,1227,12,19,0.734375,489.7880981,439.8057885,624.2661854,1.061289973,623.2728526,625.2595181,1.056484539,1.066095407
cyan,1228,12,19,0.73828125,489.8289374,439.6273749,624.3326451,1.062694705,623.3393123,625.3259778,1.057889271,1.067500139
cyan,1229,12,19,0.7421875,489.8698618,439.448996,624.3992433,1.064099164,623.4059106,625.3925761,1.05929373,1.068904597
cyan,1230,12,19,0.74609375,489.9108721,439.2706521,624.4659812,1.065503346,623.4726485,625.459314,1.060697913,1.07030878
cyan,1231,12,19,0.75,489.9519687,439.0923437,624.5328598,1.06690725,623.539527,625.5261926,1.062101816,1.071712684
cyan,1232,12,19,0.75390625,489.9931526,438.9140712,624.5998801,1.068310871,623.6065474,625.5932129,1.063505438,1.073116305
cyan,1233,12,19,0.7578125,490.0344241,438.7358349,624.6670433,1.069714207,623.6737106,625.6603761,1.064908774,1.074519641
cyan,1234,12,19,0.76171875,490.0757841,438.5576352,624.7343504,1.071117255,623.7410176,625.7276832,1.066311821,1.075922689
cyan,1235,12,19,0.765625,490.1172332,438.3794725,624.8018024,1.072520012,623.8084697,625.7951352,1.067714578,1.077325445
cyan,1236,12,19,0.76953125,490.158772,438.2013472,624.8694005,1.073922474,623.8760677,625.8627333,1.06911704,1.078727908
cyan,1237,12,19,0.7734375,490.2004012,438.0232596,624.9371457,1.075324639,623.9438129,625.9304784,1.070519205,1.080130072
cyan,1238,12,19,0.77734375,490.2421215,437.8452102,625.005039,1.076726503,624.0117063,625.9983718,1.071921069,1.081531937
cyan,1239,12,19,0.78125,490.2839334,437.6671994,625.0730816,1.078128064,624.0797488,626.0664143,1.07332263,1.082933498
cyan,1240,12,19,0.78515625,490.3258377,437.4892275,625.1412744,1.079529318,624.1479417,626.1346072,1.074723885,1.084334752
cyan,1241,12,19,0.7890625,490.3678351,437.3112949,625.2096187,1.080930263,624.2162859,626.2029514,1.076124829,1.085735697
cyan,1242,12,19,0.79296875,490.4099261,437.133402,625.2781154,1.082330895,624.2847826,626.2714481,1.077525462,1.087136329
cyan,1243,12,19,0.796875,490.4521114,436.9555491,625.3467655,1.083731212,624.3534328,626.3400983,1.078925778,1.088536646
cyan,1244,12,19,0.80078125,490.4943917,436.7777368,625.4155703,1.08513121,624.4222375,626.408903,1.080325776,1.089936644
cyan,1245,12,19,0.8046875,490.5367676,436.5999653,625.4845307,1.086530887,624.4911979,626.4778634,1.081725453,1.09133632
cyan,1246,12,19,0.80859375,490.5792399,436.422235,625.5536478,1.087930238,624.560315,626.5469805,1.083124805,1.092735672
cyan,1247,12,19,0.8125,490.6218091,436.2445464,625.6229226,1.089329262,624.6295899,626.6162554,1.084523829,1.094134696
cyan,1248,12,19,0.81640625,490.6644759,436.0668998,625.6923563,1.090727956,624.6990236,626.6856891,1.085922522,1.095533389
cyan,1249,12,19,0.8203125,490.7072409,435.8892955,625.7619499,1.092126315,624.7686172,626.7552827,1.087320881,1.096931749
cyan,1250,12,19,0.82421875,490.7501049,435.7117341,625.8317045,1.093524337,624.8383718,626.8250373,1.088718904,1.098329771
cyan,1251,12,19,0.828125,490.7930685,435.5342158,625.9016211,1.09492202,624.9082884,626.8949539,1.090116586,1.099727454
cyan,1252,12,19,0.83203125,490.8361323,435.3567411,625.9717009,1.09631936,624.9783681,626.9650336,1.091513926,1.101124794
cyan,1253,12,19,0.8359375,490.879297,435.1793103,626.0419448,1.097716354,625.048612,627.0352776,1.09291092,1.102521787
cyan,1254,12,19,0.83984375,490.9225632,435.0019238,626.112354,1.099112998,625.1190212,627.1056867,1.094307565,1.103918432
cyan,1255,12,19,0.84375,490.9659316,434.8245821,626.1829294,1.100509291,625.1895967,627.1762622,1.095703858,1.105314725
cyan,1256,12,19,0.84765625,491.0094028,434.6472854,626.2536723,1.101905229,625.2603395,627.247005,1.097099795,1.106710663
cyan,1257,12,19,0.8515625,491.0529776,434.4700343,626.3245836,1.103300809,625.3312508,627.3179163,1.098495375,1.108106242
cyan,1258,12,19,0.85546875,491.0966566,434.292829,626.3956644,1.104696027,625.4023316,627.3889971,1.099890593,1.109501461
cyan,1259,12,19,0.859375,491.1404403,434.1156699,626.4669158,1.106090881,625.473583,627.4602485,1.101285448,1.110896315
cyan,1260,12,19,0.86328125,491.1843296,433.9385575,626.5383388,1.107485369,625.545006,627.5316715,1.102679935,1.112290802
cyan,1261,12,19,0.8671875,491.2283249,433.7614921,626.6099345,1.108879486,625.6166018,627.6032673,1.104074052,1.113684919
cyan,1262,12,19,0.87109375,491.2724271,433.5844741,626.6817041,1.110273229,625.6883713,627.6750368,1.105467795,1.115078663
cyan,1263,12,19,0.875,491.3166367,433.4075039,626.7536485,1.111666597,625.7603157,627.7469812,1.106861163,1.11647203
cyan,1264,12,19,0.87890625,491.3609544,433.2305819,626.8257688,1.113059585,625.832436,627.8191015,1.108254151,1.117865018
cyan,1265,12,19,0.8828125,491.4053809,433.0537084,626.8980661,1.11445219,625.9047333,627.8913988,1.109646756,1.119257624
cyan,1266,12,19,0.88671875,491.4499168,432.8768839,626.9705414,1.11584441,625.9772086,627.9638741,1.111038977,1.120649844
cyan,1267,12,19,0.890625,491.4945627,432.7001088,627.0431959,1.117236242,626.0498631,628.0365286,1.112430808,1.122041676
cyan,1268,12,19,0.89453125,491.5393194,432.5233833,627.1160305,1.118627682,626.1226977,628.1093633,1.113822249,1.123433116
cyan,1269,12,19,0.8984375,491.5841874,432.346708,627.1890464,1.120018728,626.1957136,628.1823792,1.115213294,1.124824162
cyan,1270,12,19,0.90234375,491.6291675,432.1700832,627.2622446,1.121409376,626.2689119,628.2555774,1.116603943,1.12621481
cyan,1271,12,19,0.90625,491.6742603,431.9935092,627.3356262,1.122799624,626.3422935,628.328959,1.11799419,1.127605058
cyan,1272,12,19,0.91015625,491.7194664,431.8169865,627.4091923,1.124189468,626.4158595,628.4025251,1.119384034,1.128994902
cyan,1273,12,19,0.9140625,491.7647866,431.6405155,627.4829439,1.125578905,626.4896111,628.4762767,1.120773472,1.130384339
cyan,1274,12,19,0.91796875,491.8102214,431.4640965,627.5568821,1.126967933,626.5635493,628.5502148,1.122162499,1.131773367
cyan,1275,12,19,0.921875,491.8557715,431.2877299,627.6310079,1.128356548,626.6376752,628.6243407,1.123551114,1.133161982
cyan,1276,12,19,0.92578125,491.9014376,431.1114161,627.7053225,1.129744747,626.7119897,628.6986552,1.124939313,1.134550181
cyan,1277,12,19,0.9296875,491.9472203,430.9351555,627.7798269,1.131132527,626.7864941,628.7731596,1.126327094,1.135937961
cyan,1278,12,19,0.93359375,491.9931203,430.7589485,627.8545221,1.132519886,626.8611893,628.8478548,1.127714452,1.13732532
cyan,1279,12,19,0.9375,492.0391382,430.5827954,627.9294092,1.13390682,626.9360765,628.922742,1.129101386,1.138712253
cyan,1280,12,19,0.94140625,492.0852747,430.4066967,628.0044894,1.135293325,627.0111566,628.9978221,1.130487892,1.140098759
cyan,1281,12,19,0.9453125,492.1315305,430.2306527,628.0797636,1.1366794,627.0864308,629.0730963,1.131873966,1.141484834
cyan,1282,12,19,0.94921875,492.1779062,430.0546639,628.1552329,1.138065041,627.1619002,629.1485657,1.133259607,1.142870475
cyan,1283,12,19,0.953125,492.2244024,429.8787305,628.2308985,1.139450245,627.2375657,629.2242312,1.134644811,1.144255679
cyan,1284,12,19,0.95703125,492.2710199,429.7028531,628.3067613,1.140835009,627.3134285,629.300094,1.136029575,1.145640442
cyan,1285,12,19,0.9609375,492.3177592,429.5270319,628.3828224,1.142219329,627.3894896,629.3761552,1.137413896,1.147024763
cyan,1286,12,19,0.96484375,492.3646211,429.3512674,628.4590829,1.143603204,627.4657502,629.4524157,1.13879777,1.148408638
cyan,1287,12,19,0.96875,492.4116061,429.1755599,628.5355439,1.144986629,627.5422112,629.5288767,1.140181195,1.149792063
cyan,1288,12,19,0.97265625,492.458715,428.9999098,628.6122065,1.146369602,627.6188737,629.6055392,1.141564169,1.151175036
cyan,1289,12,19,0.9765625,492.5059484,428.8243176,628.6890716,1.14775212,627.6957388,629.6824044,1.142946687,1.152557554
cyan,1290,12,19,0.98046875,492.553307,428.6487836,628.7661404,1.14913418,627.7728077,629.7594732,1.144328746,1.153939614
cyan,1291,12,19,0.984375,492.6007913,428.4733081,628.843414,1.150515779,627.8500812,629.8367467,1.145710345,1.155321212
cyan,1292,12,19,0.98828125,492.6484022,428.2978917,628.9208933,1.151896913,627.9275605,629.9142261,1.147091479,1.156702346
cyan,1293,12,19,0.9921875,492.6961401,428.1225346,628.9985795,1.153277579,628.0052468,629.9919123,1.148472146,1.158083013
cyan,1294,12,19,0.99609375,492.7440058,427.9472372,629.0764737,1.154657776,628.0831409,630.0698064,1.149852342,1.159463209
cyan,1295,12,19,1,492.792,427.772,629.1545768,1.156037499,628.1612441,630.1479096,1.151232065,1.160842932
cyan,1296,12,20,0.05,492.86475,427.53765,629.2729663,1.157882643,628.2796336,630.2662991,1.15307721,1.162688077
cyan,1297,12,20,0.1,492.9375,427.3033,629.3913559,1.159727788,628.3980231,630.3846886,1.154922355,1.164533222
cyan,1298,12,20,0.15,493.01025,427.06895,629.5097454,1.161572933,628.5164126,630.5030781,1.156767499,1.166378367
cyan,1299,12,20,0.2,493.083,426.8346,629.6281349,1.163418078,628.6348021,630.6214676,1.158612644,1.168223512
cyan,1300,12,20,0.25,493.15575,426.60025,629.7465244,1.165263223,628.7531916,630.7398571,1.160457789,1.170068657
cyan,1301,12,20,0.3,493.2285,426.3659,629.8649139,1.167108368,628.8715811,630.8582467,1.162302934,1.171913801
cyan,1302,12,20,0.35,493.30125,426.13155,629.9833034,1.168953512,628.9899707,630.9766362,1.164148079,1.173758946
cyan,1303,12,20,0.4,493.374,425.8972,630.1016929,1.170798657,629.1083602,631.0950257,1.165993224,1.175604091
cyan,1304,12,20,0.45,493.44675,425.66285,630.2200824,1.172643802,629.2267497,631.2134152,1.167838368,1.177449236
cyan,1305,12,20,0.5,493.5195,425.4285,630.338472,1.174488947,629.3451392,631.3318047,1.169683513,1.179294381
cyan,1306,12,20,0.55,493.59225,425.19415,630.4568615,1.176334092,629.4635287,631.4501942,1.171528658,1.181139526
cyan,1307,12,20,0.6,493.665,424.9598,630.575251,1.178179237,629.5819182,631.5685837,1.173373803,1.18298467
cyan,1308,12,20,0.65,493.73775,424.72545,630.6936405,1.180024381,629.7003077,631.6869732,1.175218948,1.184829815
cyan,1309,12,20,0.7,493.8105,424.4911,630.81203,1.181869526,629.8186972,631.8053628,1.177064093,1.18667496
cyan,1310,12,20,0.75,493.88325,424.25675,630.9304195,1.183714671,629.9370868,631.9237523,1.178909237,1.188520105
cyan,1311,12,20,0.8,493.956,424.0224,631.048809,1.185559816,630.0554763,632.0421418,1.180754382,1.19036525
cyan,1312,12,20,0.85,494.02875,423.78805,631.1671985,1.187404961,630.1738658,632.1605313,1.182599527,1.192210395
cyan,1313,12,20,0.9,494.1015,423.5537,631.285588,1.189250106,630.2922553,632.2789208,1.184444672,1.194055539
cyan,1314,12,20,0.95,494.17425,423.31935,631.4039776,1.19109525,630.4106448,632.3973103,1.186289817,1.195900684
cyan,1315,12,20,1,494.247,423.085,631.5223671,1.192940395,630.5290343,632.5156998,1.188134962,1.197745829
cyan,1316,12,21,0.05882352941,494.3346471,422.8571176,631.6649993,1.194734617,630.6716665,632.658332,1.189929184,1.199540051
cyan,1317,12,21,0.1176470588,494.4222941,422.6292353,631.8076315,1.196528839,630.8142987,632.8009642,1.191723406,1.201334273
cyan,1318,12,21,0.1764705882,494.5099412,422.4013529,631.9502637,1.198323062,630.9569309,632.9435964,1.193517628,1.203128495
cyan,1319,12,21,0.2352941176,494.5975882,422.1734706,632.0928959,1.200117284,631.0995631,633.0862286,1.19531185,1.204922717
cyan,1320,12,21,0.2941176471,494.6852353,421.9455882,632.2355281,1.201911506,631.2421953,633.2288608,1.197106072,1.206716939
cyan,1321,12,21,0.3529411765,494.7728824,421.7177059,632.3781603,1.203705728,631.3848275,633.371493,1.198900294,1.208511162
cyan,1322,12,21,0.4117647059,494.8605294,421.4898235,632.5207925,1.20549995,631.5274597,633.5141252,1.200694516,1.210305384
cyan,1323,12,21,0.4705882353,494.9481765,421.2619412,632.6634247,1.207294172,631.6700919,633.6567574,1.202488738,1.212099606
cyan,1324,12,21,0.5294117647,495.0358235,421.0340588,632.8060569,1.209088394,631.8127241,633.7993896,1.20428296,1.213893828
cyan,1325,12,21,0.5882352941,495.1234706,420.8061765,632.9486891,1.210882616,631.9553563,633.9420218,1.206077182,1.21568805
cyan,1326,12,21,0.6470588235,495.2111176,420.5782941,633.0913213,1.212676838,632.0979885,634.084654,1.207871404,1.217482272
cyan,1327,12,21,0.7058823529,495.2987647,420.3504118,633.2339535,1.21447106,632.2406207,634.2272862,1.209665627,1.219276494
cyan,1328,12,21,0.7647058824,495.3864118,420.1225294,633.3765857,1.216265282,632.3832529,634.3699184,1.211459849,1.221070716
cyan,1329,12,21,0.8235294118,495.4740588,419.8946471,633.5192179,1.218059504,632.5258851,634.5125506,1.213254071,1.222864938
cyan,1330,12,21,0.8823529412,495.5617059,419.6667647,633.6618501,1.219853727,632.6685173,634.6551828,1.215048293,1.22465916
cyan,1331,12,21,0.9411764706,495.6493529,419.4388824,633.8044823,1.221647949,632.8111495,634.797815,1.216842515,1.226453382
cyan,1332,12,21,1,495.737,419.211,633.9471145,1.223442171,632.9537817,634.9404472,1.218636737,1.228247604
cyan,1333,12,22,0.07142857143,495.8460714,419.0027143,634.1246116,1.2250821,633.1312788,635.1179443,1.220276666,1.229887533
cyan,1334,12,22,0.1428571429,495.9551429,418.7944286,634.3021086,1.226722028,633.3087759,635.2954414,1.221916595,1.231527462
cyan,1335,12,22,0.2142857143,496.0642143,418.5861429,634.4796057,1.228361957,633.486273,635.4729385,1.223556523,1.233167391
cyan,1336,12,22,0.2857142857,496.1732857,418.3778571,634.6571028,1.230001886,633.6637701,635.6504356,1.225196452,1.23480732
cyan,1337,12,22,0.3571428571,496.2823571,418.1695714,634.8345999,1.231641815,633.8412672,635.8279327,1.226836381,1.236447248
cyan,1338,12,22,0.4285714286,496.3914286,417.9612857,635.012097,1.233281743,634.0187642,636.0054298,1.22847631,1.238087177
cyan,1339,12,22,0.5,496.5005,417.753,635.1895941,1.234921672,634.1962613,636.1829268,1.230116238,1.239727106
cyan,1340,12,22,0.5714285714,496.6095714,417.5447143,635.3670912,1.236561601,634.3737584,636.3604239,1.231756167,1.241367035
cyan,1341,12,22,0.6428571429,496.7186429,417.3364286,635.5445883,1.23820153,634.5512555,636.537921,1.233396096,1.243006963
cyan,1342,12,22,0.7142857143,496.8277143,417.1281429,635.7220854,1.239841459,634.7287526,636.7154181,1.235036025,1.244646892
cyan,1343,12,22,0.7857142857,496.9367857,416.9198571,635.8995824,1.241481387,634.9062497,636.8929152,1.236675954,1.246286821
cyan,1344,12,22,0.8571428571,497.0458571,416.7115714,636.0770795,1.243121316,635.0837468,637.0704123,1.238315882,1.24792675
cyan,1345,12,22,0.9285714286,497.1549286,416.5032857,636.2545766,1.244761245,635.2612439,637.2479094,1.239955811,1.249566679
cyan,1346,12,22,1,497.264,416.295,636.4320737,1.246401174,635.438741,637.4254065,1.24159574,1.251206607
cyan,1347,12,23,0.1,497.4209,416.11,636.6874045,1.247857763,635.6940717,637.6807373,1.24305233,1.252663197
cyan,1348,12,23,0.2,497.5778,415.925,636.9427353,1.249314353,635.9494025,637.936068,1.244508919,1.254119787
cyan,1349,12,23,0.3,497.7347,415.74,637.1980661,1.250770943,636.2047333,638.1913988,1.245965509,1.255576376
cyan,1350,12,23,0.4,497.8916,415.555,637.4533968,1.252227532,636.4600641,638.4467296,1.247422099,1.257032966
cyan,1351,12,23,0.5,498.0485,415.37,637.7087276,1.253684122,636.7153949,638.7020604,1.248878688,1.258489556
cyan,1352,12,23,0.6,498.2054,415.185,637.9640584,1.255140712,636.9707256,638.9573912,1.250335278,1.259946146
cyan,1353,12,23,0.7,498.3623,415,638.2193892,1.256597301,637.2260564,639.2127219,1.251791868,1.261402735
cyan,1354,12,23,0.8,498.5192,414.815,638.47472,1.258053891,637.4813872,639.4680527,1.253248457,1.262859325
cyan,1355,12,23,0.9,498.6761,414.63,638.7300508,1.259510481,637.736718,639.7233835,1.254705047,1.264315915
cyan,1356,12,23,1,498.833,414.445,638.9853815,1.260967071,637.9920488,639.9787143,1.256161637,1.265772504
cyan,1357,12,24,0.125,499.0355,414.3595,639.3149194,1.261640251,638.3215866,640.3082521,1.256834817,1.266445685
cyan,1358,12,24,0.25,499.238,414.274,639.6444572,1.262313432,638.6511244,640.6377899,1.257507998,1.267118866
cyan,1359,12,24,0.375,499.4405,414.1885,639.973995,1.262986612,638.9806622,640.9673277,1.258181179,1.267792046
cyan,1360,12,24,0.5,499.643,414.103,640.3035328,1.263659793,639.3102,641.2968656,1.258854359,1.268465227
cyan,1361,12,24,0.625,499.8455,414.0175,640.6330706,1.264332974,639.6397379,641.6264034,1.25952754,1.269138407
cyan,1362,12,24,0.75,500.048,413.932,640.9626084,1.265006154,639.9692757,641.9559412,1.260200721,1.269811588
cyan,1363,12,24,0.875,500.2505,413.8465,641.2921463,1.265679335,640.2988135,642.285479,1.260873901,1.270484769
cyan,1364,12,24,1,500.453,413.761,641.6216841,1.266352516,640.6283513,642.6150168,1.261547082,1.271157949
cyan,1365,12,25,0.1428571429,500.6905714,413.8217143,642.0082953,1.265874484,641.0149625,643.001628,1.261069051,1.270679918
cyan,1366,12,25,0.2857142857,500.9281429,413.8824286,642.3949065,1.265396453,641.4015737,643.3882393,1.260591019,1.270201887
cyan,1367,12,25,0.4285714286,501.1657143,413.9431429,642.7815177,1.264918422,641.7881849,643.7748505,1.260112988,1.269723855
cyan,1368,12,25,0.5714285714,501.4032857,414.0038571,643.1681289,1.26444039,642.1747962,644.1614617,1.259634956,1.269245824
cyan,1369,12,25,0.7142857143,501.6408571,414.0645714,643.5547401,1.263962359,642.5614074,644.5480729,1.259156925,1.268767793
cyan,1370,12,25,0.8571428571,501.8784286,414.1252857,643.9413513,1.263484327,642.9480186,644.9346841,1.258678894,1.268289761
cyan,1371,12,25,1,502.116,414.186,644.3279625,1.263006296,643.3346298,645.3212953,1.258200862,1.26781173
cyan,1372,12,26,0.1111111111,502.3056667,414.3467778,644.6366161,1.261740419,643.6432833,645.6299488,1.256934985,1.266545853
cyan,1373,12,26,0.2222222222,502.4953333,414.5075556,644.9452696,1.260474542,643.9519368,645.9386024,1.255669108,1.265279976
cyan,1374,12,26,0.3333333333,502.685,414.6683333,645.2539231,1.259208665,644.2605904,646.2472559,1.254403231,1.264014099
cyan,1375,12,26,0.4444444444,502.8746667,414.8291111,645.5625767,1.257942788,644.5692439,646.5559094,1.253137354,1.262748222
cyan,1376,12,26,0.5555555556,503.0643333,414.9898889,645.8712302,1.256676911,644.8778974,646.8645629,1.251871477,1.261482345
cyan,1377,12,26,0.6666666667,503.254,415.1506667,646.1798837,1.255411034,645.186551,647.1732165,1.2506056,1.260216468
cyan,1378,12,26,0.7777777778,503.4436667,415.3114444,646.4885372,1.254145157,645.4952045,647.48187,1.249339723,1.258950591
cyan,1379,12,26,0.8888888889,503.6333333,415.4722222,646.7971908,1.25287928,645.803858,647.7905235,1.248073846,1.257684713
cyan,1380,12,26,1,503.823,415.633,647.1058443,1.251613403,646.1125115,648.099177,1.246807969,1.256418836
cyan,1381,12,27,0.08333333333,503.9681667,415.831,647.3420809,1.250054458,646.3487481,648.3354136,1.245249024,1.254859892
cyan,1382,12,27,0.1666666667,504.1133333,416.029,647.5783174,1.248495513,646.5849847,648.5716502,1.24369008,1.253300947
cyan,1383,12,27,0.25,504.2585,416.227,647.814554,1.246936569,646.8212213,648.8078868,1.242131135,1.251742003
cyan,1384,12,27,0.3333333333,504.4036667,416.425,648.0507906,1.245377624,647.0574578,649.0441233,1.24057219,1.250183058
cyan,1385,12,27,0.4166666667,504.5488333,416.623,648.2870272,1.24381868,647.2936944,649.2803599,1.239013246,1.248624113
cyan,1386,12,27,0.5,504.694,416.821,648.5232637,1.242259735,647.529931,649.5165965,1.237454301,1.247065169
cyan,1387,12,27,0.5833333333,504.8391667,417.019,648.7595003,1.24070079,647.7661676,649.7528331,1.235895356,1.245506224
cyan,1388,12,27,0.6666666667,504.9843333,417.217,648.9957369,1.239141846,648.0024041,649.9890696,1.234336412,1.243947279
cyan,1389,12,27,0.75,505.1295,417.415,649.2319735,1.237582901,648.2386407,650.2253062,1.232777467,1.242388335
cyan,1390,12,27,0.8333333333,505.2746667,417.613,649.46821,1.236023956,648.4748773,650.4615428,1.231218523,1.24082939
cyan,1391,12,27,0.9166666667,505.4198333,417.811,649.7044466,1.234465012,648.7111139,650.6977794,1.229659578,1.239270445
cyan,1392,12,27,1,505.565,418.009,649.9406832,1.232906067,648.9473504,650.9340159,1.228100633,1.237711501
cyan,1393,12,28,0.06666666667,505.6836,418.2245333,650.1336866,1.231209074,649.1403538,651.1270193,1.226403641,1.236014508
cyan,1394,12,28,0.1333333333,505.8022,418.4400667,650.32669,1.229512082,649.3333572,651.3200227,1.224706648,1.234317516
cyan,1395,12,28,0.2,505.9208,418.6556,650.5196933,1.227815089,649.5263606,651.5130261,1.223009655,1.232620523
cyan,1396,12,28,0.2666666667,506.0394,418.8711333,650.7126967,1.226118097,649.719364,651.7060295,1.221312663,1.23092353
cyan,1397,12,28,0.3333333333,506.158,419.0866667,650.9057001,1.224421104,649.9123674,651.8990329,1.21961567,1.229226538
cyan,1398,12,28,0.4,506.2766,419.3022,651.0987035,1.222724111,650.1053707,652.0920362,1.217918678,1.227529545
cyan,1399,12,28,0.4666666667,506.3952,419.5177333,651.2917069,1.221027119,650.2983741,652.2850396,1.216221685,1.225832553
cyan,1400,12,28,0.5333333333,506.5138,419.7332667,651.4847103,1.219330126,650.4913775,652.478043,1.214524692,1.22413556
cyan,1401,12,28,0.6,506.6324,419.9488,651.6777136,1.217633134,650.6843809,652.6710464,1.2128277,1.222438567
cyan,1402,12,28,0.6666666667,506.751,420.1643333,651.870717,1.215936141,650.8773843,652.8640498,1.211130707,1.220741575
cyan,1403,12,28,0.7333333333,506.8696,420.3798667,652.0637204,1.214239148,651.0703876,653.0570532,1.209433715,1.219044582
cyan,1404,12,28,0.8,506.9882,420.5954,652.2567238,1.212542156,651.263391,653.2500565,1.207736722,1.21734759
cyan,1405,12,28,0.8666666667,507.1068,420.8109333,652.4497272,1.210845163,651.4563944,653.4430599,1.206039729,1.215650597
cyan,1406,12,28,0.9333333333,507.2254,421.0264667,652.6427306,1.209148171,651.6493978,653.6360633,1.204342737,1.213953604
cyan,1407,12,28,1,507.344,421.242,652.8357339,1.207451178,651.8424012,653.8290667,1.202645744,1.212256612
cyan,1408,12,29,0.05555555556,507.444,421.464,652.9984687,1.20570327,652.0051359,653.9918014,1.200897837,1.210508704
cyan,1409,12,29,0.1111111111,507.544,421.686,653.1612034,1.203955363,652.1678706,654.1545361,1.199149929,1.208760796
cyan,1410,12,29,0.1666666667,507.644,421.908,653.3239381,1.202207455,652.3306054,654.3172709,1.197402021,1.207012889
cyan,1411,12,29,0.2222222222,507.744,422.13,653.4866728,1.200459547,652.4933401,654.4800056,1.195654114,1.205264981
cyan,1412,12,29,0.2777777778,507.844,422.352,653.6494076,1.19871164,652.6560748,654.6427403,1.193906206,1.203517074
cyan,1413,12,29,0.3333333333,507.944,422.574,653.8121423,1.196963732,652.8188095,654.805475,1.192158298,1.201769166
cyan,1414,12,29,0.3888888889,508.044,422.796,653.974877,1.195215825,652.9815443,654.9682098,1.190410391,1.200021258
cyan,1415,12,29,0.4444444444,508.144,423.018,654.1376117,1.193467917,653.144279,655.1309445,1.188662483,1.198273351
cyan,1416,12,29,0.5,508.244,423.24,654.3003465,1.191720009,653.3070137,655.2936792,1.186914576,1.196525443
cyan,1417,12,29,0.5555555556,508.344,423.462,654.4630812,1.189972102,653.4697484,655.4564139,1.185166668,1.194777535
cyan,1418,12,29,0.6111111111,508.444,423.684,654.6258159,1.188224194,653.6324832,655.6191487,1.18341876,1.193029628
cyan,1419,12,29,0.6666666667,508.544,423.906,654.7885506,1.186476286,653.7952179,655.7818834,1.181670853,1.19128172
cyan,1420,12,29,0.7222222222,508.644,424.128,654.9512854,1.184728379,653.9579526,655.9446181,1.179922945,1.189533813
cyan,1421,12,29,0.7777777778,508.744,424.35,655.1140201,1.182980471,654.1206873,656.1073528,1.178175037,1.187785905
cyan,1422,12,29,0.8333333333,508.844,424.572,655.2767548,1.181232564,654.2834221,656.2700876,1.17642713,1.186037997
cyan,1423,12,29,0.8888888889,508.944,424.794,655.4394895,1.179484656,654.4461568,656.4328223,1.174679222,1.18429009
cyan,1424,12,29,0.9444444444,509.044,425.016,655.6022243,1.177736748,654.6088915,656.595557,1.172931315,1.182542182
cyan,1425,12,29,1,509.144,425.238,655.764959,1.175988841,654.7716262,656.7582917,1.171183407,1.180794274
cyan,1426,12,30,0.04761904762,509.2310952,425.4605238,655.9066932,1.174236809,654.9133604,656.9000259,1.169431375,1.179042243
cyan,1427,12,30,0.09523809524,509.3181905,425.6830476,656.0484274,1.172484777,655.0550946,657.0417601,1.167679343,1.177290211
cyan,1428,12,30,0.1428571429,509.4052857,425.9055714,656.1901616,1.170732745,655.1968288,657.1834943,1.165927311,1.175538179
cyan,1429,12,30,0.1904761905,509.492381,426.1280952,656.3318958,1.168980713,655.338563,657.3252285,1.16417528,1.173786147
cyan,1430,12,30,0.2380952381,509.5794762,426.350619,656.47363,1.167228682,655.4802972,657.4669627,1.162423248,1.172034115
cyan,1431,12,30,0.2857142857,509.6665714,426.5731429,656.6153642,1.16547665,655.6220314,657.6086969,1.160671216,1.170282083
cyan,1432,12,30,0.3333333333,509.7536667,426.7956667,656.7570984,1.163724618,655.7637656,657.7504311,1.158919184,1.168530052
cyan,1433,12,30,0.380952381,509.8407619,427.0181905,656.8988325,1.161972586,655.9054998,657.8921653,1.157167152,1.16677802
cyan,1434,12,30,0.4285714286,509.9278571,427.2407143,657.0405667,1.160220554,656.047234,658.0338995,1.155415121,1.165025988
cyan,1435,12,30,0.4761904762,510.0149524,427.4632381,657.1823009,1.158468522,656.1889682,658.1756337,1.153663089,1.163273956
cyan,1436,12,30,0.5238095238,510.1020476,427.6857619,657.3240351,1.156716491,656.3307024,658.3173679,1.151911057,1.161521924
cyan,1437,12,30,0.5714285714,510.1891429,427.9082857,657.4657693,1.154964459,656.4724366,658.4591021,1.150159025,1.159769893
cyan,1438,12,30,0.619047619,510.2762381,428.1308095,657.6075035,1.153212427,656.6141708,658.6008363,1.148406993,1.158017861
cyan,1439,12,30,0.6666666667,510.3633333,428.3533333,657.7492377,1.151460395,656.755905,658.7425705,1.146654961,1.156265829
cyan,1440,12,30,0.7142857143,510.4504286,428.5758571,657.8909719,1.149708363,656.8976392,658.8843047,1.14490293,1.154513797
cyan,1441,12,30,0.7619047619,510.5375238,428.798381,658.0327061,1.147956332,657.0393734,659.0260389,1.143150898,1.152761765
cyan,1442,12,30,0.8095238095,510.624619,429.0209048,658.1744403,1.1462043,657.1811076,659.1677731,1.141398866,1.151009733
cyan,1443,12,30,0.8571428571,510.7117143,429.2434286,658.3161745,1.144452268,657.3228417,659.3095073,1.139646834,1.149257702
cyan,1444,12,30,0.9047619048,510.7988095,429.4659524,658.4579087,1.142700236,657.4645759,659.4512415,1.137894802,1.14750567
cyan,1445,12,30,0.9523809524,510.8859048,429.6884762,658.5996429,1.140948204,657.6063101,659.5929757,1.136142771,1.145753638
cyan,1446,12,30,1,510.973,429.911,658.7413771,1.139196172,657.7480443,659.7347098,1.134390739,1.144001606
cyan,1447,12,31,0.04347826087,511.0531304,430.1395217,658.8717771,1.137396916,657.8784444,659.8651099,1.132591482,1.14220235
cyan,1448,12,31,0.08695652174,511.1332609,430.3680435,659.0021772,1.13559766,658.0088444,659.9955099,1.130792226,1.140403094
cyan,1449,12,31,0.1304347826,511.2133913,430.5965652,659.1325772,1.133798404,658.1392445,660.12591,1.12899297,1.138603837
cyan,1450,12,31,0.1739130435,511.2935217,430.825087,659.2629773,1.131999147,658.2696445,660.25631,1.127193714,1.136804581
cyan,1451,12,31,0.2173913043,511.3736522,431.0536087,659.3933773,1.130199891,658.4000445,660.3867101,1.125394457,1.135005325
cyan,1452,12,31,0.2608695652,511.4537826,431.2821304,659.5237773,1.128400635,658.5304446,660.5171101,1.123595201,1.133206069
cyan,1453,12,31,0.3043478261,511.533913,431.5106522,659.6541774,1.126601379,658.6608446,660.6475101,1.121795945,1.131406812
cyan,1454,12,31,0.347826087,511.6140435,431.7391739,659.7845774,1.124802122,658.7912447,660.7779102,1.119996689,1.129607556
cyan,1455,12,31,0.3913043478,511.6941739,431.9676957,659.9149775,1.123002866,658.9216447,660.9083102,1.118197432,1.1278083
cyan,1456,12,31,0.4347826087,511.7743043,432.1962174,660.0453775,1.12120361,659.0520448,661.0387103,1.116398176,1.126009044
cyan,1457,12,31,0.4782608696,511.8544348,432.4247391,660.1757776,1.119404354,659.1824448,661.1691103,1.11459892,1.124209787
cyan,1458,12,31,0.5217391304,511.9345652,432.6532609,660.3061776,1.117605097,659.3128448,661.2995104,1.112799664,1.122410531
cyan,1459,12,31,0.5652173913,512.0146957,432.8817826,660.4365776,1.115805841,659.4432449,661.4299104,1.111000407,1.120611275
cyan,1460,12,31,0.6086956522,512.0948261,433.1103043,660.5669777,1.114006585,659.5736449,661.5603104,1.109201151,1.118812018
cyan,1461,12,31,0.652173913,512.1749565,433.3388261,660.6973777,1.112207328,659.704045,661.6907105,1.107401895,1.117012762
cyan,1462,12,31,0.6956521739,512.255087,433.5673478,660.8277778,1.110408072,659.834445,661.8211105,1.105602638,1.115213506
cyan,1463,12,31,0.7391304348,512.3352174,433.7958696,660.9581778,1.108608816,659.9648451,661.9515106,1.103803382,1.11341425
cyan,1464,12,31,0.7826086957,512.4153478,434.0243913,661.0885779,1.10680956,660.0952451,662.0819106,1.102004126,1.111614993
cyan,1465,12,31,0.8260869565,512.4954783,434.252913,661.2189779,1.105010303,660.2256451,662.2123107,1.10020487,1.109815737
cyan,1466,12,31,0.8695652174,512.5756087,434.4814348,661.3493779,1.103211047,660.3560452,662.3427107,1.098405613,1.108016481
cyan,1467,12,31,0.9130434783,512.6557391,434.7099565,661.479778,1.101411791,660.4864452,662.4731107,1.096606357,1.106217225
cyan,1468,12,31,0.9565217391,512.7358696,434.9384783,661.610178,1.099612535,660.6168453,662.6035108,1.094807101,1.104417968
cyan,1469,12,31,1,512.816,435.167,661.7405781,1.097813278,660.7472453,662.7339108,1.093007845,1.102618712
cyan,1470,12,32,0.04,512.89088,435.39828,661.8624338,1.095992305,660.8691011,662.8557666,1.091186871,1.100797739
cyan,1471,12,32,0.08,512.96576,435.62956,661.9842896,1.094171332,660.9909568,662.9776223,1.089365898,1.098976765
cyan,1472,12,32,0.12,513.04064,435.86084,662.1061453,1.092350358,661.1128126,663.0994781,1.087544925,1.097155792
cyan,1473,12,32,0.16,513.11552,436.09212,662.2280011,1.090529385,661.2346684,663.2213339,1.085723951,1.095334819
cyan,1474,12,32,0.2,513.1904,436.3234,662.3498569,1.088708412,661.3565241,663.3431896,1.083902978,1.093513845
cyan,1475,12,32,0.24,513.26528,436.55468,662.4717126,1.086887438,661.4783799,663.4650454,1.082082005,1.091692872
cyan,1476,12,32,0.28,513.34016,436.78596,662.5935684,1.085066465,661.6002356,663.5869012,1.080261031,1.089871899
cyan,1477,12,32,0.32,513.41504,437.01724,662.7154242,1.083245492,661.7220914,663.7087569,1.078440058,1.088050926
cyan,1478,12,32,0.36,513.48992,437.24852,662.8372799,1.081424518,661.8439472,663.8306127,1.076619085,1.086229952
cyan,1479,12,32,0.4,513.5648,437.4798,662.9591357,1.079603545,661.9658029,663.9524684,1.074798111,1.084408979
cyan,1480,12,32,0.44,513.63968,437.71108,663.0809914,1.077782572,662.0876587,664.0743242,1.072977138,1.082588006
cyan,1481,12,32,0.48,513.71456,437.94236,663.2028472,1.075961599,662.2095144,664.19618,1.071156165,1.080767032
cyan,1482,12,32,0.52,513.78944,438.17364,663.324703,1.074140625,662.3313702,664.3180357,1.069335191,1.078946059
cyan,1483,12,32,0.56,513.86432,438.40492,663.4465587,1.072319652,662.453226,664.4398915,1.067514218,1.077125086
cyan,1484,12,32,0.6,513.9392,438.6362,663.5684145,1.070498679,662.5750817,664.5617472,1.065693245,1.075304112
cyan,1485,12,32,0.64,514.01408,438.86748,663.6902703,1.068677705,662.6969375,664.683603,1.063872272,1.073483139
cyan,1486,12,32,0.68,514.08896,439.09876,663.812126,1.066856732,662.8187933,664.8054588,1.062051298,1.071662166
cyan,1487,12,32,0.72,514.16384,439.33004,663.9339818,1.065035759,662.940649,664.9273145,1.060230325,1.069841192
cyan,1488,12,32,0.76,514.23872,439.56132,664.0558375,1.063214785,663.0625048,665.0491703,1.058409352,1.068020219
cyan,1489,12,32,0.8,514.3136,439.7926,664.1776933,1.061393812,663.1843605,665.1710261,1.056588378,1.066199246
cyan,1490,12,32,0.84,514.38848,440.02388,664.2995491,1.059572839,663.3062163,665.2928818,1.054767405,1.064378272
cyan,1491,12,32,0.88,514.46336,440.25516,664.4214048,1.057751865,663.4280721,665.4147376,1.052946432,1.062557299
cyan,1492,12,32,0.92,514.53824,440.48644,664.5432606,1.055930892,663.5499278,665.5365933,1.051125458,1.060736326
cyan,1493,12,32,0.96,514.61312,440.71772,664.6651163,1.054109919,663.6717836,665.6584491,1.049304485,1.058915352
cyan,1494,12,32,1,514.688,440.949,664.7869721,1.052288945,663.7936393,665.7803049,1.047483512,1.057094379
cyan,1495,12,33,0.03703703704,514.7615926,441.1842222,664.9067328,1.050436933,663.9134001,665.9000656,1.045631499,1.055242367
cyan,1496,12,33,0.07407407407,514.8351852,441.4194444,665.0264935,1.048584921,664.0331608,666.0198263,1.043779487,1.053390355
cyan,1497,12,33,0.1111111111,514.9087778,441.6546667,665.1462542,1.046732909,664.1529215,666.139587,1.041927475,1.051538342
cyan,1498,12,33,0.1481481481,514.9823704,441.8898889,665.2660149,1.044880896,664.2726822,666.2593477,1.040075463,1.04968633
cyan,1499,12,33,0.1851851852,515.055963,442.1251111,665.3857756,1.043028884,664.3924429,666.3791084,1.03822345,1.047834318
cyan,1500,12,33,0.2222222222,515.1295556,442.3603333,665.5055363,1.041176872,664.5122036,666.4988691,1.036371438,1.045982306
cyan,1501,12,33,0.2592592593,515.2031481,442.5955556,665.625297,1.03932486,664.6319643,666.6186298,1.034519426,1.044130293
cyan,1502,12,33,0.2962962963,515.2767407,442.8307778,665.7450577,1.037472847,664.751725,666.7383905,1.032667414,1.042278281
cyan,1503,12,33,0.3333333333,515.3503333,443.066,665.8648184,1.035620835,664.8714857,666.8581512,1.030815402,1.040426269
cyan,1504,12,33,0.3703703704,515.4239259,443.3012222,665.9845791,1.033768823,664.9912464,666.9779119,1.028963389,1.038574257
cyan,1505,12,33,0.4074074074,515.4975185,443.5364444,666.1043398,1.031916811,665.1110071,667.0976726,1.027111377,1.036722245
cyan,1506,12,33,0.4444444444,515.5711111,443.7716667,666.2241005,1.030064799,665.2307678,667.2174333,1.025259365,1.034870232
cyan,1507,12,33,0.4814814815,515.6447037,444.0068889,666.3438612,1.028212786,665.3505285,667.337194,1.023407353,1.03301822
cyan,1508,12,33,0.5185185185,515.7182963,444.2421111,666.4636219,1.026360774,665.4702892,667.4569547,1.02155534,1.031166208
cyan,1509,12,33,0.5555555556,515.7918889,444.4773333,666.5833826,1.024508762,665.5900499,667.5767154,1.019703328,1.029314196
cyan,1510,12,33,0.5925925926,515.8654815,444.7125556,666.7031434,1.02265675,665.7098106,667.6964761,1.017851316,1.027462183
cyan,1511,12,33,0.6296296296,515.9390741,444.9477778,666.8229041,1.020804737,665.8295713,667.8162368,1.015999304,1.025610171
cyan,1512,12,33,0.6666666667,516.0126667,445.183,666.9426648,1.018952725,665.949332,667.9359975,1.014147291,1.023758159
cyan,1513,12,33,0.7037037037,516.0862593,445.4182222,667.0624255,1.017100713,666.0690927,668.0557582,1.012295279,1.021906147
cyan,1514,12,33,0.7407407407,516.1598519,445.6534444,667.1821862,1.015248701,666.1888534,668.1755189,1.010443267,1.020054134
cyan,1515,12,33,0.7777777778,516.2334444,445.8886667,667.3019469,1.013396688,666.3086141,668.2952796,1.008591255,1.018202122
cyan,1516,12,33,0.8148148148,516.307037,446.1238889,667.4217076,1.011544676,666.4283748,668.4150403,1.006739242,1.01635011
cyan,1517,12,33,0.8518518519,516.3806296,446.3591111,667.5414683,1.009692664,666.5481355,668.534801,1.00488723,1.014498098
cyan,1518,12,33,0.8888888889,516.4542222,446.5943333,667.661229,1.007840652,666.6678962,668.6545617,1.003035218,1.012646085
cyan,1519,12,33,0.9259259259,516.5278148,446.8295556,667.7809897,1.005988639,666.7876569,668.7743224,1.001183206,1.010794073
cyan,1520,12,33,0.962962963,516.6014074,447.0647778,667.9007504,1.004136627,666.9074176,668.8940831,0.9993311935,1.008942061
cyan,1521,12,33,1,516.675,447.3,668.0205111,1.002284615,667.0271783,669.0138438,0.9974791813,1.007090049
cyan,1522,12,34,0.03333333333,516.7479667,447.5328,668.1392532,1.000451674,667.1459204,669.1325859,0.9956462403,1.005257108
cyan,1523,12,34,0.06666666667,516.8209333,447.7656,668.2579953,0.998618733,667.2646625,669.251328,0.9938132993,1.003424167
cyan,1524,12,34,0.1,516.8939,447.9984,668.3767374,0.9967857921,667.3834046,669.3700702,0.9919803583,1.001591226
cyan,1525,12,34,0.1333333333,516.9668667,448.2312,668.4954795,0.9949528511,667.5021467,669.4888123,0.9901474174,0.9997582848
cyan,1526,12,34,0.1666666667,517.0398333,448.464,668.6142216,0.9931199101,667.6208888,669.6075544,0.9883144764,0.9979253439
cyan,1527,12,34,0.2,517.1128,448.6968,668.7329637,0.9912869692,667.7396309,669.7262965,0.9864815354,0.9960924029
cyan,1528,12,34,0.2333333333,517.1857667,448.9296,668.8517058,0.9894540282,667.8583731,669.8450386,0.9846485944,0.9942594619
cyan,1529,12,34,0.2666666667,517.2587333,449.1624,668.9704479,0.9876210872,667.9771152,669.9637807,0.9828156535,0.9924265209
cyan,1530,12,34,0.3,517.3317,449.3952,669.08919,0.9857881462,668.0958573,670.0825228,0.9809827125,0.99059358
cyan,1531,12,34,0.3333333333,517.4046667,449.628,669.2079321,0.9839552053,668.2145994,670.2012649,0.9791497715,0.988760639
cyan,1532,12,34,0.3666666667,517.4776333,449.8608,669.3266742,0.9821222643,668.3333415,670.320007,0.9773168306,0.986927698
cyan,1533,12,34,0.4,517.5506,450.0936,669.4454163,0.9802893233,668.4520836,670.4387491,0.9754838896,0.9850947571
cyan,1534,12,34,0.4333333333,517.6235667,450.3264,669.5641584,0.9784563823,668.5708257,670.5574912,0.9736509486,0.9832618161
cyan,1535,12,34,0.4666666667,517.6965333,450.5592,669.6829005,0.9766234414,668.6895678,670.6762333,0.9718180076,0.9814288751
cyan,1536,12,34,0.5,517.7695,450.792,669.8016426,0.9747905004,668.8083099,670.7949754,0.9699850667,0.9795959341
cyan,1537,12,34,0.5333333333,517.8424667,451.0248,669.9203847,0.9729575594,668.927052,670.9137175,0.9681521257,0.9777629932
cyan,1538,12,34,0.5666666667,517.9154333,451.2576,670.0391269,0.9711246185,669.0457941,671.0324596,0.9663191847,0.9759300522
cyan,1539,12,34,0.6,517.9884,451.4904,670.157869,0.9692916775,669.1645362,671.1512017,0.9644862437,0.9740971112
cyan,1540,12,34,0.6333333333,518.0613667,451.7232,670.2766111,0.9674587365,669.2832783,671.2699438,0.9626533028,0.9722641702
cyan,1541,12,34,0.6666666667,518.1343333,451.956,670.3953532,0.9656257955,669.4020204,671.3886859,0.9608203618,0.9704312293
cyan,1542,12,34,0.7,518.2073,452.1888,670.5140953,0.9637928546,669.5207625,671.507428,0.9589874208,0.9685982883
cyan,1543,12,34,0.7333333333,518.2802667,452.4216,670.6328374,0.9619599136,669.6395046,671.6261701,0.9571544799,0.9667653473
cyan,1544,12,34,0.7666666667,518.3532333,452.6544,670.7515795,0.9601269726,669.7582467,671.7449122,0.9553215389,0.9649324064
cyan,1545,12,34,0.8,518.4262,452.8872,670.8703216,0.9582940316,669.8769888,671.8636543,0.9534885979,0.9630994654
cyan,1546,12,34,0.8333333333,518.4991667,453.12,670.9890637,0.9564610907,669.9957309,671.9823964,0.9516556569,0.9612665244
cyan,1547,12,34,0.8666666667,518.5721333,453.3528,671.1078058,0.9546281497,670.114473,672.1011385,0.949822716,0.9594335834
cyan,1548,12,34,0.9,518.6451,453.5856,671.2265479,0.9527952087,670.2332151,672.2198806,0.947989775,0.9576006425
cyan,1549,12,34,0.9333333333,518.7180667,453.8184,671.34529,0.9509622678,670.3519572,672.3386228,0.946156834,0.9557677015
cyan,1550,12,34,0.9666666667,518.7910333,454.0512,671.4640321,0.9491293268,670.4706993,672.4573649,0.944323893,0.9539347605
cyan,1551,12,34,1,518.864,454.284,671.5827742,0.9472963858,670.5894414,672.576107,0.9424909521,0.9521018195
cyan,1552,12,35,0.0303030303,518.9397273,454.5168182,671.7060088,0.9454633017,670.712676,672.6993415,0.9406578679,0.9502687354
cyan,1553,12,35,0.06060606061,519.0154545,454.7496364,671.8292433,0.9436302176,670.8359106,672.8225761,0.9388247838,0.9484356513
cyan,1554,12,35,0.09090909091,519.0911818,454.9824545,671.9524779,0.9417971334,670.9591452,672.9458107,0.9369916997,0.9466025672
cyan,1555,12,35,0.1212121212,519.1669091,455.2152727,672.0757125,0.9399640493,671.0823797,673.0690452,0.9351586156,0.944769483
cyan,1556,12,35,0.1515151515,519.2426364,455.4480909,672.198947,0.9381309652,671.2056143,673.1922798,0.9333255314,0.9429363989
cyan,1557,12,35,0.1818181818,519.3183636,455.6809091,672.3221816,0.9362978811,671.3288489,673.3155144,0.9314924473,0.9411033148
cyan,1558,12,35,0.2121212121,519.3940909,455.9137273,672.4454162,0.9344647969,671.4520834,673.4387489,0.9296593632,0.9392702307
cyan,1559,12,35,0.2424242424,519.4698182,456.1465455,672.5686508,0.9326317128,671.575318,673.5619835,0.9278262791,0.9374371465
cyan,1560,12,35,0.2727272727,519.5455455,456.3793636,672.6918853,0.9307986287,671.6985526,673.6852181,0.9259931949,0.9356040624
cyan,1561,12,35,0.303030303,519.6212727,456.6121818,672.8151199,0.9289655445,671.8217871,673.8084526,0.9241601108,0.9337709783
cyan,1562,12,35,0.3333333333,519.697,456.845,672.9383545,0.9271324604,671.9450217,673.9316872,0.9223270267,0.9319378942
cyan,1563,12,35,0.3636363636,519.7727273,457.0778182,673.061589,0.9252993763,672.0682563,674.0549218,0.9204939426,0.93010481
cyan,1564,12,35,0.3939393939,519.8484545,457.3106364,673.1848236,0.9234662922,672.1914908,674.1781564,0.9186608584,0.9282717259
cyan,1565,12,35,0.4242424242,519.9241818,457.5434545,673.3080582,0.921633208,672.3147254,674.3013909,0.9168277743,0.9264386418
cyan,1566,12,35,0.4545454545,519.9999091,457.7762727,673.4312927,0.9198001239,672.43796,674.4246255,0.9149946902,0.9246055577
cyan,1567,12,35,0.4848484848,520.0756364,458.0090909,673.5545273,0.9179670398,672.5611945,674.5478601,0.9131616061,0.9227724735
cyan,1568,12,35,0.5151515152,520.1513636,458.2419091,673.6777619,0.9161339557,672.6844291,674.6710946,0.9113285219,0.9209393894
cyan,1569,12,35,0.5454545455,520.2270909,458.4747273,673.8009964,0.9143008715,672.8076637,674.7943292,0.9094954378,0.9191063053
cyan,1570,12,35,0.5757575758,520.3028182,458.7075455,673.924231,0.9124677874,672.9308982,674.9175638,0.9076623537,0.9172732211
cyan,1571,12,35,0.6060606061,520.3785455,458.9403636,674.0474656,0.9106347033,673.0541328,675.0407983,0.9058292695,0.915440137
cyan,1572,12,35,0.6363636364,520.4542727,459.1731818,674.1707001,0.9088016192,673.1773674,675.1640329,0.9039961854,0.9136070529
cyan,1573,12,35,0.6666666667,520.53,459.406,674.2939347,0.906968535,673.300602,675.2872675,0.9021631013,0.9117739688
cyan,1574,12,35,0.696969697,520.6057273,459.6388182,674.4171693,0.9051354509,673.4238365,675.410502,0.9003300172,0.9099408846
cyan,1575,12,35,0.7272727273,520.6814545,459.8716364,674.5404038,0.9033023668,673.5470711,675.5337366,0.898496933,0.9081078005
cyan,1576,12,35,0.7575757576,520.7571818,460.1044545,674.6636384,0.9014692827,673.6703057,675.6569712,0.8966638489,0.9062747164
cyan,1577,12,35,0.7878787879,520.8329091,460.3372727,674.786873,0.8996361985,673.7935402,675.7802057,0.8948307648,0.9044416323
cyan,1578,12,35,0.8181818182,520.9086364,460.5700909,674.9101076,0.8978031144,673.9167748,675.9034403,0.8929976807,0.9026085481
cyan,1579,12,35,0.8484848485,520.9843636,460.8029091,675.0333421,0.8959700303,674.0400094,676.0266749,0.8911645965,0.900775464
cyan,1580,12,35,0.8787878788,521.0600909,461.0357273,675.1565767,0.8941369461,674.1632439,676.1499095,0.8893315124,0.8989423799
cyan,1581,12,35,0.9090909091,521.1358182,461.2685455,675.2798113,0.892303862,674.2864785,676.273144,0.8874984283,0.8971092958
cyan,1582,12,35,0.9393939394,521.2115455,461.5013636,675.4030458,0.8904707779,674.4097131,676.3963786,0.8856653442,0.8952762116
cyan,1583,12,35,0.9696969697,521.2872727,461.7341818,675.5262804,0.8886376938,674.5329476,676.5196132,0.88383226,0.8934431275
cyan,1584,12,35,1,521.363,461.967,675.649515,0.8868046096,674.6561822,676.6428477,0.8819991759,0.8916100434
cyan,1585,12,36,0.02777777778,521.4433889,462.2013889,675.7803356,0.8849591586,674.7870028,676.7736684,0.8801537249,0.8897645924
cyan,1586,12,36,0.05555555556,521.5237778,462.4357778,675.9111562,0.8831137076,674.9178235,676.904489,0.8783082739,0.8879191413
cyan,1587,12,36,0.08333333333,521.6041667,462.6701667,676.0419769,0.8812682566,675.0486441,677.0353096,0.8764628228,0.8860736903
cyan,1588,12,36,0.1111111111,521.6845556,462.9045556,676.1727975,0.8794228056,675.1794648,677.1661303,0.8746173718,0.8842282393
cyan,1589,12,36,0.1388888889,521.7649444,463.1389444,676.3036182,0.8775773545,675.3102854,677.2969509,0.8727719208,0.8823827883
cyan,1590,12,36,0.1666666667,521.8453333,463.3733333,676.4344388,0.8757319035,675.441106,677.4277715,0.8709264698,0.8805373372
cyan,1591,12,36,0.1944444444,521.9257222,463.6077222,676.5652594,0.8738864525,675.5719267,677.5585922,0.8690810187,0.8786918862
cyan,1592,12,36,0.2222222222,522.0061111,463.8421111,676.6960801,0.8720410015,675.7027473,677.6894128,0.8672355677,0.8768464352
cyan,1593,12,36,0.25,522.0865,464.0765,676.8269007,0.8701955504,675.8335679,677.8202335,0.8653901167,0.8750009842
cyan,1594,12,36,0.2777777778,522.1668889,464.3108889,676.9577213,0.8683500994,675.9643886,677.9510541,0.8635446657,0.8731555332
cyan,1595,12,36,0.3055555556,522.2472778,464.5452778,677.088542,0.8665046484,676.0952092,678.0818747,0.8616992147,0.8713100821
cyan,1596,12,36,0.3333333333,522.3276667,464.7796667,677.2193626,0.8646591974,676.2260299,678.2126954,0.8598537636,0.8694646311
cyan,1597,12,36,0.3611111111,522.4080556,465.0140556,677.3501832,0.8628137463,676.3568505,678.343516,0.8580083126,0.8676191801
cyan,1598,12,36,0.3888888889,522.4884444,465.2484444,677.4810039,0.8609682953,676.4876711,678.4743366,0.8561628616,0.8657737291
cyan,1599,12,36,0.4166666667,522.5688333,465.4828333,677.6118245,0.8591228443,676.6184918,678.6051573,0.8543174106,0.863928278
cyan,1600,12,36,0.4444444444,522.6492222,465.7172222,677.7426452,0.8572773933,676.7493124,678.7359779,0.8524719595,0.862082827
cyan,1601,12,36,0.4722222222,522.7296111,465.9516111,677.8734658,0.8554319423,676.880133,678.8667986,0.8506265085,0.860237376
cyan,1602,12,36,0.5,522.81,466.186,678.0042864,0.8535864912,677.0109537,678.9976192,0.8487810575,0.858391925
cyan,1603,12,36,0.5277777778,522.8903889,466.4203889,678.1351071,0.8517410402,677.1417743,679.1284398,0.8469356065,0.856546474
cyan,1604,12,36,0.5555555556,522.9707778,466.6547778,678.2659277,0.8498955892,677.2725949,679.2592605,0.8450901555,0.8547010229
cyan,1605,12,36,0.5833333333,523.0511667,466.8891667,678.3967483,0.8480501382,677.4034156,679.3900811,0.8432447044,0.8528555719
cyan,1606,12,36,0.6111111111,523.1315556,467.1235556,678.527569,0.8462046871,677.5342362,679.5209017,0.8413992534,0.8510101209
cyan,1607,12,36,0.6388888889,523.2119444,467.3579444,678.6583896,0.8443592361,677.6650569,679.6517224,0.8395538024,0.8491646699
cyan,1608,12,36,0.6666666667,523.2923333,467.5923333,678.7892103,0.8425137851,677.7958775,679.782543,0.8377083514,0.8473192188
cyan,1609,12,36,0.6944444444,523.3727222,467.8267222,678.9200309,0.8406683341,677.9266981,679.9133636,0.8358629003,0.8454737678
cyan,1610,12,36,0.7222222222,523.4531111,468.0611111,679.0508515,0.8388228831,678.0575188,680.0441843,0.8340174493,0.8436283168
cyan,1611,12,36,0.75,523.5335,468.2955,679.1816722,0.836977432,678.1883394,680.1750049,0.8321719983,0.8417828658
cyan,1612,12,36,0.7777777778,523.6138889,468.5298889,679.3124928,0.835131981,678.31916,680.3058256,0.8303265473,0.8399374148
cyan,1613,12,36,0.8055555556,523.6942778,468.7642778,679.4433134,0.83328653,678.4499807,680.4366462,0.8284810963,0.8380919637
cyan,1614,12,36,0.8333333333,523.7746667,468.9986667,679.5741341,0.831441079,678.5808013,680.5674668,0.8266356452,0.8362465127
cyan,1615,12,36,0.8611111111,523.8550556,469.2330556,679.7049547,0.8295956279,678.711622,680.6982875,0.8247901942,0.8344010617
cyan,1616,12,36,0.8888888889,523.9354444,469.4674444,679.8357753,0.8277501769,678.8424426,680.8291081,0.8229447432,0.8325556107
cyan,1617,12,36,0.9166666667,524.0158333,469.7018333,679.966596,0.8259047259,678.9732632,680.9599287,0.8210992922,0.8307101596
cyan,1618,12,36,0.9444444444,524.0962222,469.9362222,680.0974166,0.8240592749,679.1040839,681.0907494,0.8192538411,0.8288647086
cyan,1619,12,36,0.9722222222,524.1766111,470.1706111,680.2282373,0.8222138239,679.2349045,681.22157,0.8174083901,0.8270192576
cyan,1620,12,36,1,524.257,470.405,680.3590579,0.8203683728,679.3657251,681.3523907,0.8155629391,0.8251738066
cyan,1621,12,37,0.025,524.341975,470.636675,680.4973417,0.8185442895,679.504009,681.4906745,0.8137388558,0.8233497232
cyan,1622,12,37,0.05,524.42695,470.86835,680.6356256,0.8167202062,679.6422928,681.6289583,0.8119147724,0.8215256399
cyan,1623,12,37,0.075,524.511925,471.100025,680.7739094,0.8148961228,679.7805766,681.7672421,0.8100906891,0.8197015566
cyan,1624,12,37,0.1,524.5969,471.3317,680.9121932,0.8130720395,679.9188605,681.905526,0.8082666058,0.8178774732
cyan,1625,12,37,0.125,524.681875,471.563375,681.0504771,0.8112479562,680.0571443,682.0438098,0.8064425224,0.8160533899
cyan,1626,12,37,0.15,524.76685,471.79505,681.1887609,0.8094238728,680.1954281,682.1820936,0.8046184391,0.8142293066
cyan,1627,12,37,0.175,524.851825,472.026725,681.3270447,0.8075997895,680.333712,682.3203775,0.8027943558,0.8124052232
cyan,1628,12,37,0.2,524.9368,472.2584,681.4653286,0.8057757062,680.4719958,682.4586613,0.8009702724,0.8105811399
cyan,1629,12,37,0.225,525.021775,472.490075,681.6036124,0.8039516228,680.6102796,682.5969451,0.7991461891,0.8087570566
cyan,1630,12,37,0.25,525.10675,472.72175,681.7418962,0.8021275395,680.7485635,682.735229,0.7973221058,0.8069329732
cyan,1631,12,37,0.275,525.191725,472.953425,681.88018,0.8003034562,680.8868473,682.8735128,0.7954980224,0.8051088899
cyan,1632,12,37,0.3,525.2767,473.1851,682.0184639,0.7984793728,681.0251311,683.0117966,0.7936739391,0.8032848066
cyan,1633,12,37,0.325,525.361675,473.416775,682.1567477,0.7966552895,681.163415,683.1500805,0.7918498558,0.8014607232
cyan,1634,12,37,0.35,525.44665,473.64845,682.2950315,0.7948312062,681.3016988,683.2883643,0.7900257724,0.7996366399
cyan,1635,12,37,0.375,525.531625,473.880125,682.4333154,0.7930071228,681.4399826,683.4266481,0.7882016891,0.7978125566
cyan,1636,12,37,0.4,525.6166,474.1118,682.5715992,0.7911830395,681.5782665,683.564932,0.7863776058,0.7959884733
cyan,1637,12,37,0.425,525.701575,474.343475,682.709883,0.7893589562,681.7165503,683.7032158,0.7845535224,0.7941643899
cyan,1638,12,37,0.45,525.78655,474.57515,682.8481669,0.7875348729,681.8548341,683.8414996,0.7827294391,0.7923403066
cyan,1639,12,37,0.475,525.871525,474.806825,682.9864507,0.7857107895,681.9931179,683.9797835,0.7809053558,0.7905162233
cyan,1640,12,37,0.5,525.9565,475.0385,683.1247345,0.7838867062,682.1314018,684.1180673,0.7790812724,0.7886921399
cyan,1641,12,37,0.525,526.041475,475.270175,683.2630184,0.7820626229,682.2696856,684.2563511,0.7772571891,0.7868680566
cyan,1642,12,37,0.55,526.12645,475.50185,683.4013022,0.7802385395,682.4079694,684.394635,0.7754331058,0.7850439733
cyan,1643,12,37,0.575,526.211425,475.733525,683.539586,0.7784144562,682.5462533,684.5329188,0.7736090225,0.7832198899
cyan,1644,12,37,0.6,526.2964,475.9652,683.6778699,0.7765903729,682.6845371,684.6712026,0.7717849391,0.7813958066
cyan,1645,12,37,0.625,526.381375,476.196875,683.8161537,0.7747662895,682.8228209,684.8094865,0.7699608558,0.7795717233
cyan,1646,12,37,0.65,526.46635,476.42855,683.9544375,0.7729422062,682.9611048,684.9477703,0.7681367725,0.7777476399
cyan,1647,12,37,0.675,526.551325,476.660225,684.0927214,0.7711181229,683.0993886,685.0860541,0.7663126891,0.7759235566
cyan,1648,12,37,0.7,526.6363,476.8919,684.2310052,0.7692940395,683.2376724,685.224338,0.7644886058,0.7740994733
cyan,1649,12,37,0.725,526.721275,477.123575,684.369289,0.7674699562,683.3759563,685.3626218,0.7626645225,0.7722753899
cyan,1650,12,37,0.75,526.80625,477.35525,684.5075729,0.7656458729,683.5142401,685.5009056,0.7608404391,0.7704513066
cyan,1651,12,37,0.775,526.891225,477.586925,684.6458567,0.7638217895,683.6525239,685.6391894,0.7590163558,0.7686272233
cyan,1652,12,37,0.8,526.9762,477.8186,684.7841405,0.7619977062,683.7908078,685.7774733,0.7571922725,0.7668031399
cyan,1653,12,37,0.825,527.061175,478.050275,684.9224244,0.7601736229,683.9290916,685.9157571,0.7553681891,0.7649790566
cyan,1654,12,37,0.85,527.14615,478.28195,685.0607082,0.7583495395,684.0673754,686.0540409,0.7535441058,0.7631549733
cyan,1655,12,37,0.875,527.231125,478.513625,685.198992,0.7565254562,684.2056593,686.1923248,0.7517200225,0.7613308899
cyan,1656,12,37,0.9,527.3161,478.7453,685.3372759,0.7547013729,684.3439431,686.3306086,0.7498959391,0.7595068066
cyan,1657,12,37,0.925,527.401075,478.976975,685.4755597,0.7528772895,684.4822269,686.4688924,0.7480718558,0.7576827233
cyan,1658,12,37,0.95,527.48605,479.20865,685.6138435,0.7510532062,684.6205108,686.6071763,0.7462477725,0.7558586399
cyan,1659,12,37,0.975,527.571025,479.440325,685.7521273,0.7492291229,684.7587946,686.7454601,0.7444236891,0.7540345566
cyan,1660,12,37,1,527.656,479.672,685.8904112,0.7474050395,684.8970784,686.8837439,0.7425996058,0.7522104733
cyan,1661,12,38,0.02272727273,527.7466591,479.90275,686.037945,0.7455882391,685.0446122,687.0312778,0.7407828054,0.7503936729
cyan,1662,12,38,0.04545454545,527.8373182,480.1335,686.1854788,0.7437714388,685.1921461,687.1788116,0.738966005,0.7485768725
cyan,1663,12,38,0.06818181818,527.9279773,480.36425,686.3330126,0.7419546384,685.3396799,687.3263454,0.7371492046,0.7467600721
cyan,1664,12,38,0.09090909091,528.0186364,480.595,686.4805465,0.740137838,685.4872137,687.4738792,0.7353324043,0.7449432717
cyan,1665,12,38,0.1136363636,528.1092955,480.82575,686.6280803,0.7383210376,685.6347475,687.621413,0.7335156039,0.7431264713
cyan,1666,12,38,0.1363636364,528.1999545,481.0565,686.7756141,0.7365042372,685.7822814,687.7689469,0.7316988035,0.741309671
cyan,1667,12,38,0.1590909091,528.2906136,481.28725,686.9231479,0.7346874368,685.9298152,687.9164807,0.7298820031,0.7394928706
cyan,1668,12,38,0.1818181818,528.3812727,481.518,687.0706818,0.7328706365,686.077349,688.0640145,0.7280652027,0.7376760702
cyan,1669,12,38,0.2045454545,528.4719318,481.74875,687.2182156,0.7310538361,686.2248828,688.2115483,0.7262484023,0.7358592698
cyan,1670,12,38,0.2272727273,528.5625909,481.9795,687.3657494,0.7292370357,686.3724166,688.3590822,0.724431602,0.7340424694
cyan,1671,12,38,0.25,528.65325,482.21025,687.5132832,0.7274202353,686.5199505,688.506616,0.7226148016,0.732225669
cyan,1672,12,38,0.2727272727,528.7439091,482.441,687.660817,0.7256034349,686.6674843,688.6541498,0.7207980012,0.7304088687
cyan,1673,12,38,0.2954545455,528.8345682,482.67175,687.8083509,0.7237866345,686.8150181,688.8016836,0.7189812008,0.7285920683
cyan,1674,12,38,0.3181818182,528.9252273,482.9025,687.9558847,0.7219698342,686.9625519,688.9492174,0.7171644004,0.7267752679
cyan,1675,12,38,0.3409090909,529.0158864,483.13325,688.1034185,0.7201530338,687.1100857,689.0967513,0.7153476,0.7249584675
cyan,1676,12,38,0.3636363636,529.1065455,483.364,688.2509523,0.7183362334,687.2576196,689.2442851,0.7135307997,0.7231416671
cyan,1677,12,38,0.3863636364,529.1972045,483.59475,688.3984862,0.716519433,687.4051534,689.3918189,0.7117139993,0.7213248667
cyan,1678,12,38,0.4090909091,529.2878636,483.8255,688.54602,0.7147026326,687.5526872,689.5393527,0.7098971989,0.7195080664
cyan,1679,12,38,0.4318181818,529.3785227,484.05625,688.6935538,0.7128858322,687.700221,689.6868866,0.7080803985,0.717691266
cyan,1680,12,38,0.4545454545,529.4691818,484.287,688.8410876,0.7110690318,687.8477549,689.8344204,0.7062635981,0.7158744656
cyan,1681,12,38,0.4772727273,529.5598409,484.51775,688.9886214,0.7092522315,687.9952887,689.9819542,0.7044467977,0.7140576652
cyan,1682,12,38,0.5,529.6505,484.7485,689.1361553,0.7074354311,688.1428225,690.129488,0.7026299973,0.7122408648
cyan,1683,12,38,0.5227272727,529.7411591,484.97925,689.2836891,0.7056186307,688.2903563,690.2770218,0.700813197,0.7104240644
cyan,1684,12,38,0.5454545455,529.8318182,485.21,689.4312229,0.7038018303,688.4378901,690.4245557,0.6989963966,0.708607264
cyan,1685,12,38,0.5681818182,529.9224773,485.44075,689.5787567,0.7019850299,688.585424,690.5720895,0.6971795962,0.7067904637
cyan,1686,12,38,0.5909090909,530.0131364,485.6715,689.7262905,0.7001682295,688.7329578,690.7196233,0.6953627958,0.7049736633
cyan,1687,12,38,0.6136363636,530.1037955,485.90225,689.8738244,0.6983514292,688.8804916,690.8671571,0.6935459954,0.7031568629
cyan,1688,12,38,0.6363636364,530.1944545,486.133,690.0213582,0.6965346288,689.0280254,691.0146909,0.691729195,0.7013400625
cyan,1689,12,38,0.6590909091,530.2851136,486.36375,690.168892,0.6947178284,689.1755593,691.1622248,0.6899123947,0.6995232621
cyan,1690,12,38,0.6818181818,530.3757727,486.5945,690.3164258,0.692901028,689.3230931,691.3097586,0.6880955943,0.6977064617
cyan,1691,12,38,0.7045454545,530.4664318,486.82525,690.4639597,0.6910842276,689.4706269,691.4572924,0.6862787939,0.6958896614
cyan,1692,12,38,0.7272727273,530.5570909,487.056,690.6114935,0.6892674272,689.6181607,691.6048262,0.6844619935,0.694072861
cyan,1693,12,38,0.75,530.64775,487.28675,690.7590273,0.6874506269,689.7656945,691.7523601,0.6826451931,0.6922560606
cyan,1694,12,38,0.7727272727,530.7384091,487.5175,690.9065611,0.6856338265,689.9132284,691.8998939,0.6808283927,0.6904392602
cyan,1695,12,38,0.7954545455,530.8290682,487.74825,691.0540949,0.6838170261,690.0607622,692.0474277,0.6790115924,0.6886224598
cyan,1696,12,38,0.8181818182,530.9197273,487.979,691.2016288,0.6820002257,690.208296,692.1949615,0.677194792,0.6868056594
cyan,1697,12,38,0.8409090909,531.0103864,488.20975,691.3491626,0.6801834253,690.3558298,692.3424953,0.6753779916,0.6849888591
cyan,1698,12,38,0.8636363636,531.1010455,488.4405,691.4966964,0.6783666249,690.5033637,692.4900292,0.6735611912,0.6831720587
cyan,1699,12,38,0.8863636364,531.1917045,488.67125,691.6442302,0.6765498245,690.6508975,692.637563,0.6717443908,0.6813552583
cyan,1700,12,38,0.9090909091,531.2823636,488.902,691.7917641,0.6747330242,690.7984313,692.7850968,0.6699275904,0.6795384579
cyan,1701,12,38,0.9318181818,531.3730227,489.13275,691.9392979,0.6729162238,690.9459651,692.9326306,0.66811079,0.6777216575
cyan,1702,12,38,0.9545454545,531.4636818,489.3635,692.0868317,0.6710994234,691.0934989,693.0801645,0.6662939897,0.6759048571
cyan,1703,12,38,0.9772727273,531.5543409,489.59425,692.2343655,0.669282623,691.2410328,693.2276983,0.6644771893,0.6740880567
cyan,1704,12,38,1,531.645,489.825,692.3818993,0.6674658226,691.3885666,693.3752321,0.6626603889,0.6722712564
cyan,1705,12,39,0.02040816327,531.7405102,490.0517347,692.5373276,0.6656806366,691.5439948,693.5306604,0.6608752029,0.6704860703
cyan,1706,12,39,0.04081632653,531.8360204,490.2784694,692.6927559,0.6638954505,691.6994231,693.6860886,0.6590900168,0.6687008843
cyan,1707,12,39,0.0612244898,531.9315306,490.5052041,692.8481841,0.6621102645,691.8548514,693.8415169,0.6573048308,0.6669156982
cyan,1708,12,39,0.08163265306,532.0270408,490.7319388,693.0036124,0.6603250785,692.0102797,693.9969452,0.6555196447,0.6651305122
cyan,1709,12,39,0.1020408163,532.122551,490.9586735,693.1590407,0.6585398924,692.1657079,694.1523734,0.6537344587,0.6633453262
cyan,1710,12,39,0.1224489796,532.2180612,491.1854082,693.3144689,0.6567547064,692.3211362,694.3078017,0.6519492726,0.6615601401
cyan,1711,12,39,0.1428571429,532.3135714,491.4121429,693.4698972,0.6549695203,692.4765645,694.46323,0.6501640866,0.6597749541
cyan,1712,12,39,0.1632653061,532.4090816,491.6388776,693.6253255,0.6531843343,692.6319927,694.6186582,0.6483789006,0.657989768
cyan,1713,12,39,0.1836734694,532.5045918,491.8656122,693.7807537,0.6513991483,692.787421,694.7740865,0.6465937145,0.656204582
cyan,1714,12,39,0.2040816327,532.600102,492.0923469,693.936182,0.6496139622,692.9428493,694.9295148,0.6448085285,0.654419396
cyan,1715,12,39,0.2244897959,532.6956122,492.3190816,694.0916103,0.6478287762,693.0982775,695.084943,0.6430233424,0.6526342099
cyan,1716,12,39,0.2448979592,532.7911224,492.5458163,694.2470385,0.6460435901,693.2537058,695.2403713,0.6412381564,0.6508490239
cyan,1717,12,39,0.2653061224,532.8866327,492.772551,694.4024668,0.6442584041,693.4091341,695.3957996,0.6394529704,0.6490638378
cyan,1718,12,39,0.2857142857,532.9821429,492.9992857,694.5578951,0.6424732181,693.5645623,695.5512278,0.6376677843,0.6472786518
cyan,1719,12,39,0.306122449,533.0776531,493.2260204,694.7133234,0.640688032,693.7199906,695.7066561,0.6358825983,0.6454934658
cyan,1720,12,39,0.3265306122,533.1731633,493.4527551,694.8687516,0.638902846,693.8754189,695.8620844,0.6340974122,0.6437082797
cyan,1721,12,39,0.3469387755,533.2686735,493.6794898,695.0241799,0.6371176599,694.0308471,696.0175126,0.6323122262,0.6419230937
cyan,1722,12,39,0.3673469388,533.3641837,493.9062245,695.1796082,0.6353324739,694.1862754,696.1729409,0.6305270402,0.6401379076
cyan,1723,12,39,0.387755102,533.4596939,494.1329592,695.3350364,0.6335472879,694.3417037,696.3283692,0.6287418541,0.6383527216
cyan,1724,12,39,0.4081632653,533.5552041,494.3596939,695.4904647,0.6317621018,694.4971319,696.4837974,0.6269566681,0.6365675355
cyan,1725,12,39,0.4285714286,533.6507143,494.5864286,695.645893,0.6299769158,694.6525602,696.6392257,0.625171482,0.6347823495
cyan,1726,12,39,0.4489795918,533.7462245,494.8131633,695.8013212,0.6281917297,694.8079885,696.794654,0.623386296,0.6329971635
cyan,1727,12,39,0.4693877551,533.8417347,495.039898,695.9567495,0.6264065437,694.9634167,696.9500822,0.62160111,0.6312119774
cyan,1728,12,39,0.4897959184,533.9372449,495.2666327,696.1121778,0.6246213576,695.118845,697.1055105,0.6198159239,0.6294267914
cyan,1729,12,39,0.5102040816,534.0327551,495.4933673,696.267606,0.6228361716,695.2742733,697.2609388,0.6180307379,0.6276416053
cyan,1730,12,39,0.5306122449,534.1282653,495.720102,696.4230343,0.6210509856,695.4297015,697.4163671,0.6162455518,0.6258564193
cyan,1731,12,39,0.5510204082,534.2237755,495.9468367,696.5784626,0.6192657995,695.5851298,697.5717953,0.6144603658,0.6240712333
cyan,1732,12,39,0.5714285714,534.3192857,496.1735714,696.7338908,0.6174806135,695.7405581,697.7272236,0.6126751797,0.6222860472
cyan,1733,12,39,0.5918367347,534.4147959,496.4003061,696.8893191,0.6156954274,695.8959863,697.8826519,0.6108899937,0.6205008612
cyan,1734,12,39,0.612244898,534.5103061,496.6270408,697.0447474,0.6139102414,696.0514146,698.0380801,0.6091048077,0.6187156751
cyan,1735,12,39,0.6326530612,534.6058163,496.8537755,697.2001756,0.6121250554,696.2068429,698.1935084,0.6073196216,0.6169304891
cyan,1736,12,39,0.6530612245,534.7013265,497.0805102,697.3556039,0.6103398693,696.3622711,698.3489367,0.6055344356,0.6151453031
cyan,1737,12,39,0.6734693878,534.7968367,497.3072449,697.5110322,0.6085546833,696.5176994,698.5043649,0.6037492495,0.613360117
cyan,1738,12,39,0.693877551,534.8923469,497.5339796,697.6664604,0.6067694972,696.6731277,698.6597932,0.6019640635,0.611574931
cyan,1739,12,39,0.7142857143,534.9878571,497.7607143,697.8218887,0.6049843112,696.8285559,698.8152215,0.6001788775,0.6097897449
cyan,1740,12,39,0.7346938776,535.0833673,497.987449,697.977317,0.6031991252,696.9839842,698.9706497,0.5983936914,0.6080045589
cyan,1741,12,39,0.7551020408,535.1788776,498.2141837,698.1327452,0.6014139391,697.1394125,699.126078,0.5966085054,0.6062193728
cyan,1742,12,39,0.7755102041,535.2743878,498.4409184,698.2881735,0.5996287531,697.2948407,699.2815063,0.5948233193,0.6044341868
cyan,1743,12,39,0.7959183673,535.369898,498.6676531,698.4436018,0.597843567,697.450269,699.4369345,0.5930381333,0.6026490008
cyan,1744,12,39,0.8163265306,535.4654082,498.8943878,698.59903,0.596058381,697.6056973,699.5923628,0.5912529473,0.6008638147
cyan,1745,12,39,0.8367346939,535.5609184,499.1211224,698.7544583,0.594273195,697.7611255,699.7477911,0.5894677612,0.5990786287
cyan,1746,12,39,0.8571428571,535.6564286,499.3478571,698.9098866,0.5924880089,697.9165538,699.9032193,0.5876825752,0.5972934426
cyan,1747,12,39,0.8775510204,535.7519388,499.5745918,699.0653148,0.5907028229,698.0719821,700.0586476,0.5858973891,0.5955082566
cyan,1748,12,39,0.8979591837,535.847449,499.8013265,699.2207431,0.5889176368,698.2274104,700.2140759,0.5841122031,0.5937230706
cyan,1749,12,39,0.9183673469,535.9429592,500.0280612,699.3761714,0.5871324508,698.3828386,700.3695041,0.5823270171,0.5919378845
cyan,1750,12,39,0.9387755102,536.0384694,500.2547959,699.5315996,0.5853472647,698.5382669,700.5249324,0.580541831,0.5901526985
cyan,1751,12,39,0.9591836735,536.1339796,500.4815306,699.6870279,0.5835620787,698.6936952,700.6803607,0.578756645,0.5883675124
cyan,1752,12,39,0.9795918367,536.2294898,500.7082653,699.8424562,0.5817768927,698.8491234,700.8357889,0.5769714589,0.5865823264
cyan,1753,12,39,1,536.325,500.935,699.9978844,0.5799917066,699.0045517,700.9912172,0.5751862729,0.5847971404
visual_neutral,0,10,0,0,364.267,432.349,419.9997722,1.120000682,419.0064394,420.9931049,1.115195249,1.124806116
visual_neutral,1,10,1,0.05,364.5064,432.38895,420.3893591,1.119686138,419.3960263,421.3826919,1.114880704,1.124491571
visual_neutral,2,10,1,0.1,364.7458,432.4289,420.778946,1.119371593,419.7856133,421.7722788,1.114566159,1.124177027
visual_neutral,3,10,1,0.15,364.9852,432.46885,421.168533,1.119057048,420.1752002,422.1618657,1.114251615,1.123862482
visual_neutral,4,10,1,0.2,365.2246,432.5088,421.5581199,1.118742504,420.5647871,422.5514527,1.11393707,1.123547938
visual_neutral,5,10,1,0.25,365.464,432.54875,421.9477068,1.118427959,420.9543741,422.9410396,1.113622525,1.123233393
visual_neutral,6,10,1,0.3,365.7034,432.5887,422.3372938,1.118113415,421.343961,423.3306265,1.113307981,1.122918848
visual_neutral,7,10,1,0.35,365.9428,432.62865,422.7268807,1.11779887,421.7335479,423.7202134,1.112993436,1.122604304
visual_neutral,8,10,1,0.4,366.1822,432.6686,423.1164676,1.117484325,422.1231349,424.1098004,1.112678892,1.122289759
visual_neutral,9,10,1,0.45,366.4216,432.70855,423.5060545,1.117169781,422.5127218,424.4993873,1.112364347,1.121975214
visual_neutral,10,10,1,0.5,366.661,432.7485,423.8956415,1.116855236,422.9023087,424.8889742,1.112049802,1.12166067
visual_neutral,11,10,1,0.55,366.9004,432.78845,424.2852284,1.116540691,423.2918957,425.2785612,1.111735258,1.121346125
visual_neutral,12,10,1,0.6,367.1398,432.8284,424.6748153,1.116226147,423.6814826,425.6681481,1.111420713,1.12103158
visual_neutral,13,10,1,0.65,367.3792,432.86835,425.0644023,1.115911602,424.0710695,426.057735,1.111106168,1.120717036
visual_neutral,14,10,1,0.7,367.6186,432.9083,425.4539892,1.115597057,424.4606564,426.447322,1.110791624,1.120402491
visual_neutral,15,10,1,0.75,367.858,432.94825,425.8435761,1.115282513,424.8502434,426.8369089,1.110477079,1.120087947
visual_neutral,16,10,1,0.8,368.0974,432.9882,426.2331631,1.114967968,425.2398303,427.2264958,1.110162534,1.119773402
visual_neutral,17,10,1,0.85,368.3368,433.02815,426.62275,1.114653423,425.6294172,427.6160827,1.10984799,1.119458857
visual_neutral,18,10,1,0.9,368.5762,433.0681,427.0123369,1.114338879,426.0190042,428.0056697,1.109533445,1.119144313
visual_neutral,19,10,1,0.95,368.8156,433.10805,427.4019239,1.114024334,426.4085911,428.3952566,1.1092189,1.118829768
visual_neutral,20,10,1,1,369.055,433.148,427.7915108,1.11370979,426.798178,428.7848435,1.108904356,1.118515223
visual_neutral,21,10,2,0.05555555556,369.2802222,433.222,428.1580255,1.113127154,427.1646928,429.1513583,1.10832172,1.117932587
visual_neutral,22,10,2,0.1111111111,369.5054444,433.296,428.5245403,1.112544518,427.5312076,429.5178731,1.107739084,1.117349952
visual_neutral,23,10,2,0.1666666667,369.7306667,433.37,428.8910551,1.111961882,427.8977223,429.8843878,1.107156448,1.116767316
visual_neutral,24,10,2,0.2222222222,369.9558889,433.444,429.2575698,1.111379246,428.2642371,430.2509026,1.106573812,1.11618468
visual_neutral,25,10,2,0.2777777778,370.1811111,433.518,429.6240846,1.11079661,428.6307518,430.6174174,1.105991176,1.115602044
visual_neutral,26,10,2,0.3333333333,370.4063333,433.592,429.9905994,1.110213974,428.9972666,430.9839321,1.105408541,1.115019408
visual_neutral,27,10,2,0.3888888889,370.6315556,433.666,430.3571141,1.109631338,429.3637814,431.3504469,1.104825905,1.114436772
visual_neutral,28,10,2,0.4444444444,370.8567778,433.74,430.7236289,1.109048703,429.7302961,431.7169616,1.104243269,1.113854136
visual_neutral,29,10,2,0.5,371.082,433.814,431.0901436,1.108466067,430.0968109,432.0834764,1.103660633,1.1132715
visual_neutral,30,10,2,0.5555555556,371.3072222,433.888,431.4566584,1.107883431,430.4633257,432.4499912,1.103077997,1.112688865
visual_neutral,31,10,2,0.6111111111,371.5324444,433.962,431.8231732,1.107300795,430.8298404,432.8165059,1.102495361,1.112106229
visual_neutral,32,10,2,0.6666666667,371.7576667,434.036,432.1896879,1.106718159,431.1963552,433.1830207,1.101912725,1.111523593
visual_neutral,33,10,2,0.7222222222,371.9828889,434.11,432.5562027,1.106135523,431.5628699,433.5495355,1.101330089,1.110940957
visual_neutral,34,10,2,0.7777777778,372.2081111,434.184,432.9227175,1.105552887,431.9293847,433.9160502,1.100747454,1.110358321
visual_neutral,35,10,2,0.8333333333,372.4333333,434.258,433.2892322,1.104970251,432.2958995,434.282565,1.100164818,1.109775685
visual_neutral,36,10,2,0.8888888889,372.6585556,434.332,433.655747,1.104387616,432.6624142,434.6490797,1.099582182,1.109193049
visual_neutral,37,10,2,0.9444444444,372.8837778,434.406,434.0222618,1.10380498,433.028929,435.0155945,1.098999546,1.108610413
visual_neutral,38,10,2,1,373.109,434.48,434.3887765,1.103222344,433.3954438,435.3821093,1.09841691,1.108027778
visual_neutral,39,10,3,0.0625,373.3231875,434.59025,434.737334,1.102354295,433.7440012,435.7306667,1.097548861,1.107159729
visual_neutral,40,10,3,0.125,373.537375,434.7005,435.0858914,1.101486246,434.0925586,436.0792241,1.096680813,1.10629168
visual_neutral,41,10,3,0.1875,373.7515625,434.81075,435.4344488,1.100618198,434.4411161,436.4277816,1.095812764,1.105423631
visual_neutral,42,10,3,0.25,373.96575,434.921,435.7830063,1.099750149,434.7896735,436.776339,1.094944715,1.104555583
visual_neutral,43,10,3,0.3125,374.1799375,435.03125,436.1315637,1.0988821,435.1382309,437.1248965,1.094076666,1.103687534
visual_neutral,44,10,3,0.375,374.394125,435.1415,436.4801211,1.098014051,435.4867884,437.4734539,1.093208618,1.102819485
visual_neutral,45,10,3,0.4375,374.6083125,435.25175,436.8286786,1.097146003,435.8353458,437.8220113,1.092340569,1.101951436
visual_neutral,46,10,3,0.5,374.8225,435.362,437.177236,1.096277954,436.1839033,438.1705688,1.09147252,1.101083388
visual_neutral,47,10,3,0.5625,375.0366875,435.47225,437.5257935,1.095409905,436.5324607,438.5191262,1.090604472,1.100215339
visual_neutral,48,10,3,0.625,375.250875,435.5825,437.8743509,1.094541857,436.8810181,438.8676837,1.089736423,1.09934729
visual_neutral,49,10,3,0.6875,375.4650625,435.69275,438.2229083,1.093673808,437.2295756,439.2162411,1.088868374,1.098479242
visual_neutral,50,10,3,0.75,375.67925,435.803,438.5714658,1.092805759,437.578133,439.5647985,1.088000325,1.097611193
visual_neutral,51,10,3,0.8125,375.8934375,435.91325,438.9200232,1.09193771,437.9266905,439.913356,1.087132277,1.096743144
visual_neutral,52,10,3,0.875,376.107625,436.0235,439.2685806,1.091069662,438.2752479,440.2619134,1.086264228,1.095875095
visual_neutral,53,10,3,0.9375,376.3218125,436.13375,439.6171381,1.090201613,438.6238053,440.6104708,1.085396179,1.095007047
visual_neutral,54,10,3,1,376.536,436.244,439.9656955,1.089333564,438.9723628,440.9590283,1.084528131,1.094138998
visual_neutral,55,10,4,0.06666666667,376.7294667,436.3846667,440.280533,1.088226031,439.2872002,441.2738657,1.083420597,1.093031465
visual_neutral,56,10,4,0.1333333333,376.9229333,436.5253333,440.5953704,1.087118498,439.6020377,441.5887032,1.082313064,1.091923932
visual_neutral,57,10,4,0.2,377.1164,436.666,440.9102079,1.086010965,439.9168751,441.9035406,1.081205531,1.090816399
visual_neutral,58,10,4,0.2666666667,377.3098667,436.8066667,441.2250453,1.084903432,440.2317126,442.2183781,1.080097998,1.089708866
visual_neutral,59,10,4,0.3333333333,377.5033333,436.9473333,441.5398828,1.083795899,440.54655,442.5332155,1.078990465,1.088601333
visual_neutral,60,10,4,0.4,377.6968,437.088,441.8547202,1.082688366,440.8613874,442.848053,1.077882932,1.0874938
visual_neutral,61,10,4,0.4666666667,377.8902667,437.2286667,442.1695577,1.081580833,441.1762249,443.1628904,1.076775399,1.086386267
visual_neutral,62,10,4,0.5333333333,378.0837333,437.3693333,442.4843951,1.0804733,441.4910623,443.4777279,1.075667866,1.085278734
visual_neutral,63,10,4,0.6,378.2772,437.51,442.7992325,1.079365767,441.8058998,443.7925653,1.074560333,1.0841712
visual_neutral,64,10,4,0.6666666667,378.4706667,437.6506667,443.11407,1.078258234,442.1207372,444.1074027,1.0734528,1.083063667
visual_neutral,65,10,4,0.7333333333,378.6641333,437.7913333,443.4289074,1.077150701,442.4355747,444.4222402,1.072345267,1.081956134
visual_neutral,66,10,4,0.8,378.8576,437.932,443.7437449,1.076043168,442.7504121,444.7370776,1.071237734,1.080848601
visual_neutral,67,10,4,0.8666666667,379.0510667,438.0726667,444.0585823,1.074935634,443.0652496,445.0519151,1.070130201,1.079741068
visual_neutral,68,10,4,0.9333333333,379.2445333,438.2133333,444.3734198,1.073828101,443.380087,445.3667525,1.069022668,1.078633535
visual_neutral,69,10,4,1,379.438,438.354,444.6882572,1.072720568,443.6949245,445.68159,1.067915135,1.077526002
visual_neutral,70,10,5,0.0078125,379.5647259,438.4615036,444.8944843,1.071874144,443.9011515,445.8878171,1.06706871,1.076679577
visual_neutral,71,10,5,0.015625,379.6906606,438.5697887,445.0994238,1.071021565,444.106091,446.0927566,1.066216132,1.075826999
visual_neutral,72,10,5,0.0234375,379.8158146,438.6788452,445.3030927,1.070162913,444.3097599,446.2964255,1.06535748,1.074968347
visual_neutral,73,10,5,0.03125,379.9401981,438.788663,445.505508,1.069298268,444.5121752,446.4988407,1.064492834,1.074103702
visual_neutral,74,10,5,0.0390625,380.0638218,438.8992318,445.7066865,1.068427709,444.7133538,446.7000193,1.063622275,1.073233143
visual_neutral,75,10,5,0.046875,380.1866959,439.0105415,445.9066454,1.067551317,444.9133126,446.8999782,1.062745883,1.072356751
visual_neutral,76,10,5,0.0546875,380.3088309,439.1225819,446.1054015,1.066669172,445.1120688,447.0987343,1.061863738,1.071474605
visual_neutral,77,10,5,0.0625,380.4302373,439.2353428,446.3029719,1.065781353,445.3096391,447.2963046,1.060975919,1.070586787
visual_neutral,78,10,5,0.0703125,380.5509255,439.3488141,446.4993734,1.064887942,445.5060406,447.4927062,1.060082508,1.069693376
visual_neutral,79,10,5,0.078125,380.6709058,439.4629855,446.6946231,1.063989018,445.7012903,447.6879559,1.059183584,1.068794451
visual_neutral,80,10,5,0.0859375,380.7901888,439.577847,446.8887379,1.063084661,445.8954051,447.8820707,1.058279227,1.067890094
visual_neutral,81,10,5,0.09375,380.9087848,439.6933883,447.0817348,1.062174951,446.088402,448.0750676,1.057369517,1.066980385
visual_neutral,82,10,5,0.1015625,381.0267043,439.8095993,447.2736308,1.061259969,446.280298,448.2669635,1.056454535,1.066065403
visual_neutral,83,10,5,0.109375,381.1439577,439.9264697,447.4644427,1.060339794,446.47111,448.4577755,1.05553436,1.065145228
visual_neutral,84,10,5,0.1171875,381.2605554,440.0439895,447.6541877,1.059414507,446.6608549,448.6475204,1.054609073,1.064219941
visual_neutral,85,10,5,0.125,381.3765078,440.1621484,447.8428826,1.058484188,446.8495498,448.8362153,1.053678754,1.063289622
visual_neutral,86,10,5,0.1328125,381.4918254,440.2809363,448.0305444,1.057548917,447.0372116,449.0238772,1.052743483,1.06235435
visual_neutral,87,10,5,0.140625,381.6065187,440.400343,448.2171901,1.056608773,447.2238573,449.2105229,1.051803339,1.061414207
visual_neutral,88,10,5,0.1484375,381.7205979,440.5203583,448.4028366,1.055663838,447.4095039,449.3961694,1.050858404,1.060469271
visual_neutral,89,10,5,0.15625,381.8340736,440.640972,448.587501,1.05471419,447.5941683,449.5808338,1.049908757,1.059519624
visual_neutral,90,10,5,0.1640625,381.9469562,440.7621741,448.7712002,1.053759912,447.7778674,449.7645329,1.048954478,1.058565345
visual_neutral,91,10,5,0.171875,382.0592561,440.8839542,448.9539511,1.052801081,447.9606183,449.9472838,1.047995647,1.057606515
visual_neutral,92,10,5,0.1796875,382.1709837,441.0063022,449.1357707,1.051837779,448.1424379,450.1291034,1.047032345,1.056643213
visual_neutral,93,10,5,0.1875,382.2821494,441.129208,449.3166759,1.050870085,448.3233432,450.3100087,1.046064652,1.055675519
visual_neutral,94,10,5,0.1953125,382.3927637,441.2526614,449.4966839,1.04989808,448.5033511,450.4900166,1.045092647,1.054703514
visual_neutral,95,10,5,0.203125,382.5028371,441.3766521,449.6758114,1.048921844,448.6824787,450.6691442,1.044116411,1.053727278
visual_neutral,96,10,5,0.2109375,382.6123798,441.5011701,449.8540755,1.047941457,448.8607428,450.8474083,1.043136023,1.052746891
visual_neutral,97,10,5,0.21875,382.7214025,441.6262052,450.0314932,1.046956999,449.0381604,451.0248259,1.042151565,1.051762433
visual_neutral,98,10,5,0.2265625,382.8299154,441.7517471,450.2080814,1.04596855,449.2147486,451.2014141,1.041163116,1.050773983
visual_neutral,99,10,5,0.234375,382.937929,441.8777858,450.383857,1.04497619,449.3905242,451.3771898,1.040170756,1.049781623
visual_neutral,100,10,5,0.2421875,383.0454537,442.004311,450.5588371,1.043979999,449.5655043,451.5521698,1.039174565,1.048785433
visual_neutral,101,10,5,0.25,383.1525,442.1313125,450.7330386,1.042980058,449.7397058,451.7263713,1.038174624,1.047785492
visual_neutral,102,10,5,0.2578125,383.2590783,442.2587802,450.9064784,1.041976446,449.9131457,451.8998112,1.037171012,1.04678188
visual_neutral,103,10,5,0.265625,383.365199,442.386704,451.0791736,1.040969244,450.0858409,452.0725064,1.03616381,1.045774678
visual_neutral,104,10,5,0.2734375,383.4708725,442.5150735,451.2511411,1.039958531,450.2578084,452.2444739,1.035153098,1.044763965
visual_neutral,105,10,5,0.28125,383.5761093,442.6438788,451.4223979,1.038944389,450.4290652,452.4157307,1.034138955,1.043749823
visual_neutral,106,10,5,0.2890625,383.6809197,442.7731095,451.5929609,1.037926896,450.5996282,452.5862937,1.033121462,1.04273233
visual_neutral,107,10,5,0.296875,383.7853143,442.9027556,451.7628472,1.036906133,450.7695144,452.7561799,1.0321007,1.041711567
visual_neutral,108,10,5,0.3046875,383.8893034,443.0328068,451.9320735,1.035882181,450.9387408,452.9254063,1.031076747,1.040687615
visual_neutral,109,10,5,0.3125,383.9928975,443.1632529,452.1006571,1.034855118,451.1073243,453.0939898,1.030049685,1.039660552
visual_neutral,110,10,5,0.3203125,384.0961069,443.2940839,452.2686147,1.033825026,451.2752819,453.2619474,1.029019593,1.03863046
visual_neutral,111,10,5,0.328125,384.1989422,443.4252895,452.4359634,1.032791985,451.4426306,453.4292961,1.027986551,1.037597418
visual_neutral,112,10,5,0.3359375,384.3014137,443.5568595,452.6027201,1.031756074,451.6093873,453.5960529,1.02695064,1.036561507
visual_neutral,113,10,5,0.34375,384.4035319,443.6887838,452.7689018,1.030717373,451.7755691,453.7622346,1.025911939,1.035522807
visual_neutral,114,10,5,0.3515625,384.5053071,443.8210522,452.9345255,1.029675963,451.9411927,453.9278583,1.02487053,1.034481397
visual_neutral,115,10,5,0.359375,384.6067499,443.9536546,453.0996081,1.028631925,452.1062754,454.0929409,1.023826491,1.033437358
visual_neutral,116,10,5,0.3671875,384.7078706,444.0865806,453.2641666,1.027585337,452.2708339,454.2574994,1.022779903,1.03239077
visual_neutral,117,10,5,0.375,384.8086797,444.2198203,453.428218,1.02653628,452.4348853,454.4215508,1.021730846,1.031341713
visual_neutral,118,10,5,0.3828125,384.9091876,444.3533634,453.5917792,1.025484834,452.5984465,454.585112,1.0206794,1.030290268
visual_neutral,119,10,5,0.390625,385.0094046,444.4871997,453.7548672,1.024431079,452.7615345,454.7482,1.019625646,1.029236513
visual_neutral,120,10,5,0.3984375,385.1093414,444.6213191,453.917499,1.023375096,452.9241662,454.9108318,1.018569663,1.02818053
visual_neutral,121,10,5,0.40625,385.2090082,444.7557113,454.0796915,1.022316965,453.0863587,455.0730242,1.017511531,1.027122398
visual_neutral,122,10,5,0.4140625,385.3084155,444.8903663,454.2414617,1.021256765,453.2481289,455.2347944,1.016451331,1.026062198
visual_neutral,123,10,5,0.421875,385.4075737,445.0252738,454.4028265,1.020194576,453.4094938,455.3961593,1.015389142,1.02500001
visual_neutral,124,10,5,0.4296875,385.5064932,445.1604236,454.563803,1.019130479,453.5704702,455.5571357,1.014325046,1.023935913
visual_neutral,125,10,5,0.4375,385.6051846,445.2958057,454.724408,1.018064554,453.7310753,455.7177408,1.013259121,1.022869988
visual_neutral,126,10,5,0.4453125,385.7036581,445.4314097,454.8846587,1.016996882,453.8913259,455.8779914,1.012191448,1.021802315
visual_neutral,127,10,5,0.453125,385.8019242,445.5672256,455.0445718,1.015927541,454.051239,456.0379046,1.011122107,1.020732975
visual_neutral,128,10,5,0.4609375,385.8999934,445.7032432,455.2041644,1.014856612,454.2108317,456.1974972,1.010051178,1.019662046
visual_neutral,129,10,5,0.46875,385.9978761,445.8394523,455.3634535,1.013784176,454.3701208,456.3567863,1.008978742,1.01858961
visual_neutral,130,10,5,0.4765625,386.0955827,445.9758427,455.522456,1.012710312,454.5291233,456.5157888,1.007904878,1.017515746
visual_neutral,131,10,5,0.484375,386.1931236,446.1124042,455.6811889,1.0116351,454.6878562,456.6745217,1.006829667,1.016440534
visual_neutral,132,10,5,0.4921875,386.2905092,446.2491267,455.8396692,1.010558622,454.8463364,456.8330019,1.005753188,1.015364055
visual_neutral,133,10,5,0.5,386.38775,446.386,455.9979137,1.009480955,455.004581,456.9912465,1.004675522,1.014286389
visual_neutral,134,10,5,0.5078125,386.4848564,446.5230139,456.1559396,1.008402182,455.1626068,457.1492724,1.003596748,1.013207616
visual_neutral,135,10,5,0.515625,386.5818389,446.6601583,456.3137637,1.007322382,455.3204309,457.3070965,1.002516948,1.012127815
visual_neutral,136,10,5,0.5234375,386.6787077,446.797423,456.471403,1.006241634,455.4780703,457.4647358,1.0014362,1.011047068
visual_neutral,137,10,5,0.53125,386.7754735,446.9347977,456.6288745,1.00516002,455.6355418,457.6222073,1.000354586,1.009965453
visual_neutral,138,10,5,0.5390625,386.8721466,447.0722724,456.7861952,1.004077618,455.7928624,457.7795279,0.9992721847,1.008883052
visual_neutral,139,10,5,0.546875,386.9687374,447.2098369,456.943382,1.002994511,455.9500492,457.9367147,0.9981890769,1.007799944
visual_neutral,140,10,5,0.5546875,387.0652563,447.3474809,457.1004518,1.001910776,456.1071191,458.0937846,0.9971053424,1.00671621
visual_neutral,141,10,5,0.5625,387.1617139,447.4851943,457.2574217,1.000826495,456.264089,458.2507545,0.9960210615,1.005631929
visual_neutral,142,10,5,0.5703125,387.2581204,447.622967,457.4143086,0.9997417479,456.4209759,458.4076414,0.9949363141,1.004547182
visual_neutral,143,10,5,0.578125,387.3544864,447.7607887,457.5711295,0.9986566143,456.5777968,458.5644623,0.9938511805,1.003462048
visual_neutral,144,10,5,0.5859375,387.4508222,447.8986494,457.7279014,0.9975711745,456.7345686,458.7212341,0.9927657408,1.002376608
visual_neutral,145,10,5,0.59375,387.5471383,448.0365387,457.8846411,0.9964855087,456.8913083,458.8779739,0.9916800749,1.001290942
visual_neutral,146,10,5,0.6015625,387.6434451,448.1744466,458.0413657,0.9953996968,457.048033,459.0346985,0.9905942631,1.000205131
visual_neutral,147,10,5,0.609375,387.7397531,448.3123628,458.1980922,0.9943138192,457.2047595,459.191425,0.9895083854,0.9991192529
visual_neutral,148,10,5,0.6171875,387.8360726,448.4502772,458.3548375,0.9932279557,457.3615047,459.3481702,0.988422522,0.9980333894
visual_neutral,149,10,5,0.625,387.9324141,448.5881797,458.5116185,0.9921421866,457.5182858,459.5049513,0.9873367529,0.9969476203
visual_neutral,150,10,5,0.6328125,388.028788,448.72606,458.6684523,0.9910565919,457.6751196,459.6617851,0.9862511582,0.9958620257
visual_neutral,151,10,5,0.640625,388.1252047,448.8639079,458.8253559,0.9899712518,457.8320231,459.8186886,0.9851658181,0.9947766855
visual_neutral,152,10,5,0.6484375,388.2216747,449.0017134,458.982346,0.9888862463,457.9890133,459.9756788,0.9840808126,0.9936916801
visual_neutral,153,10,5,0.65625,388.3182084,449.1394662,459.1394399,0.9878016556,458.1461071,460.1327726,0.9829962219,0.9926070894
visual_neutral,154,10,5,0.6640625,388.4148162,449.2771561,459.2966543,0.9867175598,458.3033215,460.289987,0.981912126,0.9915229935
visual_neutral,155,10,5,0.671875,388.5115085,449.414773,459.4540063,0.9856340388,458.4606735,460.447339,0.9808286051,0.9904394726
visual_neutral,156,10,5,0.6796875,388.6082958,449.5523067,459.6115128,0.984551173,458.6181801,460.6048456,0.9797457393,0.9893566067
visual_neutral,157,10,5,0.6875,388.7051885,449.6897471,459.7691909,0.9834690423,458.7758581,460.7625236,0.9786636086,0.988274476
visual_neutral,158,10,5,0.6953125,388.802197,449.8270839,459.9270574,0.9823877269,458.9337246,460.9203901,0.9775822932,0.9871931606
visual_neutral,159,10,5,0.703125,388.8993317,449.9643069,460.0851293,0.9813073068,459.0917966,461.0784621,0.9765018731,0.9861127406
visual_neutral,160,10,5,0.7109375,388.9966031,450.1014061,460.2434237,0.9802278623,459.2500909,461.2367564,0.9754224285,0.985033296
visual_neutral,161,10,5,0.71875,389.0940216,450.2383712,460.4019574,0.9791494733,459.4086246,461.3952901,0.9743440395,0.983954907
visual_neutral,162,10,5,0.7265625,389.1915976,450.3751921,460.5607474,0.9780722199,459.5674147,461.5540802,0.9732667862,0.9828776537
visual_neutral,163,10,5,0.734375,389.2893416,450.5118585,460.7198108,0.9769961824,459.726478,461.7131435,0.9721907487,0.9818016161
visual_neutral,164,10,5,0.7421875,389.3872639,450.6483604,460.8791644,0.9759214407,459.8858316,461.8724972,0.971116007,0.9807268745
visual_neutral,165,10,5,0.75,389.485375,450.7846875,461.0388253,0.9748480751,460.0454925,462.032158,0.9700426413,0.9796535088
visual_neutral,166,10,5,0.7578125,389.5836853,450.9208297,461.1988103,0.9737761655,460.2054775,462.1921431,0.9689707317,0.9785815992
visual_neutral,167,10,5,0.765625,389.6822053,451.0567767,461.3591365,0.9727057921,460.3658038,462.3524693,0.9679003584,0.9775112258
visual_neutral,168,10,5,0.7734375,389.7809454,451.1925185,461.5198209,0.971637035,460.5264881,462.5131536,0.9668316013,0.9764424687
visual_neutral,169,10,5,0.78125,389.8799159,451.3280448,461.6808803,0.9705699743,460.6875475,462.674213,0.9657645406,0.975375408
visual_neutral,170,10,5,0.7890625,389.9791274,451.4633455,461.8423318,0.9695046901,460.848999,462.8356645,0.9646992564,0.9743101238
visual_neutral,171,10,5,0.796875,390.0785902,451.5984104,462.0041923,0.9684412625,461.0108596,462.9975251,0.9636358288,0.9732466963
visual_neutral,172,10,5,0.8046875,390.1783147,451.7332292,462.1664788,0.9673797716,461.1731461,463.1598116,0.9625743379,0.9721852054
visual_neutral,173,10,5,0.8125,390.2783115,451.867792,462.3292083,0.9663202976,461.3358756,463.3225411,0.9615148638,0.9711257313
visual_neutral,174,10,5,0.8203125,390.3785909,452.0020884,462.4923977,0.9652629204,461.499065,463.4857305,0.9604574867,0.9700683541
visual_neutral,175,10,5,0.828125,390.4791634,452.1361083,462.656064,0.9642077203,461.6627313,463.6493968,0.9594022865,0.969013154
visual_neutral,176,10,5,0.8359375,390.5800393,452.2698416,462.8202242,0.9631547772,461.8268914,463.8135569,0.9583493435,0.967960211
visual_neutral,177,10,5,0.84375,390.6812291,452.403278,462.9848952,0.9621041714,461.9915624,463.9782279,0.9572987377,0.9669096052
visual_neutral,178,10,5,0.8515625,390.7827433,452.5364073,463.1500939,0.961055983,462.1567612,464.1434267,0.9562505492,0.9658614167
visual_neutral,179,10,5,0.859375,390.8845922,452.6692195,463.3158375,0.9600102919,462.3225047,464.3091702,0.9552048582,0.9648157257
visual_neutral,180,10,5,0.8671875,390.9867863,452.8017043,463.4821427,0.9589671784,462.48881,464.4754755,0.9541617447,0.9637726122
visual_neutral,181,10,5,0.875,391.0893359,452.9338516,463.6490267,0.9579267225,462.6556939,464.6423594,0.9531212888,0.9627321563
visual_neutral,182,10,5,0.8828125,391.1922516,453.0656511,463.8165063,0.9568890044,462.8231735,464.809839,0.9520835707,0.9616944381
visual_neutral,183,10,5,0.890625,391.2955438,453.1970928,463.9845985,0.9558541041,462.9912657,464.9779312,0.9510486704,0.9606595378
visual_neutral,184,10,5,0.8984375,391.3992228,453.3281663,464.1533203,0.9548221017,463.1599875,465.146653,0.950016668,0.9596275355
visual_neutral,185,10,5,0.90625,391.5032992,453.4588617,464.3226886,0.9537930774,463.3293559,465.3160214,0.9489876437,0.9585985112
visual_neutral,186,10,5,0.9140625,391.6077833,453.5891686,464.4927205,0.9527671113,463.4993877,465.4860533,0.9479616775,0.957572545
visual_neutral,187,10,5,0.921875,391.7126855,453.719077,464.6634329,0.9517442834,463.6701001,465.6567656,0.9469388496,0.9565497171
visual_neutral,188,10,5,0.9296875,391.8180163,453.8485766,464.8348427,0.9507246738,463.8415099,465.8281754,0.9459192401,0.9555301075
visual_neutral,189,10,5,0.9375,391.9237861,453.9776572,465.0069669,0.9497083627,464.0136341,466.0002996,0.944902929,0.9545137964
visual_neutral,190,10,5,0.9453125,392.0300054,454.1063088,465.1798225,0.9486954302,464.1864897,466.1731553,0.9438899964,0.9535008639
visual_neutral,191,10,5,0.953125,392.1366845,454.234521,465.3534265,0.9476859563,464.3600937,466.3467592,0.9428805226,0.95249139
visual_neutral,192,10,5,0.9609375,392.2438339,454.3622839,465.5277957,0.9466800212,464.534463,466.5211285,0.9418745875,0.9514854549
visual_neutral,193,10,5,0.96875,392.351464,454.489587,465.7029473,0.945677705,464.7096145,466.69628,0.9408722712,0.9504831387
visual_neutral,194,10,5,0.9765625,392.4595852,454.6164204,465.8788981,0.9446790877,464.8855653,466.8722308,0.939873654,0.9494845214
visual_neutral,195,10,5,0.984375,392.568208,454.7427738,466.0556651,0.9436842495,465.0623323,467.0489978,0.9388788158,0.9484896832
visual_neutral,196,10,5,0.9921875,392.6773428,454.8686371,466.2332653,0.9426932705,465.2399325,467.226598,0.9378878368,0.9474987042
visual_neutral,197,10,5,1,392.787,454.994,466.4117156,0.9417062308,465.4183828,467.4050484,0.936900797,0.9465116645
visual_neutral,198,10,6,0.1,392.9519,455.1783,466.6800652,0.9402551525,465.6867324,467.6733979,0.9354497188,0.9450605862
visual_neutral,199,10,6,0.2,393.1168,455.3626,466.9484147,0.9388040742,465.955082,467.9417475,0.9339986405,0.943609508
visual_neutral,200,10,6,0.3,393.2817,455.5469,467.2167643,0.937352996,466.2234315,468.210097,0.9325475622,0.9421584297
visual_neutral,201,10,6,0.4,393.4466,455.7312,467.4851138,0.9359019177,466.4917811,468.4784466,0.931096484,0.9407073514
visual_neutral,202,10,6,0.5,393.6115,455.9155,467.7534634,0.9344508394,466.7601306,468.7467962,0.9296454057,0.9392562732
visual_neutral,203,10,6,0.6,393.7764,456.0998,468.021813,0.9329997612,467.0284802,469.0151457,0.9281943274,0.9378051949
visual_neutral,204,10,6,0.7,393.9413,456.2841,468.2901625,0.9315486829,467.2968298,469.2834953,0.9267432492,0.9363541166
visual_neutral,205,10,6,0.8,394.1062,456.4684,468.5585121,0.9300976046,467.5651793,469.5518448,0.9252921709,0.9349030384
visual_neutral,206,10,6,0.9,394.2711,456.6527,468.8268616,0.9286465264,467.8335289,469.8201944,0.9238410926,0.9334519601
visual_neutral,207,10,6,1,394.436,456.837,469.0952112,0.9271954481,468.1018784,470.088544,0.9223900143,0.9320008818
visual_neutral,208,10,7,0.1,394.6002,456.9976,469.3624216,0.9259309708,468.3690889,470.3557544,0.921125537,0.9307364045
visual_neutral,209,10,7,0.2,394.7644,457.1582,469.629632,0.9246664934,468.6362993,470.6229648,0.9198610597,0.9294719272
visual_neutral,210,10,7,0.3,394.9286,457.3188,469.8968425,0.9234020161,468.9035097,470.8901752,0.9185965824,0.9282074499
visual_neutral,211,10,7,0.4,395.0928,457.4794,470.1640529,0.9221375388,469.1707201,471.1573856,0.9173321051,0.9269429725
visual_neutral,212,10,7,0.5,395.257,457.64,470.4312633,0.9208730615,469.4379305,471.4245961,0.9160676277,0.9256784952
visual_neutral,213,10,7,0.6,395.4212,457.8006,470.6984737,0.9196085842,469.705141,471.6918065,0.9148031504,0.9244140179
visual_neutral,214,10,7,0.7,395.5854,457.9612,470.9656841,0.9183441068,469.9723514,471.9590169,0.9135386731,0.9231495406
visual_neutral,215,10,7,0.8,395.7496,458.1218,471.2328945,0.9170796295,470.2395618,472.2262273,0.9122741958,0.9218850633
visual_neutral,216,10,7,0.9,395.9138,458.2824,471.500105,0.9158151522,470.5067722,472.4934377,0.9110097185,0.9206205859
visual_neutral,217,10,7,1,396.078,458.443,471.7673154,0.9145506749,470.7739826,472.7606481,0.9097452411,0.9193561086
visual_neutral,218,10,8,0.015625,396.2403255,458.587982,472.0314753,0.9134091653,471.0381425,473.024808,0.9086037316,0.9182145991
visual_neutral,219,10,8,0.03125,396.4028458,458.7305883,472.2959523,0.9122863604,471.3026195,473.289285,0.9074809267,0.9170917941
visual_neutral,220,10,8,0.046875,396.5655801,458.8707783,472.5607776,0.9111825805,471.5674448,473.5541103,0.9063771468,0.9159880142
visual_neutral,221,10,8,0.0625,396.7285476,459.0085112,472.8259822,0.9100981461,471.8326495,473.819315,0.9052927123,0.9149035798
visual_neutral,222,10,8,0.078125,396.8917673,459.1437464,473.0915974,0.9090333775,472.0982646,474.0849301,0.9042279438,0.9138388112
visual_neutral,223,10,8,0.09375,397.0552583,459.2764432,473.357654,0.9079885952,472.3643213,474.3509868,0.9031831615,0.9127940289
visual_neutral,224,10,8,0.109375,397.2190398,459.4065608,473.6241834,0.9069641196,472.6308506,474.6175161,0.9021586859,0.9117695533
visual_neutral,225,10,8,0.125,397.3831309,459.5340586,473.8912165,0.9059602711,472.8978837,474.8845492,0.9011548374,0.9107657048
visual_neutral,226,10,8,0.140625,397.5475506,459.6588959,474.1587845,0.9049773701,473.1654517,475.1521172,0.9001719364,0.9097828038
visual_neutral,227,10,8,0.15625,397.7123181,459.7810319,474.4269184,0.904015737,473.4335857,475.4202512,0.8992103033,0.9088211708
visual_neutral,228,10,8,0.171875,397.8774525,459.9004261,474.6956494,0.9030756923,473.7023167,475.6889822,0.8982702586,0.907881126
visual_neutral,229,10,8,0.1875,398.0429729,460.0170376,474.9650086,0.9021575563,473.9716759,475.9583414,0.8973521226,0.90696299
visual_neutral,230,10,8,0.203125,398.2088984,460.1308258,475.2350271,0.9012616495,474.2416943,476.2283598,0.8964562157,0.9060670832
visual_neutral,231,10,8,0.21875,398.3752482,460.2417501,475.5057359,0.9003882922,474.5124032,476.4990687,0.8955828585,0.9051937259
visual_neutral,232,10,8,0.234375,398.5420413,460.3497696,475.7771662,0.8995378049,474.7838335,476.770499,0.8947323712,0.9043432387
visual_neutral,233,10,8,0.25,398.7092969,460.4548437,476.0493491,0.898710508,475.0560163,477.0426819,0.8939050743,0.9035159418
visual_neutral,234,10,8,0.265625,398.877034,460.5569318,476.3223157,0.897906722,475.3289829,477.3156484,0.8931012882,0.9027121557
visual_neutral,235,10,8,0.28125,399.0452718,460.6559931,476.596097,0.8971267671,475.6027642,477.5894298,0.8923213334,0.9019322008
visual_neutral,236,10,8,0.296875,399.2140294,460.7519869,476.8707242,0.8963709639,475.8773915,477.864057,0.8915655301,0.9011763976
visual_neutral,237,10,8,0.3125,399.3833259,460.8448726,477.1462284,0.8956396327,476.1528957,478.1395612,0.8908341989,0.9004450664
visual_neutral,238,10,8,0.328125,399.5531804,460.9346093,477.4226407,0.8949330939,476.429308,478.4159735,0.8901276602,0.8997385277
visual_neutral,239,10,8,0.34375,399.7236121,461.0211566,477.6999922,0.8942516681,476.7066594,478.6933249,0.8894462343,0.8990571018
visual_neutral,240,10,8,0.359375,399.89464,461.1044735,477.9783139,0.8935956755,476.9849812,478.9716467,0.8887902417,0.8984011092
visual_neutral,241,10,8,0.375,400.0662832,461.1845195,478.2576371,0.8929654366,477.2643043,479.2509698,0.8881600028,0.8977708703
visual_neutral,242,10,8,0.390625,400.2385609,461.2612539,478.5379927,0.8923612718,477.5446599,479.5313254,0.887555838,0.8971667055
visual_neutral,243,10,8,0.40625,400.4114922,461.3346359,478.8194119,0.8917835015,477.8260791,479.8127447,0.8869780678,0.8965889352
visual_neutral,244,10,8,0.421875,400.5850961,461.4046249,479.1019258,0.8912324461,478.1085931,480.0952586,0.8864270124,0.8960378799
visual_neutral,245,10,8,0.4375,400.7593918,461.4711802,479.3855655,0.8907084261,478.3922327,480.3788983,0.8859029924,0.8955138598
visual_neutral,246,10,8,0.453125,400.9343985,461.534261,479.6703621,0.8902117618,478.6770293,480.6636949,0.8854063281,0.8950171956
visual_neutral,247,10,8,0.46875,401.1101352,461.5938267,479.9563467,0.8897427737,478.9630139,480.9496794,0.88493734,0.8945482074
visual_neutral,248,10,8,0.484375,401.286621,461.6498366,480.2435504,0.8893017822,479.2502176,481.2368831,0.8844963484,0.8941072159
visual_neutral,249,10,8,0.5,401.463875,461.70225,480.5320042,0.8888891076,479.5386715,481.525337,0.8840836739,0.8936945413
visual_neutral,250,10,8,0.515625,401.6419164,461.7510262,480.8217394,0.8885050704,479.8284066,481.8150722,0.8836996367,0.8933105042
visual_neutral,251,10,8,0.53125,401.8207643,461.7961245,481.112787,0.8881499911,480.1194542,482.1061197,0.8833445573,0.8929554248
visual_neutral,252,10,8,0.546875,402.0004377,461.8375041,481.405178,0.8878241899,480.4118453,482.3985108,0.8830187562,0.8926296237
visual_neutral,253,10,8,0.5625,402.1809558,461.8751245,481.6989437,0.8875279874,480.7056109,482.6922765,0.8827225537,0.8923334212
visual_neutral,254,10,8,0.578125,402.3623377,461.9089449,481.9941151,0.887261704,481.0007823,482.9874478,0.8824562702,0.8920671377
visual_neutral,255,10,8,0.59375,402.5446026,461.9389246,482.2907233,0.8870256599,481.2973905,483.284056,0.8822202262,0.8918310937
visual_neutral,256,10,8,0.609375,402.7277694,461.965023,482.5887993,0.8868201758,481.5954666,483.5821321,0.8820147421,0.8916256095
visual_neutral,257,10,8,0.625,402.9118574,461.9871992,482.8883744,0.8866455719,481.8950417,483.8817072,0.8818401382,0.8914510057
visual_neutral,258,10,8,0.640625,403.0968857,462.0054127,483.1894796,0.8865021688,482.1961469,484.1828124,0.881696735,0.8913076025
visual_neutral,259,10,8,0.65625,403.2828733,462.0196227,483.492146,0.8863902867,482.4988133,484.4854788,0.881584853,0.8911957204
visual_neutral,260,10,8,0.671875,403.4698393,462.0297886,483.7964047,0.8863102462,482.803072,484.7897375,0.8815048124,0.8911156799
visual_neutral,261,10,8,0.6875,403.657803,462.0358696,484.1022869,0.8862623675,483.1089541,485.0956196,0.8814569338,0.8910678013
visual_neutral,262,10,8,0.703125,403.8467833,462.0378251,484.4098235,0.8862469712,483.4164908,485.4031563,0.8814415375,0.891052405
visual_neutral,263,10,8,0.71875,404.0367995,462.0356143,484.7190458,0.8862643777,483.725713,485.7123785,0.881458944,0.8910698114
visual_neutral,264,10,8,0.734375,404.2278705,462.0291966,485.0299847,0.8863149073,484.036652,486.0233175,0.8815094736,0.8911203411
visual_neutral,265,10,8,0.75,404.4200156,462.0185312,485.3426715,0.8863988805,484.3493388,486.3360043,0.8815934468,0.8912043143
visual_neutral,266,10,8,0.765625,404.6132539,462.0035776,485.6571372,0.8865166177,484.6638045,486.65047,0.881711184,0.8913220514
visual_neutral,267,10,8,0.78125,404.8076043,461.9842949,485.973413,0.8866684393,484.9800802,486.9667457,0.8818630055,0.891473873
visual_neutral,268,10,8,0.796875,405.0030862,461.9606424,486.2915298,0.8868546657,485.298197,487.2848626,0.8820492319,0.8916600994
visual_neutral,269,10,8,0.8125,405.1997185,461.9325796,486.6115189,0.8870756173,485.6181861,487.6048516,0.8822701835,0.891881051
visual_neutral,270,10,8,0.828125,405.3975204,461.9000656,486.9334113,0.8873316145,485.9400785,487.926744,0.8825261808,0.8921370483
visual_neutral,271,10,8,0.84375,405.596511,461.8630599,487.2572381,0.8876229778,486.2639053,488.2505708,0.8828175441,0.8924284116
visual_neutral,272,10,8,0.859375,405.7967094,461.8215216,487.5830304,0.8879500276,486.5896976,488.5763632,0.8831445938,0.8927554613
visual_neutral,273,10,8,0.875,405.9981348,461.7754102,487.9108194,0.8883130842,486.9174866,488.9041521,0.8835076505,0.8931185179
visual_neutral,274,10,8,0.890625,406.2008061,461.7246848,488.2406361,0.8887124681,487.2473033,489.2339688,0.8839070343,0.8935179018
visual_neutral,275,10,8,0.90625,406.4047426,461.6693049,488.5725116,0.8891484997,487.5791788,489.5658443,0.8843430659,0.8939539334
visual_neutral,276,10,8,0.921875,406.6099634,461.6092297,488.906477,0.8896214994,487.9131443,489.8998098,0.8848160656,0.8944269331
visual_neutral,277,10,8,0.9375,406.8164875,461.5444185,489.2425635,0.8901317876,488.2492308,490.2358963,0.8853263538,0.8949372213
visual_neutral,278,10,8,0.953125,407.0243342,461.4748306,489.5808021,0.8906796847,488.5874694,490.5741349,0.885874251,0.8954851185
visual_neutral,279,10,8,0.96875,407.2335224,461.4004254,489.921224,0.8912655112,488.9278912,490.9145567,0.8864600775,0.8960709449
visual_neutral,280,10,8,0.984375,407.4440713,461.3211621,490.2638602,0.8918895874,489.2705274,491.2571929,0.8870841537,0.8966950212
visual_neutral,281,10,8,1,407.656,461.237,490.6087418,0.8925522338,489.615409,491.6020745,0.8877468001,0.8973576676
visual_neutral,282,10,9,0.125,407.859375,461.134375,490.9397035,0.8933602474,489.9463708,491.9330363,0.8885548137,0.8981656812
visual_neutral,283,10,9,0.25,408.06275,461.03175,491.2706653,0.894168261,490.2773325,492.263998,0.8893628273,0.8989736948
visual_neutral,284,10,9,0.375,408.266125,460.929125,491.601627,0.8949762746,490.6082943,492.5949598,0.8901708409,0.8997817084
visual_neutral,285,10,9,0.5,408.4695,460.8265,491.9325888,0.8957842882,490.939256,492.9259215,0.8909788545,0.900589722
visual_neutral,286,10,9,0.625,408.672875,460.723875,492.2635505,0.8965923018,491.2702178,493.2568833,0.8917868681,0.9013977356
visual_neutral,287,10,9,0.75,408.87625,460.62125,492.5945123,0.8974003155,491.6011795,493.587845,0.8925948817,0.9022057492
visual_neutral,288,10,9,0.875,409.079625,460.518625,492.925474,0.8982083291,491.9321412,493.9188068,0.8934028953,0.9030137628
visual_neutral,289,10,9,1,409.283,460.416,493.2564358,0.8990163427,492.263103,494.2497685,0.8942109089,0.9038217764
visual_neutral,290,10,10,0.125,409.48375,460.281,493.5831257,0.9000792595,492.589793,494.5764585,0.8952738257,0.9048846932
visual_neutral,291,10,10,0.25,409.6845,460.146,493.9098157,0.9011421763,492.9164829,494.9031484,0.8963367425,0.90594761
visual_neutral,292,10,10,0.375,409.88525,460.011,494.2365056,0.9022050931,493.2431729,495.2298384,0.8973996593,0.9070105268
visual_neutral,293,10,10,0.5,410.086,459.876,494.5631956,0.9032680099,493.5698628,495.5565283,0.8984625761,0.9080734436
visual_neutral,294,10,10,0.625,410.28675,459.741,494.8898855,0.9043309267,493.8965528,495.8832183,0.8995254929,0.9091363604
visual_neutral,295,10,10,0.75,410.4875,459.606,495.2165755,0.9053938435,494.2232428,496.2099083,0.9005884097,0.9101992772
visual_neutral,296,10,10,0.875,410.68825,459.471,495.5432655,0.9064567603,494.5499327,496.5365982,0.9016513265,0.911262194
visual_neutral,297,10,10,1,410.889,459.336,495.8699554,0.9075196771,494.8766227,496.8632882,0.9027142433,0.9123251108
visual_neutral,298,10,11,0.1111111111,411.0634444,459.1887778,496.1538371,0.908678825,495.1605044,497.1471699,0.9038733913,0.9134842588
visual_neutral,299,10,11,0.2222222222,411.2378889,459.0415556,496.4377188,0.909837973,495.444386,497.4310516,0.9050325392,0.9146434067
visual_neutral,300,10,11,0.3333333333,411.4123333,458.8943333,496.7216005,0.9109971209,495.7282677,497.7149332,0.9061916872,0.9158025547
visual_neutral,301,10,11,0.4444444444,411.5867778,458.7471111,497.0054822,0.9121562689,496.0121494,497.9988149,0.9073508351,0.9169617026
visual_neutral,302,10,11,0.5555555556,411.7612222,458.5998889,497.2893639,0.9133154168,496.2960311,498.2826966,0.9085099831,0.9181208506
visual_neutral,303,10,11,0.6666666667,411.9356667,458.4526667,497.5732455,0.9144745648,496.5799128,498.5665783,0.9096691311,0.9192799985
visual_neutral,304,10,11,0.7777777778,412.1101111,458.3054444,497.8571272,0.9156337127,496.8637945,498.85046,0.910828279,0.9204391465
visual_neutral,305,10,11,0.8888888889,412.2845556,458.1582222,498.1410089,0.9167928607,497.1476762,499.1343417,0.911987427,0.9215982944
visual_neutral,306,10,11,1,412.459,458.011,498.4248906,0.9179520086,497.4315578,499.4182234,0.9131465749,0.9227574424
visual_neutral,307,10,12,0.0078125,412.6255017,457.8755338,498.6958467,0.9190185962,497.7025139,499.6891794,0.9142131624,0.9238240299
visual_neutral,308,10,12,0.015625,412.7928023,457.7326692,498.9681028,0.9201434343,497.97477,499.9614356,0.9153380006,0.9249488681
visual_neutral,309,10,12,0.0234375,412.9608998,457.5825511,499.2416558,0.9213253827,498.248323,500.2349885,0.916519949,0.9261308164
visual_neutral,310,10,12,0.03125,413.1297921,457.4253244,499.5165024,0.9225633007,498.5231696,500.5098351,0.917757867,0.9273687345
visual_neutral,311,10,12,0.0390625,413.2994774,457.2611339,499.7926392,0.9238560479,498.7993065,500.785972,0.9190506142,0.9286614817
visual_neutral,312,10,12,0.046875,413.4699536,457.0901244,500.0700632,0.9252024838,499.0767305,501.063396,0.9203970501,0.9300079176
visual_neutral,313,10,12,0.0546875,413.6412187,456.9124408,500.348771,0.9266014679,499.3554383,501.3421038,0.9217960341,0.9314069016
visual_neutral,314,10,12,0.05859375,413.7271465,456.8211415,500.4886053,0.9273203091,499.4952726,501.4819381,0.9225148753,0.9321257428
visual_neutral,315,10,12,0.0625,413.8132708,456.728228,500.6287594,0.9280518596,499.6354266,501.6220921,0.9232464259,0.9328572934
visual_neutral,316,10,12,0.06640625,413.8995912,456.6337184,500.7692328,0.928795977,499.7759,501.7625655,0.9239905432,0.9336014107
visual_neutral,317,10,12,0.0703125,413.9861077,456.5376308,500.9100251,0.9295525185,499.9166923,501.9033578,0.9247470848,0.9343579523
visual_neutral,318,10,12,0.07421875,414.0728198,456.4399834,501.0511359,0.9303213418,500.0578031,502.0444686,0.925515908,0.9351267755
visual_neutral,319,10,12,0.078125,414.1597275,456.3407941,501.1925648,0.9311023041,500.199232,502.1858975,0.9262968704,0.9359077379
visual_neutral,320,10,12,0.08203125,414.2468304,456.2400812,501.3343114,0.931895263,500.3409786,502.3276442,0.9270898293,0.9367006968
visual_neutral,321,10,12,0.0859375,414.3341282,456.1378627,501.4763753,0.9327000759,500.4830426,502.4697081,0.9278946422,0.9375055096
visual_neutral,322,10,12,0.08984375,414.4216208,456.0341568,501.6187561,0.9335166002,500.6254234,502.6120889,0.9287111665,0.9383220339
visual_neutral,323,10,12,0.09375,414.5093078,455.9289815,501.7614534,0.9343446934,500.7681206,502.7547862,0.9295392596,0.9391501271
visual_neutral,324,10,12,0.09765625,414.5971891,455.822355,501.9044668,0.9351842128,500.911134,502.8977995,0.9303787791,0.9399896466
visual_neutral,325,10,12,0.1015625,414.6852644,455.7142953,502.0477958,0.936035016,501.054463,503.0411285,0.9312295823,0.9408404497
visual_neutral,326,10,12,0.10546875,414.7735333,455.6048206,502.1914401,0.9368969604,501.1981073,503.1847728,0.9320915266,0.9417023941
visual_neutral,327,10,12,0.109375,414.8619958,455.493949,502.3353992,0.9377699033,501.3420664,503.328732,0.9329644696,0.9425753371
visual_neutral,328,10,12,0.11328125,414.9506515,455.3816986,502.4796728,0.9386537024,501.48634,503.4730055,0.9338482686,0.9434591361
visual_neutral,329,10,12,0.1171875,415.0395001,455.2680874,502.6242604,0.9395482149,501.6309276,503.6175932,0.9347427811,0.9443536486
visual_neutral,330,10,12,0.12109375,415.1285415,455.1531337,502.7691617,0.9404532983,501.7758289,503.7624944,0.9356478645,0.945258732
visual_neutral,331,10,12,0.125,415.2177754,455.0368555,502.9143761,0.9413688101,501.9210434,503.9077089,0.9365633763,0.9461742438
visual_neutral,332,10,12,0.12890625,415.3072015,454.9192708,503.0599034,0.9422946076,502.0665707,504.0532362,0.9374891739,0.9471000414
visual_neutral,333,10,12,0.1328125,415.3968195,454.8003979,503.2057431,0.9432305485,502.2124104,504.1990759,0.9384251147,0.9480359822
visual_neutral,334,10,12,0.13671875,415.4866293,454.6802549,503.3518949,0.9441764899,502.3585621,504.3452276,0.9393710562,0.9489819237
visual_neutral,335,10,12,0.140625,415.5766306,454.5588597,503.4983582,0.9451322895,502.5050254,504.4916909,0.9403268558,0.9499377233
visual_neutral,336,10,12,0.14453125,415.6668231,454.4362306,503.6451327,0.9460978047,502.6517999,504.6384654,0.941292371,0.9509032384
visual_neutral,337,10,12,0.1484375,415.7572066,454.3123856,503.792218,0.9470728928,502.7988852,504.7855507,0.9422674591,0.9518783266
visual_neutral,338,10,12,0.15234375,415.8477808,454.1873429,503.9396136,0.9480574114,502.9462809,504.9329464,0.9432519776,0.9528628451
visual_neutral,339,10,12,0.15625,415.9385454,454.0611205,504.0873193,0.9490512178,503.0939865,505.080652,0.9442457841,0.9538566515
visual_neutral,340,10,12,0.16015625,416.0295003,453.9337366,504.2353345,0.9500541695,503.2420017,505.2286673,0.9452487358,0.9548596032
visual_neutral,341,10,12,0.1640625,416.1206452,453.8052093,504.3836589,0.951066124,503.3903261,505.3769916,0.9462606902,0.9558715577
visual_neutral,342,10,12,0.16796875,416.2119798,453.6755567,504.532292,0.9520869386,503.5389592,505.5256247,0.9472815049,0.9568923723
visual_neutral,343,10,12,0.171875,416.3035039,453.5447968,504.6812334,0.9531164708,503.6879007,505.6745662,0.9483110371,0.9579219046
visual_neutral,344,10,12,0.17578125,416.3952172,453.4129479,504.8304828,0.9541545781,503.8371501,505.8238156,0.9493491444,0.9589600119
visual_neutral,345,10,12,0.1796875,416.4871195,453.2800279,504.9800398,0.9552011179,503.986707,505.9733725,0.9503956842,0.9600065516
visual_neutral,346,10,12,0.18359375,416.5792105,453.146055,505.1299038,0.9562559476,504.1365711,506.1232366,0.9514505139,0.9610613813
visual_neutral,347,10,12,0.1875,416.67149,453.0110474,505.2800746,0.9573189247,504.2867418,506.2734073,0.9525134909,0.9621243584
visual_neutral,348,10,12,0.19140625,416.7639577,452.875023,505.4305517,0.9583899065,504.4372189,506.4238844,0.9535844728,0.9631953403
visual_neutral,349,10,12,0.1953125,416.8566134,452.7380001,505.5813346,0.9594687506,504.5880019,506.5746674,0.9546633169,0.9642741844
visual_neutral,350,10,12,0.19921875,416.9494568,452.5999967,505.7324231,0.9605553144,504.7390904,506.7257559,0.9557498807,0.9653607481
visual_neutral,351,10,12,0.203125,417.0424877,452.461031,505.8838167,0.9616494553,504.8904839,506.8771494,0.9568440216,0.966454889
visual_neutral,352,10,12,0.20703125,417.1357058,452.321121,506.0355149,0.9627510307,505.0421822,507.0288477,0.957945597,0.9675564645
visual_neutral,353,10,12,0.2109375,417.2291109,452.1802849,506.1875175,0.9638598982,505.1941847,507.1808502,0.9590544644,0.9686653319
visual_neutral,354,10,12,0.21484375,417.3227027,452.0385407,506.3398239,0.964975915,505.3464911,507.3331566,0.9601704813,0.9697813488
visual_neutral,355,10,12,0.21875,417.416481,451.8959066,506.4924337,0.9660989387,505.499101,507.4857665,0.961293505,0.9709043725
visual_neutral,356,10,12,0.22265625,417.5104456,451.7524006,506.6453466,0.9672288268,505.6520139,507.6386794,0.962423393,0.9720342605
visual_neutral,357,10,12,0.2265625,417.6045961,451.6080409,506.7985622,0.9683654365,505.8052295,507.791895,0.9635600028,0.9731708703
visual_neutral,358,10,12,0.23046875,417.6989323,451.4628457,506.95208,0.9695086255,505.9587473,507.9454128,0.9647031917,0.9743140592
visual_neutral,359,10,12,0.234375,417.793454,451.3168329,507.1058997,0.970658251,506.1125669,508.0992324,0.9658528173,0.9754636847
visual_neutral,360,10,12,0.23828125,417.888161,451.1700207,507.2600207,0.9718141706,506.266688,508.2533535,0.9670087369,0.9766196044
visual_neutral,361,10,12,0.2421875,417.9830529,451.0224272,507.4144428,0.9729762417,506.4211101,508.4077756,0.968170808,0.9777816754
visual_neutral,362,10,12,0.24609375,418.0781295,450.8740705,507.5691655,0.9741443217,506.5758328,508.5624983,0.969338888,0.9789497555
visual_neutral,363,10,12,0.25,418.1733906,450.7249687,507.7241884,0.9753182681,506.7308557,508.7175212,0.9705128344,0.9801237019
visual_neutral,364,10,12,0.25390625,418.268836,450.57514,507.8795112,0.9764979383,506.8861784,508.8728439,0.9716925046,0.981303372
visual_neutral,365,10,12,0.2578125,418.3644653,450.4246024,508.0351333,0.9776831897,507.0418005,509.028466,0.972877756,0.9824886235
visual_neutral,366,10,12,0.26171875,418.4602783,450.2733741,508.1910544,0.9788738798,507.1977216,509.1843871,0.9740684461,0.9836793136
visual_neutral,367,10,12,0.265625,418.5562749,450.121473,508.347274,0.9800698661,507.3539413,509.3406068,0.9752644323,0.9848752998
visual_neutral,368,10,12,0.26953125,418.6524546,449.9689175,508.5037919,0.9812710059,507.5104591,509.4971247,0.9764655721,0.9860764396
visual_neutral,369,10,12,0.2734375,418.7488173,449.8157255,508.6606075,0.9824771566,507.6672748,509.6539403,0.9776717229,0.9872825904
visual_neutral,370,10,12,0.27734375,418.8453628,449.6619151,508.8177205,0.9836881758,507.8243877,509.8110533,0.9788827421,0.9884936096
visual_neutral,371,10,12,0.28125,418.9420907,449.5075046,508.9751304,0.9849039209,507.9817977,509.9684632,0.9800984872,0.9897093546
visual_neutral,372,10,12,0.28515625,419.0390009,449.3525119,509.1328369,0.9861242493,508.1395042,510.1261697,0.9813188155,0.990929683
visual_neutral,373,10,12,0.2890625,419.136093,449.1969552,509.2908395,0.9873490184,508.2975068,510.2841723,0.9825435846,0.9921544521
visual_neutral,374,10,12,0.29296875,419.2333669,449.0408526,509.4491379,0.9885780857,508.4558051,510.4424707,0.9837726519,0.9933835194
visual_neutral,375,10,12,0.296875,419.3308222,448.8842222,509.6077316,0.9898113086,508.6143988,510.6010643,0.9850058748,0.9946167423
visual_neutral,376,10,12,0.30078125,419.4284588,448.7270821,509.7666202,0.9910485445,508.7732874,510.7599529,0.9862431108,0.9958539783
visual_neutral,377,10,12,0.3046875,419.5262763,448.5694504,509.9258033,0.992289651,508.9324705,510.9191361,0.9874842173,0.9970950847
visual_neutral,378,10,12,0.30859375,419.6242746,448.4113452,510.0852805,0.9935344854,509.0919478,511.0786133,0.9887290516,0.9983399191
visual_neutral,379,10,12,0.3125,419.7224534,448.2527847,510.2450514,0.9947829051,509.2517187,511.2383842,0.9899774714,0.9995883389
visual_neutral,380,10,12,0.31640625,419.8208123,448.0937869,510.4051156,0.9960347677,509.4117829,511.3984484,0.991229334,1.000840201
visual_neutral,381,10,12,0.3203125,419.9193513,447.9343699,510.5654727,0.9972899305,509.57214,511.5588055,0.9924844968,1.002095364
visual_neutral,382,10,12,0.32421875,420.01807,447.7745519,510.7261223,0.998548251,509.7327896,511.7194551,0.9937428172,1.003353685
visual_neutral,383,10,12,0.328125,420.1169681,447.6143509,510.887064,0.9998095866,509.8937312,511.8803967,0.9950041528,1.00461502
visual_neutral,384,10,12,0.33203125,420.2160455,447.4537851,511.0482973,1.001073795,510.0549645,512.04163,0.996268361,1.005879228
visual_neutral,385,10,12,0.3359375,420.3153019,447.2928725,511.2098218,1.002340733,510.2164891,512.2031546,0.9975352992,1.007146167
visual_neutral,386,10,12,0.33984375,420.414737,447.1316313,511.3716373,1.003610258,510.3783045,512.36497,0.9988048247,1.008415692
visual_neutral,387,10,12,0.34375,420.5143506,446.9700797,511.5337431,1.004882229,510.5404104,512.5270759,1.000076795,1.009687663
visual_neutral,388,10,12,0.34765625,420.6141424,446.8082355,511.696139,1.006156502,510.7028063,512.6894718,1.001351068,1.010961935
visual_neutral,389,10,12,0.3515625,420.7141121,446.6461171,511.8588246,1.007432934,510.8654918,512.8521573,1.0026275,1.012238368
visual_neutral,390,10,12,0.35546875,420.8142596,446.4837425,512.0217993,1.008711384,511.0284666,513.0151321,1.00390595,1.013516818
visual_neutral,391,10,12,0.359375,420.9145846,446.3211298,512.1850629,1.009991708,511.1917302,513.1783957,1.005186274,1.014797142
visual_neutral,392,10,12,0.36328125,421.0150868,446.1582971,512.3486149,1.011273765,511.3552821,513.3419477,1.006468331,1.016079198
visual_neutral,393,10,12,0.3671875,421.115766,445.9952625,512.5124549,1.01255741,511.5191221,513.5057877,1.007751977,1.017362844
visual_neutral,394,10,12,0.37109375,421.2166219,445.8320442,512.6765825,1.013842503,511.6832497,513.6699152,1.009037069,1.018647937
visual_neutral,395,10,12,0.375,421.3176543,445.6686602,512.8409973,1.0151289,511.8476645,513.83433,1.010323467,1.019934334
visual_neutral,396,10,12,0.37890625,421.4188629,445.5051286,513.0056988,1.016416459,512.0123661,513.9990316,1.011611026,1.021221893
visual_neutral,397,10,12,0.3828125,421.5202475,445.3414675,513.1706868,1.017705038,512.177354,514.1640195,1.012899604,1.022510471
visual_neutral,398,10,12,0.38671875,421.6218078,445.1776952,513.3359607,1.018994492,512.3426279,514.3292934,1.014189059,1.023799926
visual_neutral,399,10,12,0.390625,421.7235436,445.0138296,513.5015202,1.020284682,512.5081874,514.4948529,1.015479248,1.025090115
visual_neutral,400,10,12,0.39453125,421.8254547,444.8498888,513.6673648,1.021575462,512.674032,514.6606975,1.016770028,1.026380896
visual_neutral,401,10,12,0.3984375,421.9275407,444.685891,513.8334942,1.022866692,512.8401614,514.8268269,1.018061258,1.027672125
visual_neutral,402,10,12,0.40234375,422.0298014,444.5218543,513.9999079,1.024158228,513.0065751,514.9932406,1.019352794,1.028963661
visual_neutral,403,10,12,0.40625,422.1322366,444.3577968,514.1666055,1.025449928,513.1732728,515.1599383,1.020644494,1.030255361
visual_neutral,404,10,12,0.41015625,422.234846,444.1937366,514.3335867,1.026741649,513.340254,515.3269195,1.021936215,1.031547083
visual_neutral,405,10,12,0.4140625,422.3376295,444.0296918,514.500851,1.028033249,513.5075183,515.4941838,1.023227815,1.032838682
visual_neutral,406,10,12,0.41796875,422.4405866,443.8656805,514.6683981,1.029324585,513.6750653,515.6617308,1.024519151,1.034130019
visual_neutral,407,10,12,0.421875,422.5437172,443.7017208,514.8362274,1.030615515,513.8428946,515.8295601,1.025810081,1.035420948
visual_neutral,408,10,12,0.42578125,422.6470211,443.5378308,515.0043386,1.031905895,514.0110059,515.9976714,1.027100462,1.036711329
visual_neutral,409,10,12,0.4296875,422.7504979,443.3740286,515.1727313,1.033195585,514.1793986,516.1660641,1.028390151,1.038001018
visual_neutral,410,10,12,0.43359375,422.8541475,443.2103324,515.3414052,1.03448444,514.3480724,516.3347379,1.029679006,1.039289874
visual_neutral,411,10,12,0.4375,422.9579695,443.0467603,515.5103597,1.035772319,514.5170269,516.5036924,1.030966885,1.040577752
visual_neutral,412,10,12,0.44140625,423.0619637,442.8833302,515.6795944,1.037059078,514.6862617,516.6729272,1.032253644,1.041864512
visual_neutral,413,10,12,0.4453125,423.16613,442.7200605,515.8491091,1.038344576,514.8557763,516.8424418,1.033539142,1.043150009
visual_neutral,414,10,12,0.44921875,423.2704679,442.556969,516.0189032,1.039628669,515.0255704,517.0122359,1.034823235,1.044434103
visual_neutral,415,10,12,0.453125,423.3749774,442.3940741,516.1889763,1.040911216,515.1956436,517.1823091,1.036105782,1.045716649
visual_neutral,416,10,12,0.45703125,423.4796581,442.2313937,516.3593281,1.042192073,515.3659954,517.3526609,1.037386639,1.046997506
visual_neutral,417,10,12,0.4609375,423.5845097,442.068946,516.5299582,1.043471098,515.5366254,517.5232909,1.038665664,1.048276531
visual_neutral,418,10,12,0.46484375,423.6895321,441.9067491,516.7008661,1.044748148,515.7075333,517.6941988,1.039942714,1.049553582
visual_neutral,419,10,12,0.46875,423.7947249,441.7448211,516.8720514,1.046023082,515.8787186,517.8653841,1.041217648,1.050828515
visual_neutral,420,10,12,0.47265625,423.900088,441.5831801,517.0435137,1.047295755,516.0501809,518.0368464,1.042490321,1.052101189
visual_neutral,421,10,12,0.4765625,424.0056211,441.4218442,517.2152526,1.048566027,516.2219199,518.2085854,1.043760593,1.05337146
visual_neutral,422,10,12,0.48046875,424.1113239,441.2608315,517.3872678,1.049833753,516.393935,518.3806005,1.045028319,1.054639187
visual_neutral,423,10,12,0.484375,424.2171961,441.1001601,517.5595587,1.051098792,516.566226,518.5528915,1.046293359,1.055904226
visual_neutral,424,10,12,0.48828125,424.3232376,440.9398482,517.732125,1.052361002,516.7387923,518.7254578,1.047555568,1.057166436
visual_neutral,425,10,12,0.4921875,424.4294481,440.7799138,517.9049664,1.053620239,516.9116336,518.8982991,1.048814805,1.058425672
visual_neutral,426,10,12,0.49609375,424.5358273,440.620375,518.0780823,1.05487636,517.0847495,519.071415,1.050070927,1.059681794
visual_neutral,427,10,12,0.5,424.642375,440.46125,518.2514723,1.056129224,517.2581396,519.2448051,1.051323791,1.060934658
visual_neutral,428,10,12,0.50390625,424.7490909,440.3025568,518.4251362,1.057378688,517.4318034,519.4184689,1.052573255,1.062184122
visual_neutral,429,10,12,0.5078125,424.8559748,440.1443136,518.5990734,1.05862461,517.6057406,519.5924061,1.053819176,1.063430043
visual_neutral,430,10,12,0.51171875,424.9630264,439.9865385,518.7732835,1.059866845,517.7799508,519.7666163,1.055061412,1.064672279
visual_neutral,431,10,12,0.515625,425.0702455,439.8292495,518.9477662,1.061105253,517.9544335,519.941099,1.05629982,1.065910687
visual_neutral,432,10,12,0.51953125,425.1776318,439.6724649,519.1225211,1.062339691,518.1291883,520.1158538,1.057534257,1.067145125
visual_neutral,433,10,12,0.5234375,425.2851851,439.5162026,519.2975476,1.063570016,518.3042149,520.2908804,1.058764582,1.068375449
visual_neutral,434,10,12,0.52734375,425.3929052,439.3604808,519.4728455,1.064796085,518.4795128,520.4661783,1.059990651,1.069601518
visual_neutral,435,10,12,0.53125,425.5007917,439.2053176,519.6484143,1.066017755,518.6550816,520.6417471,1.061212322,1.070823189
visual_neutral,436,10,12,0.53515625,425.6088444,439.0507311,519.8242536,1.067234886,518.8309209,520.8175864,1.062429452,1.072040319
visual_neutral,437,10,12,0.5390625,425.7170631,438.8967394,520.0003631,1.068447333,519.0070303,520.9936958,1.063641899,1.073252766
visual_neutral,438,10,12,0.54296875,425.8254475,438.7433606,520.1767422,1.069654954,519.1834094,521.1700749,1.06484952,1.074460387
visual_neutral,439,10,12,0.546875,425.9339975,438.5906129,520.3533906,1.070857606,519.3600578,521.3467234,1.066052173,1.07566304
visual_neutral,440,10,12,0.55078125,426.0427126,438.4385143,520.5303079,1.072055148,519.5369751,521.5236407,1.067249715,1.076860582
visual_neutral,441,10,12,0.5546875,426.1515927,438.287083,520.7074937,1.073247437,519.7141609,521.7008264,1.068442003,1.07805287
visual_neutral,442,10,12,0.55859375,426.2606376,438.136337,520.8849475,1.074434329,519.8916148,521.8782803,1.069628895,1.079239763
visual_neutral,443,10,12,0.5625,426.3698469,437.9862944,521.062669,1.075615683,520.0693363,522.0560018,1.070810249,1.080421116
visual_neutral,444,10,12,0.56640625,426.4792205,437.8369734,521.2406578,1.076791355,520.247325,522.2339905,1.071985921,1.081596789
visual_neutral,445,10,12,0.5703125,426.588758,437.6883921,521.4189134,1.077961204,520.4255806,522.4122462,1.07315577,1.082766638
visual_neutral,446,10,12,0.57421875,426.6984593,437.5405686,521.5974355,1.079125086,520.6041027,522.5907682,1.074319652,1.08393052
visual_neutral,447,10,12,0.578125,426.808324,437.3935209,521.7762235,1.08028286,520.7828908,522.7695563,1.075477426,1.085088294
visual_neutral,448,10,12,0.58203125,426.918352,437.2472673,521.9552773,1.081434382,520.9619445,522.94861,1.076628948,1.086239816
visual_neutral,449,10,12,0.5859375,427.028543,437.1018257,522.1345962,1.08257951,521.1412635,523.127929,1.077774076,1.087384944
visual_neutral,450,10,12,0.58984375,427.1388967,436.9572143,522.31418,1.083718102,521.3208472,523.3075127,1.078912668,1.088523535
visual_neutral,451,10,12,0.59375,427.2494128,436.8134512,522.4940281,1.084850014,521.5006954,523.4873609,1.08004458,1.089655448
visual_neutral,452,10,12,0.59765625,427.3600912,436.6705546,522.6741403,1.085975105,521.6808076,523.6674731,1.081169671,1.090780539
visual_neutral,453,10,12,0.6015625,427.4709316,436.5285424,522.8545161,1.087093231,521.8611833,523.8478488,1.082287798,1.091898665
visual_neutral,454,10,12,0.60546875,427.5819337,436.3874329,523.035155,1.088204251,522.0418223,524.0284878,1.083398817,1.093009685
visual_neutral,455,10,12,0.609375,427.6930972,436.2472442,523.2160568,1.089308021,522.222724,524.2093895,1.084502588,1.094113455
visual_neutral,456,10,12,0.61328125,427.804422,436.1079943,523.3972209,1.0904044,522.4038881,524.3905536,1.085598966,1.095209834
visual_neutral,457,10,12,0.6171875,427.9159078,435.9697013,523.578647,1.091493244,522.5853142,524.5719797,1.08668781,1.096298677
visual_neutral,458,10,12,0.62109375,428.0275543,435.8323834,523.7603346,1.092574411,522.7670019,524.7536674,1.087768977,1.097379844
visual_neutral,459,10,12,0.625,428.1393613,435.6960586,523.9422834,1.093647758,522.9489507,524.9356162,1.088842324,1.098453192
visual_neutral,460,10,12,0.62890625,428.2513285,435.5607451,524.124493,1.094713143,523.1311602,525.1178257,1.089907709,1.099518577
visual_neutral,461,10,12,0.6328125,428.3634557,435.426461,524.3069628,1.095770423,523.3136301,525.3002956,1.090964989,1.100575857
visual_neutral,462,10,12,0.63671875,428.4757427,435.2932244,524.4896927,1.096819456,523.4963599,525.4830254,1.092014022,1.10162489
visual_neutral,463,10,12,0.640625,428.5881891,435.1610533,524.672682,1.097860099,523.6793493,525.6660148,1.093054666,1.102665533
visual_neutral,464,10,12,0.64453125,428.7007947,435.029966,524.8559305,1.09889221,523.8625977,525.8492632,1.094086776,1.103697644
visual_neutral,465,10,12,0.6484375,428.8135593,434.8999804,525.0394377,1.099915646,524.0461049,526.0327704,1.095110212,1.10472108
visual_neutral,466,10,12,0.65234375,428.9264827,434.7711148,525.2232031,1.100930264,524.2298704,526.2165359,1.09612483,1.105735698
visual_neutral,467,10,12,0.65625,429.0395645,434.6433871,525.4072265,1.101935922,524.4138938,526.4005593,1.097130488,1.106741356
visual_neutral,468,10,12,0.66015625,429.1528045,434.5168156,525.5915074,1.102932477,524.5981747,526.5848402,1.098127044,1.107737911
visual_neutral,469,10,12,0.6640625,429.2662026,434.3914184,525.7760454,1.103919788,524.7827126,526.7693781,1.099114354,1.108725221
visual_neutral,470,10,12,0.66796875,429.3797583,434.2672134,525.96084,1.10489771,524.9675073,526.9541728,1.100092276,1.109703144
visual_neutral,471,10,12,0.671875,429.4934716,434.1442189,526.145891,1.105866102,525.1525582,527.1392237,1.101060668,1.110671536
visual_neutral,472,10,12,0.67578125,429.607342,434.022453,526.3311977,1.106824821,525.337865,527.3245305,1.102019387,1.111630255
visual_neutral,473,10,12,0.6796875,429.7213695,433.9019337,526.51676,1.107773724,525.5234272,527.5100927,1.102968291,1.112579158
visual_neutral,474,10,12,0.68359375,429.8355536,433.7826792,526.7025773,1.10871267,525.7092445,527.69591,1.103907236,1.113518104
visual_neutral,475,10,12,0.6875,429.9498943,433.6647075,526.8886492,1.109641515,525.8953165,527.881982,1.104836081,1.114446948
visual_neutral,476,10,12,0.69140625,430.0643912,433.5480368,527.0749754,1.110560116,526.0816427,528.0683082,1.105754683,1.11536555
visual_neutral,477,10,12,0.6953125,430.179044,433.4326852,527.2615554,1.111468332,526.2682227,528.2548882,1.106662899,1.116273766
visual_neutral,478,10,12,0.69921875,430.2938526,433.3186708,527.4483889,1.11236602,526.4550561,528.4417216,1.107560586,1.117171454
visual_neutral,479,10,12,0.703125,430.4088167,433.2060117,527.6354753,1.113253037,526.6421426,528.6288081,1.108447603,1.118058471
visual_neutral,480,10,12,0.70703125,430.523936,433.094726,527.8228144,1.11412924,526.8294816,528.8161472,1.109323806,1.118934674
visual_neutral,481,10,12,0.7109375,430.6392103,432.9848318,528.0104057,1.114994488,527.0170729,529.0037384,1.110189054,1.119799921
visual_neutral,482,10,12,0.71484375,430.7546393,432.8763472,528.1982488,1.115848636,527.204916,529.1915815,1.111043203,1.12065407
visual_neutral,483,10,12,0.71875,430.8702227,432.7692903,528.3863432,1.116691544,527.3930105,529.379676,1.11188611,1.121496978
visual_neutral,484,10,12,0.72265625,430.9859605,432.6636793,528.5746887,1.117523068,527.5813559,529.5680214,1.112717634,1.122328502
visual_neutral,485,10,12,0.7265625,431.1018522,432.5595322,528.7632847,1.118343066,527.7699519,529.7566175,1.113537632,1.1231485
visual_neutral,486,10,12,0.73046875,431.2178976,432.4568672,528.9521309,1.119151395,527.9587981,529.9454636,1.114345961,1.123956829
visual_neutral,487,10,12,0.734375,431.3340965,432.3557022,529.1412269,1.119947912,528.1478941,530.1345596,1.115142479,1.124753346
visual_neutral,488,10,12,0.73828125,431.4504486,432.2560556,529.3305722,1.120732476,528.3372394,530.3239049,1.115927042,1.12553791
visual_neutral,489,10,12,0.7421875,431.5669537,432.1579453,529.5201664,1.121504943,528.5268337,530.5134992,1.11669951,1.126310377
visual_neutral,490,10,12,0.74609375,431.6836116,432.0613895,529.7100093,1.122265172,528.7166765,530.703342,1.117459738,1.127070605
visual_neutral,491,10,12,0.75,431.8004219,431.9664062,529.9001002,1.123013018,528.9067674,530.893433,1.118207584,1.127818452
visual_neutral,492,10,12,0.75390625,431.9173844,431.8730137,530.0904389,1.12374834,529.0971061,531.0837716,1.118942907,1.128553774
visual_neutral,493,10,12,0.7578125,432.0344989,431.7812299,530.2810249,1.124470996,529.2876921,531.2743576,1.119665562,1.12927643
visual_neutral,494,10,12,0.76171875,432.1517652,431.691073,530.4718578,1.125180842,529.478525,531.4651906,1.120375409,1.129986276
visual_neutral,495,10,12,0.765625,432.2691829,431.6025612,530.6629372,1.125877737,529.6696045,531.65627,1.121072303,1.130683171
visual_neutral,496,10,12,0.76953125,432.3867519,431.5157124,530.8542628,1.126561537,529.86093,531.8475955,1.121756103,1.131366971
visual_neutral,497,10,12,0.7734375,432.5044719,431.4305449,531.045834,1.1272321,530.0525012,532.0391668,1.122426666,1.132037534
visual_neutral,498,10,12,0.77734375,432.6223425,431.3470767,531.2376505,1.127889284,530.2443178,532.2309833,1.12308385,1.132694717
visual_neutral,499,10,12,0.78125,432.7403637,431.2653259,531.4297119,1.128532945,530.4363792,532.4230447,1.123727511,1.133338379
visual_neutral,500,10,12,0.78515625,432.8585351,431.1853106,531.6220178,1.129162942,530.628685,532.6153505,1.124357508,1.133968375
visual_neutral,501,10,12,0.7890625,432.9768564,431.107049,531.8145677,1.129779131,530.821235,532.8079005,1.124973697,1.134584565
visual_neutral,502,10,12,0.79296875,433.0953275,431.0305591,532.0073613,1.130381371,531.0140286,533.0006941,1.125575937,1.135186805
visual_neutral,503,10,12,0.796875,433.2139481,430.9558591,532.2003982,1.130969518,531.2070654,533.1937309,1.126164084,1.135774952
visual_neutral,504,10,12,0.80078125,433.3327179,430.8829671,532.3936779,1.131543431,531.4003451,533.3870107,1.126737997,1.136348864
visual_neutral,505,10,12,0.8046875,433.4516367,430.8119011,532.5872,1.132102965,531.5938673,533.5805328,1.127297532,1.136908399
visual_neutral,506,10,12,0.80859375,433.5707042,430.7426793,532.7809642,1.13264798,531.7876315,533.774297,1.127842547,1.137453414
visual_neutral,507,10,12,0.8125,433.6899202,430.6753198,532.97497,1.133178333,531.9816373,533.9683028,1.128372899,1.137983766
visual_neutral,508,10,12,0.81640625,433.8092844,430.6098407,533.1692171,1.13369388,532.1758843,534.1625498,1.128888446,1.138499313
visual_neutral,509,10,12,0.8203125,433.9287966,430.5462601,533.3637049,1.134194479,532.3703722,534.3570377,1.129389045,1.138999913
visual_neutral,510,10,12,0.82421875,434.0484565,430.4845961,533.5584332,1.134679988,532.5651004,534.5517659,1.129874554,1.139485422
visual_neutral,511,10,12,0.828125,434.1682639,430.4248668,533.7534014,1.135150264,532.7600687,534.7467342,1.130344831,1.139955698
visual_neutral,512,10,12,0.83203125,434.2882186,430.3670903,533.9486093,1.135605165,532.9552765,534.941942,1.130799731,1.140410599
visual_neutral,513,10,12,0.8359375,434.4083202,430.3112847,534.1440563,1.136044548,533.1507236,535.1373891,1.131239114,1.140849982
visual_neutral,514,10,12,0.83984375,434.5285685,430.2574682,534.3397421,1.13646827,533.3464094,535.3330749,1.131662836,1.141273704
visual_neutral,515,10,12,0.84375,434.6489633,430.2056588,534.5356663,1.136876189,533.5423336,535.5289991,1.132070755,1.141681623
visual_neutral,516,10,12,0.84765625,434.7695044,430.1558746,534.7318285,1.137268163,533.7384957,535.7251612,1.132462729,1.142073596
visual_neutral,517,10,12,0.8515625,434.8901914,430.1081338,534.9282282,1.137644048,533.9348954,535.921561,1.132838614,1.142449482
visual_neutral,518,10,12,0.85546875,435.0110242,430.0624544,535.1248651,1.138003702,534.1315323,536.1181978,1.133198269,1.142809136
visual_neutral,519,10,12,0.859375,435.1320025,430.0188547,535.3217387,1.138346983,534.3284059,536.3150714,1.13354155,1.143152417
visual_neutral,520,10,12,0.86328125,435.2531259,429.9773525,535.5188486,1.138673749,534.5255159,536.5121814,1.133868315,1.143479182
visual_neutral,521,10,12,0.8671875,435.3743944,429.9379662,535.7161945,1.138983855,534.7228618,536.7095273,1.134178421,1.143789289
visual_neutral,522,10,12,0.87109375,435.4958076,429.9007137,535.9137759,1.139277161,534.9204432,536.9071087,1.134471727,1.144082595
visual_neutral,523,10,12,0.875,435.6173652,429.8656133,536.1115925,1.139553523,535.1182597,537.1049252,1.134748089,1.144358957
visual_neutral,524,10,12,0.87890625,435.7390671,429.8326829,536.3096437,1.139812799,535.316311,537.3029765,1.135007365,1.144618232
visual_neutral,525,10,12,0.8828125,435.860913,429.8019408,536.5079293,1.140054846,535.5145965,537.501262,1.135249412,1.14486028
visual_neutral,526,10,12,0.88671875,435.9829026,429.7734049,536.7064487,1.140279522,535.7131159,537.6997815,1.135474088,1.145084955
visual_neutral,527,10,12,0.890625,436.1050357,429.7470935,536.9052016,1.140486684,535.9118689,537.8985344,1.13568125,1.145292117
visual_neutral,528,10,12,0.8984375,436.3497313,429.7012163,537.3034064,1.140847896,536.3100736,538.2967391,1.136042462,1.145653329
visual_neutral,529,10,12,0.90625,436.5949978,429.664454,537.7025402,1.141137342,536.7092074,538.6958729,1.136331908,1.145942775
visual_neutral,530,10,12,0.9140625,436.8408333,429.6369516,538.1025998,1.141353881,537.1092671,539.0959326,1.136548447,1.146159315
visual_neutral,531,10,12,0.921875,437.0872357,429.6188538,538.503582,1.141496373,537.5102493,539.4969148,1.136690939,1.146301807
visual_neutral,532,10,12,0.9296875,437.3342029,429.6103056,538.9054836,1.141563677,537.9121508,539.8988163,1.136758244,1.146369111
visual_neutral,533,10,12,0.9375,437.5817332,429.6114517,539.3083012,1.141554654,538.3149684,540.3016339,1.13674922,1.146360087
visual_neutral,534,10,12,0.9453125,437.8298243,429.622437,539.7120316,1.141468161,538.7186988,540.7053644,1.136662727,1.146273595
visual_neutral,535,10,12,0.953125,438.0784743,429.6434064,540.1166716,1.14130306,539.1233388,541.1100043,1.136497626,1.146108493
visual_neutral,536,10,12,0.95703125,438.2030083,429.6576804,540.3193316,1.141190674,539.3259989,541.3126644,1.13638524,1.145996108
visual_neutral,537,10,12,0.9609375,438.3276813,429.6745047,540.5222179,1.141058208,539.5288851,541.5155506,1.136252775,1.145863642
visual_neutral,538,10,12,0.96484375,438.452493,429.6938974,540.7253299,1.14090552,539.7319971,541.7186626,1.136100086,1.145710954
visual_neutral,539,10,12,0.96875,438.5774432,429.7158768,540.9286672,1.140732467,539.9353344,541.922,1.135927033,1.145537901
visual_neutral,540,10,12,0.97265625,438.7025316,429.7404607,541.1322295,1.140538906,540.1388967,542.1255622,1.135733472,1.14534434
visual_neutral,541,10,12,0.9765625,438.827758,429.7676675,541.3360163,1.140324695,540.3426836,542.3293491,1.135519261,1.145130129
visual_neutral,542,10,12,0.98046875,438.9531222,429.7975151,541.5400273,1.140089691,540.5466945,542.5333601,1.135284257,1.144895125
visual_neutral,543,10,12,0.984375,439.0786238,429.8300217,541.744262,1.139833752,540.7509292,542.7375947,1.135028318,1.144639185
visual_neutral,544,10,12,0.98828125,439.2042626,429.8652054,541.94872,1.139556734,540.9553873,542.9420528,1.134751301,1.144362168
visual_neutral,545,10,12,0.9921875,439.3300384,429.9030843,542.1534009,1.139258497,541.1600682,543.1467337,1.134453063,1.14406393
visual_neutral,546,10,12,0.99609375,439.455951,429.9436764,542.3583044,1.138938896,541.3649716,543.3516371,1.134133462,1.14374433
visual_neutral,547,10,12,1,439.582,429.987,542.5634299,1.13859779,541.5700972,543.5567627,1.133792356,1.143403223
visual_neutral,548,10,13,0.125,439.78625,430.087875,542.8958156,1.137803555,541.9024828,543.8891484,1.132998121,1.142608988
visual_neutral,549,10,13,0.25,439.9905,430.18875,543.2282013,1.13700932,542.2348685,544.221534,1.132203886,1.141814753
visual_neutral,550,10,13,0.375,440.19475,430.289625,543.560587,1.136215084,542.5672542,544.5539197,1.131409651,1.141020518
visual_neutral,551,10,13,0.5,440.399,430.3905,543.8929726,1.135420849,542.8996399,544.8863054,1.130615416,1.140226283
visual_neutral,552,10,13,0.625,440.60325,430.491375,544.2253583,1.134626614,543.2320255,545.2186911,1.129821181,1.139432048
visual_neutral,553,10,13,0.75,440.8075,430.59225,544.557744,1.133832379,543.5644112,545.5510767,1.129026946,1.138637813
visual_neutral,554,10,13,0.875,441.01175,430.693125,544.8901297,1.133038144,543.8967969,545.8834624,1.128232711,1.137843578
visual_neutral,555,10,13,1,441.216,430.794,545.2225153,1.132243909,544.2291826,546.2158481,1.127438475,1.137049343
visual_neutral,556,10,14,0.1111111111,441.3952222,430.9267778,545.5141721,1.131198489,544.5208394,546.5075049,1.126393055,1.136003923
visual_neutral,557,10,14,0.2222222222,441.5744444,431.0595556,545.8058289,1.130153069,544.8124961,546.7991617,1.125347635,1.134958502
visual_neutral,558,10,14,0.3333333333,441.7536667,431.1923333,546.0974857,1.129107649,545.1041529,547.0908185,1.124302215,1.133913082
visual_neutral,559,10,14,0.4444444444,441.9328889,431.3251111,546.3891425,1.128062228,545.3958097,547.3824752,1.123256795,1.132867662
visual_neutral,560,10,14,0.5555555556,442.1121111,431.4578889,546.6807993,1.127016808,545.6874665,547.674132,1.122211374,1.131822242
visual_neutral,561,10,14,0.6666666667,442.2913333,431.5906667,546.9724561,1.125971388,545.9791233,547.9657888,1.121165954,1.130776822
visual_neutral,562,10,14,0.7777777778,442.4705556,431.7234444,547.2641129,1.124925968,546.2707801,548.2574456,1.120120534,1.129731401
visual_neutral,563,10,14,0.8888888889,442.6497778,431.8562222,547.5557696,1.123880547,546.5624369,548.5491024,1.119075114,1.128685981
visual_neutral,564,10,14,1,442.829,431.989,547.8474264,1.122835127,546.8540937,548.8407592,1.118029693,1.127640561
visual_neutral,565,10,15,0.1111111111,443.0058889,432.1602222,548.1352861,1.121487016,547.1419533,549.1286188,1.116681582,1.12629245
visual_neutral,566,10,15,0.2222222222,443.1827778,432.3314444,548.4231457,1.120138905,547.429813,549.4164785,1.115333472,1.124944339
visual_neutral,567,10,15,0.3333333333,443.3596667,432.5026667,548.7110054,1.118790794,547.7176726,549.7043381,1.113985361,1.123596228
visual_neutral,568,10,15,0.4444444444,443.5365556,432.6738889,548.998865,1.117442683,548.0055323,549.9921978,1.11263725,1.122248117
visual_neutral,569,10,15,0.5555555556,443.7134444,432.8451111,549.2867247,1.116094572,548.2933919,550.2800574,1.111289139,1.120900006
visual_neutral,570,10,15,0.6666666667,443.8903333,433.0163333,549.5745843,1.114746462,548.5812516,550.5679171,1.109941028,1.119551895
visual_neutral,571,10,15,0.7777777778,444.0672222,433.1875556,549.862444,1.113398351,548.8691112,550.8557767,1.108592917,1.118203784
visual_neutral,572,10,15,0.8888888889,444.2441111,433.3587778,550.1503036,1.11205024,549.1569708,551.1436364,1.107244806,1.116855673
visual_neutral,573,10,15,1,444.421,433.53,550.4381632,1.110702129,549.4448305,551.431496,1.105896695,1.115507562
visual_neutral,574,10,16,0.1,444.5779,433.715,550.693494,1.109245539,549.7001613,551.6868268,1.104440105,1.114050973
visual_neutral,575,10,16,0.2,444.7348,433.9,550.9488248,1.107788949,549.9554921,551.9421576,1.102983516,1.112594383
visual_neutral,576,10,16,0.3,444.8917,434.085,551.2041556,1.10633236,550.2108228,552.1974884,1.101526926,1.111137793
visual_neutral,577,10,16,0.4,445.0486,434.27,551.4594864,1.10487577,550.4661536,552.4528191,1.100070336,1.109681204
visual_neutral,578,10,16,0.5,445.2055,434.455,551.7148172,1.10341918,550.7214844,552.7081499,1.098613747,1.108224614
visual_neutral,579,10,16,0.6,445.3624,434.64,551.9701479,1.101962591,550.9768152,552.9634807,1.097157157,1.106768024
visual_neutral,580,10,16,0.7,445.5193,434.825,552.2254787,1.100506001,551.232146,553.2188115,1.095700567,1.105311435
visual_neutral,581,10,16,0.8,445.6762,435.01,552.4808095,1.099049411,551.4874768,553.4741423,1.094243977,1.103854845
visual_neutral,582,10,16,0.9,445.8331,435.195,552.7361403,1.097592821,551.7428075,553.729473,1.092787388,1.102398255
visual_neutral,583,10,16,1,445.99,435.38,552.9914711,1.096136232,551.9981383,553.9848038,1.091330798,1.100941666
visual_neutral,584,10,17,0.09090909091,446.1307273,435.5724545,553.2204832,1.094620949,552.2271505,554.213816,1.089815515,1.099426383
visual_neutral,585,10,17,0.1818181818,446.2714545,435.7649091,553.4494954,1.093105666,552.4561626,554.4428281,1.088300233,1.0979111
visual_neutral,586,10,17,0.2727272727,446.4121818,435.9573636,553.6785075,1.091590384,552.6851747,554.6718402,1.08678495,1.096395817
visual_neutral,587,10,17,0.3636363636,446.5529091,436.1498182,553.9075196,1.090075101,552.9141869,554.9008524,1.085269667,1.094880535
visual_neutral,588,10,17,0.4545454545,446.6936364,436.3422727,554.1365318,1.088559818,553.143199,555.1298645,1.083754384,1.093365252
visual_neutral,589,10,17,0.5454545455,446.8343636,436.5347273,554.3655439,1.087044535,553.3722112,555.3588767,1.082239102,1.091849969
visual_neutral,590,10,17,0.6363636364,446.9750909,436.7271818,554.594556,1.085529253,553.6012233,555.5878888,1.080723819,1.090334686
visual_neutral,591,10,17,0.7272727273,447.1158182,436.9196364,554.8235682,1.08401397,553.8302354,555.8169009,1.079208536,1.088819404
visual_neutral,592,10,17,0.8181818182,447.2565455,437.1120909,555.0525803,1.082498687,554.0592476,556.0459131,1.077693253,1.087304121
visual_neutral,593,10,17,0.9090909091,447.3972727,437.3045455,555.2815925,1.080983404,554.2882597,556.2749252,1.076177971,1.085788838
visual_neutral,594,10,17,1,447.538,437.497,555.5106046,1.079468122,554.5172719,556.5039374,1.074662688,1.084273555
visual_neutral,595,10,18,0.0078125,447.6288943,437.6314621,555.6585211,1.07840944,554.6651884,556.6518539,1.073604006,1.083214874
visual_neutral,596,10,18,0.015625,447.7194229,437.7662057,555.8058427,1.077348542,554.8125099,556.7991754,1.072543108,1.082153976
visual_neutral,597,10,18,0.0234375,447.8095891,437.9012279,555.9525744,1.07628545,554.9592417,556.9459072,1.071480017,1.081090884
visual_neutral,598,10,18,0.03125,447.899396,438.0365256,556.0987214,1.075220189,555.1053887,557.0920542,1.070414756,1.080025623
visual_neutral,599,10,18,0.0390625,447.9888468,438.1720959,556.2442889,1.074152782,555.2509562,557.2376217,1.069347349,1.078958216
visual_neutral,600,10,18,0.046875,448.0779446,438.3079358,556.389282,1.073083253,555.3959492,557.3826148,1.068277819,1.077888687
visual_neutral,601,10,18,0.0546875,448.1666926,438.4440422,556.5337058,1.072011625,555.5403731,557.5270386,1.067206191,1.076817059
visual_neutral,602,10,18,0.0625,448.255094,438.5804121,556.6775655,1.070937922,555.6842328,557.6708983,1.066132488,1.075743356
visual_neutral,603,10,18,0.0703125,448.3431519,438.7170426,556.8208663,1.069862168,555.8275335,557.8141991,1.065056734,1.074667601
visual_neutral,604,10,18,0.078125,448.4308694,438.8539307,556.9636132,1.068784385,555.9702805,557.956946,1.063978951,1.073589819
visual_neutral,605,10,18,0.0859375,448.5182498,438.9910733,557.1058115,1.067704598,556.1124787,558.0991442,1.062899165,1.072510032
visual_neutral,606,10,18,0.09375,448.6052962,439.1284675,557.2474662,1.066622831,556.2541334,558.240799,1.061817397,1.071428265
visual_neutral,607,10,18,0.1015625,448.6920118,439.2661103,557.3885825,1.065539106,556.3952498,558.3819153,1.060733673,1.07034454
visual_neutral,608,10,18,0.109375,448.7783997,439.4039986,557.5291656,1.064453448,556.5358329,558.5224984,1.059648015,1.069258882
visual_neutral,609,10,18,0.1171875,448.8644631,439.5421295,557.6692206,1.063365881,556.6758879,558.6625534,1.058560447,1.068171314
visual_neutral,610,10,18,0.125,448.9502051,439.6805,557.8087527,1.062276427,556.8154199,558.8020854,1.057470993,1.06708186
visual_neutral,611,10,18,0.1328125,449.0356289,439.819107,557.9477669,1.06118511,556.9544341,558.9410996,1.056379676,1.065990544
visual_neutral,612,10,18,0.140625,449.1207377,439.9579477,558.0862685,1.060091954,557.0929357,559.0796012,1.05528652,1.064897388
visual_neutral,613,10,18,0.1484375,449.2055346,440.0970189,558.2242625,1.058996983,557.2309297,559.2175953,1.054191549,1.063802417
visual_neutral,614,10,18,0.15625,449.2900229,440.2363176,558.3617542,1.05790022,557.3684214,559.3550869,1.053094786,1.062705654
visual_neutral,615,10,18,0.1640625,449.3742055,440.375841,558.4987486,1.056801689,557.5054159,559.4920814,1.051996255,1.061607123
visual_neutral,616,10,18,0.171875,449.4580858,440.5155859,558.635251,1.055701413,557.6419182,559.6285837,1.050895979,1.060506847
visual_neutral,617,10,18,0.1796875,449.5416669,440.6555494,558.7712664,1.054599416,557.7779337,559.7645992,1.049793982,1.05940485
visual_neutral,618,10,18,0.1875,449.6249519,440.7957285,558.9068,1.053495722,557.9134673,559.9001328,1.048690288,1.058301156
visual_neutral,619,10,18,0.1953125,449.707944,440.9361202,559.041857,1.052390354,558.0485243,560.0351898,1.04758492,1.057195788
visual_neutral,620,10,18,0.203125,449.7906464,441.0767215,559.1764425,1.051283336,558.1831097,560.1697752,1.046477902,1.05608877
visual_neutral,621,10,18,0.2109375,449.8730622,441.2175293,559.3105616,1.050174691,558.3172288,560.3038944,1.045369257,1.054980125
visual_neutral,622,10,18,0.21875,449.9551945,441.3585408,559.4442195,1.049064443,558.4508867,560.4375523,1.04425901,1.053869877
visual_neutral,623,10,18,0.2265625,450.0370467,441.4997528,559.5774213,1.047952616,558.5840886,560.5707541,1.043147183,1.05275805
visual_neutral,624,10,18,0.234375,450.1186217,441.6411624,559.7101722,1.046839234,558.7168395,560.703505,1.0420338,1.051644667
visual_neutral,625,10,18,0.2421875,450.1999228,441.7827667,559.8424773,1.045724319,558.8491446,560.8358101,1.040918885,1.050529752
visual_neutral,626,10,18,0.25,450.2809531,441.9245625,559.9743418,1.044607895,558.9810091,560.9676746,1.039802461,1.049413329
visual_neutral,627,10,18,0.2578125,450.3617158,442.0665469,560.1057708,1.043489987,559.112438,561.0991036,1.038684553,1.048295421
visual_neutral,628,10,18,0.265625,450.4422141,442.2087169,560.2367694,1.042370617,559.2434367,561.2301022,1.037565183,1.047176051
visual_neutral,629,10,18,0.2734375,450.5224511,442.3510696,560.3673429,1.04124981,559.3740101,561.3606756,1.036444376,1.046055244
visual_neutral,630,10,18,0.28125,450.60243,442.4936018,560.4974963,1.040127588,559.5041635,561.490829,1.035322155,1.044933022
visual_neutral,631,10,18,0.2890625,450.6821539,442.6363106,560.6272347,1.039003976,559.633902,561.6205675,1.034198543,1.04380941
visual_neutral,632,10,18,0.296875,450.761626,442.7791931,560.7565634,1.037878997,559.7632307,561.7498962,1.033073564,1.042684431
visual_neutral,633,10,18,0.3046875,450.8408494,442.9222461,560.8854875,1.036752675,559.8921547,561.8788203,1.031947242,1.041558109
visual_neutral,634,10,18,0.3125,450.9198274,443.0654668,561.0140121,1.035625033,560.0206793,562.0073449,1.0308196,1.040430467
visual_neutral,635,10,18,0.3203125,450.9985631,443.2088521,561.1421424,1.034496096,560.1488096,562.1354751,1.029690662,1.039301529
visual_neutral,636,10,18,0.328125,451.0770596,443.352399,561.2698834,1.033365885,560.2765507,562.2632162,1.028560451,1.038171319
visual_neutral,637,10,18,0.3359375,451.1553201,443.4961045,561.3972405,1.032234426,560.4039077,562.3905732,1.027428992,1.03703986
visual_neutral,638,10,18,0.34375,451.2333477,443.6399656,561.5242186,1.031101742,560.5308858,562.5175513,1.026296308,1.035907175
visual_neutral,639,10,18,0.3515625,451.3111458,443.7839793,561.650823,1.029967855,560.6574902,562.6441557,1.025162422,1.034773289
visual_neutral,640,10,18,0.359375,451.3887173,443.9281427,561.7770587,1.028832791,560.783726,562.7703915,1.024027358,1.033638225
visual_neutral,641,10,18,0.3671875,451.4660654,444.0724526,561.902931,1.027696573,560.9095983,562.8962638,1.022891139,1.032502007
visual_neutral,642,10,18,0.375,451.5431934,444.2169062,562.028445,1.026559223,561.0351122,563.0217777,1.02175379,1.031364657
visual_neutral,643,10,18,0.3828125,451.6201043,444.3615005,562.1536058,1.025420767,561.160273,563.1469385,1.020615333,1.030226201
visual_neutral,644,10,18,0.390625,451.6968014,444.5062323,562.2784186,1.024281227,561.2850858,563.2717513,1.019475793,1.029086661
visual_neutral,645,10,18,0.3984375,451.7732877,444.6510988,562.4028884,1.023140627,561.4095557,563.3962212,1.018335193,1.02794606
visual_neutral,646,10,18,0.40625,451.8495666,444.7960969,562.5270206,1.02199899,561.5336878,563.5203533,1.017193556,1.026804424
visual_neutral,647,10,18,0.4140625,451.925641,444.9412237,562.6508201,1.020856341,561.6574874,563.6441529,1.016050907,1.025661775
visual_neutral,648,10,18,0.421875,452.0015142,445.086476,562.7742922,1.019712702,561.7809594,563.767625,1.014907269,1.024518136
visual_neutral,649,10,18,0.4296875,452.0771894,445.2318511,562.897442,1.018568098,561.9041092,563.8907747,1.013762665,1.023373532
visual_neutral,650,10,18,0.4375,452.1526697,445.3773457,563.0202746,1.017422552,562.0269418,564.0136074,1.012617119,1.022227986
visual_neutral,651,10,18,0.4453125,452.2279582,445.522957,563.1427952,1.016276088,562.1494624,564.136128,1.011470654,1.021081522
visual_neutral,652,10,18,0.453125,452.3030582,445.6686819,563.2650089,1.015128729,562.2716762,564.2583417,1.010323295,1.019934163
visual_neutral,653,10,18,0.4609375,452.3779727,445.8145175,563.3869209,1.013980499,562.3935882,564.3802537,1.009175065,1.018785933
visual_neutral,654,10,18,0.46875,452.452705,445.9604607,563.5085363,1.012831421,562.5152036,564.5018691,1.008025987,1.017636855
visual_neutral,655,10,18,0.4765625,452.5272583,446.1065085,563.6298603,1.01168152,562.6365275,564.6231931,1.006876086,1.016486953
visual_neutral,656,10,18,0.484375,452.6016356,446.2526581,563.750898,1.010530818,562.7575652,564.7442307,1.005725384,1.015336251
visual_neutral,657,10,18,0.4921875,452.6758401,446.3989062,563.8716545,1.009379339,562.8783217,564.8649873,1.004573905,1.014184773
visual_neutral,658,10,18,0.5,452.749875,446.54525,563.992135,1.008227107,562.9988023,564.9854678,1.003421674,1.013032541
visual_neutral,659,10,18,0.5078125,452.8237435,446.6916865,564.1123447,1.007074146,563.1190119,565.1056775,1.002268712,1.01187958
visual_neutral,660,10,18,0.515625,452.8974487,446.8382126,564.2322886,1.005920479,563.2389559,565.2256214,1.001115045,1.010725913
visual_neutral,661,10,18,0.5234375,452.9709937,446.9848253,564.351972,1.00476613,563.3586393,565.3453048,0.9999606958,1.009571563
visual_neutral,662,10,18,0.53125,453.0443819,447.1315217,564.4714,1.003611122,563.4780672,565.4647327,0.9988056878,1.008416555
visual_neutral,663,10,18,0.5390625,453.1176162,447.2782988,564.5905776,1.002455478,563.5972449,565.5839104,0.9976500447,1.007260912
visual_neutral,664,10,18,0.546875,453.1906999,447.4251535,564.7095102,1.001299224,563.7161774,565.7028429,0.9964937902,1.006104658
visual_neutral,665,10,18,0.5546875,453.2636361,447.5720829,564.8282027,1.000142382,563.83487,565.8215355,0.9953369478,1.004947815
visual_neutral,666,10,18,0.5625,453.336428,447.719084,564.9466604,0.9989849749,563.9533276,565.9399932,0.9941795412,1.003790409
visual_neutral,667,10,18,0.5703125,453.4090787,447.8661537,565.0648884,0.9978270277,564.0715556,566.0582212,0.993021594,1.002632461
visual_neutral,668,10,18,0.578125,453.4815915,448.0132891,565.1828918,0.9966685634,564.1895591,566.1762246,0.9918631297,1.001473997
visual_neutral,669,10,18,0.5859375,453.5539694,448.1604871,565.3006758,0.9955096058,564.3073431,566.2940086,0.990704172,1.000315039
visual_neutral,670,10,18,0.59375,453.6262157,448.3077449,565.4182456,0.9943501783,564.4249128,566.4115784,0.9895447445,0.999155612
visual_neutral,671,10,18,0.6015625,453.6983334,448.4550593,565.5356062,0.9931903046,564.5422735,566.528939,0.9883848709,0.9979957383
visual_neutral,672,10,18,0.609375,453.7703258,448.6024273,565.6527629,0.9920300083,564.6594301,566.6460956,0.9872245746,0.9968354421
visual_neutral,673,10,18,0.6171875,453.8421961,448.7498461,565.7697207,0.9908693131,564.7763879,566.7630535,0.9860638793,0.9956747468
visual_neutral,674,10,18,0.625,453.9139473,448.8973125,565.8864848,0.9897082425,564.8931521,566.8798176,0.9849028087,0.9945136762
visual_neutral,675,10,18,0.6328125,453.9855826,449.0448236,566.0030604,0.9885468201,565.0097277,566.9963932,0.9837413863,0.9933522538
visual_neutral,676,10,18,0.640625,454.0571053,449.1923764,566.1194526,0.9873850695,565.1261198,567.1127853,0.9825796358,0.9921905032
visual_neutral,677,10,18,0.6484375,454.1285184,449.3399678,566.2356665,0.9862230144,565.2423338,567.2289993,0.9814175807,0.9910284481
visual_neutral,678,10,18,0.65625,454.1998251,449.487595,566.3517073,0.9850606783,565.3583746,567.3450401,0.9802552446,0.9898661121
visual_neutral,679,10,18,0.6640625,454.2710286,449.6352548,566.4675802,0.9838980849,565.4742474,567.4609129,0.9790926512,0.9887035187
visual_neutral,680,10,18,0.671875,454.3421321,449.7829443,566.5832902,0.9827352578,565.5899575,567.576623,0.9779298241,0.9875406916
visual_neutral,681,10,18,0.6796875,454.4131387,449.9306605,566.6988426,0.9815722206,565.7055098,567.6921753,0.9767667868,0.9863776543
visual_neutral,682,10,18,0.6875,454.4840515,450.0784004,566.8142424,0.9804089968,565.8209096,567.8075752,0.9756035631,0.9852144305
visual_neutral,683,10,18,0.6953125,454.5548738,450.226161,566.9294948,0.9792456101,565.9361621,567.9228276,0.9744401764,0.9840510439
visual_neutral,684,10,18,0.703125,454.6256087,450.3739392,567.044605,0.9780820842,566.0512723,568.0379378,0.9732766504,0.9828875179
visual_neutral,685,10,18,0.7109375,454.6962593,450.5217322,567.1595781,0.9769184425,566.1662454,568.1529109,0.9721130087,0.9817238762
visual_neutral,686,10,18,0.71875,454.7668288,450.6695369,567.2744193,0.9757547087,566.2810865,568.267752,0.970949275,0.9805601425
visual_neutral,687,10,18,0.7265625,454.8373204,450.8173502,567.3891336,0.9745909065,566.3958009,568.3824664,0.9697854728,0.9793963402
visual_neutral,688,10,18,0.734375,454.9077373,450.9651693,567.5037263,0.9734270594,566.5103935,568.4970591,0.9686216256,0.9782324931
visual_neutral,689,10,18,0.7421875,454.9780826,451.112991,567.6182025,0.972263191,566.6248697,568.6115352,0.9674577573,0.9770686247
visual_neutral,690,10,18,0.75,455.0483594,451.2608125,567.7325672,0.971099325,566.7392345,568.7259,0.9662938912,0.9759047587
visual_neutral,691,10,18,0.7578125,455.1185709,451.4086307,567.8468258,0.9699354849,566.853493,568.8401586,0.9651300512,0.9747409186
visual_neutral,692,10,18,0.765625,455.1887203,451.5564425,567.9609833,0.9687716944,566.9676505,568.954316,0.9639662606,0.9735771281
visual_neutral,693,10,18,0.7734375,455.2588108,451.7042451,568.0750448,0.967607977,567.0817121,569.0683776,0.9628025433,0.9724134107
visual_neutral,694,10,18,0.78125,455.3288455,451.8520354,568.1890156,0.9664443564,567.1956828,569.1823483,0.9616389227,0.9712497902
visual_neutral,695,10,18,0.7890625,455.3988275,451.9998104,568.3029006,0.9652808562,567.3095679,569.2962334,0.9604754225,0.97008629
visual_neutral,696,10,18,0.796875,455.4687601,452.1475671,568.4167052,0.9641175,567.4233725,569.410038,0.9593120663,0.9689229337
visual_neutral,697,10,18,0.8046875,455.5386464,452.2953025,568.5304345,0.9629543114,567.5371017,569.5237672,0.9581488776,0.9677597451
visual_neutral,698,10,18,0.8125,455.6084895,452.4430137,568.6440935,0.961791314,567.6507607,569.6374262,0.9569858802,0.9665967477
visual_neutral,699,10,18,0.8203125,455.6782926,452.5906975,568.7576874,0.9606285313,567.7643546,569.7510202,0.9558230976,0.9654339651
visual_neutral,700,10,18,0.828125,455.7480589,452.7383511,568.8712214,0.9594659871,567.8778887,569.8645542,0.9546605534,0.9642714209
visual_neutral,701,10,18,0.8359375,455.8177916,452.8859714,568.9847007,0.958303705,567.9913679,569.9780334,0.9534982712,0.9631091387
visual_neutral,702,10,18,0.84375,455.8874937,453.0335554,569.0981302,0.9571417084,568.1047975,570.091463,0.9523362747,0.9619471422
visual_neutral,703,10,18,0.8515625,455.9571686,453.1811002,569.2115154,0.9559800211,568.2181826,570.2048481,0.9511745874,0.9607854549
visual_neutral,704,10,18,0.859375,456.0268192,453.3286026,569.3248611,0.9548186667,568.3315284,570.3181939,0.9500132329,0.9596241004
visual_neutral,705,10,18,0.8671875,456.0964488,453.4760598,569.4381727,0.9536576687,568.4448399,570.4315054,0.9488522349,0.9584631024
visual_neutral,706,10,18,0.875,456.1660605,453.6234688,569.5514552,0.9524970507,568.5581224,570.5447879,0.947691617,0.9573024845
visual_neutral,707,10,18,0.8828125,456.2356576,453.7708264,569.6647138,0.9513368365,568.671381,570.6580465,0.9465314027,0.9561422702
visual_neutral,708,10,18,0.890625,456.3052431,453.9181298,569.7779536,0.9501770495,568.7846208,570.7712863,0.9453716157,0.9549824832
visual_neutral,709,10,18,0.8984375,456.3748203,454.0653759,569.8911798,0.9490177133,568.897847,570.8845125,0.9442122796,0.9538231471
visual_neutral,710,10,18,0.90625,456.4443922,454.2125618,570.0043975,0.9478588517,569.0110647,570.9977302,0.943053418,0.9526642855
visual_neutral,711,10,18,0.9140625,456.5139621,454.3596844,570.1176119,0.9467004882,569.1242791,571.1109446,0.9418950545,0.9515059219
visual_neutral,712,10,18,0.921875,456.5835332,454.5067407,570.2308281,0.9455426464,569.2374953,571.2241608,0.9407372126,0.9503480801
visual_neutral,713,10,18,0.9296875,456.6531084,454.6537278,570.3440512,0.9443853499,569.3507185,571.337384,0.9395799161,0.9491907836
visual_neutral,714,10,18,0.9375,456.7226912,454.8006426,570.4572865,0.9432286223,569.4639537,571.4506192,0.9384231885,0.948034056
visual_neutral,715,10,18,0.9453125,456.7922845,454.9474821,570.570539,0.9420724872,569.5772062,571.5638717,0.9372670535,0.946877921
visual_neutral,716,10,18,0.953125,456.8618916,455.0942434,570.6838139,0.9409169683,569.6904811,571.6771466,0.9361115346,0.945722402
visual_neutral,717,10,18,0.9609375,456.9315156,455.2409235,570.7971163,0.9397620891,569.8037835,571.790449,0.9349566554,0.9445675229
visual_neutral,718,10,18,0.96875,457.0011596,455.3875193,570.9104514,0.9386078733,569.9171186,571.9037841,0.9338024396,0.943413307
visual_neutral,719,10,18,0.9765625,457.070827,455.5340278,571.0238243,0.9374543444,570.0304915,572.0171571,0.9326489107,0.9422597781
visual_neutral,720,10,18,0.984375,457.1405207,455.6804461,571.1372402,0.9363015261,570.1439074,572.130573,0.9314960924,0.9411069598
visual_neutral,721,10,18,0.9921875,457.210244,455.8267712,571.2507042,0.935149442,570.2573714,572.244037,0.9303440082,0.9399548757
visual_neutral,722,10,18,1,457.28,455.973,571.3642215,0.9339981156,570.3708887,572.3575542,0.9291926819,0.9388035493
visual_neutral,723,10,19,0.08333333333,457.3814167,456.186,571.5292616,0.9323210691,570.5359288,572.5225944,0.9275156354,0.9371265028
visual_neutral,724,10,19,0.1666666667,457.4828333,456.399,571.6943017,0.9306440226,570.700969,572.6876345,0.9258385889,0.9354494563
visual_neutral,725,10,19,0.25,457.58425,456.612,571.8593419,0.9289669761,570.8660091,572.8526746,0.9241615423,0.9337724098
visual_neutral,726,10,19,0.3333333333,457.6856667,456.825,572.024382,0.9272899296,571.0310492,573.0177148,0.9224844958,0.9320953633
visual_neutral,727,10,19,0.4166666667,457.7870833,457.038,572.1894221,0.9256128831,571.1960894,573.1827549,0.9208074493,0.9304183168
visual_neutral,728,10,19,0.5,457.8885,457.251,572.3544623,0.9239358366,571.3611295,573.347795,0.9191304028,0.9287412703
visual_neutral,729,10,19,0.5833333333,457.9899167,457.464,572.5195024,0.9222587901,571.5261696,573.5128352,0.9174533563,0.9270642238
visual_neutral,730,10,19,0.6666666667,458.0913333,457.677,572.6845425,0.9205817435,571.6912098,573.6778753,0.9157763098,0.9253871773
visual_neutral,731,10,19,0.75,458.19275,457.89,572.8495827,0.918904697,571.8562499,573.8429154,0.9140992633,0.9237101308
visual_neutral,732,10,19,0.8333333333,458.2941667,458.103,573.0146228,0.9172276505,572.02129,574.0079556,0.9124222168,0.9220330843
visual_neutral,733,10,19,0.9166666667,458.3955833,458.316,573.1796629,0.915550604,572.1863302,574.1729957,0.9107451703,0.9203560378
visual_neutral,734,10,19,1,458.497,458.529,573.3447031,0.9138735575,572.3513703,574.3380358,0.9090681238,0.9186789912
visual_neutral,735,10,20,0.09090909091,458.6043636,458.7443636,573.519421,0.912177901,572.5260882,574.5127537,0.9073724673,0.9169833347
visual_neutral,736,10,20,0.1818181818,458.7117273,458.9597273,573.6941389,0.9104822445,572.7008061,574.6874717,0.9056768108,0.9152876782
visual_neutral,737,10,20,0.2727272727,458.8190909,459.1750909,573.8688568,0.908786588,572.8755241,574.8621896,0.9039811543,0.9135920217
visual_neutral,738,10,20,0.3636363636,458.9264545,459.3904545,574.0435747,0.9070909315,573.050242,575.0369075,0.9022854978,0.9118963652
visual_neutral,739,10,20,0.4545454545,459.0338182,459.6058182,574.2182927,0.905395275,573.2249599,575.2116254,0.9005898413,0.9102007087
visual_neutral,740,10,20,0.5454545455,459.1411818,459.8211818,574.3930106,0.9036996185,573.3996778,575.3863433,0.8988941848,0.9085050522
visual_neutral,741,10,20,0.6363636364,459.2485455,460.0365455,574.5677285,0.902003962,573.5743957,575.5610612,0.8971985283,0.9068093957
visual_neutral,742,10,20,0.7272727273,459.3559091,460.2519091,574.7424464,0.9003083055,573.7491137,575.7357792,0.8955028718,0.9051137392
visual_neutral,743,10,20,0.8181818182,459.4632727,460.4672727,574.9171643,0.898612649,573.9238316,575.9104971,0.8938072153,0.9034180827
visual_neutral,744,10,20,0.9090909091,459.5706364,460.6826364,575.0918822,0.8969169925,574.0985495,576.085215,0.8921115588,0.9017224262
visual_neutral,745,10,20,1,459.678,460.898,575.2666002,0.895221336,574.2732674,576.2599329,0.8904159023,0.9000267697
visual_neutral,746,10,21,0.015625,459.7505385,461.0370761,575.3846454,0.8941263266,574.3913127,576.3779782,0.8893208928,0.8989317603
visual_neutral,747,10,21,0.03125,459.8245236,461.1788789,575.505045,0.8930098476,574.5117122,576.4983777,0.8882044138,0.8978152813
visual_neutral,748,10,21,0.046875,459.8999475,461.3232864,575.6277858,0.8918728618,574.6344531,576.6211186,0.8870674281,0.8966782956
visual_neutral,749,10,21,0.0625,459.9768022,461.470176,575.7528552,0.8907163322,574.7595224,576.7461879,0.8859108985,0.895521766
visual_neutral,750,10,21,0.078125,460.0550799,461.6194256,575.8802401,0.8895412216,574.8869073,576.8735728,0.8847357879,0.8943466554
visual_neutral,751,10,21,0.09375,460.1347725,461.7709129,576.0099277,0.8883484929,575.0165949,577.0032604,0.8835430591,0.8931539266
visual_neutral,752,10,21,0.109375,460.2158722,461.9245156,576.1419051,0.8871391088,575.1485723,577.1352378,0.8823336751,0.8919445426
visual_neutral,753,10,21,0.125,460.2983711,462.0801113,576.2761594,0.8859140324,575.2828266,577.2694921,0.8811085986,0.8907194661
visual_neutral,754,10,21,0.140625,460.3822612,462.2375779,576.4126777,0.8846742263,575.4193449,577.4060104,0.8798687926,0.8894796601
visual_neutral,755,10,21,0.15625,460.4675346,462.3967929,576.5514471,0.8834206536,575.5581144,577.5447799,0.8786152198,0.8882260873
visual_neutral,756,10,21,0.171875,460.5541834,462.5576341,576.6924548,0.8821542769,575.6991221,577.6857876,0.8773488432,0.8869597107
visual_neutral,757,10,21,0.1875,460.6421997,462.7199792,576.8356879,0.8808760593,575.8423551,577.8290207,0.8760706256,0.8856814931
visual_neutral,758,10,21,0.203125,460.7315756,462.883706,576.9811334,0.8795869635,575.9878007,577.9744662,0.8747815298,0.8843923973
visual_neutral,759,10,21,0.21875,460.822303,463.0486921,577.1287786,0.8782879525,576.1354458,578.1221113,0.8734825188,0.8830933862
visual_neutral,760,10,21,0.234375,460.9143742,463.2148152,577.2786104,0.876979989,576.2852776,578.2719431,0.8721745553,0.8817854227
visual_neutral,761,10,21,0.25,461.0077812,463.3819531,577.430616,0.8756640359,576.4372833,578.4239488,0.8708586022,0.8804694697
visual_neutral,762,10,21,0.265625,461.1025161,463.5499835,577.5847826,0.8743410562,576.5914498,578.5781153,0.8695356224,0.8791464899
visual_neutral,763,10,21,0.28125,461.198571,463.718784,577.7410972,0.8730120125,576.7477644,578.7344299,0.8682065788,0.8778174463
visual_neutral,764,10,21,0.296875,461.2959379,463.8882323,577.8995469,0.8716778679,576.9062141,578.8928797,0.8668724342,0.8764833016
visual_neutral,765,10,21,0.3125,461.3946089,464.0582063,578.0601189,0.8703395851,577.0667861,579.0534517,0.8655341514,0.8751450189
visual_neutral,766,10,21,0.328125,461.4945761,464.2285835,578.2228003,0.8689981271,577.2294675,579.216133,0.8641926933,0.8738035608
visual_neutral,767,10,21,0.34375,461.5958316,464.3992418,578.3875781,0.8676544566,577.3942454,579.3809109,0.8628490228,0.8724598903
visual_neutral,768,10,21,0.359375,461.6983675,464.5700587,578.5544396,0.8663095365,577.5611068,579.5477724,0.8615041028,0.8711149703
visual_neutral,769,10,21,0.375,461.8021758,464.7409121,578.7233718,0.8649643297,577.730039,579.7167045,0.860158896,0.8697697635
visual_neutral,770,10,21,0.390625,461.9072486,464.9116796,578.8943618,0.8636197991,577.901029,579.8876945,0.8588143654,0.8684252329
visual_neutral,771,10,21,0.40625,462.0135781,465.0822389,579.0673967,0.8622769075,578.0740639,580.0607294,0.8574714738,0.8670823412
visual_neutral,772,10,21,0.421875,462.1211562,465.2524678,579.2424637,0.8609366177,578.2491309,580.2357964,0.856131184,0.8657420515
visual_neutral,773,10,21,0.4375,462.2299751,465.4222439,579.4195498,0.8595998927,578.426217,580.4128826,0.8547944589,0.8644053264
visual_neutral,774,10,21,0.453125,462.3400268,465.591445,579.5986422,0.8582676952,578.6053095,580.591975,0.8534622615,0.8630731289
visual_neutral,775,10,21,0.46875,462.4513035,465.7599487,579.779728,0.8569409882,578.7863953,580.7730608,0.8521355544,0.8617464219
visual_neutral,776,10,21,0.484375,462.5637972,465.9276328,579.9627943,0.8556207344,578.9694616,580.9561271,0.8508153007,0.8604261681
visual_neutral,777,10,21,0.5,462.6775,466.094375,580.1478282,0.8543078968,579.1544955,581.141161,0.8495024631,0.8591133305
visual_neutral,778,10,21,0.515625,462.792404,466.260053,580.3348169,0.8530034382,579.3414841,581.3281496,0.8481980045,0.8578088719
visual_neutral,779,10,21,0.53125,462.9085012,466.4245445,580.5237473,0.8517083215,579.5304146,581.5170801,0.8469028877,0.8565137552
visual_neutral,780,10,21,0.546875,463.0257837,466.5877272,580.7146067,0.8504235095,579.721274,581.7079395,0.8456180757,0.8552289432
visual_neutral,781,10,21,0.5625,463.1442437,466.7494788,580.9073822,0.849149965,579.9140495,581.900715,0.8443445313,0.8539553987
visual_neutral,782,10,21,0.578125,463.2638731,466.909677,581.1020609,0.847888651,580.1087281,582.0953936,0.8430832173,0.8526940847
visual_neutral,783,10,21,0.59375,463.3846641,467.0681996,581.2986298,0.8466405303,580.3052971,582.2919626,0.8418350966,0.851445964
visual_neutral,784,10,21,0.609375,463.5066088,467.2249242,581.4970761,0.8454065657,580.5037434,582.4904089,0.840601132,0.8502119995
visual_neutral,785,10,21,0.625,463.6296992,467.3797285,581.697387,0.8441877202,580.7040542,582.6907198,0.8393822864,0.8489931539
visual_neutral,786,10,21,0.640625,463.7539275,467.5324903,581.8995495,0.8429849565,580.9062167,582.8928822,0.8381795227,0.8477903902
visual_neutral,787,10,21,0.65625,463.8792856,467.6830873,582.1035507,0.8417992375,581.1102179,583.0968834,0.8369938038,0.8466046712
visual_neutral,788,10,21,0.671875,464.0057657,467.8313972,582.3093777,0.8406315261,581.316045,583.3027105,0.8358260924,0.8454369598
visual_neutral,789,10,21,0.6875,464.1333599,467.9772976,582.5170178,0.8394827851,581.523685,583.5103505,0.8346773514,0.8442882189
visual_neutral,790,10,21,0.703125,464.2620602,468.1206663,582.7264579,0.8383539775,581.7331251,583.7197906,0.8335485437,0.8431594112
visual_neutral,791,10,21,0.71875,464.3918587,468.2613811,582.9376851,0.837246066,581.9443524,583.9310179,0.8324406322,0.8420514997
visual_neutral,792,10,21,0.734375,464.5227475,468.3993195,583.1506867,0.8361600135,582.157354,584.1440195,0.8313545797,0.8409654472
visual_neutral,793,10,21,0.75,464.6547188,468.5343594,583.3654497,0.8350967828,582.372117,584.3587825,0.8302913491,0.8399022166
visual_neutral,794,10,21,0.765625,464.7877644,468.6663784,583.5819612,0.8340573369,582.5886285,584.575294,0.8292519032,0.8388627707
visual_neutral,795,10,21,0.78125,464.9218766,468.7952542,583.8002084,0.8330426386,582.8068756,584.7935411,0.8282372049,0.8378480723
visual_neutral,796,10,21,0.796875,465.0570475,468.9208645,584.0201783,0.8320536507,583.0268455,585.013511,0.827248217,0.8368590844
visual_neutral,797,10,21,0.8125,465.193269,469.0430872,584.241858,0.8310913361,583.2485253,585.2351908,0.8262859024,0.8358967698
visual_neutral,798,10,21,0.828125,465.3305334,469.1617997,584.4652348,0.8301566577,583.471902,585.4585675,0.8253512239,0.8349620914
visual_neutral,799,10,21,0.84375,465.4688326,469.27688,584.6902956,0.8292505782,583.6969629,585.6836284,0.8244451445,0.834056012
visual_neutral,800,10,21,0.859375,465.6081587,469.3882056,584.9170276,0.8283740607,583.9236949,585.9103604,0.8235686269,0.8331794944
visual_neutral,801,10,21,0.875,465.7485039,469.4956543,585.145418,0.8275280678,584.1520852,586.1387507,0.8227226341,0.8323335016
visual_neutral,802,10,21,0.890625,465.8898602,469.5991038,585.3754537,0.8267135626,584.382121,586.3687865,0.8219081289,0.8315189963
visual_neutral,803,10,21,0.90625,466.0322197,469.6984318,585.607122,0.8259315078,584.6137893,586.6004548,0.8211260741,0.8307369415
visual_neutral,804,10,21,0.921875,466.1755744,469.793516,585.84041,0.8251828663,584.8470772,586.8337427,0.8203774325,0.8299883
visual_neutral,805,10,21,0.9375,466.3199165,469.8842341,586.0753047,0.8244686009,585.0819719,587.0686374,0.8196631672,0.8292740347
visual_neutral,806,10,21,0.953125,466.465238,469.9704639,586.3117933,0.8237896746,585.3184605,587.305126,0.8189842409,0.8285951083
visual_neutral,807,10,21,0.96875,466.6115311,470.052083,586.5498628,0.8231470501,585.5565301,587.5431956,0.8183416164,0.8279524839
visual_neutral,808,10,21,0.984375,466.7587877,470.1289691,586.7895005,0.8225416904,585.7961678,587.7828333,0.8177362566,0.8273471241
visual_neutral,809,10,21,1,466.907,470.201,587.0306934,0.8219745582,586.0373606,588.0240262,0.8171691245,0.826779992
visual_neutral,810,10,22,0.2,467.1,470.2658,587.3447714,0.8214643582,586.3514387,588.3381042,0.8166589244,0.8262697919
visual_neutral,811,10,22,0.4,467.293,470.3306,587.6588494,0.8209541581,586.6655167,588.6521822,0.8161487244,0.8257595918
visual_neutral,812,10,22,0.6,467.486,470.3954,587.9729275,0.820443958,586.9795947,588.9662602,0.8156385243,0.8252493918
visual_neutral,813,10,22,0.8,467.679,470.4602,588.2870055,0.819933758,587.2936727,589.2803382,0.8151283242,0.8247391917
visual_neutral,814,10,22,1,467.872,470.525,588.6010835,0.8194235579,587.6077507,589.5944162,0.8146181242,0.8242289916
visual_neutral,815,10,23,0.25,468.11325,470.552,588.993681,0.8192109745,588.0003483,589.9870138,0.8144055408,0.8240164083
visual_neutral,816,10,23,0.5,468.3545,470.579,589.3862785,0.8189983912,588.3929458,590.3796113,0.8141929574,0.8238038249
visual_neutral,817,10,23,0.75,468.59575,470.606,589.7788761,0.8187858078,588.7855433,590.7722088,0.8139803741,0.8235912416
visual_neutral,818,10,23,1,468.837,470.633,590.1714736,0.8185732245,589.1781408,591.1648063,0.8137677907,0.8233786582
visual_neutral,819,10,24,0.25,469.08,470.60425,590.566919,0.8187995864,589.5735862,591.5602517,0.8139941526,0.8236050201
visual_neutral,820,10,24,0.5,469.323,470.5755,590.9623643,0.8190259483,589.9690316,591.9556971,0.8142205146,0.823831382
visual_neutral,821,10,24,0.75,469.566,470.54675,591.3578097,0.8192523102,590.364477,592.3511425,0.8144468765,0.8240577439
visual_neutral,822,10,24,1,469.809,470.518,591.7532551,0.8194786721,590.7599223,592.7465879,0.8146732384,0.8242841058
visual_neutral,823,10,25,0.2,470.0048,470.4446,592.0718897,0.8200565839,591.0785569,593.0652224,0.8152511502,0.8248620176
visual_neutral,824,10,25,0.4,470.2006,470.3712,592.3905243,0.8206344957,591.3971915,593.383857,0.815829062,0.8254399294
visual_neutral,825,10,25,0.6,470.3964,470.2978,592.7091589,0.8212124075,591.7158261,593.7024916,0.8164069738,0.8260178412
visual_neutral,826,10,25,0.8,470.5922,470.2244,593.0277935,0.8217903193,592.0344607,594.0211262,0.8169848856,0.8265957531
visual_neutral,827,10,25,1,470.788,470.151,593.3464281,0.8223682311,592.3530953,594.3397608,0.8175627974,0.8271736649
visual_neutral,828,10,26,0.015625,470.9602537,470.0580858,593.6267446,0.8230997871,592.6334118,594.6200773,0.8182943534,0.8279052209
visual_neutral,829,10,26,0.03125,471.1306104,469.957788,593.9039741,0.8238894777,592.9106414,594.8973069,0.819084044,0.8286949114
visual_neutral,830,10,26,0.046875,471.2990731,469.850305,594.1781215,0.8247357406,593.1847887,595.1714542,0.8199303069,0.8295411743
visual_neutral,831,10,26,0.0625,471.4656448,469.7358352,594.4491914,0.8256370136,593.4558587,595.4425242,0.8208315799,0.8304424473
visual_neutral,832,10,26,0.078125,471.6303284,469.6145771,594.7171888,0.8265917345,593.723856,595.7105215,0.8217863007,0.8313971682
visual_neutral,833,10,26,0.09375,471.7931268,469.486729,594.9821184,0.827598341,593.9887856,595.9754511,0.8227929073,0.8324037747
visual_neutral,834,10,26,0.109375,471.9540431,469.3524894,595.243985,0.8286552709,594.2506523,596.2373178,0.8238498372,0.8334607047
visual_neutral,835,10,26,0.125,472.1130801,469.2120566,595.5027935,0.829760962,594.5094607,596.4961262,0.8249555283,0.8345663958
visual_neutral,836,10,26,0.140625,472.2702408,469.0656292,595.7585486,0.8309138521,594.7652158,596.7518813,0.8261084183,0.8357192858
visual_neutral,837,10,26,0.15625,472.4255282,468.9134055,596.0112551,0.8321123788,595.0179223,597.0045879,0.8273069451,0.8369178125
visual_neutral,838,10,26,0.171875,472.5789453,468.755584,596.2609179,0.83335498,595.2675851,597.2542507,0.8285495463,0.8381604137
visual_neutral,839,10,26,0.1875,472.7304949,468.592363,596.5075417,0.8346400934,595.514209,597.5008745,0.8298346597,0.8394455272
visual_neutral,840,10,26,0.203125,472.88018,468.423941,596.7511314,0.8359661569,595.7577987,597.7444642,0.8311607232,0.8407715906
visual_neutral,841,10,26,0.21875,473.0280036,468.2505164,596.9916918,0.8373316081,595.998359,597.9850245,0.8325261744,0.8421370419
visual_neutral,842,10,26,0.234375,473.1739687,468.0722877,597.2292276,0.8387348849,596.2358949,598.2225604,0.8339294512,0.8435403186
visual_neutral,843,10,26,0.25,473.3180781,467.8894531,597.4637437,0.840174425,596.470411,598.4570765,0.8353689912,0.8449798587
visual_neutral,844,10,26,0.265625,473.4603349,467.7022112,597.6952449,0.8416486661,596.7019121,598.6885777,0.8368432324,0.8464540999
visual_neutral,845,10,26,0.28125,473.600742,467.5107604,597.923736,0.8431560461,596.9304032,598.9170687,0.8383506124,0.8479614798
visual_neutral,846,10,26,0.296875,473.7393023,467.3152991,598.1492217,0.8446950027,597.1558889,599.1425545,0.839889569,0.8495004364
visual_neutral,847,10,26,0.3125,473.8760188,467.1160256,598.3717069,0.8462639737,597.3783742,599.3650397,0.8414585399,0.8510694074
visual_neutral,848,10,26,0.328125,474.0108945,466.9131385,598.5911965,0.8478613968,597.5978637,599.5845292,0.843055963,0.8526668305
visual_neutral,849,10,26,0.34375,474.1439322,466.7068362,598.8076951,0.8494857098,597.8143623,599.8010279,0.8446802761,0.8542911435
visual_neutral,850,10,26,0.359375,474.275135,466.4973169,599.0212076,0.8511353505,598.0278749,600.0145404,0.8463299167,0.8559407842
visual_neutral,851,10,26,0.375,474.4045059,466.2847793,599.2317389,0.8528087566,598.2384061,600.2250717,0.8480033229,0.8576141904
visual_neutral,852,10,26,0.3828125,474.4685052,466.1774406,599.335888,0.8536538835,598.3425553,600.3292208,0.8488484498,0.8584593173
visual_neutral,853,10,26,0.390625,474.5320476,466.0694216,599.4392937,0.854504366,598.4459609,600.4326264,0.8496989322,0.8593097997
visual_neutral,854,10,26,0.3984375,474.5951336,465.9607473,599.5419564,0.8553600086,598.5486236,600.5352891,0.8505545749,0.8601654424
visual_neutral,855,10,26,0.40625,474.6577633,465.8514424,599.6438768,0.8562206163,598.650544,600.6372095,0.8514151825,0.86102605
visual_neutral,856,10,26,0.4140625,474.7199373,465.7415317,599.7450554,0.8570859936,598.7517227,600.7383882,0.8522805599,0.8618914273
visual_neutral,857,10,26,0.421875,474.7816559,465.63104,599.845493,0.8579559453,598.8521602,600.8388257,0.8531505116,0.8627613791
visual_neutral,858,10,26,0.4296875,474.8429194,465.5199921,599.94519,0.8588302762,598.9518572,600.9385228,0.8540248425,0.8636357099
visual_neutral,859,10,26,0.4375,474.9037283,465.4084128,600.0441471,0.8597087909,599.0508144,601.0374799,0.8549033572,0.8645142246
visual_neutral,860,10,26,0.4453125,474.9640828,465.296327,600.1423649,0.8605912942,599.1490322,601.1356977,0.8557858604,0.8653967279
visual_neutral,861,10,26,0.453125,475.0239834,465.1837593,600.239844,0.8614775907,599.2465112,601.2331768,0.856672157,0.8662830245
visual_neutral,862,10,26,0.4609375,475.0834305,465.0707347,600.336585,0.8623674853,599.3432522,601.3299177,0.8575620516,0.8671729191
visual_neutral,863,10,26,0.46875,475.1424243,464.9572779,600.4325884,0.8632607826,599.4392557,601.4259212,0.8584553489,0.8680662164
visual_neutral,864,10,26,0.4765625,475.2009653,464.8434138,600.527855,0.8641572874,599.5345222,601.5211877,0.8593518537,0.8689627211
visual_neutral,865,10,26,0.484375,475.2590538,464.729167,600.6223852,0.8650568043,599.6290524,601.6157179,0.8602513706,0.8698622381
visual_neutral,866,10,26,0.4921875,475.3166903,464.6145625,600.7161797,0.8659591382,599.7228469,601.7095125,0.8611537044,0.8707645719
visual_neutral,867,10,26,0.5,475.373875,464.499625,600.8092391,0.8668640936,599.8159063,601.8025719,0.8620586599,0.8716695273
visual_neutral,868,10,26,0.5078125,475.4306084,464.3843793,600.901564,0.8677714754,599.9082312,601.8948967,0.8629660417,0.8725769091
visual_neutral,869,10,26,0.515625,475.4868908,464.2688503,600.993155,0.8686810882,599.9998222,601.9864877,0.8638756545,0.873486522
visual_neutral,870,10,26,0.5234375,475.5427225,464.1530628,601.0840126,0.8695927368,600.0906799,602.0773454,0.8647873031,0.8743981706
visual_neutral,871,10,26,0.53125,475.598104,464.0370414,601.1741376,0.870506226,600.1808048,602.1674704,0.8657007922,0.8753116597
visual_neutral,872,10,26,0.5390625,475.6530357,463.9208111,601.2635305,0.8714213603,600.2701977,602.2568632,0.8666159266,0.876226794
visual_neutral,873,10,26,0.546875,475.7075178,463.8043967,601.3521918,0.8723379446,600.358859,602.3455246,0.8675325108,0.8771433783
visual_neutral,874,10,26,0.5546875,475.7615508,463.6878229,601.4401222,0.8732557835,600.4467895,602.433455,0.8684503498,0.8780612172
visual_neutral,875,10,26,0.5625,475.815135,463.5711145,601.5273224,0.8741746818,600.5339896,602.5206551,0.8693692481,0.8789801156
visual_neutral,876,10,26,0.5703125,475.8682708,463.4542964,601.6137928,0.8750944442,600.62046,602.6071255,0.8702890105,0.879899878
visual_neutral,877,10,26,0.578125,475.9209586,463.3373933,601.6995341,0.8760148755,600.7062013,602.6928669,0.8712094418,0.8808203092
visual_neutral,878,10,26,0.5859375,475.9731987,463.2204301,601.7845469,0.8769357803,600.7912142,602.7778797,0.8721303465,0.881741214
visual_neutral,879,10,26,0.59375,476.0249915,463.1034316,601.8688318,0.8778569633,600.8754991,602.8621646,0.8730515296,0.8826623971
visual_neutral,880,10,26,0.6015625,476.0763374,462.9864225,601.9523894,0.8787782294,600.9590567,602.9457222,0.8739727956,0.8835836631
visual_neutral,881,10,26,0.609375,476.1272368,462.8694277,602.0352203,0.8796993831,601.0418876,603.0285531,0.8748939494,0.8845048169
visual_neutral,882,10,26,0.6171875,476.1776899,462.752472,602.1173251,0.8806202293,601.1239924,603.1106579,0.8758147956,0.885425663
visual_neutral,883,10,26,0.625,476.2276973,462.6355801,602.1987044,0.8815405726,601.2053717,603.1920372,0.8767351389,0.8863460064
visual_neutral,884,10,26,0.6328125,476.2772591,462.5187769,602.2793588,0.8824602178,601.286026,603.2726916,0.8776547841,0.8872656515
visual_neutral,885,10,26,0.640625,476.3263759,462.4020871,602.3592889,0.8833789696,601.3659561,603.3526217,0.8785735359,0.8881844033
visual_neutral,886,10,26,0.6484375,476.375048,462.2855356,602.4384953,0.8842966327,601.4451625,603.431828,0.879491199,0.8891020664
visual_neutral,887,10,26,0.65625,476.4232758,462.1691472,602.5169786,0.8852130118,601.5236458,603.5103113,0.8804075781,0.8900184456
visual_neutral,888,10,26,0.6640625,476.4710596,462.0529467,602.5947394,0.8861279117,601.6014066,603.5880721,0.881322478,0.8909333454
visual_neutral,889,10,26,0.671875,476.5183997,461.9369589,602.6717783,0.8870411371,601.6784455,603.665111,0.8822357033,0.8918465708
visual_neutral,890,10,26,0.6875,476.6117507,461.7057205,602.8236928,0.8888617831,601.83036,603.8170255,0.8840563493,0.8936672168
visual_neutral,891,10,26,0.703125,476.7033317,461.4756304,602.9727269,0.8906733876,601.9793941,603.9660596,0.8858679539,0.8954788214
visual_neutral,892,10,26,0.71875,476.7931457,461.2468871,603.1188854,0.8924743885,602.1255526,604.1122182,0.8876689548,0.8972798223
visual_neutral,893,10,26,0.734375,476.8811956,461.0196889,603.2621731,0.8942632235,602.2688404,604.2555059,0.8894577897,0.8990686572
visual_neutral,894,10,26,0.75,476.9674844,460.7942344,603.4025949,0.8960383303,602.4092622,604.3959277,0.8912328965,0.900843764
visual_neutral,895,10,26,0.765625,477.052015,460.5707219,603.5401555,0.8977981467,602.5468228,604.5334883,0.892992713,0.9026035804
visual_neutral,896,10,26,0.78125,477.1347903,460.3493498,603.6748598,0.8995411105,602.681527,604.6681925,0.8947356768,0.9043465442
visual_neutral,897,10,26,0.796875,477.2158134,460.1303165,603.8067125,0.9012656595,602.8133797,604.8000452,0.8964602257,0.9060710932
visual_neutral,898,10,26,0.8125,477.2950872,459.9138206,603.9357184,0.9029702313,602.9423857,604.9290512,0.8981647976,0.907775665
visual_neutral,899,10,26,0.828125,477.3726146,459.7000603,604.0618824,0.9046532639,603.0685496,605.0552152,0.8998478301,0.9094586976
visual_neutral,900,10,26,0.84375,477.4483985,459.4892341,604.1852093,0.9063131949,603.1918765,605.178542,0.9015077611,0.9111186286
visual_neutral,901,10,26,0.859375,477.522442,459.2815404,604.3057038,0.9079484621,603.312371,605.2990365,0.9031430283,0.9127538958
visual_neutral,902,10,26,0.875,477.594748,459.0771777,604.4233707,0.9095575033,603.430038,605.4167035,0.9047520695,0.914362937
visual_neutral,903,10,26,0.890625,477.6653195,458.8763444,604.538215,0.9111387562,603.5448822,605.5315477,0.9063333225,0.9159441899
visual_neutral,904,10,26,0.90625,477.7341593,458.6792388,604.6502413,0.9126906587,603.6569085,605.6435741,0.9078852249,0.9174960924
visual_neutral,905,10,26,0.921875,477.8012705,458.4860594,604.7594545,0.9142116484,603.7661218,605.7527873,0.9094062147,0.9190170821
visual_neutral,906,10,26,0.9375,477.866656,458.2970046,604.8658594,0.9157001632,603.8725266,605.8591922,0.9108947295,0.9205055969
visual_neutral,907,10,26,0.953125,477.9303187,458.1122729,604.9694608,0.9171546408,603.976128,605.9627935,0.9123492071,0.9219600745
visual_neutral,908,10,26,0.96875,477.9922617,457.9320626,605.0702635,0.918573519,604.0769307,606.0635962,0.9137680853,0.9233789527
visual_neutral,909,10,26,0.984375,478.0524878,457.7565722,605.1682722,0.9199552355,604.1749395,606.161605,0.9151498018,0.9247606693
visual_neutral,910,10,26,1,478.111,457.586,605.2634919,0.9212982282,604.2701592,606.2568247,0.9164927945,0.9261036619
visual_neutral,911,10,27,0.06666666667,478.1863333,457.3498,605.3860854,0.9231579389,604.3927527,606.3794182,0.9183525052,0.9279633727
visual_neutral,912,10,27,0.1333333333,478.2616667,457.1136,605.5086789,0.9250176497,604.5153462,606.5020117,0.9202122159,0.9298230834
visual_neutral,913,10,27,0.2,478.337,456.8774,605.6312724,0.9268773604,604.6379396,606.6246052,0.9220719267,0.9316827941
visual_neutral,914,10,27,0.2666666667,478.4123333,456.6412,605.7538659,0.9287370711,604.7605331,606.7471987,0.9239316374,0.9335425049
visual_neutral,915,10,27,0.3333333333,478.4876667,456.405,605.8764594,0.9305967818,604.8831266,606.8697921,0.9257913481,0.9354022156
visual_neutral,916,10,27,0.4,478.563,456.1688,605.9990529,0.9324564926,605.0057201,606.9923856,0.9276510588,0.9372619263
visual_neutral,917,10,27,0.4666666667,478.6383333,455.9326,606.1216464,0.9343162033,605.1283136,607.1149791,0.9295107696,0.939121637
visual_neutral,918,10,27,0.5333333333,478.7136667,455.6964,606.2442399,0.936175914,605.2509071,607.2375726,0.9313704803,0.9409813478
visual_neutral,919,10,27,0.6,478.789,455.4602,606.3668334,0.9380356248,605.3735006,607.3601661,0.933230191,0.9428410585
visual_neutral,920,10,27,0.6666666667,478.8643333,455.224,606.4894269,0.9398953355,605.4960941,607.4827596,0.9350899018,0.9447007692
visual_neutral,921,10,27,0.7333333333,478.9396667,454.9878,606.6120203,0.9417550462,605.6186876,607.6053531,0.9369496125,0.94656048
visual_neutral,922,10,27,0.8,479.015,454.7516,606.7346138,0.943614757,605.7412811,607.7279466,0.9388093232,0.9484201907
visual_neutral,923,10,27,0.8666666667,479.0903333,454.5154,606.8572073,0.9454744677,605.8638746,607.8505401,0.9406690339,0.9502799014
visual_neutral,924,10,27,0.9333333333,479.1656667,454.2792,606.9798008,0.9473341784,605.9864681,607.9731336,0.9425287447,0.9521396121
visual_neutral,925,10,27,1,479.241,454.043,607.1023943,0.9491938891,606.1090616,608.0957271,0.9443884554,0.9539993229
visual_neutral,926,10,28,0.05882352941,479.3091765,453.8121765,607.2133411,0.9510112685,606.2200083,608.2066739,0.9462058347,0.9558167022
visual_neutral,927,10,28,0.1176470588,479.3773529,453.5813529,607.3242879,0.9528286478,606.3309551,608.3176207,0.948023214,0.9576340815
visual_neutral,928,10,28,0.1764705882,479.4455294,453.3505294,607.4352347,0.9546460271,606.4419019,608.4285674,0.9498405933,0.9594514608
visual_neutral,929,10,28,0.2352941176,479.5137059,453.1197059,607.5461815,0.9564634064,606.5528487,608.5395142,0.9516579727,0.9612688401
visual_neutral,930,10,28,0.2941176471,479.5818824,452.8888824,607.6571283,0.9582807857,606.6637955,608.650461,0.953475352,0.9630862194
visual_neutral,931,10,28,0.3529411765,479.6500588,452.6580588,607.7680751,0.960098165,606.7747423,608.7614078,0.9552927313,0.9649035988
visual_neutral,932,10,28,0.4117647059,479.7182353,452.4272353,607.8790219,0.9619155443,606.8856891,608.8723546,0.9571101106,0.9667209781
visual_neutral,933,10,28,0.4705882353,479.7864118,452.1964118,607.9899686,0.9637329237,606.9966359,608.9833014,0.9589274899,0.9685383574
visual_neutral,934,10,28,0.5294117647,479.8545882,451.9655882,608.1009154,0.965550303,607.1075827,609.0942482,0.9607448692,0.9703557367
visual_neutral,935,10,28,0.5882352941,479.9227647,451.7347647,608.2118622,0.9673676823,607.2185295,609.205195,0.9625622486,0.972173116
visual_neutral,936,10,28,0.6470588235,479.9909412,451.5039412,608.322809,0.9691850616,607.3294763,609.3161418,0.9643796279,0.9739904953
visual_neutral,937,10,28,0.7058823529,480.0591176,451.2731176,608.4337558,0.9710024409,607.4404231,609.4270886,0.9661970072,0.9758078747
visual_neutral,938,10,28,0.7647058824,480.1272941,451.0422941,608.5447026,0.9728198202,607.5513698,609.5380354,0.9680143865,0.977625254
visual_neutral,939,10,28,0.8235294118,480.1954706,450.8114706,608.6556494,0.9746371995,607.6623166,609.6489822,0.9698317658,0.9794426333
visual_neutral,940,10,28,0.8823529412,480.2636471,450.5806471,608.7665962,0.9764545789,607.7732634,609.7599289,0.9716491451,0.9812600126
visual_neutral,941,10,28,0.9411764706,480.3318235,450.3498235,608.877543,0.9782719582,607.8842102,609.8708757,0.9734665244,0.9830773919
visual_neutral,942,10,28,1,480.4,450.119,608.9884898,0.9800893375,607.995157,609.9818225,0.9752839038,0.9848947712
visual_neutral,943,10,29,0.00390625,480.4415062,449.9751154,609.0560348,0.9812222068,608.062702,610.0493675,0.976416773,0.9860276405
visual_neutral,944,10,29,0.0078125,480.4829627,449.831204,609.1234989,0.982355287,608.1301662,610.1168317,0.9775498532,0.9871607207
visual_neutral,945,10,29,0.01171875,480.5243703,449.6872662,609.1908834,0.9834885757,608.1975506,610.1842161,0.978683142,0.9882940094
visual_neutral,946,10,29,0.015625,480.5657295,449.5433021,609.2581893,0.9846220705,608.2648565,610.251522,0.9798166368,0.9894275042
visual_neutral,947,10,29,0.01953125,480.6070412,449.3993122,609.3254178,0.985755769,608.332085,610.3187505,0.9809503353,0.9905612027
visual_neutral,948,10,29,0.0234375,480.648306,449.2552967,609.3925699,0.9868896687,608.3992371,610.3859027,0.982084235,0.9916951025
visual_neutral,949,10,29,0.02734375,480.6895246,449.111256,609.4596469,0.9880237673,608.4663141,610.4529796,0.9832183336,0.992829201
visual_neutral,950,10,29,0.03125,480.7306977,448.9671903,609.5266498,0.9891580622,608.533317,610.5199825,0.9843526285,0.993963496
visual_neutral,951,10,29,0.03515625,480.7718259,448.8231,609.5935797,0.9902925512,608.6002469,610.5869125,0.9854871174,0.9950979849
visual_neutral,952,10,29,0.0390625,480.8129101,448.6789854,609.6604378,0.9914272316,608.6671051,610.6537706,0.9866217979,0.9962326654
visual_neutral,953,10,29,0.04296875,480.8539508,448.5348467,609.7272253,0.9925621012,608.7338925,610.7205581,0.9877566675,0.997367535
visual_neutral,954,10,29,0.046875,480.8949487,448.3906844,609.7939432,0.9936971575,608.8006104,610.7872759,0.9888917238,0.9985025913
visual_neutral,955,10,29,0.05078125,480.9359046,448.2464986,609.8605926,0.9948323981,608.8672599,610.8539254,0.9900269644,0.9996378318
visual_neutral,956,10,29,0.0546875,480.9768191,448.1022897,609.9271748,0.9959678205,608.933842,610.9205075,0.9911623868,1.000773254
visual_neutral,957,10,29,0.05859375,481.017693,447.9580581,609.9936907,0.9971034224,609.000358,610.9870235,0.9922979887,1.001908856
visual_neutral,958,10,29,0.0625,481.0585269,447.813804,610.0601416,0.9982392012,609.0668089,611.0534744,0.9934337675,1.003044635
visual_neutral,959,10,29,0.06640625,481.0993214,447.6695276,610.1265286,0.9993751547,609.1331958,611.1198614,0.9945697209,1.004180588
visual_neutral,960,10,29,0.0703125,481.1400774,447.5252295,610.1928528,1.00051128,609.19952,611.1861855,0.9957058465,1.005316714
visual_neutral,961,10,29,0.07421875,481.1807955,447.3809097,610.2591152,1.001647576,609.2657825,611.252448,0.9968421418,1.006453009
visual_neutral,962,10,29,0.078125,481.2214764,447.2365688,610.3253171,1.002784038,609.3319844,611.3186499,0.9979786044,1.007589472
visual_neutral,963,10,29,0.08203125,481.2621208,447.0922068,610.3914596,1.003920666,609.3981269,611.3847924,0.9991152319,1.008726099
visual_neutral,964,10,29,0.0859375,481.3027293,446.9478243,610.4575438,1.005057456,609.464211,611.4508765,1.000252022,1.009862889
visual_neutral,965,10,29,0.08984375,481.3433027,446.8034214,610.5235708,1.006194406,609.530238,611.5169035,1.001388972,1.010999839
visual_neutral,966,10,29,0.09375,481.3838416,446.6589985,610.5895417,1.007331513,609.596209,611.5828745,1.002526079,1.012136947
visual_neutral,967,10,29,0.09765625,481.4243468,446.5145559,610.6554577,1.008468776,609.662125,611.6487905,1.003663342,1.01327421
visual_neutral,968,10,29,0.1015625,481.4648189,446.3700939,610.7213199,1.009606192,609.7279872,611.7146527,1.004800758,1.014411625
visual_neutral,969,10,29,0.10546875,481.5052587,446.2256128,610.7871294,1.010743757,609.7937967,611.7804622,1.005938324,1.015549191
visual_neutral,970,10,29,0.109375,481.5456668,446.0811129,610.8528874,1.011881471,609.8595547,611.8462202,1.007076037,1.016686905
visual_neutral,971,10,29,0.11328125,481.5860438,445.9365945,610.918595,1.01301933,609.9252622,611.9119277,1.008213897,1.017824764
visual_neutral,972,10,29,0.1171875,481.6263906,445.792058,610.9842532,1.014157333,609.9909204,611.9775859,1.009351899,1.018962766
visual_neutral,973,10,29,0.12109375,481.6667078,445.6475036,611.0498633,1.015295476,610.0565305,612.043196,1.010490042,1.020100909
visual_neutral,974,10,29,0.125,481.7069961,445.5029316,611.1154263,1.016433757,610.1220935,612.108759,1.011628323,1.021239191
visual_neutral,975,10,29,0.12890625,481.7472561,445.3583424,611.1809433,1.017572174,610.1876106,612.1742761,1.01276674,1.022377608
visual_neutral,976,10,29,0.1328125,481.7874887,445.2137363,611.2464156,1.018710724,610.2530829,612.2397484,1.01390529,1.023516158
visual_neutral,977,10,29,0.13671875,481.8276944,445.0691135,611.3118442,1.019849405,610.3185115,612.305177,1.015043972,1.024654839
visual_neutral,978,10,29,0.140625,481.8678739,444.9244744,611.3772303,1.020988215,610.3838976,612.3705631,1.016182781,1.025793649
visual_neutral,979,10,29,0.14453125,481.908028,444.7798193,611.4425749,1.022127151,610.4492422,612.4359077,1.017321717,1.026932585
visual_neutral,980,10,29,0.1484375,481.9481573,444.6351485,611.5078793,1.023266211,610.5145465,612.501212,1.018460777,1.028071644
visual_neutral,981,10,29,0.15234375,481.9882626,444.4904623,611.5731445,1.024405391,610.5798117,612.5664772,1.019599958,1.029210825
visual_neutral,982,10,29,0.15625,482.0283444,444.345761,611.6383716,1.025544691,610.6450388,612.6317043,1.020739257,1.030350125
visual_neutral,983,10,29,0.16015625,482.0684036,444.2010449,611.7035618,1.026684107,610.710229,612.6968945,1.021878673,1.031489541
visual_neutral,984,10,29,0.1640625,482.1084408,444.0563144,611.7687162,1.027823637,610.7753834,612.7620489,1.023018203,1.032629071
visual_neutral,985,10,29,0.16796875,482.1484567,443.9115696,611.8338359,1.028963278,610.8405032,612.8271687,1.024157845,1.033768712
visual_neutral,986,10,29,0.171875,482.1884519,443.7668111,611.8989221,1.030103029,610.9055894,612.8922549,1.025297595,1.034908463
visual_neutral,987,10,29,0.17578125,482.2284273,443.6220389,611.9639759,1.031242886,610.9706431,612.9573086,1.026437453,1.03604832
visual_neutral,988,10,29,0.1796875,482.2683834,443.4772535,612.0289984,1.032382848,611.0356656,613.0223311,1.027577414,1.037188282
visual_neutral,989,10,29,0.18359375,482.308321,443.3324552,612.0939907,1.033522911,611.1006579,613.0873234,1.028717478,1.038328345
visual_neutral,990,10,29,0.1875,482.3482407,443.1876443,612.1589539,1.034663074,611.1656212,613.1522867,1.02985764,1.039468508
visual_neutral,991,10,29,0.19140625,482.3881433,443.042821,612.2238893,1.035803334,611.2305565,613.2172221,1.0309979,1.040608768
visual_neutral,992,10,29,0.1953125,482.4280294,442.8979858,612.2887979,1.036943688,611.2954651,613.2821306,1.032138255,1.041749122
visual_neutral,993,10,29,0.19921875,482.4678998,442.7531388,612.3536808,1.038084135,611.360348,613.3470135,1.033278701,1.042889569
visual_neutral,994,10,29,0.203125,482.507755,442.6082804,612.4185391,1.039224671,611.4252064,613.4118719,1.034419237,1.044030105
visual_neutral,995,10,29,0.20703125,482.5475959,442.4634109,612.4833741,1.040365295,611.4900413,613.4767068,1.035559861,1.045170729
visual_neutral,996,10,29,0.2109375,482.5874231,442.3185307,612.5481867,1.041506003,611.5548539,613.5415195,1.03670057,1.046311437
visual_neutral,997,10,29,0.21484375,482.6272373,442.17364,612.6129782,1.042646794,611.6196454,613.6063109,1.03784136,1.047452228
visual_neutral,998,10,29,0.21875,482.6670391,442.0287391,612.6777496,1.043787665,611.6844169,613.6710824,1.038982231,1.048593099
visual_neutral,999,10,29,0.22265625,482.7068294,441.8838284,612.7425022,1.044928614,611.7491694,613.7358349,1.04012318,1.049734047
visual_neutral,1000,10,29,0.2265625,482.7466087,441.7389081,612.8072369,1.046069637,611.8139042,613.8005697,1.041264204,1.050875071
visual_neutral,1001,10,29,0.23046875,482.7863777,441.5939786,612.871955,1.047210734,611.8786223,613.8652878,1.0424053,1.052016168
visual_neutral,1002,10,29,0.234375,482.8261373,441.4490401,612.9366576,1.048351901,611.9433248,613.9299903,1.043546467,1.053157334
visual_neutral,1003,10,29,0.23828125,482.8658879,441.304093,613.0013457,1.049493135,612.008013,613.9946785,1.044687702,1.054298569
visual_neutral,1004,10,29,0.2421875,482.9056305,441.1591376,613.0660206,1.050634436,612.0726878,614.0593533,1.045829002,1.055439869
visual_neutral,1005,10,29,0.24609375,482.9453655,441.0141742,613.1306833,1.051775799,612.1373505,614.1240161,1.046970365,1.056581233
visual_neutral,1006,10,29,0.25,482.9850938,440.8692031,613.195335,1.052917223,612.2020022,614.1886677,1.048111789,1.057722656
visual_neutral,1007,10,29,0.25390625,483.0248159,440.7242246,613.2599767,1.054058705,612.266644,614.2533095,1.049253271,1.058864139
visual_neutral,1008,10,29,0.2578125,483.0645327,440.579239,613.3246097,1.055200243,612.3312769,614.3179425,1.050394809,1.060005676
visual_neutral,1009,10,29,0.26171875,483.1042448,440.4342467,613.389235,1.056341834,612.3959023,614.3825678,1.0515364,1.061147268
visual_neutral,1010,10,29,0.265625,483.1439528,440.2892479,613.4538538,1.057483476,612.4605211,614.4471866,1.052678042,1.06228891
visual_neutral,1011,10,29,0.26953125,483.1836575,440.1442429,613.5184672,1.058625167,612.5251345,614.5118,1.053819733,1.0634306
visual_neutral,1012,10,29,0.2734375,483.2233596,439.999232,613.5830763,1.059766904,612.5897436,614.5764091,1.05496147,1.064572337
visual_neutral,1013,10,29,0.27734375,483.2630598,439.8542156,613.6476823,1.060908684,612.6543495,614.641015,1.05610325,1.065714118
visual_neutral,1014,10,29,0.28125,483.3027587,439.709194,613.7122862,1.062050506,612.7189534,614.7056189,1.057245072,1.066855939
visual_neutral,1015,10,29,0.28515625,483.3424571,439.5641674,613.7768892,1.063192366,612.7835565,614.770222,1.058386932,1.0679978
visual_neutral,1016,10,29,0.2890625,483.3821556,439.4191363,613.8414925,1.064334263,612.8481597,614.8348252,1.059528829,1.069139697
visual_neutral,1017,10,29,0.29296875,483.4218549,439.2741008,613.906097,1.065476194,612.9127643,614.8994298,1.06067076,1.070281627
visual_neutral,1018,10,29,0.296875,483.4615558,439.1290613,613.9707041,1.066618156,612.9773714,614.9640369,1.061812722,1.07142359
visual_neutral,1019,10,29,0.30078125,483.5012588,438.9840181,614.0353148,1.067760148,613.041982,615.0286475,1.062954714,1.072565581
visual_neutral,1020,10,29,0.3046875,483.5409648,438.8389715,614.0999302,1.068902166,613.1065974,615.0932629,1.064096732,1.073707599
visual_neutral,1021,10,29,0.30859375,483.5806743,438.6939218,614.1645514,1.070044208,613.1712186,615.1578842,1.065238774,1.074849642
visual_neutral,1022,10,29,0.3125,483.6203882,438.5488694,614.2291796,1.071186272,613.2358469,615.2225124,1.066380839,1.075991706
visual_neutral,1023,10,29,0.31640625,483.660107,438.4038145,614.2938159,1.072328356,613.3004832,615.2871487,1.067522922,1.07713379
visual_neutral,1024,10,29,0.3203125,483.6998315,438.2587574,614.3584615,1.073470457,613.3651287,615.3517942,1.068665023,1.078275891
visual_neutral,1025,10,29,0.32421875,483.7395623,438.1136985,614.4231174,1.074612572,613.4297846,615.4164501,1.069807138,1.079418006
visual_neutral,1026,10,29,0.328125,483.7793003,437.968638,614.4877847,1.0757547,613.494452,615.4811175,1.070949266,1.080560133
visual_neutral,1027,10,29,0.33203125,483.8190459,437.8235763,614.5524647,1.076896837,613.5591319,615.5457975,1.072091403,1.08170227
visual_neutral,1028,10,29,0.3359375,483.8588,437.6785137,614.6171584,1.078038981,613.6238257,615.6104912,1.073233547,1.082844415
visual_neutral,1029,10,29,0.33984375,483.8985632,437.5334505,614.681867,1.07918113,613.6885342,615.6751997,1.074375697,1.083986564
visual_neutral,1030,10,29,0.34375,483.9383362,437.3883869,614.7465915,1.080323282,613.7532588,615.7399243,1.075517848,1.085128716
visual_neutral,1031,10,29,0.34765625,483.9781198,437.2433234,614.8113332,1.081465434,613.8180004,615.8046659,1.07666,1.086270868
visual_neutral,1032,10,29,0.3515625,484.0179145,437.0982601,614.876093,1.082607583,613.8827603,615.8694258,1.077802149,1.087413017
visual_neutral,1033,10,29,0.35546875,484.0577212,436.9531975,614.9408723,1.083749728,613.9475395,615.934205,1.078944294,1.088555161
visual_neutral,1034,10,29,0.359375,484.0975404,436.8081358,615.005672,1.084891865,614.0123392,615.9990047,1.080086431,1.089697299
visual_neutral,1035,10,29,0.36328125,484.1373729,436.6630753,615.0704933,1.086033993,614.0771605,616.0638261,1.081228559,1.090839426
visual_neutral,1036,10,29,0.3671875,484.1772194,436.5180164,615.1353374,1.087176108,614.1420046,616.1286701,1.082370674,1.091981542
visual_neutral,1037,10,29,0.37109375,484.2170805,436.3729592,615.2002053,1.088318209,614.2068725,616.193538,1.083512775,1.093123643
visual_neutral,1038,10,29,0.375,484.256957,436.2279043,615.2650982,1.089460293,614.2717654,616.2584309,1.084654859,1.094265727
visual_neutral,1039,10,29,0.37890625,484.2968496,436.0828518,615.3300172,1.090602358,614.3366844,616.3233499,1.085796924,1.095407792
visual_neutral,1040,10,29,0.3828125,484.3367588,435.9378021,615.3949634,1.091744401,614.4016307,616.3882962,1.086938967,1.096549834
visual_neutral,1041,10,29,0.38671875,484.3766855,435.7927554,615.459938,1.092886419,614.4666053,616.4532708,1.088080986,1.097691853
visual_neutral,1042,10,29,0.390625,484.4166304,435.6477122,615.5249421,1.094028411,614.5316094,616.5182749,1.089222978,1.098833845
visual_neutral,1043,10,29,0.39453125,484.456594,435.5026726,615.5899768,1.095170374,614.5966441,616.5833096,1.09036494,1.099975808
visual_neutral,1044,10,29,0.3984375,484.4965771,435.357637,615.6550433,1.096312306,614.6617105,616.648376,1.091506872,1.101117739
visual_neutral,1045,10,29,0.40234375,484.5365805,435.2126058,615.7201426,1.097454203,614.7268098,616.7134753,1.092648769,1.102259637
visual_neutral,1046,10,29,0.40625,484.5766047,435.0675791,615.7852759,1.098596064,614.7919431,616.7786086,1.093790631,1.103401498
visual_neutral,1047,10,29,0.41015625,484.6166505,434.9225574,615.8504443,1.099737887,614.8571115,616.8437771,1.094932453,1.10454332
visual_neutral,1048,10,29,0.4140625,484.6567185,434.7775409,615.9156489,1.100879668,614.9223162,616.9089817,1.096074234,1.105685102
visual_neutral,1049,10,29,0.41796875,484.6968096,434.63253,615.980891,1.102021406,614.9875582,616.9742237,1.097215972,1.106826839
visual_neutral,1050,10,29,0.421875,484.7369242,434.4875249,616.0461715,1.103163097,615.0528387,617.0395042,1.098357663,1.107968531
visual_neutral,1051,10,29,0.42578125,484.7770633,434.3425259,616.1114916,1.10430474,615.1181588,617.1048244,1.099499306,1.109110174
visual_neutral,1052,10,29,0.4296875,484.8172273,434.1975334,616.1768525,1.105446332,615.1835197,617.1701852,1.100640899,1.110251766
visual_neutral,1053,10,29,0.43359375,484.8574171,434.0525477,616.2422552,1.106587871,615.2489224,617.235588,1.101782438,1.111393305
visual_neutral,1054,10,29,0.4375,484.8976333,433.9075691,616.3077009,1.107729354,615.3143682,617.3010337,1.102923921,1.112534788
visual_neutral,1055,10,29,0.44140625,484.9378766,433.7625978,616.3731908,1.108870779,615.379858,617.3665235,1.104065346,1.113676213
visual_neutral,1056,10,29,0.4453125,484.9781477,433.6176343,616.4387259,1.110012144,615.4453931,617.4320586,1.10520671,1.114817578
visual_neutral,1057,10,29,0.44921875,485.0184473,433.4726787,616.5043073,1.111153445,615.5109746,617.4976401,1.106348011,1.115958879
visual_neutral,1058,10,29,0.453125,485.0587761,433.3277315,616.5699363,1.112294681,615.5766035,617.5632691,1.107489247,1.117100115
visual_neutral,1059,10,29,0.45703125,485.0991348,433.1827929,616.6356139,1.113435849,615.6422811,617.6289466,1.108630415,1.118241283
visual_neutral,1060,10,29,0.4609375,485.1395241,433.0378632,616.7013412,1.114576947,615.7080084,617.694674,1.109771513,1.119382381
visual_neutral,1061,10,29,0.46484375,485.1799446,432.8929427,616.7671194,1.115717972,615.7737866,617.7604522,1.110912538,1.120523406
visual_neutral,1062,10,29,0.46875,485.220397,432.7480318,616.8329496,1.116858922,615.8396168,617.8262824,1.112053488,1.121664356
visual_neutral,1063,10,29,0.47265625,485.2608821,432.6031308,616.8988329,1.117999794,615.9055002,617.8921657,1.113194361,1.122805228
visual_neutral,1064,10,29,0.4765625,485.3014006,432.4582399,616.9647705,1.119140587,615.9714377,617.9581033,1.114335153,1.123946021
visual_neutral,1065,10,29,0.48046875,485.341953,432.3133594,617.0307634,1.120281297,616.0374307,618.0240962,1.115475863,1.125086731
visual_neutral,1066,10,29,0.484375,485.3825402,432.1684898,617.0968129,1.121421922,616.1034801,618.0901456,1.116616488,1.126227356
visual_neutral,1067,10,29,0.48828125,485.4231628,432.0236312,617.16292,1.12256246,616.1695872,618.1562527,1.117757026,1.127367894
visual_neutral,1068,10,29,0.4921875,485.4638215,431.878784,617.2290858,1.123702908,616.235753,618.2224185,1.118897475,1.128508342
visual_neutral,1069,10,29,0.49609375,485.504517,431.7339485,617.2953115,1.124843264,616.3019787,618.2886442,1.120037831,1.129648698
visual_neutral,1070,10,29,0.5,485.54525,431.589125,617.3615982,1.125983526,616.3682654,618.3549309,1.121178092,1.13078896
visual_neutral,1071,10,29,0.50390625,485.5860212,431.4443138,617.427947,1.127123691,616.4346143,618.4212798,1.122318257,1.131929124
visual_neutral,1072,10,29,0.5078125,485.6268312,431.2995153,617.4943591,1.128263756,616.5010263,618.4876919,1.123458322,1.13306919
visual_neutral,1073,10,29,0.51171875,485.6676808,431.1547296,617.5608356,1.12940372,616.5675028,618.5541683,1.124598286,1.134209153
visual_neutral,1074,10,29,0.515625,485.7085706,431.0099573,617.6273775,1.130543579,616.6340448,618.6207103,1.125738145,1.135349013
visual_neutral,1075,10,29,0.51953125,485.7495014,430.8651984,617.6939861,1.131683331,616.7006534,618.6873189,1.126877898,1.136488765
visual_neutral,1076,10,29,0.5234375,485.7904738,430.7204534,617.7606625,1.132822975,616.7673297,618.7539952,1.128017541,1.137628409
visual_neutral,1077,10,29,0.52734375,485.8314886,430.5757226,617.8274077,1.133962507,616.834075,618.8207405,1.129157073,1.138767941
visual_neutral,1078,10,29,0.53125,485.8725463,430.4310063,617.894223,1.135101925,616.9008902,618.8875557,1.130296491,1.139907359
visual_neutral,1079,10,29,0.53515625,485.9136478,430.2863047,617.9611093,1.136241227,616.9677766,618.9544421,1.131435793,1.141046661
visual_neutral,1080,10,29,0.5390625,485.9547937,430.1416182,618.028068,1.13738041,617.0347352,619.0214007,1.132574976,1.142185844
visual_neutral,1081,10,29,0.54296875,485.9959847,429.9969471,618.0951,1.138519472,617.1017672,619.0884327,1.133714038,1.143324905
visual_neutral,1082,10,29,0.546875,486.0372214,429.8522917,618.1622065,1.13965841,617.1688737,619.1555393,1.134852976,1.144463844
visual_neutral,1083,10,29,0.55078125,486.0785046,429.7076523,618.2293887,1.140797222,617.2360559,619.2227214,1.135991788,1.145602656
visual_neutral,1084,10,29,0.5546875,486.1198351,429.5630292,618.2966476,1.141935906,617.3033148,619.2899803,1.137130472,1.146741339
visual_neutral,1085,10,29,0.55859375,486.1612133,429.4184228,618.3639844,1.143074458,617.3706516,619.3573172,1.138269025,1.147879892
visual_neutral,1086,10,29,0.5625,486.2026401,429.2738333,618.4314002,1.144212878,617.4380675,619.424733,1.139407444,1.149018312
visual_neutral,1087,10,29,0.56640625,486.2441162,429.129261,618.4988962,1.145351162,617.5055634,619.4922289,1.140545728,1.150156595
visual_neutral,1088,10,29,0.5703125,486.2856422,428.9847062,618.5664734,1.146489307,617.5731406,619.5598061,1.141683873,1.151294741
visual_neutral,1089,10,29,0.57421875,486.3272188,428.8401694,618.634133,1.147627312,617.6408002,619.6274657,1.142821878,1.152432746
visual_neutral,1090,10,29,0.578125,486.3688468,428.6956507,618.7018761,1.148765174,617.7085434,619.6952089,1.14395974,1.153570608
visual_neutral,1091,10,29,0.58203125,486.4105267,428.5511504,618.7697039,1.149902891,617.7763711,619.7630366,1.145097457,1.154708324
visual_neutral,1092,10,29,0.5859375,486.4522594,428.406669,618.8376174,1.151040459,617.8442846,619.8309501,1.146235025,1.155845893
visual_neutral,1093,10,29,0.58984375,486.4940454,428.2622066,618.9056178,1.152177878,617.912285,619.8989506,1.147372444,1.156983311
visual_neutral,1094,10,29,0.59375,486.5358856,428.1177636,618.9737062,1.153315143,617.9803735,619.967039,1.148509709,1.158120577
visual_neutral,1095,10,29,0.59765625,486.5777805,427.9733404,619.0418838,1.154452254,618.048551,620.0352166,1.14964682,1.159257687
visual_neutral,1096,10,29,0.6015625,486.6197309,427.8289371,619.1101516,1.155589207,618.1168189,620.1034844,1.150783773,1.16039464
visual_neutral,1097,10,29,0.60546875,486.6617374,427.6845542,619.1785109,1.156726,618.1851781,620.1718436,1.151920566,1.161531433
visual_neutral,1098,10,29,0.609375,486.7038008,427.5401919,619.2469626,1.15786263,618.2536299,620.2402954,1.153057196,1.162668064
visual_neutral,1099,10,29,0.61328125,486.7459217,427.3958505,619.315508,1.158999096,618.3221753,620.3088408,1.154193662,1.16380453
visual_neutral,1100,10,29,0.6171875,486.7881009,427.2515304,619.3841482,1.160135394,618.3908154,620.3774809,1.155329961,1.164940828
visual_neutral,1101,10,29,0.62109375,486.830339,427.1072318,619.4528842,1.161271523,618.4595515,620.446217,1.156466089,1.166076957
visual_neutral,1102,10,29,0.625,486.8726367,426.9629551,619.5217173,1.16240748,618.5283845,620.5150501,1.157602046,1.167212913
visual_neutral,1103,10,29,0.62890625,486.9149947,426.8187005,619.5906485,1.163543262,618.5973158,620.5839813,1.158737828,1.168348696
visual_neutral,1104,10,29,0.6328125,486.9574138,426.6744685,619.659679,1.164678867,618.6663463,620.6530118,1.159873433,1.169484301
visual_neutral,1105,10,29,0.63671875,486.9998945,426.5302592,619.7288099,1.165814293,618.7354772,620.7221427,1.161008859,1.170619726
visual_neutral,1106,10,29,0.640625,487.0424376,426.386073,619.7980423,1.166949537,618.8047096,620.7913751,1.162144103,1.17175497
visual_neutral,1107,10,29,0.64453125,487.0850438,426.2419102,619.8673774,1.168084596,618.8740446,620.8607101,1.163279163,1.17289003
visual_neutral,1108,10,29,0.6484375,487.1277138,426.0977711,619.9368162,1.16921947,618.9434835,620.930149,1.164414036,1.174024903
visual_neutral,1109,10,29,0.65234375,487.1704482,425.953656,620.00636,1.170354154,619.0130272,620.9996927,1.16554872,1.175159587
visual_neutral,1110,10,29,0.65625,487.2132477,425.8095652,620.0760097,1.171488646,619.082677,621.0693425,1.166683212,1.17629408
visual_neutral,1111,10,29,0.66015625,487.2561132,425.6654991,620.1457666,1.172622945,619.1524339,621.1390994,1.167817511,1.177428378
visual_neutral,1112,10,29,0.6640625,487.2990451,425.5214579,620.2156318,1.173757047,619.2222991,621.2089646,1.168951613,1.178562481
visual_neutral,1113,10,29,0.66796875,487.3420443,425.377442,620.2856064,1.17489095,619.2922736,621.2789392,1.170085517,1.179696384
visual_neutral,1114,10,29,0.671875,487.3851114,425.2334516,620.3556915,1.176024653,619.3623588,621.3490243,1.171219219,1.180830086
visual_neutral,1115,10,29,0.67578125,487.4282471,425.089487,620.4258883,1.177158151,619.4325555,621.419221,1.172352717,1.181963585
visual_neutral,1116,10,29,0.6796875,487.4714521,424.9455487,620.4961978,1.178291444,619.5028651,621.4895306,1.17348601,1.183096878
visual_neutral,1117,10,29,0.68359375,487.5147271,424.8016368,620.5666213,1.179424528,619.5732885,621.559954,1.174619094,1.184229962
visual_neutral,1118,10,29,0.6875,487.5580728,424.6577517,620.6371597,1.180557401,619.643827,621.6304925,1.175751967,1.185362835
visual_neutral,1119,10,29,0.69140625,487.6014898,424.5138937,620.7078144,1.181690061,619.7144816,621.7011471,1.176884627,1.186495495
visual_neutral,1120,10,29,0.6953125,487.6449789,424.3700631,620.7785863,1.182822505,619.7852535,621.7719191,1.178017071,1.187627939
visual_neutral,1121,10,29,0.69921875,487.6885408,424.2262602,620.8494766,1.183954731,619.8561439,621.8428094,1.179149297,1.188760165
visual_neutral,1122,10,29,0.703125,487.7321762,424.0824854,620.9204865,1.185086736,619.9271537,621.9138192,1.180281303,1.18989217
visual_neutral,1123,10,29,0.70703125,487.7758857,423.9387388,620.991617,1.186218519,619.9982842,621.9849497,1.181413085,1.191023953
visual_neutral,1124,10,29,0.7109375,487.81967,423.7950209,621.0628693,1.187350076,620.0695365,622.056202,1.182544642,1.192155509
visual_neutral,1125,10,29,0.71484375,487.8635298,423.6513319,621.1342445,1.188481405,620.1409117,622.1275772,1.183675971,1.193286838
visual_neutral,1126,10,29,0.71875,487.9074659,423.5076722,621.2057437,1.189612503,620.2124109,622.1990764,1.18480707,1.194417937
visual_neutral,1127,10,29,0.72265625,487.9514789,423.364042,621.2773681,1.19074337,620.2840353,622.2707008,1.185937936,1.195548803
visual_neutral,1128,10,29,0.7265625,487.9955694,423.2204418,621.3491188,1.191874,620.355786,622.3424515,1.187068567,1.196679434
visual_neutral,1129,10,29,0.73046875,488.0397383,423.0768716,621.4209968,1.193004394,620.4276641,622.4143296,1.18819896,1.197809827
visual_neutral,1130,10,29,0.734375,488.0839862,422.933332,621.4930035,1.194134547,620.4996707,622.4863362,1.189329113,1.198939981
visual_neutral,1131,10,29,0.73828125,488.1283137,422.7898231,621.5651398,1.195264458,620.571807,622.5584725,1.190459024,1.200069892
visual_neutral,1132,10,29,0.7421875,488.1727216,422.6463454,621.6374068,1.196394124,620.6440741,622.6307396,1.19158869,1.201199558
visual_neutral,1133,10,29,0.74609375,488.2172105,422.502899,621.7098058,1.197523543,620.716473,622.7031386,1.192718109,1.202328977
visual_neutral,1134,10,29,0.75,488.2617813,422.3594844,621.7823378,1.198652712,620.7890051,622.7756706,1.193847278,1.203458146
visual_neutral,1135,10,29,0.75390625,488.3064344,422.2161018,621.855004,1.199781629,620.8616713,622.8483368,1.194976195,1.204587063
visual_neutral,1136,10,29,0.7578125,488.3511707,422.0727515,621.9278055,1.200910291,620.9344727,622.9211382,1.196104858,1.205715725
visual_neutral,1137,10,29,0.76171875,488.3959908,421.9294338,622.0007434,1.202038697,621.0074106,622.9940761,1.197233263,1.206844131
visual_neutral,1138,10,29,0.765625,488.4408954,421.7861491,622.0738188,1.203166843,621.0804861,623.0671516,1.198361409,1.207972277
visual_neutral,1139,10,29,0.76953125,488.4858853,421.6428976,622.1470329,1.204294727,621.1537002,623.1403657,1.199489294,1.209100161
visual_neutral,1140,10,29,0.7734375,488.530961,421.4996797,622.2203868,1.205422347,621.227054,623.2137196,1.200616914,1.210227781
visual_neutral,1141,10,29,0.77734375,488.5761234,421.3564957,622.2938816,1.206549701,621.3005488,623.2872144,1.201744267,1.211355135
visual_neutral,1142,10,29,0.78125,488.621373,421.2133459,622.3675185,1.207676785,621.3741857,623.3608512,1.202871351,1.212482219
visual_neutral,1143,10,29,0.78515625,488.6667106,421.0702305,622.4412985,1.208803598,621.4479657,623.4346312,1.203998164,1.213609032
visual_neutral,1144,10,29,0.7890625,488.7121369,420.9271499,622.5152228,1.209930137,621.52189,623.5085555,1.205124703,1.214735571
visual_neutral,1145,10,29,0.79296875,488.7576525,420.7841044,622.5892925,1.211056399,621.5959597,623.5826253,1.206250966,1.215861833
visual_neutral,1146,10,29,0.796875,488.8032582,420.6410944,622.6635088,1.212182383,621.670176,623.6568415,1.207376949,1.216987817
visual_neutral,1147,10,29,0.80078125,488.8489546,420.49812,622.7378727,1.213308086,621.74454,623.7312055,1.208502652,1.218113519
visual_neutral,1148,10,29,0.8046875,488.8947424,420.3551817,622.8123855,1.214433505,621.8190527,623.8057182,1.209628071,1.219238938
visual_neutral,1149,10,29,0.80859375,488.9406224,420.2122797,622.8870481,1.215558638,621.8937154,623.8803809,1.210753204,1.220364071
visual_neutral,1150,10,29,0.8125,488.9865952,420.0694143,622.9618618,1.216683482,621.9685291,623.9551946,1.211878048,1.221488916
visual_neutral,1151,10,29,0.81640625,489.0326615,419.9265859,623.0368277,1.217808035,622.043495,624.0301605,1.213002602,1.222613469
visual_neutral,1152,10,29,0.8203125,489.078822,419.7837947,623.1119469,1.218932296,622.1186141,624.1052797,1.214126862,1.223737729
visual_neutral,1153,10,29,0.82421875,489.1250774,419.6410411,623.1872205,1.22005626,622.1938877,624.1805533,1.215250826,1.224861694
visual_neutral,1154,10,29,0.828125,489.1714284,419.4983254,623.2626497,1.221179926,622.2693169,624.2559824,1.216374493,1.22598536
visual_neutral,1155,10,29,0.83203125,489.2178757,419.3556479,623.3382355,1.222303292,622.3449027,624.3315682,1.217497858,1.227108726
visual_neutral,1156,10,29,0.8359375,489.2644199,419.2130088,623.4139791,1.223426354,622.4206464,624.4073119,1.218620921,1.228231788
visual_neutral,1157,10,29,0.83984375,489.3110618,419.0704085,623.4898817,1.224549112,622.4965489,624.4832144,1.219743678,1.229354545
visual_neutral,1158,10,29,0.84375,489.3578021,418.9278474,623.5659443,1.225671561,622.5726115,624.559277,1.220866127,1.230476995
visual_neutral,1159,10,29,0.84765625,489.4046413,418.7853256,623.6421681,1.2267937,622.6488353,624.6355008,1.221988266,1.231599134
visual_neutral,1160,10,29,0.8515625,489.4515804,418.6428436,623.7185542,1.227915526,622.7252214,624.7118869,1.223110092,1.23272096
visual_neutral,1161,10,29,0.85546875,489.4986198,418.5004016,623.7951037,1.229037037,622.8017709,624.7884364,1.224231604,1.233842471
visual_neutral,1162,10,29,0.859375,489.5457604,418.3579999,623.8718177,1.230158231,622.878485,624.8651505,1.225352797,1.234963665
visual_neutral,1163,10,29,0.86328125,489.5930028,418.2156389,623.9486975,1.231279104,622.9553647,624.9420302,1.226473671,1.236084538
visual_neutral,1164,10,29,0.8671875,489.6403476,418.0733188,624.025744,1.232399656,623.0324113,625.0190768,1.227594222,1.237205089
visual_neutral,1165,10,29,0.87109375,489.6877957,417.93104,624.1029585,1.233519882,623.1096258,625.0962913,1.228714448,1.238325316
visual_neutral,1166,10,29,0.875,489.7353477,417.7888027,624.1803421,1.234639781,623.1870093,625.1736748,1.229834347,1.239445215
visual_neutral,1167,10,29,0.87890625,489.7830042,417.6466074,624.2578958,1.23575935,623.264563,625.2512285,1.230953916,1.240564784
visual_neutral,1168,10,29,0.8828125,489.830766,417.5044542,624.3356208,1.236878587,623.3422881,625.3289536,1.232073154,1.241684021
visual_neutral,1169,10,29,0.88671875,489.8786337,417.3623434,624.4135183,1.23799749,623.4201855,625.406851,1.233192056,1.242802924
visual_neutral,1170,10,29,0.890625,489.9266081,417.2202755,624.4915893,1.239116056,623.4982565,625.4849221,1.234310622,1.24392149
visual_neutral,1171,10,29,0.89453125,489.9746899,417.0782507,624.569835,1.240234282,623.5765022,625.5631678,1.235428848,1.245039716
visual_neutral,1172,10,29,0.8984375,490.0228797,416.9362693,624.6482565,1.241352167,623.6549238,625.6415893,1.236546733,1.2461576
visual_neutral,1173,10,29,0.90234375,490.0711782,416.7943317,624.726855,1.242469707,623.7335222,625.7201877,1.237664273,1.247275141
visual_neutral,1174,10,29,0.90625,490.1195861,416.652438,624.8056315,1.243586901,623.8122987,625.7989642,1.238781467,1.248392334
visual_neutral,1175,10,29,0.91015625,490.1681042,416.5105887,624.8845872,1.244703745,623.8912544,625.8779199,1.239898311,1.249509179
visual_neutral,1176,10,29,0.9140625,490.216733,416.3687841,624.9637232,1.245820238,623.9703904,625.9570559,1.241014804,1.250625672
visual_neutral,1177,10,29,0.91796875,490.2654733,416.2270243,625.0430406,1.246936377,624.0497079,626.0363734,1.242130943,1.251741811
visual_neutral,1178,10,29,0.921875,490.3143258,416.0853099,625.1225406,1.24805216,624.1292079,626.1158734,1.243246726,1.252857594
visual_neutral,1179,10,29,0.92578125,490.3632912,415.943641,625.2022243,1.249167584,624.2088916,626.1955571,1.24436215,1.253973017
visual_neutral,1180,10,29,0.9296875,490.4123702,415.802018,625.2820928,1.250282646,624.2887601,626.2754256,1.245477213,1.25508808
visual_neutral,1181,10,29,0.93359375,490.4615634,415.6604412,625.3621473,1.251397345,624.3688145,626.35548,1.246591912,1.256202779
visual_neutral,1182,10,29,0.9375,490.5108716,415.5189109,625.4423888,1.252511679,624.449056,626.4357215,1.247706245,1.257317112
visual_neutral,1183,10,29,0.94140625,490.5602954,415.3774274,625.5228185,1.253625643,624.5294857,626.5161512,1.248820209,1.258431077
visual_neutral,1184,10,29,0.9453125,490.6098355,415.235991,625.6034375,1.254739237,624.6101048,626.5967703,1.249933803,1.25954467
visual_neutral,1185,10,29,0.94921875,490.6594927,415.094602,625.684247,1.255852457,624.6909142,626.6775797,1.251047023,1.260657891
visual_neutral,1186,10,29,0.953125,490.7092676,414.9532607,625.765248,1.256965302,624.7719152,626.7585808,1.252159868,1.261770735
visual_neutral,1187,10,29,0.95703125,490.7591609,414.8119674,625.8464417,1.258077768,624.853109,626.8397745,1.253272334,1.262883202
visual_neutral,1188,10,29,0.9609375,490.8091733,414.6707225,625.9278293,1.259189854,624.9344965,626.921162,1.25438442,1.263995287
visual_neutral,1189,10,29,0.96484375,490.8593055,414.5295263,626.0094117,1.260301556,625.016079,627.0027445,1.255496123,1.26510699
visual_neutral,1190,10,29,0.96875,490.9095582,414.388379,626.0911903,1.261412874,625.0978575,627.0845231,1.25660744,1.266218307
visual_neutral,1191,10,29,0.97265625,490.959932,414.247281,626.173166,1.262523803,625.1798333,627.1664988,1.257718369,1.267329237
visual_neutral,1192,10,29,0.9765625,491.0104277,414.1062325,626.2553401,1.263634342,625.2620074,627.2486729,1.258828908,1.268439776
visual_neutral,1193,10,29,0.98046875,491.061046,413.9652339,626.3377136,1.264744488,625.3443809,627.3310464,1.259939055,1.269549922
visual_neutral,1194,10,29,0.984375,491.1117875,413.8242855,626.4202877,1.26585424,625.426955,627.4136205,1.261048806,1.270659673
visual_neutral,1195,10,29,0.98828125,491.162653,413.6833876,626.5030635,1.266963593,625.5097307,627.4963963,1.26215816,1.271769027
visual_neutral,1196,10,29,0.9921875,491.2136431,413.5425405,626.5860421,1.268072547,625.5927094,627.5793749,1.263267113,1.272877981
visual_neutral,1197,10,29,0.99609375,491.2647586,413.4017446,626.6692247,1.269181098,625.6758919,627.6625574,1.264375664,1.273986532
visual_neutral,1198,10,29,1,491.316,413.261,626.7526123,1.270289245,625.7592795,627.7459451,1.265483811,1.275094678
visual_neutral,1199,10,30,0.05882352941,491.4091765,413.0292941,626.9042428,1.272113571,625.91091,627.8975755,1.267308137,1.276919005
visual_neutral,1200,10,30,0.1176470588,491.5023529,412.7975882,627.0558732,1.273937898,626.0625405,628.049206,1.269132464,1.278743331
visual_neutral,1201,10,30,0.1764705882,491.5955294,412.5658824,627.2075037,1.275762224,626.214171,628.2008365,1.27095679,1.280567658
visual_neutral,1202,10,30,0.2352941176,491.6887059,412.3341765,627.3591342,1.277586551,626.3658014,628.3524669,1.272781117,1.282391984
visual_neutral,1203,10,30,0.2941176471,491.7818824,412.1024706,627.5107647,1.279410877,626.5174319,628.5040974,1.274605443,1.284216311
visual_neutral,1204,10,30,0.3529411765,491.8750588,411.8707647,627.6623951,1.281235203,626.6690624,628.6557279,1.27642977,1.286040637
visual_neutral,1205,10,30,0.4117647059,491.9682353,411.6390588,627.8140256,1.28305953,626.8206928,628.8073584,1.278254096,1.287864964
visual_neutral,1206,10,30,0.4705882353,492.0614118,411.4073529,627.9656561,1.284883856,626.9723233,628.9589888,1.280078423,1.28968929
visual_neutral,1207,10,30,0.5294117647,492.1545882,411.1756471,628.1172866,1.286708183,627.1239538,629.1106193,1.281902749,1.291513617
visual_neutral,1208,10,30,0.5882352941,492.2477647,410.9439412,628.268917,1.288532509,627.2755843,629.2622498,1.283727076,1.293337943
visual_neutral,1209,10,30,0.6470588235,492.3409412,410.7122353,628.4205475,1.290356836,627.4272147,629.4138803,1.285551402,1.29516227
visual_neutral,1210,10,30,0.7058823529,492.4341176,410.4805294,628.572178,1.292181162,627.5788452,629.5655107,1.287375729,1.296986596
visual_neutral,1211,10,30,0.7647058824,492.5272941,410.2488235,628.7238084,1.294005489,627.7304757,629.7171412,1.289200055,1.298810923
visual_neutral,1212,10,30,0.8235294118,492.6204706,410.0171176,628.8754389,1.295829815,627.8821062,629.8687717,1.291024382,1.300635249
visual_neutral,1213,10,30,0.8823529412,492.7136471,409.7854118,629.0270694,1.297654142,628.0337366,630.0204021,1.292848708,1.302459576
visual_neutral,1214,10,30,0.9411764706,492.8068235,409.5537059,629.1786999,1.299478468,628.1853671,630.1720326,1.294673035,1.304283902
visual_neutral,1215,10,30,1,492.9,409.322,629.3303303,1.301302795,628.3369976,630.3236631,1.296497361,1.306108229
visual_neutral,1216,10,31,0.06666666667,493.0070667,409.0978667,629.504565,1.303067499,628.5112322,630.4978977,1.298262065,1.307872933
visual_neutral,1217,10,31,0.1333333333,493.1141333,408.8737333,629.6787996,1.304832203,628.6854669,630.6721324,1.30002677,1.309637637
visual_neutral,1218,10,31,0.2,493.2212,408.6496,629.8530343,1.306596908,628.8597015,630.846367,1.301791474,1.311402342
visual_neutral,1219,10,31,0.2666666667,493.3282667,408.4254667,630.0272689,1.308361612,629.0339362,631.0206017,1.303556178,1.313167046
visual_neutral,1220,10,31,0.3333333333,493.4353333,408.2013333,630.2015036,1.310126316,629.2081708,631.1948363,1.305320883,1.31493175
visual_neutral,1221,10,31,0.4,493.5424,407.9772,630.3757382,1.311891021,629.3824054,631.369071,1.307085587,1.316696455
visual_neutral,1222,10,31,0.4666666667,493.6494667,407.7530667,630.5499728,1.313655725,629.5566401,631.5433056,1.308850291,1.318461159
visual_neutral,1223,10,31,0.5333333333,493.7565333,407.5289333,630.7242075,1.31542043,629.7308747,631.7175403,1.310614996,1.320225863
visual_neutral,1224,10,31,0.6,493.8636,407.3048,630.8984421,1.317185134,629.9051094,631.8917749,1.3123797,1.321990568
visual_neutral,1225,10,31,0.6666666667,493.9706667,407.0806667,631.0726768,1.318949838,630.079344,632.0660095,1.314144404,1.323755272
visual_neutral,1226,10,31,0.7333333333,494.0777333,406.8565333,631.2469114,1.320714543,630.2535787,632.2402442,1.315909109,1.325519976
visual_neutral,1227,10,31,0.8,494.1848,406.6324,631.4211461,1.322479247,630.4278133,632.4144788,1.317673813,1.327284681
visual_neutral,1228,10,31,0.8666666667,494.2918667,406.4082667,631.5953807,1.324243951,630.602048,632.5887135,1.319438517,1.329049385
visual_neutral,1229,10,31,0.9333333333,494.3989333,406.1841333,631.7696154,1.326008656,630.7762826,632.7629481,1.321203222,1.330814089
visual_neutral,1230,10,31,1,494.506,405.96,631.94385,1.32777336,630.9505173,632.9371828,1.322967926,1.332578794
visual_neutral,1231,10,32,0.07692307692,494.6322308,405.7566923,632.1492713,1.329374094,631.1559385,633.1426041,1.324568661,1.334179528
visual_neutral,1232,10,32,0.1538461538,494.7584615,405.5533846,632.3546926,1.330974829,631.3613598,633.3480254,1.326169395,1.335780263
visual_neutral,1233,10,32,0.2307692308,494.8846923,405.3500769,632.5601139,1.332575563,631.5667811,633.5534467,1.32777013,1.337380997
visual_neutral,1234,10,32,0.3076923077,495.0109231,405.1467692,632.7655352,1.334176298,631.7722024,633.7588679,1.329370864,1.338981732
visual_neutral,1235,10,32,0.3846153846,495.1371538,404.9434615,632.9709565,1.335777033,631.9776237,633.9642892,1.330971599,1.340582466
visual_neutral,1236,10,32,0.4615384615,495.2633846,404.7401538,633.1763778,1.337377767,632.183045,634.1697105,1.332572333,1.342183201
visual_neutral,1237,10,32,0.5384615385,495.3896154,404.5368462,633.3817991,1.338978502,632.3884663,634.3751318,1.334173068,1.343783935
visual_neutral,1238,10,32,0.6153846154,495.5158462,404.3335385,633.5872204,1.340579236,632.5938876,634.5805531,1.335773802,1.34538467
visual_neutral,1239,10,32,0.6923076923,495.6420769,404.1302308,633.7926417,1.342179971,632.7993089,634.7859744,1.337374537,1.346985404
visual_neutral,1240,10,32,0.7692307692,495.7683077,403.9269231,633.998063,1.343780705,633.0047302,634.9913957,1.338975271,1.348586139
visual_neutral,1241,10,32,0.8461538462,495.8945385,403.7236154,634.2034842,1.34538144,633.2101515,635.196817,1.340576006,1.350186873
visual_neutral,1242,10,32,0.9230769231,496.0207692,403.5203077,634.4089055,1.346982174,633.4155728,635.4022383,1.342176741,1.351787608
visual_neutral,1243,10,32,1,496.147,403.317,634.6143268,1.348582909,633.6209941,635.6076596,1.343777475,1.353388343
visual_neutral,1244,10,33,0.1,496.3119,403.1385,634.8826764,1.349988321,633.8893436,635.8760092,1.345182887,1.354793755
visual_neutral,1245,10,33,0.2,496.4768,402.96,635.151026,1.351393733,634.1576932,636.1443587,1.346588299,1.356199167
visual_neutral,1246,10,33,0.3,496.6417,402.7815,635.4193755,1.352799145,634.4260428,636.4127083,1.347993712,1.357604579
visual_neutral,1247,10,33,0.4,496.8066,402.603,635.6877251,1.354204558,634.6943923,636.6810578,1.349399124,1.359009991
visual_neutral,1248,10,33,0.5,496.9715,402.4245,635.9560746,1.35560997,634.9627419,636.9494074,1.350804536,1.360415404
visual_neutral,1249,10,33,0.6,497.1364,402.246,636.2244242,1.357015382,635.2310914,637.217757,1.352209948,1.361820816
visual_neutral,1250,10,33,0.7,497.3013,402.0675,636.4927738,1.358420794,635.499441,637.4861065,1.353615361,1.363226228
visual_neutral,1251,10,33,0.8,497.4662,401.889,636.7611233,1.359826207,635.7677906,637.7544561,1.355020773,1.36463164
visual_neutral,1252,10,33,0.9,497.6311,401.7105,637.0294729,1.361231619,636.0361401,638.0228056,1.356426185,1.366037052
visual_neutral,1253,10,33,1,497.796,401.532,637.2978224,1.362637031,636.3044897,638.2911552,1.357831597,1.367442465
visual_neutral,1254,10,34,0.125,498.004,401.43475,637.6363107,1.363402725,636.6429779,638.6296434,1.358597291,1.368208158
visual_neutral,1255,10,34,0.25,498.212,401.3375,637.9747989,1.364168418,636.9814661,638.9681317,1.359362985,1.368973852
visual_neutral,1256,10,34,0.375,498.42,401.24025,638.3132871,1.364934112,637.3199544,639.3066199,1.360128679,1.369739546
visual_neutral,1257,10,34,0.5,498.628,401.143,638.6517754,1.365699806,637.6584426,639.6451081,1.360894372,1.37050524
visual_neutral,1258,10,34,0.625,498.836,401.04575,638.9902636,1.3664655,637.9969308,639.9835963,1.361660066,1.371270934
visual_neutral,1259,10,34,0.75,499.044,400.9485,639.3287518,1.367231194,638.335419,640.3220846,1.36242576,1.372036627
visual_neutral,1260,10,34,0.875,499.252,400.85125,639.66724,1.367996887,638.6739073,640.6605728,1.363191454,1.372802321
visual_neutral,1261,10,34,1,499.46,400.754,640.0057283,1.368762581,639.0123955,640.999061,1.363957147,1.373568015
visual_neutral,1262,10,35,0.1428571429,499.6975714,400.8002857,640.3923395,1.368398152,639.3990067,641.3856722,1.363592719,1.373203586
visual_neutral,1263,10,35,0.2857142857,499.9351429,400.8465714,640.7789507,1.368033724,639.7856179,641.7722834,1.36322829,1.372839158
visual_neutral,1264,10,35,0.4285714286,500.1727143,400.8928571,641.1655619,1.367669295,640.1722291,642.1588946,1.362863862,1.372474729
visual_neutral,1265,10,35,0.5714285714,500.4102857,400.9391429,641.5521731,1.367304867,640.5588403,642.5455059,1.362499433,1.3721103
visual_neutral,1266,10,35,0.7142857143,500.6478571,400.9854286,641.9387843,1.366940438,640.9454516,642.9321171,1.362135004,1.371745872
visual_neutral,1267,10,35,0.8571428571,500.8854286,401.0317143,642.3253955,1.366576009,641.3320628,643.3187283,1.361770576,1.371381443
visual_neutral,1268,10,35,1,501.123,401.078,642.7120067,1.366211581,641.718674,643.7053395,1.361406147,1.371017015
visual_neutral,1269,10,36,0.1111111111,501.3085556,401.2316667,643.0139701,1.365001693,642.0206373,644.0073028,1.360196259,1.369807127
visual_neutral,1270,10,36,0.2222222222,501.4941111,401.3853333,643.3159334,1.363791805,642.3226006,644.3092661,1.358986371,1.368597238
visual_neutral,1271,10,36,0.3333333333,501.6796667,401.539,643.6178967,1.362581917,642.6245639,644.6112295,1.357776483,1.36738735
visual_neutral,1272,10,36,0.4444444444,501.8652222,401.6926667,643.91986,1.361372029,642.9265273,644.9131928,1.356566595,1.366177462
visual_neutral,1273,10,36,0.5555555556,502.0507778,401.8463333,644.2218233,1.360162141,643.2284906,645.2151561,1.355356707,1.364967574
visual_neutral,1274,10,36,0.6666666667,502.2363333,402,644.5237867,1.358952253,643.5304539,645.5171194,1.354146819,1.363757686
visual_neutral,1275,10,36,0.7777777778,502.4218889,402.1536667,644.82575,1.357742365,643.8324172,645.8190827,1.352936931,1.362547798
visual_neutral,1276,10,36,0.8888888889,502.6074444,402.3073333,645.1277133,1.356532477,644.1343805,646.1210461,1.351727043,1.36133791
visual_neutral,1277,10,36,1,502.793,402.461,645.4296766,1.355322589,644.4363439,646.4230094,1.350517155,1.360128022
visual_neutral,1278,10,37,0.08333333333,502.9334167,402.6571667,645.6581833,1.353778079,644.6648505,646.6515161,1.348972645,1.358583512
visual_neutral,1279,10,37,0.1666666667,503.0738333,402.8533333,645.88669,1.352233569,644.8933572,646.8800227,1.347428135,1.357039002
visual_neutral,1280,10,37,0.25,503.21425,403.0495,646.1151967,1.350689059,645.1218639,647.1085294,1.345883625,1.355494492
visual_neutral,1281,10,37,0.3333333333,503.3546667,403.2456667,646.3437033,1.349144549,645.3503706,647.3370361,1.344339115,1.353949983
visual_neutral,1282,10,37,0.4166666667,503.4950833,403.4418333,646.57221,1.347600039,645.5788772,647.5655428,1.342794605,1.352405473
visual_neutral,1283,10,37,0.5,503.6355,403.638,646.8007167,1.346055529,645.8073839,647.7940494,1.341250095,1.350860963
visual_neutral,1284,10,37,0.5833333333,503.7759167,403.8341667,647.0292234,1.344511019,646.0358906,648.0225561,1.339705585,1.349316453
visual_neutral,1285,10,37,0.6666666667,503.9163333,404.0303333,647.25773,1.342966509,646.2643973,648.2510628,1.338161075,1.347771943
visual_neutral,1286,10,37,0.75,504.05675,404.2265,647.4862367,1.341421999,646.492904,648.4795695,1.336616565,1.346227433
visual_neutral,1287,10,37,0.8333333333,504.1971667,404.4226667,647.7147434,1.339877489,646.7214106,648.7080761,1.335072055,1.344682923
visual_neutral,1288,10,37,0.9166666667,504.3375833,404.6188333,647.9432501,1.338332979,646.9499173,648.9365828,1.333527545,1.343138413
visual_neutral,1289,10,37,1,504.478,404.815,648.1717567,1.336788469,647.178424,649.1650895,1.331983035,1.341593903
visual_neutral,1290,10,38,0.06666666667,504.5908,405.0296,648.3553215,1.335098825,647.3619887,649.3486543,1.330293391,1.339904259
visual_neutral,1291,10,38,0.1333333333,504.7036,405.2442,648.5388863,1.333409181,647.5455535,649.532219,1.328603747,1.338214615
visual_neutral,1292,10,38,0.2,504.8164,405.4588,648.722451,1.331719537,647.7291183,649.7157838,1.326914103,1.336524971
visual_neutral,1293,10,38,0.2666666667,504.9292,405.6734,648.9060158,1.330029893,647.9126831,649.8993486,1.325224459,1.334835327
visual_neutral,1294,10,38,0.3333333333,505.042,405.888,649.0895806,1.328340249,648.0962478,650.0829133,1.323534815,1.333145683
visual_neutral,1295,10,38,0.4,505.1548,406.1026,649.2731454,1.326650605,648.2798126,650.2664781,1.321845171,1.331456039
visual_neutral,1296,10,38,0.4666666667,505.2676,406.3172,649.4567101,1.324960961,648.4633774,650.4500429,1.320155527,1.329766394
visual_neutral,1297,10,38,0.5333333333,505.3804,406.5318,649.6402749,1.323271317,648.6469421,650.6336076,1.318465883,1.32807675
visual_neutral,1298,10,38,0.6,505.4932,406.7464,649.8238397,1.321581673,648.8305069,650.8171724,1.316776239,1.326387106
visual_neutral,1299,10,38,0.6666666667,505.606,406.961,650.0074044,1.319892029,649.0140717,651.0007372,1.315086595,1.324697462
visual_neutral,1300,10,38,0.7333333333,505.7188,407.1756,650.1909692,1.318202385,649.1976364,651.184302,1.313396951,1.323007818
visual_neutral,1301,10,38,0.8,505.8316,407.3902,650.374534,1.316512741,649.3812012,651.3678667,1.311707307,1.321318174
visual_neutral,1302,10,38,0.8666666667,505.9444,407.6048,650.5580987,1.314823097,649.564766,651.5514315,1.310017663,1.31962853
visual_neutral,1303,10,38,0.9333333333,506.0572,407.8194,650.7416635,1.313133452,649.7483307,651.7349963,1.308328019,1.317938886
visual_neutral,1304,10,38,1,506.17,408.034,650.9252283,1.311443808,649.9318955,651.918561,1.306638375,1.316249242
visual_neutral,1305,10,39,0.05555555556,506.2652222,408.2567778,651.0801879,1.309689777,650.0868551,652.0735207,1.304884343,1.314495211
visual_neutral,1306,10,39,0.1111111111,506.3604444,408.4795556,651.2351475,1.307935746,650.2418148,652.2284803,1.303130312,1.312741179
visual_neutral,1307,10,39,0.1666666667,506.4556667,408.7023333,651.3901071,1.306181714,650.3967744,652.3834399,1.30137628,1.310987148
visual_neutral,1308,10,39,0.2222222222,506.5508889,408.9251111,651.5450668,1.304427683,650.551734,652.5383995,1.299622249,1.309233116
visual_neutral,1309,10,39,0.2777777778,506.6461111,409.1478889,651.7000264,1.302673651,650.7066936,652.6933591,1.297868218,1.307479085
visual_neutral,1310,10,39,0.3333333333,506.7413333,409.3706667,651.854986,1.30091962,650.8616532,652.8483188,1.296114186,1.305725054
visual_neutral,1311,10,39,0.3888888889,506.8365556,409.5934444,652.0099456,1.299165588,651.0166129,653.0032784,1.294360155,1.303971022
visual_neutral,1312,10,39,0.4444444444,506.9317778,409.8162222,652.1649052,1.297411557,651.1715725,653.158238,1.292606123,1.302216991
visual_neutral,1313,10,39,0.5,507.027,410.039,652.3198649,1.295657526,651.3265321,653.3131976,1.290852092,1.300462959
visual_neutral,1314,10,39,0.5555555556,507.1222222,410.2617778,652.4748245,1.293903494,651.4814917,653.4681572,1.28909806,1.298708928
visual_neutral,1315,10,39,0.6111111111,507.2174444,410.4845556,652.6297841,1.292149463,651.6364513,653.6231169,1.287344029,1.296954896
visual_neutral,1316,10,39,0.6666666667,507.3126667,410.7073333,652.7847437,1.290395431,651.791411,653.7780765,1.285589998,1.295200865
visual_neutral,1317,10,39,0.7222222222,507.4078889,410.9301111,652.9397033,1.2886414,651.9463706,653.9330361,1.283835966,1.293446834
visual_neutral,1318,10,39,0.7777777778,507.5031111,411.1528889,653.094663,1.286887368,652.1013302,654.0879957,1.282081935,1.291692802
visual_neutral,1319,10,39,0.8333333333,507.5983333,411.3756667,653.2496226,1.285133337,652.2562898,654.2429553,1.280327903,1.289938771
visual_neutral,1320,10,39,0.8888888889,507.6935556,411.5984444,653.4045822,1.283379306,652.4112495,654.397915,1.278573872,1.288184739
visual_neutral,1321,10,39,0.9444444444,507.7887778,411.8212222,653.5595418,1.281625274,652.5662091,654.5528746,1.27681984,1.286430708
visual_neutral,1322,10,39,1,507.884,412.044,653.7145015,1.279871243,652.7211687,654.7078342,1.275065809,1.284676676
visual_neutral,1323,10,40,0.04761904762,507.9662857,412.2682381,653.8484089,1.278105714,652.8550761,654.8417416,1.27330028,1.282911147
visual_neutral,1324,10,40,0.09523809524,508.0485714,412.4924762,653.9823163,1.276340184,652.9889836,654.9756491,1.271534751,1.281145618
visual_neutral,1325,10,40,0.1428571429,508.1308571,412.7167143,654.1162237,1.274574655,653.122891,655.1095565,1.269769221,1.279380089
visual_neutral,1326,10,40,0.1904761905,508.2131429,412.9409524,654.2501312,1.272809126,653.2567984,655.2434639,1.268003692,1.27761456
visual_neutral,1327,10,40,0.2380952381,508.2954286,413.1651905,654.3840386,1.271043597,653.3907058,655.3773714,1.266238163,1.275849031
visual_neutral,1328,10,40,0.2857142857,508.3777143,413.3894286,654.517946,1.269278068,653.5246133,655.5112788,1.264472634,1.274083501
visual_neutral,1329,10,40,0.3333333333,508.46,413.6136667,654.6518535,1.267512538,653.6585207,655.6451862,1.262707105,1.272317972
visual_neutral,1330,10,40,0.380952381,508.5422857,413.8379048,654.7857609,1.265747009,653.7924281,655.7790937,1.260941576,1.270552443
visual_neutral,1331,10,40,0.4285714286,508.6245714,414.0621429,654.9196683,1.26398148,653.9263356,655.9130011,1.259176046,1.268786914
visual_neutral,1332,10,40,0.4761904762,508.7068571,414.286381,655.0535758,1.262215951,654.060243,656.0469085,1.257410517,1.267021385
visual_neutral,1333,10,40,0.5238095238,508.7891429,414.510619,655.1874832,1.260450422,654.1941504,656.1808159,1.255644988,1.265255855
visual_neutral,1334,10,40,0.5714285714,508.8714286,414.7348571,655.3213906,1.258684893,654.3280579,656.3147234,1.253879459,1.263490326
visual_neutral,1335,10,40,0.619047619,508.9537143,414.9590952,655.455298,1.256919363,654.4619653,656.4486308,1.25211393,1.261724797
visual_neutral,1336,10,40,0.6666666667,509.036,415.1833333,655.5892055,1.255153834,654.5958727,656.5825382,1.2503484,1.259959268
visual_neutral,1337,10,40,0.7142857143,509.1182857,415.4075714,655.7231129,1.253388305,654.7297802,656.7164457,1.248582871,1.258193739
visual_neutral,1338,10,40,0.7619047619,509.2005714,415.6318095,655.8570203,1.251622776,654.8636876,656.8503531,1.246817342,1.25642821
visual_neutral,1339,10,40,0.8095238095,509.2828571,415.8560476,655.9909278,1.249857247,654.997595,656.9842605,1.245051813,1.25466268
visual_neutral,1340,10,40,0.8571428571,509.3651429,416.0802857,656.1248352,1.248091718,655.1315024,657.118168,1.243286284,1.252897151
visual_neutral,1341,10,40,0.9047619048,509.4474286,416.3045238,656.2587426,1.246326188,655.2654099,657.2520754,1.241520755,1.251131622
visual_neutral,1342,10,40,0.9523809524,509.5297143,416.5287619,656.3926501,1.244560659,655.3993173,657.3859828,1.239755225,1.249366093
visual_neutral,1343,10,40,1,509.612,416.753,656.5265575,1.24279513,655.5332247,657.5198902,1.237989696,1.247600564
visual_neutral,1344,10,41,0.04347826087,509.6883913,416.9837391,656.6508727,1.240978415,655.6575399,657.6442054,1.236172981,1.245783849
visual_neutral,1345,10,41,0.08695652174,509.7647826,417.2144783,656.7751878,1.2391617,655.7818551,657.7685206,1.234356267,1.243967134
visual_neutral,1346,10,41,0.1304347826,509.8411739,417.4452174,656.899503,1.237344986,655.9061703,657.8928358,1.232539552,1.242150419
visual_neutral,1347,10,41,0.1739130435,509.9175652,417.6759565,657.0238182,1.235528271,656.0304854,658.017151,1.230722837,1.240333705
visual_neutral,1348,10,41,0.2173913043,509.9939565,417.9066957,657.1481334,1.233711556,656.1548006,658.1414661,1.228906122,1.23851699
visual_neutral,1349,10,41,0.2608695652,510.0703478,418.1374348,657.2724486,1.231894841,656.2791158,658.2657813,1.227089407,1.236700275
visual_neutral,1350,10,41,0.3043478261,510.1467391,418.3681739,657.3967637,1.230078126,656.403431,658.3900965,1.225272693,1.23488356
visual_neutral,1351,10,41,0.347826087,510.2231304,418.598913,657.5210789,1.228261412,656.5277462,658.5144117,1.223455978,1.233066845
visual_neutral,1352,10,41,0.3913043478,510.2995217,418.8296522,657.6453941,1.226444697,656.6520613,658.6387269,1.221639263,1.23125013
visual_neutral,1353,10,41,0.4347826087,510.375913,419.0603913,657.7697093,1.224627982,656.7763765,658.763042,1.219822548,1.229433416
visual_neutral,1354,10,41,0.4782608696,510.4523043,419.2911304,657.8940245,1.222811267,656.9006917,658.8873572,1.218005833,1.227616701
visual_neutral,1355,10,41,0.5217391304,510.5286957,419.5218696,658.0183396,1.220994552,657.0250069,659.0116724,1.216189119,1.225799986
visual_neutral,1356,10,41,0.5652173913,510.605087,419.7526087,658.1426548,1.219177838,657.1493221,659.1359876,1.214372404,1.223983271
visual_neutral,1357,10,41,0.6086956522,510.6814783,419.9833478,658.26697,1.217361123,657.2736372,659.2603028,1.212555689,1.222166556
visual_neutral,1358,10,41,0.652173913,510.7578696,420.214087,658.3912852,1.215544408,657.3979524,659.3846179,1.210738974,1.220349842
visual_neutral,1359,10,41,0.6956521739,510.8342609,420.4448261,658.5156004,1.213727693,657.5222676,659.5089331,1.208922259,1.218533127
visual_neutral,1360,10,41,0.7391304348,510.9106522,420.6755652,658.6399155,1.211910978,657.6465828,659.6332483,1.207105545,1.216716412
visual_neutral,1361,10,41,0.7826086957,510.9870435,420.9063043,658.7642307,1.210094264,657.770898,659.7575635,1.20528883,1.214899697
visual_neutral,1362,10,41,0.8260869565,511.0634348,421.1370435,658.8885459,1.208277549,657.8952131,659.8818786,1.203472115,1.213082982
visual_neutral,1363,10,41,0.8695652174,511.1398261,421.3677826,659.0128611,1.206460834,658.0195283,660.0061938,1.2016554,1.211266268
visual_neutral,1364,10,41,0.9130434783,511.2162174,421.5985217,659.1371762,1.204644119,658.1438435,660.130509,1.199838685,1.209449553
visual_neutral,1365,10,41,0.9565217391,511.2926087,421.8292609,659.2614914,1.202827404,658.2681587,660.2548242,1.198021971,1.207632838
visual_neutral,1366,10,41,1,511.369,422.06,659.3858066,1.20101069,658.3924738,660.3791394,1.196205256,1.205816123
visual_neutral,1367,10,42,0.04,511.44044,422.29328,659.5020643,1.199173969,658.5087315,660.495397,1.194368536,1.203979403
visual_neutral,1368,10,42,0.08,511.51188,422.52656,659.618322,1.197337249,658.6249892,660.6116547,1.192531815,1.202142683
visual_neutral,1369,10,42,0.12,511.58332,422.75984,659.7345797,1.195500529,658.7412469,660.7279124,1.190695095,1.200305963
visual_neutral,1370,10,42,0.16,511.65476,422.99312,659.8508373,1.193663809,658.8575046,660.8441701,1.188858375,1.198469242
visual_neutral,1371,10,42,0.2,511.7262,423.2264,659.967095,1.191827088,658.9737623,660.9604278,1.187021655,1.196632522
visual_neutral,1372,10,42,0.24,511.79764,423.45968,660.0833527,1.189990368,659.09002,661.0766855,1.185184934,1.194795802
visual_neutral,1373,10,42,0.28,511.86908,423.69296,660.1996104,1.188153648,659.2062777,661.1929432,1.183348214,1.192959082
visual_neutral,1374,10,42,0.32,511.94052,423.92624,660.3158681,1.186316928,659.3225353,661.3092009,1.181511494,1.191122361
visual_neutral,1375,10,42,0.36,512.01196,424.15952,660.4321258,1.184480207,659.438793,661.4254585,1.179674774,1.189285641
visual_neutral,1376,10,42,0.4,512.0834,424.3928,660.5483835,1.182643487,659.5550507,661.5417162,1.177838053,1.187448921
visual_neutral,1377,10,42,0.44,512.15484,424.62608,660.6646412,1.180806767,659.6713084,661.6579739,1.176001333,1.185612201
visual_neutral,1378,10,42,0.48,512.22628,424.85936,660.7808988,1.178970047,659.7875661,661.7742316,1.174164613,1.18377548
visual_neutral,1379,10,42,0.52,512.29772,425.09264,660.8971565,1.177133326,659.9038238,661.8904893,1.172327893,1.18193876
visual_neutral,1380,10,42,0.56,512.36916,425.32592,661.0134142,1.175296606,660.0200815,662.006747,1.170491173,1.18010204
visual_neutral,1381,10,42,0.6,512.4406,425.5592,661.1296719,1.173459886,660.1363392,662.1230047,1.168654452,1.17826532
visual_neutral,1382,10,42,0.64,512.51204,425.79248,661.2459296,1.171623166,660.2525968,662.2392624,1.166817732,1.1764286
visual_neutral,1383,10,42,0.68,512.58348,426.02576,661.3621873,1.169786446,660.3688545,662.35552,1.164981012,1.174591879
visual_neutral,1384,10,42,0.72,512.65492,426.25904,661.478445,1.167949725,660.4851122,662.4717777,1.163144292,1.172755159
visual_neutral,1385,10,42,0.76,512.72636,426.49232,661.5947027,1.166113005,660.6013699,662.5880354,1.161307571,1.170918439
visual_neutral,1386,10,42,0.8,512.7978,426.7256,661.7109603,1.164276285,660.7176276,662.7042931,1.159470851,1.169081719
visual_neutral,1387,10,42,0.84,512.86924,426.95888,661.827218,1.162439565,660.8338853,662.8205508,1.157634131,1.167244998
visual_neutral,1388,10,42,0.88,512.94068,427.19216,661.9434757,1.160602844,660.950143,662.9368085,1.155797411,1.165408278
visual_neutral,1389,10,42,0.92,513.01212,427.42544,662.0597334,1.158766124,661.0664006,663.0530662,1.15396069,1.163571558
visual_neutral,1390,10,42,0.96,513.08356,427.65872,662.1759911,1.156929404,661.1826583,663.1693239,1.15212397,1.161734838
visual_neutral,1391,10,42,1,513.155,427.892,662.2922488,1.155092684,661.298916,663.2855815,1.15028725,1.159898117
visual_neutral,1392,10,43,0.03703703704,513.2227037,428.1242593,662.4024262,1.153264,661.4090935,663.395759,1.148458566,1.158069434
visual_neutral,1393,10,43,0.07407407407,513.2904074,428.3565185,662.5126037,1.151435317,661.5192709,663.5059364,1.146629883,1.15624075
visual_neutral,1394,10,43,0.1111111111,513.3581111,428.5887778,662.6227811,1.149606633,661.6294483,663.6161138,1.1448012,1.154412067
visual_neutral,1395,10,43,0.1481481481,513.4258148,428.821037,662.7329585,1.14777795,661.7396258,663.7262913,1.142972516,1.152583384
visual_neutral,1396,10,43,0.1851851852,513.4935185,429.0532963,662.843136,1.145949266,661.8498032,663.8364687,1.141143833,1.1507547
visual_neutral,1397,10,43,0.2222222222,513.5612222,429.2855556,662.9533134,1.144120583,661.9599806,663.9466462,1.139315149,1.148926017
visual_neutral,1398,10,43,0.2592592593,513.6289259,429.5178148,663.0634908,1.142291899,662.0701581,664.0568236,1.137486466,1.147097333
visual_neutral,1399,10,43,0.2962962963,513.6966296,429.7500741,663.1736683,1.140463216,662.1803355,664.167001,1.135657782,1.14526865
visual_neutral,1400,10,43,0.3333333333,513.7643333,429.9823333,663.2838457,1.138634532,662.2905129,664.2771785,1.133829099,1.143439966
visual_neutral,1401,10,43,0.3703703704,513.832037,430.2145926,663.3940231,1.136805849,662.4006904,664.3873559,1.132000415,1.141611283
visual_neutral,1402,10,43,0.4074074074,513.8997407,430.4468519,663.5042006,1.134977166,662.5108678,664.4975333,1.130171732,1.139782599
visual_neutral,1403,10,43,0.4444444444,513.9674444,430.6791111,663.614378,1.133148482,662.6210453,664.6077108,1.128343048,1.137953916
visual_neutral,1404,10,43,0.4814814815,514.0351481,430.9113704,663.7245554,1.131319799,662.7312227,664.7178882,1.126514365,1.136125232
visual_neutral,1405,10,43,0.5185185185,514.1028519,431.1436296,663.8347329,1.129491115,662.8414001,664.8280656,1.124685681,1.134296549
visual_neutral,1406,10,43,0.5555555556,514.1705556,431.3758889,663.9449103,1.127662432,662.9515776,664.9382431,1.122856998,1.132467865
visual_neutral,1407,10,43,0.5925925926,514.2382593,431.6081481,664.0550878,1.125833748,663.061755,665.0484205,1.121028314,1.130639182
visual_neutral,1408,10,43,0.6296296296,514.305963,431.8404074,664.1652652,1.124005065,663.1719324,665.1585979,1.119199631,1.128810498
visual_neutral,1409,10,43,0.6666666667,514.3736667,432.0726667,664.2754426,1.122176381,663.2821099,665.2687754,1.117370947,1.126981815
visual_neutral,1410,10,43,0.7037037037,514.4413704,432.3049259,664.3856201,1.120347698,663.3922873,665.3789528,1.115542264,1.125153131
visual_neutral,1411,10,43,0.7407407407,514.5090741,432.5371852,664.4957975,1.118519014,663.5024647,665.4891303,1.113713581,1.123324448
visual_neutral,1412,10,43,0.7777777778,514.5767778,432.7694444,664.6059749,1.116690331,663.6126422,665.5993077,1.111884897,1.121495765
visual_neutral,1413,10,43,0.8148148148,514.6444815,433.0017037,664.7161524,1.114861647,663.7228196,665.7094851,1.110056214,1.119667081
visual_neutral,1414,10,43,0.8518518519,514.7121852,433.233963,664.8263298,1.113032964,663.832997,665.8196626,1.10822753,1.117838398
visual_neutral,1415,10,43,0.8888888889,514.7798889,433.4662222,664.9365072,1.11120428,663.9431745,665.92984,1.106398847,1.116009714
visual_neutral,1416,10,43,0.9259259259,514.8475926,433.6984815,665.0466847,1.109375597,664.0533519,666.0400174,1.104570163,1.114181031
visual_neutral,1417,10,43,0.962962963,514.9152963,433.9307407,665.1568621,1.107546913,664.1635294,666.1501949,1.10274148,1.112352347
visual_neutral,1418,10,43,1,514.983,434.163,665.2670395,1.10571823,664.2737068,666.2603723,1.100912796,1.110523664
visual_neutral,1419,10,44,0.00390625,515.0280915,434.3218653,665.340419,1.104467411,664.3470862,666.3337518,1.099661977,1.109272845
visual_neutral,1420,10,44,0.0078125,515.0732019,434.4807189,665.4138294,1.103216684,664.4204966,666.4071621,1.09841125,1.108022117
visual_neutral,1421,10,44,0.01171875,515.1183316,434.6395608,665.4872711,1.101966048,664.4939383,666.4806038,1.097160615,1.106771482
visual_neutral,1422,10,44,0.015625,515.1634808,434.798391,665.5607444,1.100715505,664.5674117,666.5540772,1.095910072,1.105520939
visual_neutral,1423,10,44,0.01953125,515.2086496,434.9572095,665.6342499,1.099465055,664.6409171,666.6275826,1.094659621,1.104270489
visual_neutral,1424,10,44,0.0234375,515.2538384,435.1160162,665.7077877,1.098214697,664.714455,666.7011205,1.093409263,1.103020131
visual_neutral,1425,10,44,0.02734375,515.2990474,435.2748111,665.7813584,1.096964432,664.7880257,666.7746912,1.092158998,1.101769866
visual_neutral,1426,10,44,0.03125,515.3442768,435.4335941,665.8549623,1.095714261,664.8616296,666.8482951,1.090908827,1.100519694
visual_neutral,1427,10,44,0.03515625,515.3895268,435.5923653,665.9285998,1.094464182,664.9352671,666.9219326,1.089658749,1.099269616
visual_neutral,1428,10,44,0.0390625,515.4347977,435.7511246,666.0022713,1.093214198,665.0089385,666.9956041,1.088408764,1.098019631
visual_neutral,1429,10,44,0.04296875,515.4800897,435.909872,666.0759771,1.091964307,665.0826444,667.0693099,1.087158873,1.096769741
visual_neutral,1430,10,44,0.046875,515.5254031,436.0686074,666.1497177,1.09071451,665.1563849,667.1430504,1.085909077,1.095519944
visual_neutral,1431,10,44,0.05078125,515.570738,436.2273309,666.2234933,1.089464808,665.2301606,667.2168261,1.084659374,1.094270242
visual_neutral,1432,10,44,0.0546875,515.6160947,436.3860423,666.2973045,1.0882152,665.3039717,667.2906372,1.083409767,1.093020634
visual_neutral,1433,10,44,0.05859375,515.6614735,436.5447416,666.3711515,1.086965688,665.3778187,667.3644842,1.082160254,1.091771121
visual_neutral,1434,10,44,0.0625,515.7068745,436.703429,666.4450347,1.08571627,665.451702,667.4383675,1.080910836,1.090521704
visual_neutral,1435,10,44,0.06640625,515.7522981,436.8621042,666.5189546,1.084466947,665.5256219,667.5122874,1.079661514,1.089272381
visual_neutral,1436,10,44,0.0703125,515.7977444,437.0207672,666.5929115,1.08321772,665.5995788,667.5862443,1.078412287,1.088023154
visual_neutral,1437,10,44,0.07421875,515.8432136,437.1794181,666.6669059,1.081968589,665.6735731,667.6602386,1.077163155,1.086774023
visual_neutral,1438,10,44,0.078125,515.8887061,437.3380569,666.7409379,1.080719554,665.7476052,667.7342707,1.07591412,1.085524988
visual_neutral,1439,10,44,0.08203125,515.9342221,437.4966834,666.8150082,1.079470615,665.8216754,667.8083409,1.074665181,1.084276048
visual_neutral,1440,10,44,0.0859375,515.9797617,437.6552976,666.8891169,1.078221772,665.8957842,667.8824497,1.073416338,1.083027206
visual_neutral,1441,10,44,0.08984375,516.0253252,437.8138996,666.9632646,1.076973026,665.9699319,667.9565974,1.072167593,1.08177846
visual_neutral,1442,10,44,0.09375,516.0709129,437.9724892,667.0374516,1.075724377,666.0441189,668.0307844,1.070918944,1.080529811
visual_neutral,1443,10,44,0.09765625,516.116525,438.1310665,667.1116783,1.074475825,666.1183455,668.105011,1.069670392,1.079281259
visual_neutral,1444,10,44,0.1015625,516.1621616,438.2896315,667.185945,1.073227371,666.1926122,668.1792777,1.068421937,1.078032805
visual_neutral,1445,10,44,0.10546875,516.2078232,438.448184,667.2602521,1.071979014,666.2669194,668.2535849,1.067173581,1.076784448
visual_neutral,1446,10,44,0.109375,516.2535098,438.6067242,667.3346001,1.070730755,666.3412674,668.3279329,1.065925322,1.075536189
visual_neutral,1447,10,44,0.11328125,516.2992217,438.7652518,667.4089893,1.069482594,666.4156565,668.4023221,1.064677161,1.074288028
visual_neutral,1448,10,44,0.1171875,516.3449592,438.923767,667.4834201,1.068234532,666.4900873,668.4767528,1.063429098,1.073039966
visual_neutral,1449,10,44,0.12109375,516.3907224,439.0822697,667.5578928,1.066986568,666.56456,668.5512255,1.062181134,1.071792002
visual_neutral,1450,10,44,0.125,516.4365117,439.2407598,667.6324078,1.065738703,666.6390751,668.6257406,1.060933269,1.070544137
visual_neutral,1451,10,44,0.12890625,516.4823273,439.3992373,667.7069656,1.064490937,666.7136329,668.7002984,1.059685503,1.06929637
visual_neutral,1452,10,44,0.1328125,516.5281693,439.5577022,667.7815665,1.06324327,666.7882337,668.7748993,1.058437836,1.068048703
visual_neutral,1453,10,44,0.13671875,516.574038,439.7161545,667.8562109,1.061995702,666.8628781,668.8495436,1.057190269,1.066801136
visual_neutral,1454,10,44,0.140625,516.6199337,439.8745941,667.9308991,1.060748235,666.9375663,668.9242319,1.055942801,1.065553668
visual_neutral,1455,10,44,0.14453125,516.6658566,440.0330211,668.0056316,1.059500867,667.0122988,668.9989643,1.054695433,1.064306301
visual_neutral,1456,10,44,0.1484375,516.7118069,440.1914353,668.0804087,1.058253599,667.0870759,669.0737414,1.053448166,1.063059033
visual_neutral,1457,10,44,0.15234375,516.7577849,440.3498367,668.1552308,1.057006432,667.161898,669.1485636,1.052200999,1.061811866
visual_neutral,1458,10,44,0.15625,516.8037907,440.5082254,668.2300983,1.055759366,667.2367655,669.223431,1.050953932,1.0605648
visual_neutral,1459,10,44,0.16015625,516.8498247,440.6666012,668.3050116,1.0545124,667.3116788,669.2983443,1.049706967,1.059317834
visual_neutral,1460,10,44,0.1640625,516.895887,440.8249642,668.379971,1.053265536,667.3866382,669.3733037,1.048460102,1.05807097
visual_neutral,1461,10,44,0.16796875,516.9419779,440.9833144,668.4549769,1.052018773,667.4616441,669.4483097,1.047213339,1.056824207
visual_neutral,1462,10,44,0.171875,516.9880977,441.1416516,668.5300298,1.050772111,667.536697,669.5233625,1.045966678,1.055577545
visual_neutral,1463,10,44,0.17578125,517.0342465,441.2999759,668.6051299,1.049525552,667.6117971,669.5984626,1.044720118,1.054330985
visual_neutral,1464,10,44,0.1796875,517.0804246,441.4582872,668.6802777,1.048279094,667.6869449,669.6736105,1.04347366,1.053084528
visual_neutral,1465,10,44,0.18359375,517.1266322,441.6165855,668.7554736,1.047032739,667.7621408,669.7488063,1.042227305,1.051838173
visual_neutral,1466,10,44,0.1875,517.1728696,441.7748708,668.8307179,1.045786486,667.8373851,669.8240506,1.040981052,1.05059192
visual_neutral,1467,10,44,0.19140625,517.219137,441.9331431,668.906011,1.044540336,667.9126782,669.8993437,1.039734902,1.04934577
visual_neutral,1468,10,44,0.1953125,517.2654346,442.0914023,668.9813533,1.043294289,667.9880205,669.974686,1.038488855,1.048099723
visual_neutral,1469,10,44,0.19921875,517.3117627,442.2496484,669.0567451,1.042048345,668.0634124,670.0500779,1.037242912,1.046853779
visual_neutral,1470,10,44,0.203125,517.3581215,442.4078813,669.1321869,1.040802505,668.1388542,670.1255197,1.035997071,1.045607939
visual_neutral,1471,10,44,0.20703125,517.4045112,442.566101,669.2076791,1.039556769,668.2143463,670.2010119,1.034751335,1.044362202
visual_neutral,1472,10,44,0.2109375,517.4509321,442.7243076,669.283222,1.038311136,668.2898892,670.2765547,1.033505702,1.04311657
visual_neutral,1473,10,44,0.21484375,517.4973843,442.8825009,669.3588159,1.037065607,668.3654832,670.3521487,1.032260174,1.041871041
visual_neutral,1474,10,44,0.21875,517.5438682,443.040681,669.4344614,1.035820183,668.4411286,670.4277942,1.03101475,1.040625617
visual_neutral,1475,10,44,0.22265625,517.590384,443.1988478,669.5101587,1.034574864,668.5168259,670.5034915,1.02976943,1.039380298
visual_neutral,1476,10,44,0.2265625,517.6369319,443.3570012,669.5859082,1.033329649,668.5925755,670.579241,1.028524216,1.038135083
visual_neutral,1477,10,44,0.23046875,517.6835121,443.5151413,669.6617104,1.03208454,668.6683776,670.6550432,1.027279106,1.036889974
visual_neutral,1478,10,44,0.234375,517.7301248,443.6732681,669.7375656,1.030839536,668.7442328,670.7308983,1.026034102,1.035644969
visual_neutral,1479,10,44,0.23828125,517.7767704,443.8313814,669.8134741,1.029594637,668.8201413,670.8068069,1.024789203,1.034400071
visual_neutral,1480,10,44,0.2421875,517.823449,443.9894813,669.8894364,1.028349844,668.8961036,670.8827692,1.023544411,1.033155278
visual_neutral,1481,10,44,0.24609375,517.8701609,444.1475677,669.9654528,1.027105158,668.9721201,670.9587856,1.022299724,1.031910591
visual_neutral,1482,10,44,0.25,517.9169063,444.3056406,670.0415238,1.025860577,669.048191,671.0348566,1.021055143,1.030666011
visual_neutral,1483,10,44,0.25390625,517.9636854,444.4637,670.1176497,1.024616103,669.1243169,671.1109824,1.019810669,1.029421537
visual_neutral,1484,10,44,0.2578125,518.0104985,444.6217459,670.1938308,1.023371736,669.200498,671.1871636,1.018566302,1.02817717
visual_neutral,1485,10,44,0.26171875,518.0573457,444.7797781,670.2700676,1.022127476,669.2767349,671.2634004,1.017322042,1.026932909
visual_neutral,1486,10,44,0.265625,518.1042275,444.9377967,670.3463605,1.020883323,669.3530277,671.3396932,1.016077889,1.025688756
visual_neutral,1487,10,44,0.26953125,518.1511439,445.0958017,670.4227097,1.019639277,669.429377,671.4160425,1.014833843,1.024444711
visual_neutral,1488,10,44,0.2734375,518.1980952,445.253793,670.4991158,1.018395339,669.5057831,671.4924486,1.013589905,1.023200773
visual_neutral,1489,10,44,0.27734375,518.2450816,445.4117707,670.5755791,1.017151509,669.5822463,671.5689119,1.012346075,1.021956943
visual_neutral,1490,10,44,0.28125,518.2921035,445.5697345,670.6520999,1.015907787,669.6587672,671.6454327,1.011102353,1.020713221
visual_neutral,1491,10,44,0.28515625,518.3391609,445.7276846,670.7286787,1.014664174,669.735346,671.7220115,1.00985874,1.019469607
visual_neutral,1492,10,44,0.2890625,518.3862542,445.885621,670.8053158,1.013420669,669.8119831,671.7986486,1.008615235,1.018226102
visual_neutral,1493,10,44,0.29296875,518.4333835,446.0435434,670.8820116,1.012177273,669.8886789,671.8753444,1.007371839,1.016982706
visual_neutral,1494,10,44,0.296875,518.4805492,446.2014521,670.9587666,1.010933986,669.9654338,671.9520993,1.006128552,1.015739419
visual_neutral,1495,10,44,0.30078125,518.5277514,446.3593468,671.0355809,1.009690808,670.0422482,672.0289137,1.004885374,1.014496242
visual_neutral,1496,10,44,0.3046875,518.5749904,446.5172277,671.1124552,1.00844774,670.1191224,672.1057879,1.003642306,1.013253174
visual_neutral,1497,10,44,0.30859375,518.6222664,446.6750946,671.1893896,1.007204781,670.1960569,672.1827224,1.002399348,1.012010215
visual_neutral,1498,10,44,0.3125,518.6695796,446.8329475,671.2663847,1.005961933,670.2730519,672.2597174,1.001156499,1.010767367
visual_neutral,1499,10,44,0.31640625,518.7169303,446.9907864,671.3434407,1.004719195,670.350108,672.3367735,0.9999137612,1.009524629
visual_neutral,1500,10,44,0.3203125,518.7643187,447.1486113,671.4205582,1.003476567,670.4272254,672.4138909,0.9986711336,1.008282001
visual_neutral,1501,10,44,0.32421875,518.8117451,447.3064222,671.4977374,1.00223405,670.5044046,672.4910701,0.9974286166,1.007039484
visual_neutral,1502,10,44,0.328125,518.8592097,447.4642189,671.5749787,1.000991644,670.5816459,672.5683114,0.9961862106,1.005797078
visual_neutral,1503,10,44,0.33203125,518.9067127,447.6220015,671.6522825,0.9997493496,670.6589498,672.6456153,0.9949439158,1.004554783
visual_neutral,1504,10,44,0.3359375,518.9542543,447.77977,671.7296493,0.9985071661,670.7363165,672.722982,0.9937017324,1.0033126
visual_neutral,1505,10,44,0.33984375,519.0018348,447.9375243,671.8070793,0.9972650944,670.8137465,672.800412,0.9924596607,1.002070528
visual_neutral,1506,10,44,0.34375,519.0494544,448.0952644,671.8845729,0.9960231345,670.8912402,672.8779057,0.9912177008,1.000828568
visual_neutral,1507,10,44,0.34765625,519.0971134,448.2529902,671.9621306,0.9947812867,670.9687979,672.9554634,0.989975853,0.9995867205
visual_neutral,1508,10,44,0.3515625,519.1448119,448.4107018,672.0397527,0.9935395513,671.04642,673.0330855,0.9887341176,0.9983449851
visual_neutral,1509,10,44,0.35546875,519.1925503,448.5683991,672.1174397,0.9922979285,671.1241069,673.1107724,0.9874924948,0.9971033622
visual_neutral,1510,10,44,0.359375,519.2403287,448.726082,672.1951917,0.9910564185,671.201859,673.1885245,0.9862509847,0.9958618522
visual_neutral,1511,10,44,0.36328125,519.2881475,448.8837506,672.2730094,0.9898150215,671.2796766,673.2663422,0.9850095878,0.9946204552
visual_neutral,1512,10,44,0.3671875,519.3360067,449.0414048,672.350893,0.9885737378,671.3575602,673.3442257,0.9837683041,0.9933791715
visual_neutral,1513,10,44,0.37109375,519.3839067,449.1990446,672.4288429,0.9873325676,671.4355101,673.4221757,0.9825271339,0.9921380013
visual_neutral,1514,10,44,0.375,519.4318477,449.3566699,672.5068595,0.9860915112,671.5135268,673.5001923,0.9812860774,0.9908969449
visual_neutral,1515,10,44,0.37890625,519.4798299,449.5142808,672.5849432,0.9848505687,671.5916105,673.578276,0.980045135,0.9896560025
visual_neutral,1516,10,44,0.3828125,519.5278535,449.6718771,672.6630944,0.9836097405,671.6697616,673.6564271,0.9788043068,0.9884151742
visual_neutral,1517,10,44,0.38671875,519.5759188,449.829459,672.7413134,0.9823690267,671.7479806,673.7346461,0.977563593,0.9871744604
visual_neutral,1518,10,44,0.390625,519.6240261,449.9870262,672.8196006,0.9811284276,671.8262678,673.8129334,0.9763229939,0.9859338613
visual_neutral,1519,10,44,0.39453125,519.6721755,450.1445789,672.8979564,0.9798879434,671.9046237,673.8912892,0.9750825097,0.9846933772
visual_neutral,1520,10,44,0.3984375,519.7203674,450.3021169,672.9763813,0.9786475744,671.9830485,673.969714,0.9738421407,0.9834530081
visual_neutral,1521,10,44,0.40234375,519.7686018,450.4596403,673.0548754,0.9774073207,672.0615427,674.0482082,0.972601887,0.9822127545
visual_neutral,1522,10,44,0.40625,519.8168791,450.617149,673.1334394,0.9761671827,672.1401066,674.1267721,0.971361749,0.9809726164
visual_neutral,1523,10,44,0.41015625,519.8651995,450.7746429,673.2120734,0.9749271605,672.2187407,674.2054062,0.9701217268,0.9797325943
visual_neutral,1524,10,44,0.4140625,519.9135632,450.9321222,673.290778,0.9736872544,672.2974452,674.2841107,0.9688818207,0.9784926882
visual_neutral,1525,10,44,0.41796875,519.9619705,451.0895866,673.3695534,0.9724474647,672.3762207,674.3628862,0.9676420309,0.9772528984
visual_neutral,1526,10,44,0.421875,520.0104215,451.2470363,673.4484001,0.9712077914,672.4550674,674.4417329,0.9664023577,0.9760132252
visual_neutral,1527,10,44,0.42578125,520.0589166,451.4044711,673.5273185,0.969968235,672.5339858,674.5206513,0.9651628013,0.9747736687
visual_neutral,1528,10,44,0.4296875,520.107456,451.5618911,673.6063089,0.9687287956,672.6129762,674.5996417,0.9639233619,0.9735342293
visual_neutral,1529,10,44,0.43359375,520.1560399,451.7192961,673.6853717,0.9674894734,672.692039,674.6787045,0.9626840397,0.9722949072
visual_neutral,1530,10,44,0.4375,520.2046685,451.8766863,673.7645073,0.9662502688,672.7711746,674.7578401,0.961444835,0.9710557025
visual_neutral,1531,10,44,0.44140625,520.253342,452.0340615,673.8437161,0.9650111818,672.8503833,674.8370489,0.9602057481,0.9698166156
visual_neutral,1532,10,44,0.4453125,520.3020608,452.1914217,673.9229984,0.9637722128,672.9296657,674.9163312,0.9589667791,0.9685776466
visual_neutral,1533,10,44,0.44921875,520.3508249,452.3487669,674.0023547,0.962533362,673.0090219,674.9956874,0.9577279283,0.9673387958
visual_neutral,1534,10,44,0.453125,520.3996348,452.506097,674.0817852,0.9612946296,673.0884525,675.075118,0.9564891959,0.9661000634
visual_neutral,1535,10,44,0.45703125,520.4484905,452.6634121,674.1612905,0.9600560159,673.1679578,675.1546233,0.9552505822,0.9648614496
visual_neutral,1536,10,44,0.4609375,520.4973924,452.8207121,674.2408708,0.9588175211,673.2475381,675.2342036,0.9540120873,0.9636229548
visual_neutral,1537,10,44,0.46484375,520.5463407,452.977997,674.3205266,0.9575791454,673.3271939,675.3138594,0.9527737116,0.9623845791
visual_neutral,1538,10,44,0.46875,520.5953355,453.1352667,674.4002583,0.956340889,673.4069255,675.393591,0.9515354553,0.9611463227
visual_neutral,1539,10,44,0.47265625,520.6443772,453.2925212,674.4800661,0.9551027522,673.4867334,675.4733989,0.9502973185,0.959908186
visual_neutral,1540,10,44,0.4765625,520.6934659,453.4497605,674.5599506,0.9538647353,673.5666178,675.5532833,0.9490593016,0.958670169
visual_neutral,1541,10,44,0.48046875,520.742602,453.6069845,674.639912,0.9526268384,673.6465792,675.6332447,0.9478214047,0.9574322722
visual_neutral,1542,10,44,0.484375,520.7917856,453.7641933,674.7199508,0.9513890618,673.726618,675.7132835,0.9465836281,0.9561944956
visual_neutral,1543,10,44,0.48828125,520.841017,453.9213868,674.8000673,0.9501514058,673.8067345,675.7934001,0.945345972,0.9549568395
visual_neutral,1544,10,44,0.4921875,520.8902963,454.0785649,674.8802619,0.9489138705,673.8869292,675.8735947,0.9441084367,0.9537193042
visual_neutral,1545,10,44,0.49609375,520.9396239,454.2357276,674.9605351,0.9476764562,673.9672023,675.9538678,0.9428710224,0.9524818899
visual_neutral,1546,10,44,0.5,520.989,454.392875,675.0408871,0.9464391631,674.0475543,676.0342199,0.9416337294,0.9512445968
visual_neutral,1547,10,44,0.50390625,521.0384248,454.5500069,675.1213184,0.9452019915,674.1279856,676.1146511,0.9403965577,0.9500074252
visual_neutral,1548,10,44,0.5078125,521.0878985,454.7071234,675.2018293,0.9439649416,674.2084966,676.1951621,0.9391595078,0.9487703753
visual_neutral,1549,10,44,0.51171875,521.1374214,454.8642244,675.2824203,0.9427280136,674.2890875,676.275753,0.9379225798,0.9475334473
visual_neutral,1550,10,44,0.515625,521.1869937,455.0213099,675.3630916,0.9414912077,674.3697589,676.3564244,0.936685774,0.9462966415
visual_neutral,1551,10,44,0.51953125,521.2366157,455.1783798,675.4438437,0.9402545243,674.450511,676.4371765,0.9354490905,0.945059958
visual_neutral,1552,10,44,0.5234375,521.2862875,455.3354341,675.524677,0.9390179635,674.5313443,676.5180098,0.9342125297,0.9438233972
visual_neutral,1553,10,44,0.52734375,521.3360094,455.4924729,675.6055919,0.9377815255,674.6122591,676.5989247,0.9329760918,0.9425869593
visual_neutral,1554,10,44,0.53125,521.3857817,455.649496,675.6865887,0.9365452107,674.6932559,676.6799214,0.9317397769,0.9413506444
visual_neutral,1555,10,44,0.53515625,521.4356045,455.8065035,675.7676677,0.9353090192,674.774335,676.7610005,0.9305035854,0.9401144529
visual_neutral,1556,10,44,0.5390625,521.4854782,455.9634952,675.8488295,0.9340729512,674.8554968,676.8421623,0.9292675175,0.9388783849
visual_neutral,1557,10,44,0.54296875,521.5354029,456.1204712,675.9300743,0.9328370071,674.9367416,676.9234071,0.9280315733,0.9376424408
visual_neutral,1558,10,44,0.546875,521.5853789,456.2774315,676.0114026,0.9316011869,675.0180699,677.0047354,0.9267957532,0.9364066207
visual_neutral,1559,10,44,0.55078125,521.6354064,456.434376,676.0928147,0.9303654911,675.099482,677.0861475,0.9255600573,0.9351709248
visual_neutral,1560,10,44,0.5546875,521.6854856,456.5913047,676.1743111,0.9291299197,675.1809783,677.1676438,0.924324486,0.9339353534
visual_neutral,1561,10,44,0.55859375,521.7356169,456.7482175,676.255892,0.9278944731,675.2625592,677.2492247,0.9230890394,0.9326999068
visual_neutral,1562,10,44,0.5625,521.7858003,456.9051145,676.3375579,0.9266591514,675.3442251,677.3308906,0.9218537177,0.9314645852
visual_neutral,1563,10,44,0.56640625,521.8360362,457.0619956,676.4193091,0.925423955,675.4259763,677.4126419,0.9206185212,0.9302293887
visual_neutral,1564,10,44,0.5703125,521.8863248,457.2188607,676.5011461,0.9241888839,675.5078133,677.4944788,0.9193834502,0.9289943177
visual_neutral,1565,10,44,0.57421875,521.9366662,457.3757099,676.5830691,0.9229539386,675.5897364,677.5764019,0.9181485048,0.9277593723
visual_neutral,1566,10,44,0.578125,521.9870609,457.5325431,676.6650787,0.9217191191,675.671746,677.6584115,0.9169136854,0.9265245529
visual_neutral,1567,10,44,0.58203125,522.0375089,457.6893602,676.7471752,0.9204844258,675.7538424,677.7405079,0.9156789921,0.9252898595
visual_neutral,1568,10,44,0.5859375,522.0880105,457.8461613,676.8293589,0.9192498589,675.8360261,677.8226916,0.9144444251,0.9240552926
visual_neutral,1569,10,44,0.58984375,522.138566,458.0029464,676.9116302,0.9180154185,675.9182974,677.904963,0.9132099848,0.9228208522
visual_neutral,1570,10,44,0.59375,522.1891756,458.1597153,676.9939896,0.916781105,676.0006568,677.9873223,0.9119756713,0.9215865387
visual_neutral,1571,10,44,0.59765625,522.2398395,458.3164681,677.0764373,0.9155469185,676.0831045,678.0697701,0.9107414848,0.9203523523
visual_neutral,1572,10,44,0.6015625,522.2905579,458.4732047,677.1589738,0.9143128594,676.1656411,678.1523066,0.9095074257,0.9191182931
visual_neutral,1573,10,44,0.60546875,522.3413312,458.6299251,677.2415995,0.9130789278,676.2482668,678.2349323,0.9082734941,0.9178843615
visual_neutral,1574,10,44,0.609375,522.3921594,458.7866293,677.3243147,0.911845124,676.330982,678.3176475,0.9070396902,0.9166505577
visual_neutral,1575,10,44,0.61328125,522.4430429,458.9433172,677.4071199,0.9106114482,676.4137871,678.4004526,0.9058060144,0.9154168819
visual_neutral,1576,10,44,0.6171875,522.4939819,459.0999889,677.4900153,0.9093779006,676.4966826,678.4833481,0.9045724668,0.9141833343
visual_neutral,1577,10,44,0.62109375,522.5449767,459.2566442,677.5730014,0.9081444814,676.5796687,678.5663342,0.9033390477,0.9129499152
visual_neutral,1578,10,44,0.625,522.5960273,459.4132832,677.6560786,0.906911191,676.6627459,678.6494114,0.9021057573,0.9117166248
visual_neutral,1579,10,44,0.62890625,522.6471342,459.5699058,677.7392472,0.9056780296,676.7459145,678.73258,0.9008725958,0.9104834633
visual_neutral,1580,10,44,0.6328125,522.6982975,459.726512,677.8225077,0.9044449973,676.8291749,678.8158404,0.8996395635,0.909250431
visual_neutral,1581,10,44,0.63671875,522.7495175,459.8831018,677.9058603,0.9032120944,676.9125276,678.8991931,0.8984066606,0.9080175281
visual_neutral,1582,10,44,0.640625,522.8007943,460.0396751,677.9893056,0.9019793211,676.9959728,678.9826383,0.8971738874,0.9067847549
visual_neutral,1583,10,44,0.64453125,522.8521283,460.1962319,678.0728438,0.9007466778,677.079511,679.0661765,0.895941244,0.9055521115
visual_neutral,1584,10,44,0.6484375,522.9035196,460.3527721,678.1564753,0.8995141645,677.1631425,679.1498081,0.8947087308,0.9043195982
visual_neutral,1585,10,44,0.65234375,522.9549685,460.5092959,678.2402006,0.8982817816,677.2468678,679.2335333,0.8934763478,0.9030872153
visual_neutral,1586,10,44,0.65625,523.0064753,460.665803,678.3240199,0.8970495292,677.3306872,679.3173527,0.8922440955,0.901854963
visual_neutral,1587,10,44,0.66015625,523.0580401,460.8222935,678.4079338,0.8958174077,677.414601,679.4012666,0.8910119739,0.9006228414
visual_neutral,1588,10,44,0.6640625,523.1096632,460.9787674,678.4919425,0.8945854172,677.4986098,679.4852753,0.8897799834,0.8993908509
visual_neutral,1589,10,44,0.66796875,523.1613448,461.1352246,678.5760465,0.893353558,677.5827137,679.5693792,0.8885481242,0.8981589917
visual_neutral,1590,10,44,0.671875,523.2130852,461.2916651,678.6602461,0.8921218303,677.6669133,679.6535788,0.8873163965,0.896927264
visual_neutral,1591,10,44,0.67578125,523.2648846,461.4480889,678.7445417,0.8908902343,677.7512089,679.7378745,0.8860848006,0.895695668
visual_neutral,1592,10,44,0.6796875,523.3167433,461.6044959,678.8289337,0.8896587703,677.8356009,679.8222665,0.8848533366,0.894464204
visual_neutral,1593,10,44,0.68359375,523.3686614,461.7608861,678.9134225,0.8884274385,677.9200897,679.9067552,0.8836220048,0.8932328723
visual_neutral,1594,10,44,0.6875,523.4206392,461.9172595,678.9980084,0.8871962392,678.0046756,679.9913411,0.8823908055,0.8920016729
visual_neutral,1595,10,44,0.69140625,523.4726769,462.0736161,679.0826918,0.8859651725,678.0893591,680.0760246,0.8811597388,0.8907706063
visual_neutral,1596,10,44,0.6953125,523.5247748,462.2299557,679.1674732,0.8847342388,678.1741404,680.160806,0.8799288051,0.8895396725
visual_neutral,1597,10,44,0.69921875,523.5769331,462.3862785,679.2523529,0.8835034382,678.2590201,680.2456856,0.8786980045,0.888308872
visual_neutral,1598,10,44,0.703125,523.629152,462.5425843,679.3373312,0.882272771,678.3439984,680.3306639,0.8774673373,0.8870782047
visual_neutral,1599,10,44,0.70703125,523.6814318,462.6988731,679.4224086,0.8810422374,678.4290758,680.4157413,0.8762368037,0.8858476711
visual_neutral,1600,10,44,0.7109375,523.7337727,462.855145,679.5075854,0.8798118377,678.5142526,680.5009181,0.8750064039,0.8846172714
visual_neutral,1601,10,44,0.71484375,523.7861749,463.0113998,679.592862,0.878581572,678.5995293,680.5861948,0.8737761382,0.8833870057
visual_neutral,1602,10,44,0.71875,523.8386387,463.1676375,679.6782388,0.8773514406,678.6849061,680.6715716,0.8725460069,0.8821568744
visual_neutral,1603,10,44,0.72265625,523.8911643,463.3238582,679.7637162,0.8761214438,678.7703835,680.757049,0.8713160101,0.8809268776
visual_neutral,1604,10,44,0.7265625,523.943752,463.4800618,679.8492946,0.8748915818,678.8559618,680.8426274,0.8700861481,0.8796970155
visual_neutral,1605,10,44,0.73046875,523.9964019,463.6362482,679.9349743,0.8736618548,678.9416415,680.9283071,0.8688564211,0.8784672885
visual_neutral,1606,10,44,0.734375,524.0491143,463.7924174,680.0207557,0.872432263,679.027423,681.0140885,0.8676268293,0.8772376968
visual_neutral,1607,10,44,0.73828125,524.1018895,463.9485694,680.1066392,0.8712028068,679.1133065,681.099972,0.866397373,0.8760082405
visual_neutral,1608,10,44,0.7421875,524.1547276,464.1047042,680.1926252,0.8699734862,679.1992925,681.185958,0.8651680525,0.8747789199
visual_neutral,1609,10,44,0.74609375,524.207629,464.2608217,680.2787141,0.8687443016,679.2853813,681.2720468,0.8639388679,0.8735497353
visual_neutral,1610,10,44,0.75,524.2605938,464.4169219,680.3649062,0.8675152532,679.3715734,681.3582389,0.8627098194,0.8723206869
visual_neutral,1611,10,44,0.75390625,524.3136222,464.5730048,680.4512019,0.8662863412,679.4578691,681.4445346,0.8614809074,0.8710917749
visual_neutral,1612,10,44,0.7578125,524.3667146,464.7290703,680.5376016,0.8650575658,679.5442688,681.5309344,0.8602521321,0.8698629996
visual_neutral,1613,10,44,0.76171875,524.4198711,464.8851184,680.6241057,0.8638289274,679.6307729,681.6174385,0.8590234936,0.8686343611
visual_neutral,1614,10,44,0.765625,524.473092,465.0411492,680.7107146,0.862600426,679.7173818,681.7040473,0.8577949923,0.8674058597
visual_neutral,1615,10,44,0.76953125,524.5263775,465.1971624,680.7974286,0.861372062,679.8040958,681.7907613,0.8565666283,0.8661774958
visual_neutral,1616,10,44,0.7734375,524.5797278,465.3531582,680.8842481,0.8601438356,679.8909154,681.8775809,0.8553384019,0.8649492693
visual_neutral,1617,10,44,0.77734375,524.6331432,465.5091366,680.9711735,0.858915747,679.9778408,681.9645063,0.8541103133,0.8637211808
visual_neutral,1618,10,44,0.78125,524.686624,465.6650973,681.0582053,0.8576877965,680.0648725,682.051538,0.8528823628,0.8624932302
visual_neutral,1619,10,44,0.78515625,524.7401702,465.8210405,681.1453437,0.8564599843,680.1520109,682.1386764,0.8516545505,0.861265418
visual_neutral,1620,10,44,0.7890625,524.7937823,465.9769661,681.2325891,0.8552323105,680.2392563,682.2259218,0.8504268768,0.8600377443
visual_neutral,1621,10,44,0.79296875,524.8474604,466.1328741,681.3199419,0.8540047756,680.3266092,682.3132747,0.8491993418,0.8588102093
visual_neutral,1622,10,44,0.796875,524.9012047,466.2887645,681.4074026,0.8527773796,680.4140699,682.4007354,0.8479719459,0.8575828133
visual_neutral,1623,10,44,0.80078125,524.9550155,466.4446371,681.4949715,0.8515501228,680.5016387,682.4883042,0.8467446891,0.8563555566
visual_neutral,1624,10,44,0.8046875,525.008893,466.6004921,681.5826489,0.8503230055,680.5893161,682.5759817,0.8455175718,0.8551284393
visual_neutral,1625,10,44,0.80859375,525.0628375,466.7563293,681.6704353,0.8490960279,680.6771025,682.663768,0.8442905942,0.8539014617
visual_neutral,1626,10,44,0.8125,525.1168491,466.9121487,681.758331,0.8478691902,680.7649982,682.7516637,0.8430637565,0.852674624
visual_neutral,1627,10,44,0.81640625,525.1709282,467.0679503,681.8463364,0.8466424927,680.8530037,682.8396692,0.841837059,0.8514479265
visual_neutral,1628,10,44,0.8203125,525.2250749,467.2237341,681.9344519,0.8454159356,680.9411192,682.9277847,0.8406105019,0.8502213693
visual_neutral,1629,10,44,0.82421875,525.2792895,467.3795,682.0226779,0.8441895191,681.0293451,683.0160107,0.8393840853,0.8489949528
visual_neutral,1630,10,44,0.828125,525.3335722,467.5352481,682.1110147,0.8429632434,681.117682,683.1043475,0.8381578097,0.8477686772
visual_neutral,1631,10,44,0.83203125,525.3879233,467.6909782,682.1994628,0.8417371089,681.2061301,683.1927956,0.8369316751,0.8465425426
visual_neutral,1632,10,44,0.8359375,525.442343,467.8466904,682.2880225,0.8405111156,681.2946897,683.2813553,0.8357056819,0.8453165494
visual_neutral,1633,10,44,0.83984375,525.4968314,468.0023846,682.3766942,0.839285264,681.3833614,683.3700269,0.8344798302,0.8440906977
visual_neutral,1634,10,44,0.84375,525.551389,468.1580608,682.4654782,0.8380595541,681.4721455,683.458811,0.8332541204,0.8428649878
visual_neutral,1635,10,44,0.84765625,525.6060158,468.3137189,682.554375,0.8368339862,681.5610423,683.5477078,0.8320285525,0.84163942
visual_neutral,1636,10,44,0.8515625,525.6607121,468.469359,682.643385,0.8356085606,681.6500522,683.6367177,0.8308031269,0.8404139944
visual_neutral,1637,10,44,0.85546875,525.7154782,468.624981,682.7325085,0.8343832776,681.7391757,683.7258412,0.8295778438,0.8391887113
visual_neutral,1638,10,44,0.859375,525.7703143,468.7805848,682.8217458,0.8331581372,681.8284131,683.8150786,0.8283527035,0.8379635709
visual_neutral,1639,10,44,0.86328125,525.8252207,468.9361705,682.9110975,0.8319331398,681.9177647,683.9044302,0.827127706,0.8367385735
visual_neutral,1640,10,44,0.8671875,525.8801974,469.091738,683.0005638,0.8307082856,682.007231,683.9938965,0.8259028518,0.8355137193
visual_neutral,1641,10,44,0.87109375,525.9352449,469.2472873,683.0901451,0.8294835748,682.0968123,684.0834779,0.8246781411,0.8342890085
visual_neutral,1642,10,44,0.875,525.9903633,469.4028184,683.1798419,0.8282590077,682.1865091,684.1731746,0.8234535739,0.8330644414
visual_neutral,1643,10,44,0.87890625,526.0455528,469.5583311,683.2696544,0.8270345845,682.2763217,684.2629872,0.8222291507,0.8318400182
visual_neutral,1644,10,44,0.8828125,526.1008138,469.7138256,683.3595832,0.8258103054,682.3662504,684.3529159,0.8210048716,0.8306157391
visual_neutral,1645,10,44,0.88671875,526.1561463,469.8693017,683.4496285,0.8245861707,682.4562957,684.4429612,0.8197807369,0.8293916044
visual_neutral,1646,10,44,0.890625,526.2115508,470.0247595,683.5397907,0.8233621805,682.546458,684.5331235,0.8185567468,0.8281676143
visual_neutral,1647,10,44,0.89453125,526.2670273,470.1801988,683.6300703,0.8221383352,682.6367375,684.623403,0.8173329015,0.826943769
visual_neutral,1648,10,44,0.8984375,526.3225762,470.3356198,683.7204676,0.820914635,682.7271348,684.7138003,0.8161092013,0.8257200687
visual_neutral,1649,10,44,0.90234375,526.3781976,470.4910223,683.8109829,0.8196910801,682.8176502,684.8043157,0.8148856463,0.8244965138
visual_neutral,1650,10,44,0.90625,526.4338918,470.6464063,683.9016167,0.8184676707,682.908284,684.8949495,0.8136622369,0.8232731044
visual_neutral,1651,10,44,0.91015625,526.489659,470.8017718,683.9923694,0.8172444071,682.9990367,684.9857022,0.8124389733,0.8220498408
visual_neutral,1652,10,44,0.9140625,526.5454995,470.9571187,684.0832413,0.8160212894,683.0899086,685.0765741,0.8112158557,0.8208267232
visual_neutral,1653,10,44,0.91796875,526.6014135,471.1124471,684.1742328,0.814798318,683.1809001,685.1675656,0.8099928843,0.8196037518
visual_neutral,1654,10,44,0.921875,526.6574013,471.2677569,684.2653443,0.8135754931,683.2720116,685.2586771,0.8087700594,0.8183809268
visual_neutral,1655,10,44,0.92578125,526.713463,471.423048,684.3565762,0.8123528149,683.3632434,685.3499089,0.8075473811,0.8171582486
visual_neutral,1656,10,44,0.9296875,526.7695989,471.5783205,684.4479288,0.8111302836,683.454596,685.4412615,0.8063248498,0.8159357173
visual_neutral,1657,10,44,0.93359375,526.8258092,471.7335743,684.5394025,0.8099078995,683.5460698,685.5327353,0.8051024657,0.8147133332
visual_neutral,1658,10,44,0.9375,526.8820942,471.8888093,684.6309978,0.8086856627,683.637665,685.6243305,0.803880229,0.8134910965
visual_neutral,1659,10,44,0.94140625,526.9384541,472.0440256,684.7227149,0.8074635737,683.7293822,685.7160477,0.8026581399,0.8122690074
visual_neutral,1660,10,44,0.9453125,526.9948892,472.1992232,684.8145543,0.8062416325,683.8212216,685.8078871,0.8014361987,0.8110470662
visual_neutral,1661,10,44,0.94921875,527.0513996,472.3544019,684.9065164,0.8050198393,683.9131836,685.8998491,0.8002144056,0.8098252731
visual_neutral,1662,10,44,0.953125,527.1079856,472.5095618,684.9986015,0.8037981946,684.0052687,685.9919342,0.7989927608,0.8086036283
visual_neutral,1663,10,44,0.95703125,527.1646475,472.6647028,685.09081,0.8025766984,684.0974772,686.0841428,0.7977712646,0.8073821321
visual_neutral,1664,10,44,0.9609375,527.2213854,472.8198249,685.1831423,0.801355351,684.1898095,686.1764751,0.7965499172,0.8061607847
visual_neutral,1665,10,44,0.96484375,527.2781996,472.9749281,685.2755988,0.8001341526,684.282266,686.2689315,0.7953287189,0.8049395864
visual_neutral,1666,10,44,0.96875,527.3350904,473.1300123,685.3681798,0.7989131035,684.3748471,686.3615126,0.7941076698,0.8037185373
visual_neutral,1667,10,44,0.97265625,527.3920579,473.2850775,685.4608858,0.797692204,684.467553,686.4542185,0.7928867702,0.8024976377
visual_neutral,1668,10,44,0.9765625,527.4491025,473.4401237,685.5537171,0.7964714541,684.5603843,686.5470498,0.7916660204,0.8012768879
visual_neutral,1669,10,44,0.98046875,527.5062243,473.5951509,685.6466741,0.7952508543,684.6533413,686.6400068,0.7904454205,0.800056288
visual_neutral,1670,10,44,0.984375,527.5634235,473.750159,685.7397571,0.7940304046,684.7464244,686.7330899,0.7892249709,0.7988358383
visual_neutral,1671,10,44,0.98828125,527.6207005,473.905148,685.8329666,0.7928101054,684.8396339,686.8262994,0.7880046716,0.7976155391
visual_neutral,1672,10,44,0.9921875,527.6780554,474.0601178,685.926303,0.7915899568,684.9329702,686.9196358,0.7867845231,0.7963953906
visual_neutral,1673,10,44,0.99609375,527.7354885,474.2150685,686.0197666,0.7903699592,685.0264338,687.0130993,0.7855645255,0.7951753929
visual_neutral,1674,10,44,1,527.793,474.37,686.1133578,0.7891501127,685.120025,687.1066905,0.784344679,0.7939555465
visual_neutral,1675,10,45,0.02222222222,527.8803556,474.5984889,686.2555156,0.7873511151,685.2621828,687.2488483,0.7825456814,0.7921565488
visual_neutral,1676,10,45,0.04444444444,527.9677111,474.8269778,686.3976734,0.7855521175,685.4043406,687.3910062,0.7807466837,0.7903575512
visual_neutral,1677,10,45,0.06666666667,528.0550667,475.0554667,686.5398312,0.7837531199,685.5464985,687.533164,0.7789476861,0.7885585536
visual_neutral,1678,10,45,0.08888888889,528.1424222,475.2839556,686.681989,0.7819541222,685.6886563,687.6753218,0.7771486885,0.786759556
visual_neutral,1679,10,45,0.1111111111,528.2297778,475.5124444,686.8241469,0.7801551246,685.8308141,687.8174796,0.7753496909,0.7849605583
visual_neutral,1680,10,45,0.1333333333,528.3171333,475.7409333,686.9663047,0.778356127,685.9729719,687.9596374,0.7735506933,0.7831615607
visual_neutral,1681,10,45,0.1555555556,528.4044889,475.9694222,687.1084625,0.7765571294,686.1151298,688.1017953,0.7717516956,0.7813625631
visual_neutral,1682,10,45,0.1777777778,528.4918444,476.1979111,687.2506203,0.7747581317,686.2572876,688.2439531,0.769952698,0.7795635655
visual_neutral,1683,10,45,0.2,528.5792,476.4264,687.3927782,0.7729591341,686.3994454,688.3861109,0.7681537004,0.7777645679
visual_neutral,1684,10,45,0.2222222222,528.6665556,476.6548889,687.534936,0.7711601365,686.5416032,688.5282687,0.7663547028,0.7759655702
visual_neutral,1685,10,45,0.2444444444,528.7539111,476.8833778,687.6770938,0.7693611389,686.683761,688.6704266,0.7645557051,0.7741665726
visual_neutral,1686,10,45,0.2666666667,528.8412667,477.1118667,687.8192516,0.7675621413,686.8259189,688.8125844,0.7627567075,0.772367575
visual_neutral,1687,10,45,0.2888888889,528.9286222,477.3403556,687.9614094,0.7657631436,686.9680767,688.9547422,0.7609577099,0.7705685774
visual_neutral,1688,10,45,0.3111111111,529.0159778,477.5688444,688.1035673,0.763964146,687.1102345,689.0969,0.7591587123,0.7687695798
visual_neutral,1689,10,45,0.3333333333,529.1033333,477.7973333,688.2457251,0.7621651484,687.2523923,689.2390578,0.7573597147,0.7669705821
visual_neutral,1690,10,45,0.3555555556,529.1906889,478.0258222,688.3878829,0.7603661508,687.3945502,689.3812157,0.755560717,0.7651715845
visual_neutral,1691,10,45,0.3777777778,529.2780444,478.2543111,688.5300407,0.7585671532,687.536708,689.5233735,0.7537617194,0.7633725869
visual_neutral,1692,10,45,0.4,529.3654,478.4828,688.6721986,0.7567681555,687.6788658,689.6655313,0.7519627218,0.7615735893
visual_neutral,1693,10,45,0.4222222222,529.4527556,478.7112889,688.8143564,0.7549691579,687.8210236,689.8076891,0.7501637242,0.7597745916
visual_neutral,1694,10,45,0.4444444444,529.5401111,478.9397778,688.9565142,0.7531701603,687.9631814,689.949847,0.7483647266,0.757975594
visual_neutral,1695,10,45,0.4666666667,529.6274667,479.1682667,689.098672,0.7513711627,688.1053393,690.0920048,0.7465657289,0.7561765964
visual_neutral,1696,10,45,0.4888888889,529.7148222,479.3967556,689.2408299,0.749572165,688.2474971,690.2341626,0.7447667313,0.7543775988
visual_neutral,1697,10,45,0.5111111111,529.8021778,479.6252444,689.3829877,0.7477731674,688.3896549,690.3763204,0.7429677337,0.7525786012
visual_neutral,1698,10,45,0.5333333333,529.8895333,479.8537333,689.5251455,0.7459741698,688.5318127,690.5184783,0.7411687361,0.7507796035
visual_neutral,1699,10,45,0.5555555556,529.9768889,480.0822222,689.6673033,0.7441751722,688.6739706,690.6606361,0.7393697384,0.7489806059
visual_neutral,1700,10,45,0.5777777778,530.0642444,480.3107111,689.8094611,0.7423761746,688.8161284,690.8027939,0.7375707408,0.7471816083
visual_neutral,1701,10,45,0.6,530.1516,480.5392,689.951619,0.7405771769,688.9582862,690.9449517,0.7357717432,0.7453826107
visual_neutral,1702,10,45,0.6222222222,530.2389556,480.7676889,690.0937768,0.7387781793,689.100444,691.0871095,0.7339727456,0.7435836131
visual_neutral,1703,10,45,0.6444444444,530.3263111,480.9961778,690.2359346,0.7369791817,689.2426019,691.2292674,0.732173748,0.7417846154
visual_neutral,1704,10,45,0.6666666667,530.4136667,481.2246667,690.3780924,0.7351801841,689.3847597,691.3714252,0.7303747503,0.7399856178
visual_neutral,1705,10,45,0.6888888889,530.5010222,481.4531556,690.5202503,0.7333811865,689.5269175,691.513583,0.7285757527,0.7381866202
visual_neutral,1706,10,45,0.7111111111,530.5883778,481.6816444,690.6624081,0.7315821888,689.6690753,691.6557408,0.7267767551,0.7363876226
visual_neutral,1707,10,45,0.7333333333,530.6757333,481.9101333,690.8045659,0.7297831912,689.8112331,691.7978987,0.7249777575,0.7345886249
visual_neutral,1708,10,45,0.7555555556,530.7630889,482.1386222,690.9467237,0.7279841936,689.953391,691.9400565,0.7231787599,0.7327896273
visual_neutral,1709,10,45,0.7777777778,530.8504444,482.3671111,691.0888815,0.726185196,690.0955488,692.0822143,0.7213797622,0.7309906297
visual_neutral,1710,10,45,0.8,530.9378,482.5956,691.2310394,0.7243861983,690.2377066,692.2243721,0.7195807646,0.7291916321
visual_neutral,1711,10,45,0.8222222222,531.0251556,482.8240889,691.3731972,0.7225872007,690.3798644,692.3665299,0.717781767,0.7273926345
visual_neutral,1712,10,45,0.8444444444,531.1125111,483.0525778,691.515355,0.7207882031,690.5220223,692.5086878,0.7159827694,0.7255936368
visual_neutral,1713,10,45,0.8666666667,531.1998667,483.2810667,691.6575128,0.7189892055,690.6641801,692.6508456,0.7141837717,0.7237946392
visual_neutral,1714,10,45,0.8888888889,531.2872222,483.5095556,691.7996707,0.7171902079,690.8063379,692.7930034,0.7123847741,0.7219956416
visual_neutral,1715,10,45,0.9111111111,531.3745778,483.7380444,691.9418285,0.7153912102,690.9484957,692.9351612,0.7105857765,0.720196644
visual_neutral,1716,10,45,0.9333333333,531.4619333,483.9665333,692.0839863,0.7135922126,691.0906535,693.0773191,0.7087867789,0.7183976464
visual_neutral,1717,10,45,0.9555555556,531.5492889,484.1950222,692.2261441,0.711793215,691.2328114,693.2194769,0.7069877813,0.7165986487
visual_neutral,1718,10,45,0.9777777778,531.6366444,484.4235111,692.3683019,0.7099942174,691.3749692,693.3616347,0.7051887836,0.7147996511
visual_neutral,1719,10,45,1,531.724,484.652,692.5104598,0.7081952198,691.517127,693.5037925,0.703389786,0.7130006535
visual_neutral,1720,10,46,0.02040816327,531.817898,484.8806531,692.6632644,0.7063949295,691.6699316,693.6565971,0.7015894958,0.7112003633
visual_neutral,1721,10,46,0.04081632653,531.9117959,485.1093061,692.8160689,0.7045946393,691.8227362,693.8094017,0.6997892056,0.709400073
visual_neutral,1722,10,46,0.0612244898,532.0056939,485.3379592,692.9688735,0.7027943491,691.9755408,693.9622063,0.6979889153,0.7075997828
visual_neutral,1723,10,46,0.08163265306,532.0995918,485.5666122,693.1216781,0.7009940589,692.1283454,694.1150109,0.6961886251,0.7057994926
visual_neutral,1724,10,46,0.1020408163,532.1934898,485.7952653,693.2744827,0.6991937686,692.2811499,694.2678155,0.6943883349,0.7039992024
visual_neutral,1725,10,46,0.1224489796,532.2873878,486.0239184,693.4272873,0.6973934784,692.4339545,694.42062,0.6925880447,0.7021989121
visual_neutral,1726,10,46,0.1428571429,532.3812857,486.2525714,693.5800919,0.6955931882,692.5867591,694.5734246,0.6907877544,0.7003986219
visual_neutral,1727,10,46,0.1632653061,532.4751837,486.4812245,693.7328965,0.693792898,692.7395637,694.7262292,0.6889874642,0.6985983317
visual_neutral,1728,10,46,0.1836734694,532.5690816,486.7098776,693.885701,0.6919926077,692.8923683,694.8790338,0.687187174,0.6967980415
visual_neutral,1729,10,46,0.2040816327,532.6629796,486.9385306,694.0385056,0.6901923175,693.0451729,695.0318384,0.6853868838,0.6949977512
visual_neutral,1730,10,46,0.2244897959,532.7568776,487.1671837,694.1913102,0.6883920273,693.1979775,695.184643,0.6835865935,0.693197461
visual_neutral,1731,10,46,0.2448979592,532.8507755,487.3958367,694.3441148,0.6865917371,693.350782,695.3374476,0.6817863033,0.6913971708
visual_neutral,1732,10,46,0.2653061224,532.9446735,487.6244898,694.4969194,0.6847914468,693.5035866,695.4902521,0.6799860131,0.6895968806
visual_neutral,1733,10,46,0.2857142857,533.0385714,487.8531429,694.649724,0.6829911566,693.6563912,695.6430567,0.6781857229,0.6877965903
visual_neutral,1734,10,46,0.306122449,533.1324694,488.0817959,694.8025285,0.6811908664,693.8091958,695.7958613,0.6763854326,0.6859963001
visual_neutral,1735,10,46,0.3265306122,533.2263673,488.310449,694.9553331,0.6793905762,693.9620004,695.9486659,0.6745851424,0.6841960099
visual_neutral,1736,10,46,0.3469387755,533.3202653,488.539102,695.1081377,0.6775902859,694.114805,696.1014705,0.6727848522,0.6823957197
visual_neutral,1737,10,46,0.3673469388,533.4141633,488.7677551,695.2609423,0.6757899957,694.2676095,696.2542751,0.670984562,0.6805954294
visual_neutral,1738,10,46,0.387755102,533.5080612,488.9964082,695.4137469,0.6739897055,694.4204141,696.4070796,0.6691842717,0.6787951392
visual_neutral,1739,10,46,0.4081632653,533.6019592,489.2250612,695.5665515,0.6721894153,694.5732187,696.5598842,0.6673839815,0.676994849
visual_neutral,1740,10,46,0.4285714286,533.6958571,489.4537143,695.7193561,0.670389125,694.7260233,696.7126888,0.6655836913,0.6751945588
visual_neutral,1741,10,46,0.4489795918,533.7897551,489.6823673,695.8721606,0.6685888348,694.8788279,696.8654934,0.6637834011,0.6733942685
visual_neutral,1742,10,46,0.4693877551,533.8836531,489.9110204,696.0249652,0.6667885446,695.0316325,697.018298,0.6619831108,0.6715939783
visual_neutral,1743,10,46,0.4897959184,533.977551,490.1396735,696.1777698,0.6649882544,695.1844371,697.1711026,0.6601828206,0.6697936881
visual_neutral,1744,10,46,0.5102040816,534.071449,490.3683265,696.3305744,0.6631879641,695.3372416,697.3239072,0.6583825304,0.6679933979
visual_neutral,1745,10,46,0.5306122449,534.1653469,490.5969796,696.483379,0.6613876739,695.4900462,697.4767117,0.6565822402,0.6661931076
visual_neutral,1746,10,46,0.5510204082,534.2592449,490.8256327,696.6361836,0.6595873837,695.6428508,697.6295163,0.6547819499,0.6643928174
visual_neutral,1747,10,46,0.5714285714,534.3531429,491.0542857,696.7889882,0.6577870934,695.7956554,697.7823209,0.6529816597,0.6625925272
visual_neutral,1748,10,46,0.5918367347,534.4470408,491.2829388,696.9417927,0.6559868032,695.94846,697.9351255,0.6511813695,0.660792237
visual_neutral,1749,10,46,0.612244898,534.5409388,491.5115918,697.0945973,0.654186513,696.1012646,698.0879301,0.6493810793,0.6589919467
visual_neutral,1750,10,46,0.6326530612,534.6348367,491.7402449,697.2474019,0.6523862228,696.2540692,698.2407347,0.647580789,0.6571916565
visual_neutral,1751,10,46,0.6530612245,534.7287347,491.968898,697.4002065,0.6505859325,696.4068737,698.3935393,0.6457804988,0.6553913663
visual_neutral,1752,10,46,0.6734693878,534.8226327,492.197551,697.5530111,0.6487856423,696.5596783,698.5463438,0.6439802086,0.6535910761
visual_neutral,1753,10,46,0.693877551,534.9165306,492.4262041,697.7058157,0.6469853521,696.7124829,698.6991484,0.6421799184,0.6517907858
visual_neutral,1754,10,46,0.7142857143,535.0104286,492.6548571,697.8586203,0.6451850619,696.8652875,698.851953,0.6403796281,0.6499904956
visual_neutral,1755,10,46,0.7346938776,535.1043265,492.8835102,698.0114248,0.6433847716,697.0180921,699.0047576,0.6385793379,0.6481902054
visual_neutral,1756,10,46,0.7551020408,535.1982245,493.1121633,698.1642294,0.6415844814,697.1708967,699.1575622,0.6367790477,0.6463899152
visual_neutral,1757,10,46,0.7755102041,535.2921224,493.3408163,698.317034,0.6397841912,697.3237013,699.3103668,0.6349787575,0.6445896249
visual_neutral,1758,10,46,0.7959183673,535.3860204,493.5694694,698.4698386,0.637983901,697.4765058,699.4631714,0.6331784672,0.6427893347
visual_neutral,1759,10,46,0.8163265306,535.4799184,493.7981224,698.6226432,0.6361836107,697.6293104,699.6159759,0.631378177,0.6409890445
visual_neutral,1760,10,46,0.8367346939,535.5738163,494.0267755,698.7754478,0.6343833205,697.782115,699.7687805,0.6295778868,0.6391887543
visual_neutral,1761,10,46,0.8571428571,535.6677143,494.2554286,698.9282523,0.6325830303,697.9349196,699.9215851,0.6277775966,0.637388464
visual_neutral,1762,10,46,0.8775510204,535.7616122,494.4840816,699.0810569,0.6307827401,698.0877242,700.0743897,0.6259773063,0.6355881738
visual_neutral,1763,10,46,0.8979591837,535.8555102,494.7127347,699.2338615,0.6289824498,698.2405288,700.2271943,0.6241770161,0.6337878836
visual_neutral,1764,10,46,0.9183673469,535.9494082,494.9413878,699.3866661,0.6271821596,698.3933333,700.3799989,0.6223767259,0.6319875934
visual_neutral,1765,10,46,0.9387755102,536.0433061,495.1700408,699.5394707,0.6253818694,698.5461379,700.5328034,0.6205764357,0.6301873031
visual_neutral,1766,10,46,0.9591836735,536.1372041,495.3986939,699.6922753,0.6235815792,698.6989425,700.685608,0.6187761454,0.6283870129
visual_neutral,1767,10,46,0.9795918367,536.231102,495.6273469,699.8450799,0.6217812889,698.8517471,700.8384126,0.6169758552,0.6265867227
visual_neutral,1768,10,46,1,536.325,495.856,699.9978844,0.6199809987,699.0045517,700.9912172,0.615175565,0.6247864325
