curve,point_index,source_curve_index,source_path_segment,segment_t,pdf_x_pt,pdf_y_pt,wavelength_nm,log10_sensitivity,x_low_graphic,x_high_graphic,y_low_graphic,y_high_graphic,sensitivity_cm2_per_erg
yellow_forming,0,4,29,1,138.961,453.189,410.0051329,0.5699112705,408.4853709,411.524895,0.5537604304,0.5860621106,3.714593295
yellow_forming,1,4,29,0.9583333333,138.9892083,452.9456667,410.0753167,0.5763371006,408.5555546,411.5950788,0.5601862605,0.5924879407,3.76996311
yellow_forming,2,4,29,0.9166666667,139.0174167,452.7023333,410.1455005,0.5827629307,408.6257384,411.6652626,0.5666120906,0.5989137708,3.826158269
yellow_forming,3,4,29,0.875,139.045625,452.459,410.2156843,0.5891887607,408.6959222,411.7354463,0.5730379206,0.6053396009,3.883191074
yellow_forming,4,4,29,0.8333333333,139.0738333,452.2156667,410.2858681,0.5956145908,408.766106,411.8056301,0.5794637507,0.6117654309,3.941074012
yellow_forming,5,4,29,0.7916666667,139.1020417,451.9723333,410.3560518,0.6020404209,408.8362898,411.8758139,0.5858895808,0.618191261,3.999819754
yellow_forming,6,4,29,0.75,139.13025,451.729,410.4262356,0.608466251,408.9064735,411.9459977,0.5923154109,0.6246170911,4.059441161
yellow_forming,7,4,29,0.7083333333,139.1584583,451.4856667,410.4964194,0.614892081,408.9766573,412.0161815,0.5987412409,0.6310429212,4.119951286
yellow_forming,8,4,29,0.6666666667,139.1866667,451.2423333,410.5666032,0.6213179111,409.0468411,412.0863652,0.605167071,0.6374687512,4.181363377
yellow_forming,9,4,29,0.625,139.214875,450.999,410.636787,0.6277437412,409.1170249,412.156549,0.6115929011,0.6438945813,4.243690878
yellow_forming,10,4,29,0.5833333333,139.2430833,450.7556667,410.7069707,0.6341695713,409.1872087,412.2267328,0.6180187311,0.6503204114,4.306947434
yellow_forming,11,4,29,0.5416666667,139.2712917,450.5123333,410.7771545,0.6405954013,409.2573925,412.2969166,0.6244445612,0.6567462415,4.371146894
yellow_forming,12,4,29,0.5,139.2995,450.269,410.8473383,0.6470212314,409.3275762,412.3671004,0.6308703913,0.6631720715,4.436303312
yellow_forming,13,4,29,0.4583333333,139.3277083,450.0256667,410.9175221,0.6534470615,409.39776,412.4372841,0.6372962214,0.6695979016,4.502430954
yellow_forming,14,4,29,0.4166666667,139.3559167,449.7823333,410.9877059,0.6598728916,409.4679438,412.5074679,0.6437220514,0.6760237317,4.569544295
yellow_forming,15,4,29,0.375,139.384125,449.539,411.0578896,0.6662987216,409.5381276,412.5776517,0.6501478815,0.6824495618,4.63765803
yellow_forming,16,4,29,0.3333333333,139.4123333,449.2956667,411.1280734,0.6727245517,409.6083114,412.6478355,0.6565737116,0.6888753918,4.70678707
yellow_forming,17,4,29,0.2916666667,139.4405417,449.0523333,411.1982572,0.6791503818,409.6784951,412.7180193,0.6629995417,0.6953012219,4.776946548
yellow_forming,18,4,29,0.25,139.46875,448.809,411.268441,0.6855762119,409.7486789,412.7882031,0.6694253717,0.701727052,4.848151826
yellow_forming,19,4,29,0.2083333333,139.4969583,448.5656667,411.3386248,0.6920020419,409.8188627,412.8583868,0.6758512018,0.708152882,4.920418491
yellow_forming,20,4,29,0.1666666667,139.5251667,448.3223333,411.4088085,0.698427872,409.8890465,412.9285706,0.6822770319,0.7145787121,4.993762365
yellow_forming,21,4,29,0.125,139.553375,448.079,411.4789923,0.7048537021,409.9592303,412.9987544,0.688702862,0.7210045422,5.068199504
yellow_forming,22,4,29,0.08333333333,139.5815833,447.8356667,411.5491761,0.7112795322,410.029414,413.0689382,0.695128692,0.7274303723,5.143746205
yellow_forming,23,4,29,0.04166666667,139.6097917,447.5923333,411.6193599,0.7177053622,410.0995978,413.139122,0.7015545221,0.7338562023,5.220419007
yellow_forming,24,4,28,1,139.638,447.349,411.6895437,0.7241311923,410.1697816,413.2093057,0.7079803522,0.7402820324,5.298234696
yellow_forming,25,4,28,0.9444444444,139.6828333,447.111,411.8010913,0.7304161823,410.2813292,413.3208534,0.7142653421,0.7465670224,5.37546678
yellow_forming,26,4,28,0.8888888889,139.7276667,446.873,411.9126389,0.7367011722,410.3928769,413.432401,0.7205503321,0.7528520123,5.453824672
yellow_forming,27,4,28,0.8333333333,139.7725,446.635,412.0241866,0.7429861622,410.5044245,413.5439486,0.7268353221,0.7591370023,5.533324782
yellow_forming,28,4,28,0.7777777778,139.8173333,446.397,412.1357342,0.7492711522,410.6159721,413.6554963,0.733120312,0.7654219923,5.613983762
yellow_forming,29,4,28,0.7222222222,139.8621667,446.159,412.2472818,0.7555561421,410.7275198,413.7670439,0.739405302,0.7717069822,5.695818504
yellow_forming,30,4,28,0.6666666667,139.907,445.921,412.3588295,0.7618411321,410.8390674,413.8785915,0.745690292,0.7779919722,5.778846146
yellow_forming,31,4,28,0.6111111111,139.9518333,445.683,412.4703771,0.768126122,410.950615,413.9901392,0.7519752819,0.7842769622,5.863084077
yellow_forming,32,4,28,0.5555555556,139.9966667,445.445,412.5819247,0.774411112,411.0621627,414.1016868,0.7582602719,0.7905619521,5.94854994
yellow_forming,33,4,28,0.5,140.0415,445.207,412.6934724,0.780696102,411.1737103,414.2132344,0.7645452619,0.7968469421,6.035261635
yellow_forming,34,4,28,0.4444444444,140.0863333,444.969,412.80502,0.7869810919,411.285258,414.3247821,0.7708302518,0.803131932,6.123237321
yellow_forming,35,4,28,0.3888888889,140.1311667,444.731,412.9165676,0.7932660819,411.3968056,414.4363297,0.7771152418,0.809416922,6.212495425
yellow_forming,36,4,28,0.3333333333,140.176,444.493,413.0281153,0.7995510719,411.5083532,414.5478773,0.7834002317,0.815701912,6.303054638
yellow_forming,37,4,28,0.2777777778,140.2208333,444.255,413.1396629,0.8058360618,411.6199009,414.659425,0.7896852217,0.8219869019,6.394933929
yellow_forming,38,4,28,0.2222222222,140.2656667,444.017,413.2512106,0.8121210518,411.7314485,414.7709726,0.7959702117,0.8282718919,6.488152539
yellow_forming,39,4,28,0.1666666667,140.3105,443.779,413.3627582,0.8184060417,411.8429961,414.8825203,0.8022552016,0.8345568819,6.582729992
yellow_forming,40,4,28,0.1111111111,140.3553333,443.541,413.4743058,0.8246910317,411.9545438,414.9940679,0.8085401916,0.8408418718,6.678686096
yellow_forming,41,4,28,0.05555555556,140.4001667,443.303,413.5858535,0.8309760217,412.0660914,415.1056155,0.8148251816,0.8471268618,6.776040946
yellow_forming,42,4,27,1,140.445,443.065,413.6974011,0.8372610116,412.177639,415.2171632,0.8211101715,0.8534118517,6.874814933
yellow_forming,43,4,27,0.9230769231,140.5142308,442.8368462,413.8696508,0.8432859891,412.3498887,415.3894129,0.827135149,0.8594368292,6.970854036
yellow_forming,44,4,27,0.8461538462,140.5834615,442.6086923,414.0419005,0.8493109665,412.5221384,415.5616626,0.8331601264,0.8654618066,7.068234777
yellow_forming,45,4,27,0.7692307692,140.6526923,442.3805385,414.2141502,0.855335944,412.6943881,415.7339123,0.8391851039,0.8714867841,7.166975898
yellow_forming,46,4,27,0.6923076923,140.7219231,442.1523846,414.3863999,0.8613609214,412.8666379,415.906162,0.8452100813,0.8775117615,7.267096403
yellow_forming,47,4,27,0.6153846154,140.7911538,441.9242308,414.5586496,0.8673858989,413.0388876,416.0784117,0.8512350588,0.883536739,7.368615561
yellow_forming,48,4,27,0.5384615385,140.8603846,441.6960769,414.7308993,0.8734108763,413.2111373,416.2506614,0.8572600362,0.8895617164,7.471552911
yellow_forming,49,4,27,0.4615384615,140.9296154,441.4679231,414.903149,0.8794358538,413.383387,416.4229111,0.8632850137,0.8955866939,7.575928265
yellow_forming,50,4,27,0.3846153846,140.9988462,441.2397692,415.0753987,0.8854608312,413.5556367,416.5951608,0.8693099911,0.9016116713,7.681761712
yellow_forming,51,4,27,0.3076923077,141.0680769,441.0116154,415.2476485,0.8914858087,413.7278864,416.7674105,0.8753349686,0.9076366488,7.78907362
yellow_forming,52,4,27,0.2307692308,141.1373077,440.7834615,415.4198982,0.8975107861,413.9001361,416.9396602,0.881359946,0.9136616262,7.897884643
yellow_forming,53,4,27,0.1538461538,141.2065385,440.5553077,415.5921479,0.9035357636,414.0723858,417.1119099,0.8873849235,0.9196866037,8.008215724
yellow_forming,54,4,27,0.07692307692,141.2757692,440.3271538,415.7643976,0.909560741,414.2446355,417.2841596,0.8934099009,0.9257115811,8.120088097
yellow_forming,55,4,26,1,141.345,440.099,415.9366473,0.9155857185,414.4168852,417.4564093,0.8994348784,0.9317365586,8.233523293
yellow_forming,56,4,26,0.8888888889,141.4522222,439.8925556,416.2034217,0.9210374045,414.6836596,417.7231837,0.9048865643,0.9371882446,8.337529901
yellow_forming,57,4,26,0.7777777778,141.5594444,439.6861111,416.4701961,0.9264890904,414.950434,417.9899581,0.9103382503,0.9426399305,8.44285033
yellow_forming,58,4,26,0.6666666667,141.6666667,439.4796667,416.7369705,0.9319407764,415.2172084,418.2567325,0.9157899363,0.9480916165,8.549501176
yellow_forming,59,4,26,0.5555555556,141.7738889,439.2732222,417.0037448,0.9373924624,415.4839828,418.5235069,0.9212416223,0.9535433025,8.657499245
yellow_forming,60,4,26,0.4444444444,141.8811111,439.0667778,417.2705192,0.9428441483,415.7507572,418.7902813,0.9266933082,0.9589949885,8.766861556
yellow_forming,61,4,26,0.3333333333,141.9883333,438.8603333,417.5372936,0.9482958343,416.0175316,419.0570557,0.9321449942,0.9644466744,8.877605341
yellow_forming,62,4,26,0.2222222222,142.0955556,438.6538889,417.804068,0.9537475203,416.284306,419.3238301,0.9375966802,0.9698983604,8.989748052
yellow_forming,63,4,26,0.1111111111,142.2027778,438.4474444,418.0708424,0.9591992063,416.5510803,419.5906045,0.9430483661,0.9753500464,9.103307359
yellow_forming,64,4,25,1,142.31,438.241,418.3376168,0.9646508922,416.8178547,419.8573789,0.9485000521,0.9808017323,9.218301158
yellow_forming,65,4,25,0.8333333333,142.4755,438.079,418.7493893,0.9689289106,417.2296272,420.2691514,0.9527780705,0.9850797507,9.309554755
yellow_forming,66,4,25,0.6666666667,142.641,437.917,419.1611618,0.973206929,417.6413997,420.6809239,0.9570560889,0.9893577691,9.401711687
yellow_forming,67,4,25,0.5,142.8065,437.755,419.5729343,0.9774849474,418.0531722,421.0926964,0.9613341072,0.9936357875,9.494780897
yellow_forming,68,4,25,0.3333333333,142.972,437.593,419.9847068,0.9817629657,418.4649447,421.5044688,0.9656121256,0.9979138059,9.588771416
yellow_forming,69,4,25,0.1666666667,143.1375,437.431,420.3964793,0.9860409841,418.8767172,421.9162413,0.969890144,1.002191824,9.683692364
yellow_forming,70,4,24,1,143.303,437.269,420.8082518,0.9903190025,419.2884897,422.3280138,0.9741681624,1.006469843,9.779552951
yellow_forming,71,4,24,0.8,143.5018,437.207,421.3028764,0.9919562688,419.7831143,422.8226384,0.9758054287,1.008107109,9.81649091
yellow_forming,72,4,24,0.6,143.7006,437.145,421.797501,0.9935935351,420.2777389,423.317263,0.977442695,1.009744375,9.853568387
yellow_forming,73,4,24,0.4,143.8994,437.083,422.2921256,0.9952308014,420.7723635,423.8118876,0.9790799613,1.011381641,9.890785907
yellow_forming,74,4,24,0.2,144.0982,437.021,422.7867502,0.9968680677,421.2669881,424.3065122,0.9807172275,1.013018908,9.928144001
yellow_forming,75,4,23,1,144.297,436.959,423.2813748,0.998505334,421.7616127,424.8011368,0.9823544938,1.014656174,9.965643198
yellow_forming,76,4,23,0.75,144.53825,436.9915,423.8816172,0.9976470895,422.3618551,425.4013792,0.9814962494,1.01379793,9.945968731
yellow_forming,77,4,23,0.5,144.7795,437.024,424.4818595,0.9967888451,422.9620975,426.0016216,0.980638005,1.012939685,9.926333107
yellow_forming,78,4,23,0.25,145.02075,437.0565,425.0821019,0.9959306007,423.5623399,426.601864,0.9797797606,1.012081441,9.906736247
yellow_forming,79,4,22,1,145.262,437.089,425.6823443,0.9950723562,424.1625822,427.2021064,0.9789215161,1.011223196,9.887178077
yellow_forming,80,4,22,0.75,145.48875,437.179,426.2465099,0.9926956794,424.7267479,427.766272,0.9765448393,1.008846519,9.833218269
yellow_forming,81,4,22,0.5,145.7155,437.269,426.8106756,0.9903190025,425.2909135,428.3304376,0.9741681624,1.006469843,9.779552951
yellow_forming,82,4,22,0.25,145.94225,437.359,427.3748412,0.9879423256,425.8550792,428.8946033,0.9717914855,1.004093166,9.726180514
yellow_forming,83,4,21,1,146.169,437.449,427.9390069,0.9855656487,426.4192448,429.4587689,0.9694148086,1.001716489,9.673099359
yellow_forming,84,4,21,0.75,146.3725,437.548,428.4453253,0.9829513042,426.9255632,429.9650874,0.9668004641,0.9991021443,9.615044624
yellow_forming,85,4,21,0.5,146.576,437.647,428.9516437,0.9803369596,427.4318817,430.4714058,0.9641861195,0.9964877997,9.557338314
yellow_forming,86,4,21,0.25,146.7795,437.746,429.4579622,0.977722615,427.9382001,430.9777243,0.9615717749,0.9938734552,9.499978339
yellow_forming,87,4,20,1,146.983,437.845,429.9642806,0.9751082705,428.4445186,431.4840427,0.9589574304,0.9912591106,9.442962619
yellow_forming,88,4,20,0.75,147.16475,437.94575,430.416484,0.9724477128,428.8967219,431.936246,0.9562968726,0.9885985529,9.385290349
yellow_forming,89,4,20,0.5,147.3465,438.0465,430.8686873,0.969787155,429.3489252,432.3884494,0.9536363149,0.9859379951,9.327970308
yellow_forming,90,4,20,0.25,147.52825,438.14725,431.3208906,0.9671265973,429.8011286,432.8406527,0.9509757572,0.9832774374,9.271000346
yellow_forming,91,4,19,1,147.71,438.248,431.7730939,0.9644660396,430.2533319,433.292856,0.9483151995,0.9806168797,9.214378325
yellow_forming,92,4,19,0.75,147.8755,438.3525,432.1848664,0.9617064536,430.6651044,433.7046285,0.9455556135,0.9778572938,9.156014118
yellow_forming,93,4,19,0.5,148.041,438.457,432.5966389,0.9589468677,431.0768769,434.116401,0.9427960276,0.9750977078,9.098019592
yellow_forming,94,4,19,0.25,148.2065,438.5615,433.0084114,0.9561872818,431.4886494,434.5281735,0.9400364417,0.9723381219,9.040392406
yellow_forming,95,4,18,1,148.372,438.666,433.4201839,0.9534276959,431.9004219,434.939946,0.9372768557,0.969578536,8.983130232
yellow_forming,96,4,18,0.6666666667,148.5736667,438.805,433.9219409,0.9497570505,432.4021789,435.441703,0.9336062103,0.9659078906,8.907525011
yellow_forming,97,4,18,0.3333333333,148.7753333,438.944,434.423698,0.9460864051,432.9039359,435.94346,0.9299355649,0.9622372452,8.832556111
yellow_forming,98,4,17,1,148.977,439.083,434.925455,0.9424157597,433.4056929,436.445217,0.9262649196,0.9585665998,8.758218175
yellow_forming,99,4,17,0.6666666667,149.1616667,439.227,435.3849151,0.9386130767,433.865153,436.9046772,0.9224622365,0.9547639168,8.681865964
yellow_forming,100,4,17,0.3333333333,149.3463333,439.371,435.8443753,0.9348103937,434.3246132,437.3641373,0.9186595535,0.9509612338,8.606179375
yellow_forming,101,4,16,1,149.531,439.515,436.3038354,0.9310077107,434.7840733,437.8235975,0.9148568705,0.9471585508,8.531152605
yellow_forming,102,4,16,0.96875,149.6300177,439.596941,436.5501964,0.9288438509,435.0304344,438.0699585,0.9126930108,0.9449946911,8.4887521
yellow_forming,103,4,16,0.9375,149.728696,439.6799814,436.7957133,0.9266509597,435.2759512,438.3154754,0.9105001196,0.9428017998,8.445997717
yellow_forming,104,4,16,0.90625,149.8270357,439.7640721,437.0403874,0.9244303328,435.5206253,438.5601494,0.9082794927,0.9405811729,8.402922012
yellow_forming,105,4,16,0.875,149.9250371,439.8491641,437.28422,0.9221832662,435.7644579,438.803982,0.9060324261,0.9383341063,8.359557055
yellow_forming,106,4,16,0.84375,150.0227009,439.9352081,437.5272125,0.9199110557,436.0074504,439.0469745,0.9037602156,0.9360618958,8.315934418
yellow_forming,107,4,16,0.8125,150.1200276,440.0221553,437.7693663,0.9176149972,436.2496042,439.2891283,0.9014641571,0.9337658373,8.272085168
yellow_forming,108,4,16,0.78125,150.2170177,440.1099564,438.0106827,0.9152963866,436.4909207,439.5304448,0.8991455465,0.9314472267,8.228039853
yellow_forming,109,4,16,0.75,150.3136719,440.1985625,438.2511632,0.9129565197,436.7314011,439.7709253,0.8968056796,0.9291073598,8.183828499
yellow_forming,110,4,16,0.71875,150.4099906,440.2879244,438.4908091,0.9105966924,436.971047,440.0105711,0.8944458523,0.9267475325,8.139480601
yellow_forming,111,4,16,0.6875,150.5059744,440.3779932,438.7296217,0.9082182007,437.2098596,440.2493837,0.8920673606,0.9243690408,8.095025118
yellow_forming,112,4,16,0.65625,150.6016238,440.4687196,438.9676024,0.9058223403,437.4478403,440.4873645,0.8896715002,0.9219731804,8.050490472
yellow_forming,113,4,16,0.625,150.6969395,440.5600547,439.2047526,0.9034104072,437.6849905,440.7245147,0.8872595671,0.9195612473,8.005904536
yellow_forming,114,4,16,0.59375,150.7919218,440.6519493,439.4410737,0.9009836972,437.9213116,440.9608357,0.8848328571,0.9171345373,7.961294643
yellow_forming,115,4,16,0.5625,150.8865715,440.7443545,439.6765669,0.8985435063,438.1568049,441.196329,0.8823926662,0.9146943464,7.916687576
yellow_forming,116,4,16,0.53125,150.9808891,440.8372211,439.9112338,0.8960911302,438.3914717,441.4309959,0.8799402901,0.9122419703,7.872109568
yellow_forming,117,4,16,0.5,151.074875,440.9305,440.1450756,0.8936278649,438.6253136,441.6648377,0.8774770248,0.909778705,7.827586308
yellow_forming,118,4,16,0.46875,151.1685299,441.0241422,440.3780938,0.8911550062,438.8583317,441.8978558,0.8750041661,0.9073058463,7.783142935
yellow_forming,119,4,16,0.4375,151.2618542,441.1180986,440.6102896,0.8886738501,439.0905275,442.1300517,0.87252301,0.9048246902,7.738804047
yellow_forming,120,4,16,0.40625,151.3548487,441.2123202,440.8416645,0.8861856923,439.3219024,442.3614265,0.8700348522,0.9023365325,7.694593696
yellow_forming,121,4,16,0.375,151.4475137,441.3067578,441.0722198,0.8836918289,439.5524577,442.5919818,0.8675409887,0.899842669,7.650535397
yellow_forming,122,4,16,0.34375,151.5398498,441.4013624,441.3019569,0.8811935555,439.7821948,442.8217189,0.8650427154,0.8973443957,7.606652132
yellow_forming,123,4,16,0.3125,151.6318577,441.496085,441.5308771,0.8786921682,440.011115,443.0506392,0.8625413281,0.8948430084,7.562966353
yellow_forming,124,4,16,0.28125,151.7235378,441.5908763,441.7589818,0.8761889628,440.2392198,443.2787439,0.8600381227,0.892339803,7.519499986
yellow_forming,125,4,16,0.25,151.8148906,441.6856875,441.9862725,0.8736852352,440.4665104,443.5060346,0.8575343951,0.8898360754,7.476274442
yellow_forming,126,4,16,0.21875,151.9059168,441.7804694,442.2127504,0.8711822813,440.6929883,443.7325124,0.8550314412,0.8873331214,7.43331062
yellow_forming,127,4,16,0.1875,151.9966169,441.8751729,442.4384169,0.8686813969,440.9186548,443.958179,0.8525305567,0.884832237,7.390628916
yellow_forming,128,4,16,0.15625,152.0869915,441.9697489,442.6632734,0.8661838779,441.1435113,444.1830355,0.8500330377,0.882334718,7.348249231
yellow_forming,129,4,16,0.125,152.177041,442.0641484,442.8873212,0.8636910201,441.3675592,444.4070833,0.84754018,0.8798418603,7.306190978
yellow_forming,130,4,16,0.09375,152.2667661,442.1583224,443.1105618,0.8612041196,441.5907998,444.6303239,0.8450532795,0.8773549597,7.264473094
yellow_forming,131,4,16,0.0625,152.3561672,442.2522217,443.3329965,0.8587244721,441.8132344,444.8527585,0.842573632,0.8748753122,7.223114047
yellow_forming,132,4,16,0.03125,152.445245,442.3457972,443.5546266,0.8562533735,442.0348645,445.0743887,0.8401025334,0.8724042136,7.182131847
yellow_forming,133,4,15,1,152.534,442.439,443.7754535,0.8537921197,442.2556915,445.2952156,0.8376412796,0.8699429598,7.141544056
yellow_forming,134,4,15,0.6666666667,152.6996667,442.6166667,444.1876407,0.8491003835,442.6678786,445.7074028,0.8329495434,0.8652512236,7.064808324
yellow_forming,135,4,15,0.3333333333,152.8653333,442.7943333,444.5998279,0.8444086473,443.0800658,446.1195899,0.8282578072,0.8605594874,6.988897117
yellow_forming,136,4,14,1,153.031,442.972,445.012015,0.8397169111,443.492253,446.5317771,0.823566071,0.8558677512,6.913801573
yellow_forming,137,4,14,0.6666666667,153.1966667,443.152,445.4242022,0.8349635573,443.9044401,446.9439643,0.8188127172,0.8511143974,6.83854261
yellow_forming,138,4,14,0.3333333333,153.3623333,443.332,445.8363894,0.8302102036,444.3166273,447.3561514,0.8140593634,0.8463610437,6.764102866
yellow_forming,139,4,13,1,153.528,443.512,446.2485765,0.8254568498,444.7288145,447.7683386,0.8093060097,0.8416076899,6.690473422
yellow_forming,140,4,13,0.6666666667,153.696,443.692,446.6665692,0.8207034961,445.1468071,448.1863312,0.8045526559,0.8368543362,6.617645459
yellow_forming,141,4,13,0.3333333333,153.864,443.872,447.0845618,0.8159501423,445.5647997,448.6043238,0.7997993022,0.8321009824,6.545610251
yellow_forming,142,4,12,1,154.032,444.052,447.5025544,0.8111967886,445.9827923,449.0223165,0.7950459484,0.8273476287,6.47435917
yellow_forming,143,4,12,0.984375,154.1557038,444.1885803,447.8103358,0.8075900427,446.2905738,449.3300979,0.7914392025,0.8237408828,6.42081331
yellow_forming,144,4,12,0.96875,154.2801413,444.3245844,448.1199426,0.80399851,446.6001805,449.6397047,0.7878476699,0.8201493501,6.367933362
yellow_forming,145,4,12,0.953125,154.4052857,444.4600326,448.4313085,0.80042166,446.9115464,449.9510705,0.7842708198,0.8165725001,6.315702435
yellow_forming,146,4,12,0.9375,154.5311106,444.5949448,448.7443672,0.7968589618,447.2246051,450.2641292,0.7807081217,0.8130098019,6.264104033
yellow_forming,147,4,12,0.921875,154.6575892,444.7293413,449.0590525,0.7933098848,447.5392905,450.5788146,0.7771590447,0.8094607249,6.213122048
yellow_forming,148,4,12,0.90625,154.784695,444.863242,449.3752983,0.7897738984,447.8555362,450.8950603,0.7736230583,0.8059247385,6.162740749
yellow_forming,149,4,12,0.890625,154.9124014,444.9966671,449.6930382,0.7862504718,448.1732761,451.2128003,0.7700996317,0.8024013119,6.112944768
yellow_forming,150,4,12,0.875,155.0406816,445.1296367,450.0122061,0.7827390744,448.492444,451.5319682,0.7665882343,0.7988899145,6.063719099
yellow_forming,151,4,12,0.859375,155.1695092,445.2621709,450.3327357,0.7792391755,448.8129736,451.8524977,0.7630883354,0.7953900156,6.015049083
yellow_forming,152,4,12,0.84375,155.2988575,445.3942897,450.6545608,0.7757502444,449.1347987,452.1743228,0.7595994043,0.7919010845,5.966920402
yellow_forming,153,4,12,0.828125,155.4286998,445.5260133,450.9776151,0.7722717504,449.457853,452.4973772,0.7561209103,0.7884225906,5.91931907
yellow_forming,154,4,12,0.8125,155.5590095,445.6573618,451.3018325,0.7688031629,449.7820704,452.8215945,0.7526523228,0.784954003,5.872231426
yellow_forming,155,4,12,0.796875,155.6897601,445.7883552,451.6271466,0.7653439511,450.1073846,453.1469087,0.749193111,0.7814947913,5.825644126
yellow_forming,156,4,12,0.78125,155.8209249,445.9190137,451.9534914,0.7618935845,450.4337293,453.4732534,0.7457427444,0.7780444246,5.779544134
yellow_forming,157,4,12,0.765625,155.9524773,446.0493574,452.2808004,0.7584515322,450.7610384,453.8005625,0.7423006921,0.7746023723,5.733918717
yellow_forming,158,4,12,0.75,156.0843906,446.1794062,452.6090076,0.7550172636,451.0892455,454.1287697,0.7388664235,0.7711681038,5.688755438
yellow_forming,159,4,12,0.734375,156.2166383,446.3091805,452.9380467,0.7515902481,451.4182846,454.4578087,0.735439408,0.7677410883,5.644042146
yellow_forming,160,4,12,0.71875,156.3491938,446.4387001,453.2678514,0.748169955,451.7480893,454.7876135,0.7320191149,0.7643207951,5.599766976
yellow_forming,161,4,12,0.703125,156.4820303,446.5679853,453.5983555,0.7447558535,452.0785935,455.1181176,0.7286050134,0.7609066936,5.555918335
yellow_forming,162,4,12,0.6875,156.6151213,446.6970562,453.9294929,0.7413474131,452.4097308,455.4492549,0.7251965729,0.7574982532,5.512484903
yellow_forming,163,4,12,0.671875,156.7484403,446.8259327,454.2611972,0.7379441029,452.7414351,455.7809592,0.7217932628,0.754094943,5.469455622
yellow_forming,164,4,12,0.65625,156.8819604,446.9546351,454.5934022,0.7345453924,453.0736401,456.1131643,0.7183945523,0.7506962325,5.426819694
yellow_forming,165,4,12,0.640625,157.0156552,447.0831834,454.9260417,0.7311507508,453.4062797,456.4458038,0.7149999107,0.747301591,5.384566573
yellow_forming,166,4,12,0.625,157.149498,447.2115977,455.2590495,0.7277596476,453.7392875,456.7788116,0.7116088074,0.7439104877,5.342685963
yellow_forming,167,4,12,0.609375,157.2834623,447.3398981,455.5923594,0.7243715519,454.0725973,457.1121215,0.7082207118,0.740522392,5.301167807
yellow_forming,168,4,12,0.59375,157.4175213,447.4681047,455.9259051,0.7209859331,454.406143,457.4456671,0.704835093,0.7371367732,5.260002288
yellow_forming,169,4,12,0.578125,157.5516484,447.5962376,456.2596203,0.7176022606,454.7398583,457.7793824,0.7014514205,0.7337531007,5.219179825
yellow_forming,170,4,12,0.5625,157.6858171,447.7243169,456.593439,0.7142200036,455.0736769,458.113201,0.6980691635,0.7303708437,5.178691061
yellow_forming,171,4,12,0.546875,157.8200008,447.8523627,456.9272947,0.7108386315,455.4075327,458.4470568,0.6946877914,0.7269894716,5.138526865
yellow_forming,172,4,12,0.53125,157.9541727,447.9803951,457.2611214,0.7074576135,455.7413593,458.7808834,0.6913067734,0.7236084537,5.098678329
yellow_forming,173,4,12,0.515625,158.0883063,448.1084342,457.5948527,0.7040764191,456.0750906,459.1146148,0.687925579,0.7202272592,5.059136755
yellow_forming,174,4,12,0.5,158.222375,448.2365,457.9284225,0.7006945175,456.4086604,459.4481845,0.6845436774,0.7168453577,5.019893663
yellow_forming,175,4,12,0.484375,158.3563521,448.3646127,458.2617644,0.6973113781,456.7420024,459.7815265,0.681160538,0.7134622182,4.980940778
yellow_forming,176,4,12,0.46875,158.4902111,448.4927924,458.5948124,0.6939264701,457.0750503,460.1145745,0.67777563,0.7100773103,4.942270029
yellow_forming,177,4,12,0.453125,158.6239253,448.6210592,458.9275001,0.6905392629,457.407738,460.4472622,0.6743884228,0.7066901031,4.903873549
yellow_forming,178,4,12,0.4375,158.757468,448.7494331,459.2597613,0.6871492259,457.7399993,460.7795234,0.6709983858,0.703300066,4.865743665
yellow_forming,179,4,12,0.421875,158.8908127,448.8779343,459.5915299,0.6837558282,458.0717678,461.1112919,0.6676049881,0.6999066683,4.8278729
yellow_forming,180,4,12,0.40625,159.0239328,449.0065828,459.9227395,0.6803585393,458.4029774,461.4425015,0.6642076992,0.6965093794,4.790253968
yellow_forming,181,4,12,0.390625,159.1568016,449.1353988,460.2533239,0.6769568284,458.7335618,461.773086,0.6608059883,0.6931076686,4.75287977
yellow_forming,182,4,12,0.375,159.2893926,449.2644023,460.583217,0.673550165,459.0634549,462.102979,0.6573993249,0.6897010051,4.715743393
yellow_forming,183,4,12,0.359375,159.421679,449.3936135,460.9123524,0.6701380182,459.3925903,462.4321144,0.6539871781,0.6862888583,4.678838105
yellow_forming,184,4,12,0.34375,159.5536343,449.5230524,461.2406639,0.6667198574,459.7209019,462.760426,0.6505690173,0.6828706976,4.642157353
yellow_forming,185,4,12,0.328125,159.6852319,449.6527392,461.5680854,0.663295152,460.0483234,463.0878475,0.6471443119,0.6794459921,4.605694761
yellow_forming,186,4,12,0.3125,159.8164451,449.7826938,461.8945506,0.6598633713,460.3747885,463.4143127,0.6437125312,0.6760142114,4.569444126
yellow_forming,187,4,12,0.296875,159.9472473,449.9129365,462.2199932,0.6564239845,460.7002312,463.7397553,0.6402731444,0.6725748246,4.533399418
yellow_forming,188,4,12,0.28125,160.0776119,450.0434874,462.5443471,0.652976461,461.024585,464.0641092,0.6368256209,0.6691273011,4.497554772
yellow_forming,189,4,12,0.265625,160.2075123,450.1743664,462.867546,0.6495202701,461.3477839,464.387308,0.63336943,0.6656711102,4.461904495
yellow_forming,190,4,12,0.25,160.3369219,450.3055937,463.1895236,0.6460548812,461.6697615,464.7092857,0.6299040411,0.6622057213,4.426443052
yellow_forming,191,4,12,0.234375,160.465814,450.4371895,463.5102138,0.6425797635,461.9904517,465.0299759,0.6264289234,0.6587306036,4.391165074
yellow_forming,192,4,12,0.21875,160.594162,450.5691738,463.8295503,0.6390943864,462.3097882,465.3493123,0.6229435463,0.6552452265,4.356065349
yellow_forming,193,4,12,0.203125,160.7219394,450.7015666,464.1474669,0.6355982192,462.6277048,465.6672289,0.6194473791,0.6517490593,4.321138826
yellow_forming,194,4,12,0.1875,160.8491194,450.8343882,464.4638973,0.6320907312,462.9441352,465.9836594,0.615939891,0.6482415713,4.286380605
yellow_forming,195,4,12,0.171875,160.9756755,450.9676585,464.7787754,0.6285713917,463.2590133,466.2985374,0.6124205516,0.6447222318,4.251785942
yellow_forming,196,4,12,0.15625,161.101581,451.1013978,465.0920348,0.62503967,463.5722727,466.6117969,0.6088888299,0.6411905102,4.217350245
yellow_forming,197,4,12,0.140625,161.2268094,451.235626,465.4036094,0.6214950356,463.8838474,466.9233715,0.6053441955,0.6376458757,4.18306907
yellow_forming,198,4,12,0.125,161.351334,451.3703633,465.713433,0.6179369576,464.1936709,467.2331951,0.6017861175,0.6340877977,4.148938121
yellow_forming,199,4,12,0.109375,161.4751282,451.5056298,466.0214393,0.6143649054,464.5016772,467.5412013,0.5982140653,0.6305157455,4.114953249
yellow_forming,200,4,12,0.09375,161.5981653,451.6414455,466.327562,0.6107783484,464.8077999,467.8473241,0.5946275083,0.6269291885,4.081110448
yellow_forming,201,4,12,0.078125,161.7204188,451.7778306,466.631735,0.6071767558,465.1119729,468.1514971,0.5910259156,0.6233275959,4.047405856
yellow_forming,202,4,12,0.0625,161.8418621,451.9148052,466.933892,0.6035595969,465.41413,468.4536541,0.5874087568,0.619710437,4.013835751
yellow_forming,203,4,12,0.046875,161.9624684,452.0523893,467.2339668,0.5999263411,465.7142048,468.7537289,0.583775501,0.6160771813,3.98039655
yellow_forming,204,4,12,0.03125,162.0822113,452.1906031,467.5318932,0.5962764578,466.0121311,469.0516553,0.5801256177,0.6124272979,3.947084807
yellow_forming,205,4,12,0.015625,162.201064,452.3294666,467.8276049,0.5926094161,466.3078428,469.347367,0.576458576,0.6087602563,3.913897214
yellow_forming,206,4,11,1,162.319,452.469,468.1210357,0.5889246855,466.6012736,469.6407978,0.5727738454,0.6050755257,3.880830596
yellow_forming,207,4,11,0.75,162.45225,452.63825,468.4525685,0.5844552126,466.9328065,469.9723306,0.5683043725,0.6006060527,3.841096452
yellow_forming,208,4,11,0.5,162.5855,452.8075,468.7841014,0.5799857397,467.2643393,470.3038634,0.5638348996,0.5961365798,3.801769128
yellow_forming,209,4,11,0.25,162.71875,452.97675,469.1156342,0.5755162668,467.5958722,470.6353963,0.5593654267,0.5916671069,3.76284446
yellow_forming,210,4,10,1,162.852,453.146,469.4471671,0.5710467939,467.927405,470.9669291,0.5548959538,0.587197634,3.724318325
yellow_forming,211,4,10,0.75,162.98525,453.326,469.7786999,0.5662934402,468.2589378,471.298462,0.5501426001,0.5824442803,3.683777917
yellow_forming,212,4,10,0.5,163.1185,453.506,470.1102327,0.5615400864,468.5904707,471.6299948,0.5453892463,0.5776909265,3.643678805
yellow_forming,213,4,10,0.25,163.25175,453.686,470.4417656,0.5567867327,468.9220035,471.9615276,0.5406358925,0.5729375728,3.604016185
yellow_forming,214,4,9,1,163.385,453.866,470.7732984,0.5520333789,469.2535363,472.2930605,0.5358825388,0.568184219,3.564785305
yellow_forming,215,4,9,0.75,163.5145,454.0585,471.0955011,0.5469499311,469.575739,472.6152631,0.530799091,0.5631007713,3.523302493
yellow_forming,216,4,9,0.5,163.644,454.251,471.4177037,0.5418664834,469.8979416,472.9374658,0.5257156433,0.5580173235,3.48230241
yellow_forming,217,4,9,0.25,163.7735,454.4435,471.7399064,0.5367830356,470.2201443,473.2596684,0.5206321955,0.5529338757,3.441779437
yellow_forming,218,4,8,1,163.903,454.636,472.062109,0.5316995878,470.5423469,473.5818711,0.5155487477,0.547850428,3.401728024
yellow_forming,219,4,8,0.75,164.03275,454.843,472.3849337,0.526233231,470.8651716,473.9046957,0.5100823909,0.5423840711,3.359179653
yellow_forming,220,4,8,0.5,164.1625,455.05,472.7077583,0.5207668742,471.1879963,474.2275204,0.5046160341,0.5369177143,3.317163471
yellow_forming,221,4,8,0.25,164.29225,455.257,473.030583,0.5153005174,471.5108209,474.550345,0.4991496773,0.5314513575,3.275672822
yellow_forming,222,4,7,1,164.422,455.464,473.3534076,0.5098341606,471.8336456,474.8731697,0.4936833205,0.5259850007,3.234701133
yellow_forming,223,4,7,0.9921875,164.5139602,455.6206987,473.5822092,0.505696136,472.0624471,475.1019713,0.4895452959,0.5218469761,3.20402677
yellow_forming,224,4,7,0.984375,164.6052044,455.7780858,473.8092296,0.5015399327,472.2894675,475.3289916,0.4853890925,0.5176907728,3.173510449
yellow_forming,225,4,7,0.9765625,164.6957394,455.9361524,474.0344852,0.497365785,472.5147232,475.5542473,0.4812149449,0.5135166251,3.143154905
yellow_forming,226,4,7,0.96875,164.7855717,456.0948897,474.2579926,0.4931739274,472.7382306,475.7777547,0.4770230873,0.5093247675,3.112962775
yellow_forming,227,4,7,0.9609375,164.874708,456.2542887,474.4797683,0.4889645942,472.9600063,475.9995304,0.4728137541,0.5051154343,3.082936604
yellow_forming,228,4,7,0.953125,164.9631549,456.4143407,474.6998288,0.4847380198,473.1800667,476.2195909,0.4685871797,0.5008888599,3.053078844
yellow_forming,229,4,7,0.9453125,165.0509191,456.5750366,474.9181905,0.4804944385,473.3984285,476.4379526,0.4643435984,0.4966452786,3.023391853
yellow_forming,230,4,7,0.9375,165.1380071,456.7363677,475.13487,0.4762340847,473.6151079,476.6546321,0.4600832445,0.4923849248,2.993877901
yellow_forming,231,4,7,0.9296875,165.2244256,456.898325,475.3498837,0.4719571927,473.8301216,476.8696458,0.4558063526,0.4881080328,2.964539168
yellow_forming,232,4,7,0.921875,165.3101812,457.0608998,475.5632482,0.4676639969,474.0434861,477.0830102,0.4515131568,0.4838148371,2.935377743
yellow_forming,233,4,7,0.9140625,165.3952807,457.224083,475.7749798,0.4633547318,474.2552178,477.2947419,0.4472038917,0.4795055719,2.906395629
yellow_forming,234,4,7,0.90625,165.4797304,457.3878659,475.9850953,0.4590296316,474.4653332,477.5048573,0.4428787914,0.4751804717,2.877594744
yellow_forming,235,4,7,0.8984375,165.5635372,457.5522396,476.1936109,0.4546889307,474.6738488,477.7133729,0.4385380905,0.4708397708,2.848976918
yellow_forming,236,4,7,0.890625,165.6467077,457.7171951,476.4005432,0.4503328634,474.8807811,477.9203053,0.4341820233,0.4664837035,2.820543899
yellow_forming,237,4,7,0.8828125,165.7292484,457.8827237,476.6059087,0.4459616642,475.0861467,478.1256708,0.4298108241,0.4621125043,2.79229735
yellow_forming,238,4,7,0.875,165.811166,458.0488164,476.809724,0.4415755674,475.2899619,478.329486,0.4254247273,0.4577264076,2.764238856
yellow_forming,239,4,7,0.8671875,165.8924672,458.2154644,477.0120054,0.4371748074,475.4922433,478.5317675,0.4210239673,0.4533256475,2.736369918
yellow_forming,240,4,7,0.859375,165.9731585,458.3826588,477.2127695,0.4327596185,475.6930074,478.7325316,0.4166087784,0.4489104586,2.708691959
yellow_forming,241,4,7,0.8515625,166.0532466,458.5503907,477.4120328,0.4283302351,475.8922707,478.9317949,0.412179395,0.4444810752,2.681206324
yellow_forming,242,4,7,0.84375,166.1327381,458.7186512,477.6098117,0.4238868916,476.0900497,479.1295738,0.4077360515,0.4400377317,2.653914282
yellow_forming,243,4,7,0.8359375,166.2116396,458.8874315,477.8061229,0.4194298223,476.2863608,479.3258849,0.4032789821,0.4355806624,2.626817024
yellow_forming,244,4,7,0.828125,166.2899579,459.0567227,478.0009826,0.4149592615,476.4812206,479.5207447,0.3988084214,0.4311101016,2.59991567
yellow_forming,245,4,7,0.8203125,166.3676994,459.2265159,478.1944076,0.4104754437,476.6746455,479.7141696,0.3943246036,0.4266262838,2.573211264
yellow_forming,246,4,7,0.8125,166.4448708,459.3968022,478.3864141,0.4059786033,476.8666521,479.9061762,0.3898277631,0.4221294434,2.546704779
yellow_forming,247,4,7,0.8046875,166.5214789,459.5675729,478.5770188,0.4014689745,477.0572568,480.0967809,0.3853181344,0.4176198146,2.520397119
yellow_forming,248,4,7,0.796875,166.5975301,459.7388189,478.7662382,0.3969467917,477.2464761,480.2860002,0.3807959516,0.4130976318,2.494289116
yellow_forming,249,4,7,0.7890625,166.6730311,459.9105314,478.9540886,0.3924122894,477.4343266,480.4738507,0.3762614493,0.4085631295,2.468381537
yellow_forming,250,4,7,0.78125,166.7479886,460.0827016,479.1405867,0.3878657018,477.6208246,480.6603488,0.3717148617,0.4040165419,2.44267508
yellow_forming,251,4,7,0.7734375,166.8224092,460.2553205,479.3257489,0.3833072634,477.8059868,480.8455109,0.3671564232,0.3994581035,2.417170378
yellow_forming,252,4,7,0.765625,166.8962994,460.4283794,479.5095917,0.3787372084,477.9898296,481.0293537,0.3625863683,0.3948880485,2.391867999
yellow_forming,253,4,7,0.7578125,166.9696661,460.6018692,479.6921315,0.3741557713,478.1723695,481.2118936,0.3580049312,0.3903066114,2.36676845
yellow_forming,254,4,7,0.75,167.0425156,460.7757813,479.873385,0.3695631865,478.3536229,481.3931471,0.3534123463,0.3857140266,2.341872175
yellow_forming,255,4,7,0.7421875,167.1148548,460.9501065,480.0533686,0.3649596882,478.5336065,481.5731306,0.3488088481,0.3811105283,2.317179556
yellow_forming,256,4,7,0.734375,167.1866902,461.1248362,480.2320987,0.3603455109,478.7123366,481.7518607,0.3441946708,0.376496351,2.292690919
yellow_forming,257,4,7,0.7265625,167.2580284,461.2999614,480.4095919,0.3557208889,478.8898298,481.9293539,0.3395700488,0.371871729,2.26840653
yellow_forming,258,4,7,0.71875,167.3288761,461.4754732,480.5858646,0.3510860566,479.0661026,482.1056267,0.3349352164,0.3672368967,2.244326599
yellow_forming,259,4,7,0.7109375,167.39924,461.6513628,480.7609334,0.3464412483,479.2411714,482.2806955,0.3302904082,0.3625920884,2.220451279
yellow_forming,260,4,7,0.703125,167.4691265,461.8276213,480.9348148,0.3417866984,479.4150527,482.4545769,0.3256358583,0.3579375385,2.19678067
yellow_forming,261,4,7,0.6953125,167.5385425,462.0042398,481.1075252,0.3371226413,479.5877631,482.6272873,0.3209718012,0.3532734814,2.173314819
yellow_forming,262,4,7,0.6875,167.6074944,462.1812095,481.2790812,0.3324493114,479.7593191,482.7988432,0.3162984712,0.3486001515,2.150053721
yellow_forming,263,4,7,0.6796875,167.6759889,462.3585214,481.4494991,0.3277669429,479.9297371,482.9692612,0.3116161028,0.343917783,2.126997321
yellow_forming,264,4,7,0.671875,167.7440327,462.5361667,481.6187956,0.3230757703,480.0990335,483.1385577,0.3069249302,0.3392266104,2.104145513
yellow_forming,265,4,7,0.6640625,167.8116324,462.7141366,481.7869871,0.318376028,480.267225,483.3067492,0.3022251878,0.3345268681,2.081498144
yellow_forming,266,4,7,0.65625,167.8787946,462.8924221,481.9540901,0.3136679502,480.4343281,483.4738522,0.2975171101,0.3298187903,2.059055014
yellow_forming,267,4,7,0.6484375,167.945526,463.0710143,482.1201211,0.3089517714,480.6003591,483.6398832,0.2928009313,0.3251026115,2.036815876
yellow_forming,268,4,7,0.640625,168.0118331,463.2499045,482.2850967,0.3042277259,480.7653346,483.8048587,0.2880768858,0.320378566,2.01478044
yellow_forming,269,4,7,0.6328125,168.0777226,463.4290836,482.4490332,0.2994960481,480.9292711,483.9687952,0.2833452079,0.3156468882,1.992948371
yellow_forming,270,4,7,0.625,168.1432012,463.608543,482.6119471,0.2947569723,481.0921851,484.1317092,0.2786061322,0.3109078124,1.971319293
yellow_forming,271,4,7,0.6171875,168.2082754,463.7882736,482.7738551,0.290010733,481.254093,484.2936171,0.2738598928,0.3061615731,1.949892788
yellow_forming,272,4,7,0.609375,168.2729519,463.9682665,482.9347735,0.2852575644,481.4150114,484.4545356,0.2691067243,0.3014084045,1.928668398
yellow_forming,273,4,7,0.6015625,168.3372373,464.1485131,483.0947189,0.2804977009,481.5749568,484.614481,0.2643468608,0.2966485411,1.907645625
yellow_forming,274,4,7,0.59375,168.4011382,464.3290042,483.2537077,0.275731377,481.7339457,484.7734698,0.2595805369,0.2918822171,1.886823936
yellow_forming,275,4,7,0.5859375,168.4646613,464.5097311,483.4117565,0.270958827,481.8919945,484.9315186,0.2548079868,0.2871096671,1.866202758
yellow_forming,276,4,7,0.578125,168.5278133,464.690685,483.5688817,0.2661802851,482.0491197,485.0886438,0.250029445,0.2823311252,1.845781484
yellow_forming,277,4,7,0.5703125,168.5906006,464.8718568,483.7250999,0.2613959859,482.2053378,485.244862,0.2452451458,0.277546826,1.825559473
yellow_forming,278,4,7,0.5625,168.65303,465.0532378,483.8804275,0.2566061636,482.3606654,485.4001896,0.2404553235,0.2727570037,1.805536048
yellow_forming,279,4,7,0.5546875,168.7151081,465.2348191,484.034881,0.2518110527,482.5151189,485.5546431,0.2356602125,0.2679618928,1.785710502
yellow_forming,280,4,7,0.546875,168.7768416,465.4165917,484.1884769,0.2470108874,482.6687149,485.708239,0.2308600473,0.2631617275,1.766082094
yellow_forming,281,4,7,0.5390625,168.8382369,465.5985469,484.3412318,0.2422059022,482.8214697,485.8609938,0.2260550621,0.2583567423,1.746650056
yellow_forming,282,4,7,0.53125,168.8993009,465.7806757,484.493162,0.2373963314,482.9733999,486.0129241,0.2212454913,0.2535471715,1.727413588
yellow_forming,283,4,7,0.5234375,168.96004,465.9629693,484.6442841,0.2325824094,483.1245221,486.1640462,0.2164315692,0.2487332495,1.708371861
yellow_forming,284,4,7,0.515625,169.020461,466.1454188,484.7946146,0.2277643705,483.2748526,486.3143767,0.2116135304,0.2439152106,1.68952402
yellow_forming,285,4,7,0.5078125,169.0805705,466.3280153,484.94417,0.2229424491,483.424408,486.4639321,0.206791609,0.2390932892,1.670869183
yellow_forming,286,4,7,0.5,169.140375,466.51075,485.0929668,0.2181168796,483.5732047,486.6127289,0.2019660395,0.2342677197,1.652406443
yellow_forming,287,4,7,0.4921875,169.1998813,466.6936139,485.2410214,0.2132878963,483.7212594,486.7607835,0.1971370562,0.2294387365,1.634134866
yellow_forming,288,4,7,0.484375,169.2590959,466.8765983,485.3883504,0.2084557337,483.8685884,486.9081125,0.1923048936,0.2246065738,1.616053498
yellow_forming,289,4,7,0.4765625,169.3180255,467.0596941,485.5349703,0.203620626,484.0152082,487.0547323,0.1874697859,0.2197714661,1.598161359
yellow_forming,290,4,7,0.46875,169.3766767,467.2428926,485.6808975,0.1987828076,484.1611354,487.2006595,0.1826319675,0.2149336477,1.580457449
yellow_forming,291,4,7,0.4609375,169.4350561,467.4261849,485.8261485,0.1939425129,484.3063864,487.3459106,0.1777916728,0.210093353,1.562940744
yellow_forming,292,4,7,0.453125,169.4931704,467.6095621,485.9707399,0.1890999763,484.4509778,487.4905019,0.1729491362,0.2052508164,1.545610204
yellow_forming,293,4,7,0.4453125,169.5510262,467.7930153,486.1146881,0.1842554321,484.594926,487.6344501,0.168104592,0.2004062722,1.528464767
yellow_forming,294,4,7,0.4375,169.6086301,467.9765356,486.2580096,0.1794091146,484.7382475,487.7777716,0.1632582745,0.1955599548,1.511503352
yellow_forming,295,4,7,0.4296875,169.6659888,468.1601143,486.4007209,0.1745612584,484.8809588,487.920483,0.1584104182,0.1907120985,1.494724862
yellow_forming,296,4,7,0.421875,169.7231089,468.3437423,486.5428385,0.1697120976,485.0230765,488.0626006,0.1535612575,0.1858629377,1.478128183
yellow_forming,297,4,7,0.4140625,169.7799969,468.5274108,486.684379,0.1648618667,485.1646169,488.204141,0.1487110266,0.1810127068,1.461712183
yellow_forming,298,4,7,0.40625,169.8366596,468.711111,486.8253587,0.1600108,485.3055966,488.3451208,0.1438599599,0.1761616401,1.445475716
yellow_forming,299,4,7,0.3984375,169.8931036,468.894834,486.9657942,0.155159132,485.4460322,488.4855563,0.1390082918,0.1713099721,1.429417622
yellow_forming,300,4,7,0.390625,169.9493355,469.0785709,487.105702,0.1503070969,485.5859399,488.6254641,0.1341562567,0.166457937,1.413536727
yellow_forming,301,4,7,0.3828125,170.0053619,469.2623127,487.2450986,0.1454549291,485.7253365,488.7648606,0.129304089,0.1616057692,1.397831841
yellow_forming,302,4,7,0.375,170.0611895,469.4460508,487.3840004,0.140602863,485.8642383,488.9037625,0.1244520229,0.1567537031,1.382301766
yellow_forming,303,4,7,0.3671875,170.1168248,469.6297761,487.522424,0.135751133,486.0026619,489.0421861,0.1196002929,0.1519019731,1.36694529
yellow_forming,304,4,7,0.359375,170.1722746,469.8134798,487.6603858,0.1308999734,486.1406238,489.1801479,0.1147491333,0.1470508135,1.35176119
yellow_forming,305,4,7,0.3515625,170.2275454,469.997153,487.7979024,0.1260496186,486.2781404,489.3176645,0.1098987785,0.1422004587,1.336748233
yellow_forming,306,4,7,0.34375,170.2826438,470.1807869,487.9349903,0.1212003029,486.4152282,489.4547523,0.1050494628,0.1373511431,1.321905176
yellow_forming,307,4,7,0.3359375,170.3375766,470.3643726,488.0716658,0.1163522608,486.5519038,489.5914279,0.1002014207,0.1325031009,1.307230767
yellow_forming,308,4,7,0.328125,170.3923503,470.5479011,488.2079456,0.1115057265,486.6881835,489.7277077,0.09535488642,0.1276565667,1.292723746
yellow_forming,309,4,7,0.3203125,170.4469716,470.7313637,488.3438461,0.1066609345,486.8240841,489.8636082,0.0905100944,0.1228117746,1.278382846
yellow_forming,310,4,7,0.3125,170.501447,470.9147515,488.4793838,0.1018181191,486.9596218,489.9991459,0.08566727898,0.1179689592,1.264206792
yellow_forming,311,4,7,0.3046875,170.5557833,471.0980555,488.6145753,0.09697751464,487.0948132,490.1343373,0.08082667452,0.1131283548,1.2501943
yellow_forming,312,4,7,0.296875,170.609987,471.2812669,488.7494369,0.09213935552,487.2296748,490.2691989,0.07598851541,0.1082901956,1.236344085
yellow_forming,313,4,7,0.2890625,170.6640648,471.4643768,488.8839852,0.0873038761,487.3642231,490.4037473,0.07115303598,0.1034547162,1.222654853
yellow_forming,314,4,7,0.28125,170.7180233,471.6473764,489.0182367,0.08247131074,487.4984746,490.5379988,0.06632047062,0.09862215085,1.209125306
yellow_forming,315,4,7,0.2734375,170.7718691,471.8302568,489.1522079,0.0776418938,487.6324458,490.6719699,0.06149105369,0.09379273392,1.195754142
yellow_forming,316,4,7,0.265625,170.8256089,472.013009,489.2859152,0.07281585966,487.7661532,490.8056773,0.05666501954,0.08896669977,1.182540054
yellow_forming,317,4,7,0.2578125,170.8792493,472.1956243,489.4193752,0.06799344266,487.8996132,490.9391373,0.05184260254,0.08414428278,1.169481733
yellow_forming,318,4,7,0.25,170.9327969,472.3780938,489.5526044,0.06317487718,488.0328423,491.0723665,0.04702403707,0.0793257173,1.156577867
yellow_forming,319,4,7,0.2421875,170.9862583,472.5604085,489.6856192,0.05836039758,488.1658572,491.2053813,0.04220955747,0.0745112377,1.143827142
yellow_forming,320,4,7,0.234375,171.0396402,472.7425596,489.8184362,0.05355023823,488.2986741,491.3381983,0.03739939811,0.06970107835,1.13122824
yellow_forming,321,4,7,0.2265625,171.0929493,472.9245382,489.9510718,0.04874463349,488.4313097,491.4708339,0.03259379337,0.0648954736,1.118779844
yellow_forming,322,4,7,0.21875,171.146192,473.1063355,490.0835425,0.04394381771,488.5637805,491.6033046,0.0277929776,0.06009465783,1.106480635
yellow_forming,323,4,7,0.2109375,171.1993752,473.2879426,490.2158649,0.03914802528,488.6961028,491.735627,0.02299718516,0.05529886539,1.094329295
yellow_forming,324,4,7,0.203125,171.2525053,473.4693505,490.3480554,0.03435749054,488.8282933,491.8678175,0.01820665042,0.05050833066,1.082324503
yellow_forming,325,4,7,0.1953125,171.3055891,473.6505505,490.4801305,0.02957244787,488.9603684,491.9998925,0.01342160775,0.04572328798,1.07046494
yellow_forming,326,4,7,0.1875,171.3586331,473.8315337,490.6121067,0.02479313162,489.0923446,492.1318687,0.008642291506,0.04094397174,1.058749289
yellow_forming,327,4,7,0.1796875,171.4116439,474.0122911,490.7440005,0.02001977617,489.2242384,492.2637625,0.003868936053,0.03617061628,1.047176232
yellow_forming,328,4,7,0.171875,171.4646283,474.1928139,490.8758284,0.01525261587,489.3560663,492.3955904,-0.0008982242441,0.03140345599,1.035744452
yellow_forming,329,4,7,0.1640625,171.5175929,474.3730933,491.0076068,0.01049188509,489.4878448,492.5273689,-0.005658955021,0.02664272521,1.024452638
yellow_forming,330,4,7,0.15625,171.5705442,474.5531203,491.1393524,0.005737818201,489.6195903,492.6591144,-0.01041302192,0.02188865832,1.013299476
yellow_forming,331,4,7,0.1484375,171.6234889,474.7328861,491.2710815,0.0009906495547,489.7513194,492.7908436,-0.01516019056,0.01714148967,1.002283658
yellow_forming,332,4,7,0.140625,171.6764336,474.9123818,491.4028107,-0.00374938648,489.8830486,492.9225727,-0.0199002266,0.01240145364,0.9914038783
yellow_forming,333,4,7,0.1328125,171.729385,475.0915985,491.5345564,-0.008482055539,490.0147944,493.0543185,-0.02463289566,0.007668784577,0.980658833
yellow_forming,334,4,7,0.125,171.7823496,475.2705273,491.6663352,-0.01320712326,490.1465731,493.1860973,-0.02935796337,0.002943716857,0.970047223
yellow_forming,335,4,7,0.1171875,171.8353342,475.4491595,491.7981635,-0.01792435528,490.2784015,493.3179256,-0.03407519539,-0.00177351516,0.959567753
yellow_forming,336,4,7,0.109375,171.8883453,475.627486,491.9300579,-0.02263351722,490.4102959,493.44982,-0.03878435734,-0.006482677109,0.9492191314
yellow_forming,337,4,7,0.1015625,171.9413896,475.8054981,492.0620348,-0.02733437474,490.5422728,493.5817969,-0.04348521486,-0.01118353463,0.9390000713
yellow_forming,338,4,7,0.09375,171.9944737,475.9831868,492.1941107,-0.03202669347,490.6743487,493.7138728,-0.04817753358,-0.01587585335,0.9289092906
yellow_forming,339,4,7,0.0859375,172.0476042,476.1605433,492.3263022,-0.03671023903,490.8065401,493.8460643,-0.05286107915,-0.02055939891,0.9189455118
yellow_forming,340,4,7,0.078125,172.1007877,476.3375587,492.4586256,-0.04138477707,490.9388636,493.9783877,-0.05753561719,-0.02523393696,0.9091074629
yellow_forming,341,4,7,0.0703125,172.154031,476.5142242,492.5910976,-0.04605007323,491.0713355,494.1108597,-0.06220091334,-0.02989923311,0.8993938774
yellow_forming,342,4,7,0.0625,172.2073406,476.6905308,492.7237345,-0.05070589313,491.2039725,494.2434966,-0.06685673325,-0.03455505301,0.8898034942
yellow_forming,343,4,7,0.0546875,172.2607231,476.8664696,492.856553,-0.05535200242,491.3367909,494.3763151,-0.07150284253,-0.0392011623,0.8803350585
yellow_forming,344,4,7,0.046875,172.3141852,477.0420319,492.9895694,-0.05998816673,491.4698074,494.5093315,-0.07613900684,-0.04383732661,0.8709873215
yellow_forming,345,4,7,0.0390625,172.3677335,477.2172087,493.1228003,-0.0646141517,491.6030383,494.6425624,-0.08076499181,-0.04846331158,0.8617590407
yellow_forming,346,4,7,0.03125,172.4213746,477.3919911,493.2562622,-0.06922972296,491.7365001,494.7760243,-0.08538056307,-0.05307888284,0.8526489804
yellow_forming,347,4,7,0.0234375,172.4751152,477.5663704,493.3899715,-0.07383464615,491.8702095,494.9097336,-0.08998548626,-0.05768380603,0.8436559113
yellow_forming,348,4,7,0.015625,172.5289619,477.7403375,493.5239448,-0.0784286869,492.0041828,495.0437069,-0.09457952702,-0.06227784679,0.8347786114
yellow_forming,349,4,7,0.0078125,172.5829213,477.9138837,493.6581986,-0.08301161086,492.1384365,495.1779606,-0.09916245098,-0.06686077075,0.8260158657
yellow_forming,350,4,6,1,172.637,478.087,493.7927492,-0.08758318366,492.2729872,495.3125113,-0.1037340238,-0.07143234354,0.8173664667
yellow_forming,351,4,6,0.875,172.69825,478.30125,493.9451424,-0.093240995,492.4253803,495.4649045,-0.1093918351,-0.07709015489,0.8067872105
yellow_forming,352,4,6,0.75,172.7595,478.5155,494.0975355,-0.09889880634,492.5777735,495.6172976,-0.1150496465,-0.08274796623,0.7963448827
yellow_forming,353,4,6,0.625,172.82075,478.72975,494.2499287,-0.1045566177,492.7301666,495.7696907,-0.1207074578,-0.08840577757,0.7860377111
yellow_forming,354,4,6,0.5,172.882,478.944,494.4023218,-0.110214429,492.8825598,495.9220839,-0.1263652691,-0.09406358891,0.7758639461
yellow_forming,355,4,6,0.375,172.94325,479.15825,494.554715,-0.1158722404,493.0349529,496.074477,-0.1320230805,-0.09972140026,0.7658218613
yellow_forming,356,4,6,0.25,173.0045,479.3725,494.7071081,-0.1215300517,493.187346,496.2268702,-0.1376808918,-0.1053792116,0.7559097521
yellow_forming,357,4,6,0.125,173.06575,479.58675,494.8595012,-0.1271878631,493.3397392,496.3792633,-0.1433387032,-0.1110370229,0.7461259364
yellow_forming,358,4,5,1,173.127,479.801,495.0118944,-0.1328456744,493.4921323,496.5316565,-0.1489965145,-0.1166948343,0.7364687536
yellow_forming,359,4,5,0.875,173.19,480.01975,495.1686416,-0.1386223196,493.6488796,496.6884037,-0.1547731597,-0.1224714795,0.7267376838
yellow_forming,360,4,5,0.75,173.253,480.2385,495.3253889,-0.1443989648,493.8056268,496.8451509,-0.1605498049,-0.1282481247,0.7171351921
yellow_forming,361,4,5,0.625,173.316,480.45725,495.4821361,-0.15017561,493.962374,497.0018982,-0.1663264501,-0.1340247698,0.7076595795
yellow_forming,362,4,5,0.5,173.379,480.676,495.6388833,-0.1559522551,494.1191213,497.1586454,-0.1721030953,-0.139801415,0.6983091696
yellow_forming,363,4,5,0.375,173.442,480.89475,495.7956306,-0.1617289003,494.2758685,497.3153926,-0.1778797404,-0.1455780602,0.689082308
yellow_forming,364,4,5,0.25,173.505,481.1135,495.9523778,-0.1675055455,494.4326157,497.4721399,-0.1836563856,-0.1513547054,0.6799773623
yellow_forming,365,4,5,0.125,173.568,481.33225,496.109125,-0.1732821907,494.589363,497.6288871,-0.1894330308,-0.1571313506,0.6709927216
yellow_forming,366,4,4,1,173.631,481.551,496.2658723,-0.1790588359,494.7461102,497.7856343,-0.195209676,-0.1629079958,0.6621267962
yellow_forming,367,4,4,0.99609375,173.6741519,481.7073436,496.3732363,-0.1831874819,494.8534743,497.8929984,-0.199338322,-0.1670366417,0.6558620742
yellow_forming,368,4,4,0.9921875,173.7172405,481.8637179,496.4804431,-0.18731694,494.960681,498.0002051,-0.2034677801,-0.1711660999,0.649655411
yellow_forming,369,4,4,0.98828125,173.7602662,482.0201228,496.5874932,-0.1914472052,495.0677311,498.1072552,-0.2075980453,-0.1752963651,0.6435062878
yellow_forming,370,4,4,0.984375,173.8032292,482.176558,496.6943874,-0.1955782725,495.1746253,498.2141495,-0.2117291126,-0.1794274324,0.6374141901
yellow_forming,371,4,4,0.98046875,173.8461299,482.3330235,496.8011265,-0.1997101368,495.2813644,498.3208886,-0.2158609769,-0.1835592967,0.6313786078
yellow_forming,372,4,4,0.9765625,173.8889685,482.4895189,496.9077112,-0.2038427932,495.3879491,498.4274732,-0.2199936333,-0.1876919531,0.6253990351
yellow_forming,373,4,4,0.97265625,173.9317454,482.6460441,497.0141422,-0.2079762365,495.4943801,498.5339042,-0.2241270766,-0.1918253964,0.6194749703
yellow_forming,374,4,4,0.96875,173.9744608,482.802599,497.1204202,-0.2121104618,495.6006582,498.6401823,-0.2282613019,-0.1959596216,0.6136059161
yellow_forming,375,4,4,0.96484375,174.017115,482.9591832,497.2265461,-0.2162454639,495.706784,498.7463082,-0.232396304,-0.2000946238,0.6077913795
yellow_forming,376,4,4,0.9609375,174.0597083,483.1157967,497.3325205,-0.220381238,495.8127584,498.8522826,-0.2365320781,-0.2042303978,0.6020308716
yellow_forming,377,4,4,0.95703125,174.102241,483.2724393,497.4383441,-0.2245177788,495.9185821,498.9581062,-0.2406686189,-0.2083669387,0.5963239075
yellow_forming,378,4,4,0.953125,174.1447135,483.4291106,497.5440178,-0.2286550815,496.0242557,499.0637799,-0.2448059216,-0.2125042414,0.5906700065
yellow_forming,379,4,4,0.94921875,174.187126,483.5858107,497.6495422,-0.232793141,496.1297801,499.1693042,-0.2489439811,-0.2166423009,0.5850686922
yellow_forming,380,4,4,0.9453125,174.2294787,483.7425392,497.754918,-0.2369319522,496.235156,499.2746801,-0.2530827923,-0.2207811121,0.5795194919
yellow_forming,381,4,4,0.94140625,174.2717721,483.8992959,497.8601461,-0.2410715101,496.340384,499.3799082,-0.2572223502,-0.2249206699,0.5740219371
yellow_forming,382,4,4,0.9375,174.3140063,484.0560808,497.9652271,-0.2452118096,496.445465,499.4849892,-0.2613626497,-0.2290609695,0.5685755634
yellow_forming,383,4,4,0.93359375,174.3561818,484.2128936,498.0701618,-0.2493528458,496.5503997,499.5899238,-0.265503686,-0.2332020057,0.5631799101
yellow_forming,384,4,4,0.9296875,174.3982987,484.369734,498.1749509,-0.2534946136,496.6551888,499.6947129,-0.2696454538,-0.2373437735,0.5578345207
yellow_forming,385,4,4,0.92578125,174.4403574,484.526602,498.2795951,-0.257637108,496.759833,499.7993572,-0.2737879481,-0.2414862679,0.5525389423
yellow_forming,386,4,4,0.921875,174.4823582,484.6834973,498.3840952,-0.2617803239,496.8643331,499.9038573,-0.2779311641,-0.2456294838,0.547292726
yellow_forming,387,4,4,0.91796875,174.5243014,484.8404197,498.4884519,-0.2659242564,496.9686899,500.008214,-0.2820750965,-0.2497734162,0.5420954269
yellow_forming,388,4,4,0.9140625,174.5661872,484.9973691,498.592666,-0.2700689002,497.0729039,500.1124281,-0.2862197404,-0.2539180601,0.5369466037
yellow_forming,389,4,4,0.91015625,174.608016,485.1543452,498.6967382,-0.2742142506,497.1769761,500.2165002,-0.2903650907,-0.2580634105,0.531845819
yellow_forming,390,4,4,0.90625,174.649788,485.3113479,498.8006692,-0.2783603023,497.2809071,500.3204312,-0.2945111424,-0.2622094622,0.5267926389
yellow_forming,391,4,4,0.90234375,174.6915036,485.468377,498.9044597,-0.2825070504,497.3846976,500.4242217,-0.2986578905,-0.2663562103,0.5217866334
yellow_forming,392,4,4,0.8984375,174.7331631,485.6254322,499.0081105,-0.2866544898,497.4883484,500.5278726,-0.3028053299,-0.2705036497,0.5168273764
yellow_forming,393,4,4,0.89453125,174.7747666,485.7825134,499.1116224,-0.2908026155,497.5918603,500.6313844,-0.3069534556,-0.2746517754,0.511914445
yellow_forming,394,4,4,0.890625,174.8163147,485.9396205,499.214996,-0.2949514225,497.6952339,500.734758,-0.3111022626,-0.2788005824,0.5070474203
yellow_forming,395,4,4,0.88671875,174.8578074,486.0967531,499.3182321,-0.2991009057,497.79847,500.8379941,-0.3152517459,-0.2829500656,0.5022258868
yellow_forming,396,4,4,0.8828125,174.8992452,486.2539112,499.4213314,-0.3032510602,497.9015693,500.9410935,-0.3194019003,-0.28710022,0.4974494326
yellow_forming,397,4,4,0.87890625,174.9406283,486.4110944,499.5242947,-0.3074018808,498.0045326,501.0440568,-0.3235527209,-0.2912510406,0.4927176494
yellow_forming,398,4,4,0.875,174.981957,486.5683027,499.6271227,-0.3115533625,498.1073606,501.1468848,-0.3277042026,-0.2954025224,0.4880301325
yellow_forming,399,4,4,0.87109375,175.0232317,486.7255359,499.7298161,-0.3157055003,498.2100541,501.2495782,-0.3318563404,-0.2995546602,0.4833864804
yellow_forming,400,4,4,0.8671875,175.0644525,486.8827937,499.8323757,-0.3198582892,498.3126136,501.3521378,-0.3360091293,-0.3037074491,0.4787862954
yellow_forming,401,4,4,0.86328125,175.1056199,487.040076,499.9348022,-0.3240117241,498.4150402,501.4545643,-0.3401625642,-0.307860884,0.4742291829
yellow_forming,402,4,4,0.859375,175.146734,487.1973825,500.0370964,-0.3281658,498.5173343,501.5568584,-0.3443166401,-0.3120149599,0.469714752
yellow_forming,403,4,4,0.85546875,175.1877953,487.3547131,500.1392589,-0.3323205119,498.6194968,501.6590209,-0.348471352,-0.3161696718,0.465242615
yellow_forming,404,4,4,0.8515625,175.228804,487.5120677,500.2412905,-0.3364758547,498.7215284,501.7610526,-0.3526266948,-0.3203250146,0.4608123876
yellow_forming,405,4,4,0.84765625,175.2697603,487.6694459,500.343192,-0.3406318234,498.8234299,501.862954,-0.3567826635,-0.3244809833,0.4564236888
yellow_forming,406,4,4,0.84375,175.3106646,487.8268476,500.444964,-0.3447884129,498.925202,501.9647261,-0.3609392531,-0.3286375728,0.452076141
yellow_forming,407,4,4,0.83984375,175.3515172,487.9842727,500.5466074,-0.3489456183,499.0268453,502.0663694,-0.3650964584,-0.3327947782,0.4477693696
yellow_forming,408,4,4,0.8359375,175.3923184,488.1417209,500.6481228,-0.3531034345,499.1283607,502.1678849,-0.3692542746,-0.3369525944,0.4435030037
yellow_forming,409,4,4,0.83203125,175.4330684,488.299192,500.749511,-0.3572618565,499.2297489,502.2692731,-0.3734126966,-0.3411110163,0.4392766751
yellow_forming,410,4,4,0.828125,175.4737676,488.4566859,500.8507727,-0.3614208791,499.3310106,502.3705348,-0.3775717192,-0.345270039,0.4350900192
yellow_forming,411,4,4,0.82421875,175.5144163,488.6142023,500.9519087,-0.3655804975,499.4321466,502.4716707,-0.3817313376,-0.3494296574,0.4309426744
yellow_forming,412,4,4,0.8203125,175.5550147,488.7717411,501.0529196,-0.3697407065,499.5331576,502.5726817,-0.3858915466,-0.3535898664,0.4268342821
yellow_forming,413,4,4,0.81640625,175.5955632,488.9293021,501.1538063,-0.3739015012,499.6340442,502.6735684,-0.3900523413,-0.3577506611,0.4227644872
yellow_forming,414,4,4,0.8125,175.636062,489.086885,501.2545694,-0.3780628764,499.7348074,502.7743315,-0.3942137165,-0.3619120363,0.4187329373
yellow_forming,415,4,4,0.80859375,175.6765115,489.2444898,501.3552098,-0.3822248272,499.8354477,502.8749718,-0.3983756674,-0.3660739871,0.4147392832
yellow_forming,416,4,4,0.8046875,175.7169119,489.4021161,501.455728,-0.3863873486,499.935966,502.9754901,-0.4025381887,-0.3702365085,0.4107831789
yellow_forming,417,4,4,0.80078125,175.7572635,489.5597639,501.556125,-0.3905504354,500.0363629,503.075887,-0.4067012755,-0.3743995953,0.4068642812
yellow_forming,418,4,4,0.796875,175.7975667,489.7174329,501.6564013,-0.3947140827,500.1366392,503.1761634,-0.4108649228,-0.3785632426,0.40298225
yellow_forming,419,4,4,0.79296875,175.8378216,489.8751229,501.7565578,-0.3988782854,500.2367957,503.2763198,-0.4150291255,-0.3827274453,0.3991367481
yellow_forming,420,4,4,0.7890625,175.8780287,490.0328338,501.8565951,-0.4030430385,500.336833,503.3763571,-0.4191938786,-0.3868921984,0.3953274413
yellow_forming,421,4,4,0.78515625,175.9181883,490.1905653,501.956514,-0.4072083369,500.4367519,503.4762761,-0.423359177,-0.3910574968,0.3915539983
yellow_forming,422,4,4,0.78125,175.9583005,490.3483173,502.0563153,-0.4113741757,500.5365532,503.5760773,-0.4275250158,-0.3952233356,0.3878160908
yellow_forming,423,4,4,0.77734375,175.9983657,490.5060895,502.1559996,-0.4155405498,500.6362376,503.6757617,-0.4316913899,-0.3993897097,0.3841133931
yellow_forming,424,4,4,0.7734375,176.0383842,490.6638819,502.2555678,-0.4197074541,500.7358057,503.7753298,-0.4358582942,-0.403556614,0.3804455827
yellow_forming,425,4,4,0.76953125,176.0783564,490.8216941,502.3550205,-0.4238748836,500.8352584,503.8747825,-0.4400257238,-0.4077240435,0.3768123396
yellow_forming,426,4,4,0.765625,176.1182824,490.979526,502.4543585,-0.4280428334,500.9345964,503.9741205,-0.4441936735,-0.4118919933,0.3732133469
yellow_forming,427,4,4,0.76171875,176.1581626,491.1373774,502.5535824,-0.4322112983,501.0338204,504.0733445,-0.4483621384,-0.4160604581,0.3696482902
yellow_forming,428,4,4,0.7578125,176.1979973,491.2952482,502.6526932,-0.4363802733,501.1329311,504.1724552,-0.4525311134,-0.4202294332,0.3661168581
yellow_forming,429,4,4,0.75390625,176.2377867,491.4531381,502.7516914,-0.4405497534,501.2319293,504.2714535,-0.4567005935,-0.4243989133,0.3626187418
yellow_forming,430,4,4,0.75,176.2775312,491.6110469,502.8505778,-0.4447197335,501.3308158,504.3703399,-0.4608705736,-0.4285688934,0.3591536352
yellow_forming,431,4,4,0.74609375,176.3172312,491.7689744,502.9493532,-0.4488902087,501.4295912,504.4691153,-0.4650410488,-0.4327393686,0.3557212349
yellow_forming,432,4,4,0.7421875,176.3568867,491.9269205,503.0480183,-0.4530611738,501.5282562,504.5677804,-0.469212014,-0.4369103337,0.3523212403
yellow_forming,433,4,4,0.73828125,176.3964982,492.084885,503.1465738,-0.457232624,501.6268117,504.6663359,-0.4733834641,-0.4410817838,0.3489533533
yellow_forming,434,4,4,0.734375,176.436066,492.2428677,503.2450205,-0.461404554,501.7252584,504.7647825,-0.4775553941,-0.4452537139,0.3456172784
yellow_forming,435,4,4,0.73046875,176.4755903,492.4008683,503.343359,-0.4655769589,501.823597,504.8631211,-0.481727799,-0.4494261188,0.3423127229
yellow_forming,436,4,4,0.7265625,176.5150715,492.5588867,503.4415902,-0.4697498337,501.9218281,504.9613523,-0.4859006738,-0.4535989936,0.3390393965
yellow_forming,437,4,4,0.72265625,176.5545098,492.7169227,503.5397148,-0.4739231733,502.0199527,505.0594768,-0.4900740134,-0.4577723331,0.3357970115
yellow_forming,438,4,4,0.71875,176.5939056,492.8749762,503.6377334,-0.4780969726,502.1179713,505.1574955,-0.4942478127,-0.4619461325,0.3325852828
yellow_forming,439,4,4,0.71484375,176.6332591,493.0330468,503.7356469,-0.4822712267,502.2158848,505.2554089,-0.4984220669,-0.4661203866,0.3294039277
yellow_forming,440,4,4,0.7109375,176.6725706,493.1911345,503.8334559,-0.4864459306,502.3136939,505.353218,-0.5025967707,-0.4702950905,0.3262526661
yellow_forming,441,4,4,0.70703125,176.7118404,493.349239,503.9311613,-0.4906210791,502.4113992,505.4509233,-0.5067719192,-0.474470239,0.3231312204
yellow_forming,442,4,4,0.703125,176.7510688,493.5073602,504.0287637,-0.4947966673,502.5090016,505.5485257,-0.5109475074,-0.4786458271,0.3200393154
yellow_forming,443,4,4,0.69921875,176.7902562,493.6654978,504.1262638,-0.4989726901,502.6065018,505.6460259,-0.5151235302,-0.4828218499,0.3169766783
yellow_forming,444,4,4,0.6953125,176.8294028,493.8236517,504.2236625,-0.5031491424,502.7039004,505.7434246,-0.5192999825,-0.4869983023,0.3139430387
yellow_forming,445,4,4,0.69140625,176.8685088,493.9818217,504.3209604,-0.5073260193,502.8011983,505.8407225,-0.5234768594,-0.4911751792,0.3109381288
yellow_forming,446,4,4,0.6875,176.9075747,494.1400076,504.4181583,-0.5115033158,502.8983962,505.9379204,-0.5276541559,-0.4953524756,0.3079616829
yellow_forming,447,4,4,0.68359375,176.9466007,494.2982091,504.5152569,-0.5156810267,502.9954948,506.035019,-0.5318318668,-0.4995301866,0.3050134379
yellow_forming,448,4,4,0.6796875,176.985587,494.4564262,504.6122569,-0.519859147,503.0924949,506.132019,-0.5360099872,-0.5037083069,0.3020931328
yellow_forming,449,4,4,0.67578125,177.0245341,494.6146586,504.7091592,-0.5240376718,503.1893971,506.2289212,-0.5401885119,-0.5078868317,0.2992005091
yellow_forming,450,4,4,0.671875,177.0634421,494.7729061,504.8059643,-0.528216596,503.2862023,506.3257264,-0.5443674361,-0.5120657558,0.2963353106
yellow_forming,451,4,4,0.66796875,177.1023114,494.9311685,504.9026731,-0.5323959145,503.3829111,506.4224352,-0.5485467546,-0.5162450743,0.2934972832
yellow_forming,452,4,4,0.6640625,177.1411422,495.0894457,504.9992863,-0.5365756223,503.4795243,506.5190484,-0.5527264624,-0.5204247822,0.2906861753
yellow_forming,453,4,4,0.66015625,177.179935,495.2477374,505.0958046,-0.5407557144,503.5760426,506.6155667,-0.5569065545,-0.5246048742,0.2879017373
yellow_forming,454,4,4,0.65625,177.2186899,495.4060435,505.1922288,-0.5449361857,503.6724667,506.7119909,-0.5610870258,-0.5287853456,0.2851437221
yellow_forming,455,4,4,0.65234375,177.2574072,495.5643637,505.2885596,-0.5491170312,503.7687975,506.8083216,-0.5652678714,-0.5329661911,0.2824118845
yellow_forming,456,4,4,0.6484375,177.2960873,495.722698,505.3847977,-0.553298246,503.8650356,506.9045597,-0.5694490861,-0.5371474059,0.2797059816
yellow_forming,457,4,4,0.64453125,177.3347305,495.881046,505.4809438,-0.5574798248,503.9611818,507.0007059,-0.573630665,-0.5413289847,0.2770257729
yellow_forming,458,4,4,0.640625,177.373337,496.0394076,505.5769988,-0.5616617628,504.0572367,507.0967608,-0.5778126029,-0.5455109227,0.2743710196
yellow_forming,459,4,4,0.63671875,177.4119071,496.1977827,505.6729633,-0.5658440549,504.1532012,507.1927253,-0.581994895,-0.5496932148,0.2717414855
yellow_forming,460,4,4,0.6328125,177.4504412,496.3561709,505.768838,-0.570026696,504.2490759,507.2886001,-0.5861775361,-0.5538758559,0.2691369361
yellow_forming,461,4,4,0.62890625,177.4889395,496.5145722,505.8646238,-0.5742096811,504.3448617,507.3843858,-0.5903605212,-0.558058841,0.2665571393
yellow_forming,462,4,4,0.625,177.5274023,496.6729863,505.9603213,-0.5783930052,504.4405592,507.4800833,-0.5945438453,-0.5622421651,0.264001865
yellow_forming,463,4,4,0.62109375,177.56583,496.8314131,506.0559312,-0.5825766632,504.5361692,507.5756933,-0.5987275033,-0.5664258231,0.261470885
yellow_forming,464,4,4,0.6171875,177.6042228,496.9898523,506.1514544,-0.5867606501,504.6316923,507.6712165,-0.6029114903,-0.57060981,0.2589639733
yellow_forming,465,4,4,0.61328125,177.6425809,497.1483038,506.2468915,-0.590944961,504.7271295,507.7666536,-0.6070958011,-0.5747941208,0.256480906
yellow_forming,466,4,4,0.609375,177.6809048,497.3067673,506.3422433,-0.5951295906,504.8224812,507.8620054,-0.6112804307,-0.5789787505,0.2540214609
yellow_forming,467,4,4,0.60546875,177.7191947,497.4652428,506.4375105,-0.5993145341,504.9177484,507.9572726,-0.6154653742,-0.583163694,0.2515854182
yellow_forming,468,4,4,0.6015625,177.7574509,497.6237299,506.5326939,-0.6034997863,505.0129318,508.0524559,-0.6196506264,-0.5873489462,0.2491725597
yellow_forming,469,4,4,0.59765625,177.7956737,497.7822285,506.6277941,-0.6076853423,505.108032,508.1475562,-0.6238361824,-0.5915345022,0.2467826695
yellow_forming,470,4,4,0.59375,177.8338633,497.9407385,506.722812,-0.611871197,505.2030499,508.242574,-0.6280220371,-0.5957203568,0.2444155333
yellow_forming,471,4,4,0.58984375,177.8720202,498.0992596,506.8177482,-0.6160573453,505.2979861,508.3375102,-0.6322081854,-0.5999065052,0.2420709389
yellow_forming,472,4,4,0.5859375,177.9101445,498.2577916,506.9126034,-0.6202437823,505.3928414,508.4323655,-0.6363946224,-0.6040929422,0.2397486761
yellow_forming,473,4,4,0.58203125,177.9482366,498.4163343,507.0073786,-0.6244305029,505.4876165,508.5271406,-0.640581343,-0.6082796628,0.2374485365
yellow_forming,474,4,4,0.578125,177.9862968,498.5748876,507.1020742,-0.6286175021,505.5823122,508.6218363,-0.6447683422,-0.612466662,0.2351703134
yellow_forming,475,4,4,0.57421875,178.0243253,498.7334512,507.1966912,-0.6328047748,505.6769291,508.7164533,-0.6489556149,-0.6166539347,0.2329138023
yellow_forming,476,4,4,0.5703125,178.0623226,498.892025,507.2912302,-0.636992316,505.7714681,508.8109923,-0.6531431561,-0.6208414759,0.2306788003
yellow_forming,477,4,4,0.56640625,178.1002887,499.0506088,507.3856919,-0.6411801207,505.8659299,508.905454,-0.6573309608,-0.6250292806,0.2284651063
yellow_forming,478,4,4,0.5625,178.1382241,499.2092024,507.4800772,-0.6453681838,505.9603151,508.9998393,-0.6615190239,-0.6292173437,0.2262725213
yellow_forming,479,4,4,0.55859375,178.1761291,499.3678056,507.5743867,-0.6495565003,506.0546246,509.0941487,-0.6657073404,-0.6334056602,0.2241008479
yellow_forming,480,4,4,0.5546875,178.2140039,499.5264181,507.6686211,-0.6537450652,506.1488591,509.1883832,-0.6698959053,-0.6375942251,0.2219498903
yellow_forming,481,4,4,0.55078125,178.2518488,499.6850399,507.7627813,-0.6579338734,506.2430192,509.2825433,-0.6740847135,-0.6417830333,0.2198194549
yellow_forming,482,4,4,0.546875,178.2896642,499.8436707,507.8568679,-0.66212292,506.3371058,509.3766299,-0.6782737601,-0.6459720798,0.2177093494
yellow_forming,483,4,4,0.54296875,178.3274503,500.0023104,507.9508816,-0.6663121998,506.4311196,509.4706437,-0.6824630399,-0.6501613596,0.2156193836
yellow_forming,484,4,4,0.5390625,178.3652074,500.1609587,508.0448233,-0.6705017078,506.5250612,509.5645854,-0.6866525479,-0.6543508677,0.2135493689
yellow_forming,485,4,4,0.53515625,178.4029359,500.3196154,508.1386936,-0.674691439,506.6189315,509.6584557,-0.6908422791,-0.6585405989,0.2114991182
yellow_forming,486,4,4,0.53125,178.4406359,500.4782804,508.2324933,-0.6788813884,506.7127312,509.7522553,-0.6950322285,-0.6627305483,0.2094684464
yellow_forming,487,4,4,0.52734375,178.4783079,500.6369535,508.3262231,-0.683071551,506.806461,509.8459851,-0.6992223911,-0.6669207108,0.2074571699
yellow_forming,488,4,4,0.5234375,178.5159521,500.7956345,508.4198837,-0.6872619216,506.9001217,509.9396458,-0.7034127617,-0.6711110815,0.2054651069
yellow_forming,489,4,4,0.51953125,178.5535688,500.9543231,508.5134759,-0.6914524953,506.9937139,510.033238,-0.7076033354,-0.6753016552,0.2034920771
yellow_forming,490,4,4,0.515625,178.5911582,501.1130192,508.6070005,-0.695643267,507.0872384,510.1267626,-0.7117941071,-0.6794924269,0.2015379019
yellow_forming,491,4,4,0.51171875,178.6287208,501.2717227,508.7004581,-0.6998342318,507.180696,510.2202201,-0.7159850719,-0.6836833916,0.1996024043
yellow_forming,492,4,4,0.5078125,178.6662567,501.4304333,508.7938495,-0.7040253845,507.2740874,510.3136115,-0.7201762246,-0.6878745443,0.197685409
yellow_forming,493,4,4,0.50390625,178.7037664,501.5891508,508.8871754,-0.7082167201,507.3674133,510.4069374,-0.7243675602,-0.69206588,0.1957867422
yellow_forming,494,4,4,0.5,178.74125,501.747875,508.9804365,-0.7124082336,507.4606745,510.5001986,-0.7285590737,-0.6962573935,0.1939062316
yellow_forming,495,4,4,0.49609375,178.7787079,501.9066058,509.0736337,-0.71659992,507.5538716,510.5933957,-0.7327507601,-0.7004490799,0.1920437068
yellow_forming,496,4,4,0.4921875,178.8161403,502.0653429,509.1667676,-0.7207917742,507.6470055,510.6865296,-0.7369426143,-0.7046409341,0.1901989985
yellow_forming,497,4,4,0.48828125,178.8535477,502.2240862,509.2598389,-0.7249837912,507.7400768,510.779601,-0.7411346314,-0.7088329511,0.1883719392
yellow_forming,498,4,4,0.484375,178.8909302,502.3828355,509.3528484,-0.729175966,507.8330864,510.8726105,-0.7453268061,-0.7130251259,0.186562363
yellow_forming,499,4,4,0.48046875,178.9282881,502.5415905,509.4457969,-0.7333682935,507.9260348,510.965559,-0.7495191336,-0.7172174534,0.1847701054
yellow_forming,500,4,4,0.4765625,178.9656218,502.7003512,509.538685,-0.7375607687,508.018923,511.0584471,-0.7537116089,-0.7214099286,0.1829950032
yellow_forming,501,4,4,0.47265625,179.0029315,502.8591173,509.6315136,-0.7417533866,508.1117515,511.1512756,-0.7579042267,-0.7256025465,0.1812368951
yellow_forming,502,4,4,0.46875,179.0402176,503.0178885,509.7242832,-0.7459461421,508.2045212,511.2440453,-0.7620969822,-0.729795302,0.179495621
yellow_forming,503,4,4,0.46484375,179.0774803,503.1766648,509.8169948,-0.7501390302,508.2972327,511.3367568,-0.7662898703,-0.7339881901,0.1777710223
yellow_forming,504,4,4,0.4609375,179.1147199,503.3354459,509.9096489,-0.7543320458,508.3898869,511.429411,-0.770482886,-0.7381812057,0.1760629418
yellow_forming,505,4,4,0.45703125,179.1519368,503.4942317,510.0022464,-0.758525184,508.4824844,511.5220085,-0.7746760241,-0.7423743439,0.174371224
yellow_forming,506,4,4,0.453125,179.1891312,503.6530219,510.094788,-0.7627184397,508.5750259,511.61455,-0.7788692798,-0.7465675996,0.1726957144
yellow_forming,507,4,4,0.44921875,179.2263034,503.8118163,510.1872744,-0.7669118078,508.6675123,511.7070364,-0.7830626479,-0.7507609677,0.1710362603
yellow_forming,508,4,4,0.4453125,179.2634538,503.9706149,510.2797063,-0.7711052834,508.7599442,511.7994683,-0.7872561235,-0.7549544433,0.1693927102
yellow_forming,509,4,4,0.44140625,179.3005825,504.1294173,510.3720845,-0.7752988613,508.8523224,511.8918466,-0.7914497015,-0.7591480212,0.167764914
yellow_forming,510,4,4,0.4375,179.3376899,504.2882234,510.4644097,-0.7794925367,508.9446476,511.9841718,-0.7956433768,-0.7633416965,0.1661527231
yellow_forming,511,4,4,0.43359375,179.3747764,504.447033,510.5566827,-0.7836863043,509.0369206,512.0764447,-0.7998371444,-0.7675354642,0.16455599
yellow_forming,512,4,4,0.4296875,179.4118421,504.6058459,510.6489041,-0.7878801592,509.1291421,512.1686662,-0.8040309993,-0.7717293191,0.1629745688
yellow_forming,513,4,4,0.42578125,179.4488875,504.7646619,510.7410748,-0.7920740964,509.2213128,512.2608369,-0.8082249365,-0.7759232563,0.1614083149
yellow_forming,514,4,4,0.421875,179.4859127,504.9234808,510.8331955,-0.7962681108,509.3134334,512.3529575,-0.8124189509,-0.7801172707,0.1598570849
yellow_forming,515,4,4,0.41796875,179.5229181,505.0823025,510.9252668,-0.8004621974,509.4055047,512.4450288,-0.8166130375,-0.7843113573,0.1583207369
yellow_forming,516,4,4,0.4140625,179.5599039,505.2411267,511.0172895,-0.8046563512,509.4975275,512.5370516,-0.8208071913,-0.7885055111,0.1567991301
yellow_forming,517,4,4,0.41015625,179.5968706,505.3999533,511.1092645,-0.808850567,509.5895024,512.6290265,-0.8250014072,-0.7926997269,0.155292125
yellow_forming,518,4,4,0.40625,179.6338183,505.558782,511.2011923,-0.81304484,509.6814302,512.7209543,-0.8291956801,-0.7968939999,0.1537995837
yellow_forming,519,4,4,0.40234375,179.6707474,505.7176127,511.2930737,-0.817239165,509.7733116,512.8128358,-0.8333900052,-0.8010883249,0.1523213692
yellow_forming,520,4,4,0.3984375,179.7076581,505.8764452,511.3849095,-0.8214335371,509.8651474,512.9046716,-0.8375843772,-0.805282697,0.150857346
yellow_forming,521,4,4,0.39453125,179.7445508,506.0352793,511.4767004,-0.8256279511,509.9569384,512.9964625,-0.8417787912,-0.809477111,0.1494073796
yellow_forming,522,4,4,0.390625,179.7814257,506.1941147,511.5684472,-0.8298224021,510.0486851,513.0882092,-0.8459732422,-0.813671562,0.147971337
yellow_forming,523,4,4,0.38671875,179.8182832,506.3529514,511.6601505,-0.834016885,510.1403884,513.1799125,-0.8501677251,-0.8178660449,0.1465490863
yellow_forming,524,4,4,0.3828125,179.8551236,506.5117891,511.7518111,-0.8382113948,510.232049,513.2715732,-0.8543622349,-0.8220605547,0.1451404968
yellow_forming,525,4,4,0.37890625,179.891947,506.6706276,511.8434298,-0.8424059265,510.3236677,513.3631918,-0.8585567666,-0.8262550864,0.143745439
yellow_forming,526,4,4,0.375,179.9287539,506.8294668,511.9350072,-0.8466004749,510.4152451,513.4547693,-0.8627513151,-0.8304496348,0.1423637847
yellow_forming,527,4,4,0.37109375,179.9655445,506.9883064,512.0265441,-0.8507950352,510.5067821,513.5463062,-0.8669458753,-0.8346441951,0.1409954068
yellow_forming,528,4,4,0.3671875,180.0023192,507.1471463,512.1180413,-0.8549896022,510.5982793,513.6378034,-0.8711404423,-0.8388387621,0.1396401793
yellow_forming,529,4,4,0.36328125,180.0390781,507.3059862,512.2094995,-0.8591841709,510.6897374,513.7292616,-0.8753350111,-0.8430333308,0.1382979775
yellow_forming,530,4,4,0.359375,180.0758217,507.464826,512.3009194,-0.8633787364,510.7811573,513.8206815,-0.8795295765,-0.8472278962,0.1369686779
yellow_forming,531,4,4,0.35546875,180.1125502,507.6236655,512.3923017,-0.8675732934,510.8725397,513.9120638,-0.8837241335,-0.8514224533,0.1356521579
yellow_forming,532,4,4,0.3515625,180.1492639,507.7825045,512.4836473,-0.8717678371,510.9638852,514.0034093,-0.8879186772,-0.855616997,0.1343482961
yellow_forming,533,4,4,0.34765625,180.185963,507.9413428,512.5749567,-0.8759623624,511.0551946,514.0947188,-0.8921132025,-0.8598115223,0.1330569725
yellow_forming,534,4,4,0.34375,180.222648,508.1001801,512.6662308,-0.8801568642,511.1464687,514.1859929,-0.8963077043,-0.8640060241,0.1317780679
yellow_forming,535,4,4,0.33984375,180.2593191,508.2590165,512.7574703,-0.8843513375,511.2377082,514.2772324,-0.9005021776,-0.8682004974,0.1305114643
yellow_forming,536,4,4,0.3359375,180.2959765,508.4178515,512.8486759,-0.8885457773,511.3289138,514.368438,-0.9046966175,-0.8723949372,0.1292570449
yellow_forming,537,4,4,0.33203125,180.3326207,508.5766851,512.9398484,-0.8927401786,511.4200863,514.4596105,-0.9088910187,-0.8765893385,0.1280146937
yellow_forming,538,4,4,0.328125,180.3692518,508.735517,513.0309885,-0.8969345363,511.5112264,514.5507505,-0.9130853764,-0.8807836962,0.1267842961
yellow_forming,539,4,4,0.32421875,180.4058701,508.8943471,513.1220969,-0.9011288454,511.6023348,514.6418589,-0.9172796855,-0.8849780052,0.1255657383
yellow_forming,540,4,4,0.3203125,180.4424761,509.0531752,513.2131743,-0.9053231008,511.6934123,514.7329364,-0.9214739409,-0.8891722607,0.1243589078
yellow_forming,541,4,4,0.31640625,180.4790699,509.212001,513.3042216,-0.9095172975,511.7844595,514.8239837,-0.9256681376,-0.8933664574,0.123163693
yellow_forming,542,4,4,0.3125,180.5156519,509.3708245,513.3952394,-0.9137114305,511.8754773,514.9150015,-0.9298622706,-0.8975605904,0.1219799833
yellow_forming,543,4,4,0.30859375,180.5522223,509.5296453,513.4862285,-0.9179054948,511.9664664,515.0059905,-0.9340563349,-0.9017546546,0.1208076692
yellow_forming,544,4,4,0.3046875,180.5887814,509.6884633,513.5771896,-0.9220994852,512.0574275,515.0969516,-0.9382503253,-0.9059486451,0.1196466422
yellow_forming,545,4,4,0.30078125,180.6253296,509.8472784,513.6681234,-0.9262933969,512.1483613,515.1878854,-0.942444237,-0.9101425568,0.1184967947
yellow_forming,546,4,4,0.296875,180.6618672,510.0060902,513.7590307,-0.9304872247,512.2392686,515.2787927,-0.9466380648,-0.9143363846,0.1173580204
yellow_forming,547,4,4,0.29296875,180.6983944,510.1648987,513.8499122,-0.9346809636,512.3301501,515.3696742,-0.9508318037,-0.9185301235,0.1162302137
yellow_forming,548,4,4,0.2890625,180.7349115,510.3237037,513.9407686,-0.9388746086,512.4210066,515.4605307,-0.9550254487,-0.9227237684,0.1151132701
yellow_forming,549,4,4,0.28515625,180.7714188,510.4825049,514.0316008,-0.9430681546,512.5118387,515.5513628,-0.9592189947,-0.9269173145,0.114007086
yellow_forming,550,4,4,0.28125,180.8079167,510.6413022,514.1224093,-0.9472615966,512.6026472,515.6421714,-0.9634124368,-0.9311107565,0.1129115589
yellow_forming,551,4,4,0.27734375,180.8444054,510.8000953,514.213195,-0.9514549297,512.6934329,515.7329571,-0.9676057698,-0.9353040895,0.111826587
yellow_forming,552,4,4,0.2734375,180.8808851,510.9588841,514.3039586,-0.9556481486,512.7841965,515.8237206,-0.9717989887,-0.9394973085,0.1107520698
yellow_forming,553,4,4,0.26953125,180.9173563,511.1176684,514.3947008,-0.9598412485,512.8749387,515.9144629,-0.9759920886,-0.9436904084,0.1096879075
yellow_forming,554,4,4,0.265625,180.9538192,511.276448,514.4854223,-0.9640342242,512.9656603,516.0051844,-0.9801850644,-0.9478833841,0.1086340012
yellow_forming,555,4,4,0.26171875,180.9902741,511.4352227,514.576124,-0.9682270708,513.0563619,516.0958861,-0.984377911,-0.9520762307,0.1075902531
yellow_forming,556,4,4,0.2578125,181.0267213,511.5939924,514.6668065,-0.9724197832,513.1470444,516.1865685,-0.9885706234,-0.9562689431,0.1065565662
yellow_forming,557,4,4,0.25390625,181.0631611,511.7527567,514.7574705,-0.9766123564,513.2377084,516.2772326,-0.9927631965,-0.9604615163,0.1055328444
yellow_forming,558,4,4,0.25,181.0995937,511.9115156,514.8481168,-0.9808047853,513.3283547,516.3678789,-0.9969556255,-0.9646539452,0.1045189925
yellow_forming,559,4,4,0.24609375,181.1360196,512.0702689,514.9387462,-0.984997065,513.4189841,516.4585082,-1.001147905,-0.9688462249,0.1035149162
yellow_forming,560,4,4,0.2421875,181.1724389,512.2290163,515.0293593,-0.9891891903,513.5095972,516.5491214,-1.00534003,-0.9730383502,0.1025205222
yellow_forming,561,4,4,0.23828125,181.208852,512.3877576,515.1199569,-0.9933811562,513.6001948,516.639719,-1.009531996,-0.9772303161,0.1015357179
yellow_forming,562,4,4,0.234375,181.2452591,512.5464928,515.2105398,-0.9975729578,513.6907777,516.7303018,-1.013723798,-0.9814221177,0.1005604116
yellow_forming,563,4,4,0.23046875,181.2816606,512.7052215,515.3011086,-1.00176459,513.7813465,516.8208706,-1.01791543,-0.9856137498,0.09959451249
yellow_forming,564,4,4,0.2265625,181.3180568,512.8639436,515.3916641,-1.005956048,513.871902,516.9114262,-1.022106888,-0.9898052075,0.09863793063
yellow_forming,565,4,4,0.22265625,181.3544479,513.0226589,515.4822071,-1.010147326,513.962445,517.0019691,-1.026298166,-0.9939964856,0.09769057689
yellow_forming,566,4,4,0.21875,181.3908343,513.1813673,515.5727382,-1.014338419,514.0529762,517.0925003,-1.030489259,-0.9981875793,0.09675236299
yellow_forming,567,4,4,0.21484375,181.4272162,513.3400684,515.6632583,-1.018529323,514.1434962,517.1830203,-1.034680164,-1.002378483,0.09582320145
yellow_forming,568,4,4,0.2109375,181.4635939,513.4987622,515.753768,-1.022720033,514.2340059,517.27353,-1.038870873,-1.006569193,0.09490300564
yellow_forming,569,4,4,0.20703125,181.4999678,513.6574484,515.844268,-1.026910543,514.324506,517.3640301,-1.043061383,-1.010759703,0.09399168973
yellow_forming,570,4,4,0.203125,181.5363381,513.8161269,515.9347592,-1.031100848,514.4149972,517.4545213,-1.047251688,-1.014950008,0.0930891687
yellow_forming,571,4,4,0.19921875,181.5727052,513.9747975,516.0252423,-1.035290944,514.5054802,517.5450043,-1.051441784,-1.019140103,0.09219535831
yellow_forming,572,4,4,0.1953125,181.6090692,514.1334599,516.1157179,-1.039480824,514.5959558,517.63548,-1.055631664,-1.023329984,0.09131017513
yellow_forming,573,4,4,0.19140625,181.6454306,514.292114,516.2061868,-1.043670485,514.6864248,517.7259489,-1.059821325,-1.027519645,0.0904335365
yellow_forming,574,4,4,0.1875,181.6817896,514.4507595,516.2966498,-1.047859921,514.7768878,517.8164119,-1.064010762,-1.031709081,0.08956536055
yellow_forming,575,4,4,0.18359375,181.7181464,514.6093964,516.3871076,-1.052049128,514.8673456,517.9068697,-1.068199968,-1.035898288,0.08870556616
yellow_forming,576,4,4,0.1796875,181.7545015,514.7680244,516.4775609,-1.056238099,514.9577989,517.997323,-1.07238894,-1.040087259,0.087854073
yellow_forming,577,4,4,0.17578125,181.7908551,514.9266433,516.5680105,-1.060426831,515.0482484,518.0877726,-1.076577671,-1.044275991,0.08701080146
yellow_forming,578,4,4,0.171875,181.8272075,515.0852529,516.6584571,-1.064615318,515.138695,518.1782191,-1.080766158,-1.048464478,0.08617567271
yellow_forming,579,4,4,0.16796875,181.8635589,515.243853,516.7489014,-1.068803554,515.2291393,518.2686634,-1.084954395,-1.052652714,0.08534860864
yellow_forming,580,4,4,0.1640625,181.8999098,515.4024435,516.8393441,-1.072991536,515.3195821,518.3591062,-1.089142376,-1.056840696,0.08452953188
yellow_forming,581,4,4,0.16015625,181.9362603,515.5610241,516.9297861,-1.077179258,515.410024,518.4495482,-1.093330098,-1.061028418,0.08371836579
yellow_forming,582,4,4,0.15625,181.9726108,515.7195948,517.020228,-1.081366714,515.5004659,518.53999,-1.097517555,-1.065215874,0.08291503446
yellow_forming,583,4,4,0.15234375,182.0089615,515.8781551,517.1106705,-1.085553901,515.5909085,518.6304326,-1.101704741,-1.069403061,0.08211946268
yellow_forming,584,4,4,0.1484375,182.0453129,516.0367051,517.2011145,-1.089740812,515.6813524,518.7208766,-1.105891652,-1.073589972,0.08133157595
yellow_forming,585,4,4,0.14453125,182.0816651,516.1952444,517.2915606,-1.093927444,515.7717986,518.8113227,-1.110078284,-1.077776603,0.08055130049
yellow_forming,586,4,4,0.140625,182.1180184,516.353773,517.3820096,-1.09811379,515.8622475,518.9017717,-1.11426463,-1.081962949,0.07977856319
yellow_forming,587,4,4,0.13671875,182.1543732,516.5122906,517.4724622,-1.102299845,515.9527001,518.9922242,-1.118450685,-1.086149005,0.07901329165
yellow_forming,588,4,4,0.1328125,182.1907297,516.6707969,517.5629191,-1.106485606,516.043157,519.0826812,-1.122636446,-1.090334766,0.07825541414
yellow_forming,589,4,4,0.12890625,182.2270883,516.8292919,517.6533811,-1.110671066,516.1336191,519.1731432,-1.126821906,-1.094520226,0.07750485961
yellow_forming,590,4,4,0.125,182.2634492,516.9877754,517.7438489,-1.114856221,516.2240869,519.263611,-1.131007061,-1.098705381,0.07676155768
yellow_forming,591,4,4,0.12109375,182.2998128,517.1462471,517.8343233,-1.119041065,516.3145613,519.3540854,-1.135191906,-1.102890225,0.07602543864
yellow_forming,592,4,4,0.1171875,182.3361792,517.3047068,517.924805,-1.123225595,516.4050429,519.444567,-1.139376435,-1.107074754,0.07529643343
yellow_forming,593,4,4,0.11328125,182.3725489,517.4631544,518.0152947,-1.127409803,516.4955326,519.5350567,-1.143560643,-1.111258963,0.07457447365
yellow_forming,594,4,4,0.109375,182.4089222,517.6215897,518.1057931,-1.131593686,516.586031,519.6255552,-1.147744527,-1.115442846,0.07385949154
yellow_forming,595,4,4,0.10546875,182.4452992,517.7800125,518.196301,-1.135777239,516.6765389,519.7160631,-1.151928079,-1.119626399,0.07315141998
yellow_forming,596,4,4,0.1015625,182.4816803,517.9384226,518.2868191,-1.139960456,516.7670571,519.8065812,-1.156111296,-1.123809616,0.0724501925
yellow_forming,597,4,4,0.09765625,182.5180659,518.0968197,518.3773482,-1.144143333,516.8575862,519.8971103,-1.160294173,-1.127992493,0.07175574323
yellow_forming,598,4,4,0.09375,182.5544561,518.2552038,518.467889,-1.148325864,516.948127,519.9876511,-1.164476704,-1.132175024,0.07106800696
yellow_forming,599,4,4,0.08984375,182.5908514,518.4135746,518.5584423,-1.152508044,517.0386802,520.0782043,-1.168658884,-1.136357204,0.07038691905
yellow_forming,600,4,4,0.0859375,182.6272519,518.571932,518.6490087,-1.156689869,517.1292466,520.1687707,-1.172840709,-1.140539029,0.06971241552
yellow_forming,601,4,4,0.08203125,182.663658,518.7302756,518.7395889,-1.160871333,517.2198269,520.259351,-1.177022173,-1.144720493,0.06904443296
yellow_forming,602,4,4,0.078125,182.70007,518.8886055,518.8301839,-1.165052431,517.3104218,520.3499459,-1.181203271,-1.148901591,0.06838290858
yellow_forming,603,4,4,0.07421875,182.7364882,519.0469213,518.9207941,-1.169233158,517.4010321,520.4405562,-1.185383999,-1.153082318,0.06772778018
yellow_forming,604,4,4,0.0703125,182.7729128,519.2052228,519.0114205,-1.17341351,517.4916585,520.5311826,-1.18956435,-1.15726267,0.06707898615
yellow_forming,605,4,4,0.06640625,182.8093442,519.3635099,519.1020638,-1.177593481,517.5823017,520.6218258,-1.193744321,-1.161442641,0.06643646546
yellow_forming,606,4,4,0.0625,182.8457827,519.5217825,519.1927246,-1.181773066,517.6729625,520.7124866,-1.197923906,-1.165622226,0.06580015766
yellow_forming,607,4,4,0.05859375,182.8822286,519.6800402,519.2834037,-1.18595226,517.7636416,520.8031658,-1.2021031,-1.16980142,0.06517000289
yellow_forming,608,4,4,0.0546875,182.918682,519.8382829,519.3741018,-1.190131058,517.8543398,520.8938639,-1.206281898,-1.173980218,0.06454594182
yellow_forming,609,4,4,0.05078125,182.9551435,519.9965105,519.4648198,-1.194309455,517.9450577,520.9845818,-1.210460295,-1.178158615,0.06392791572
yellow_forming,610,4,4,0.046875,182.9916132,520.1547226,519.5555582,-1.198487446,518.0357962,521.0753203,-1.214638286,-1.182336606,0.06331586639
yellow_forming,611,4,4,0.04296875,183.0280914,520.3129192,519.6463179,-1.202665026,518.1265559,521.16608,-1.218815866,-1.186514186,0.06270973622
yellow_forming,612,4,4,0.0390625,183.0645785,520.4711001,519.7370996,-1.20684219,518.2173375,521.2568617,-1.22299303,-1.19069135,0.0621094681
yellow_forming,613,4,4,0.03515625,183.1010746,520.629265,519.827904,-1.211018933,518.3081419,521.3476661,-1.227169773,-1.194868093,0.0615150055
yellow_forming,614,4,4,0.03125,183.1375803,520.7874137,519.9187318,-1.21519525,518.3989698,521.4384939,-1.23134609,-1.199044409,0.0609262924
yellow_forming,615,4,4,0.02734375,183.1740956,520.9455462,520.0095839,-1.219371135,518.4898218,521.5293459,-1.235521975,-1.203220295,0.06034327334
yellow_forming,616,4,4,0.0234375,183.210621,521.1036621,520.1004608,-1.223546584,518.5806988,521.6202229,-1.239697425,-1.207395744,0.05976589336
yellow_forming,617,4,4,0.01953125,183.2471566,521.2617613,520.1913635,-1.227721592,518.6716014,521.7111255,-1.243872433,-1.211570752,0.05919409805
yellow_forming,618,4,4,0.015625,183.2837029,521.4198436,520.2822925,-1.231896154,518.7625304,521.8020545,-1.248046994,-1.215745314,0.05862783349
yellow_forming,619,4,4,0.01171875,183.3202601,521.5779088,520.3732486,-1.236070265,518.8534866,521.8930107,-1.252221105,-1.219919425,0.0580670463
yellow_forming,620,4,4,0.0078125,183.3568285,521.7359567,520.4642326,-1.240243919,518.9444706,521.9839947,-1.256394759,-1.224093079,0.05751168357
yellow_forming,621,4,4,0.00390625,183.3934083,521.8939872,520.5552452,-1.244417112,519.0354832,522.0750073,-1.260567952,-1.228266271,0.05696169295
yellow_forming,622,4,3,1,183.43,522.052,520.6462872,-1.248589838,519.1265251,522.1660492,-1.264740678,-1.232438998,0.05641702253
yellow_forming,623,4,3,0.9523809524,183.4821429,522.2865238,520.7760213,-1.25478303,519.2562592,522.2957833,-1.27093387,-1.23863219,0.05561820515
yellow_forming,624,4,3,0.9047619048,183.5342857,522.5210476,520.9057554,-1.260976223,519.3859933,522.4255174,-1.277127063,-1.244825383,0.05483069835
yellow_forming,625,4,3,0.8571428571,183.5864286,522.7555714,521.0354895,-1.267169415,519.5157274,522.5552515,-1.283320255,-1.251018575,0.05405434198
yellow_forming,626,4,3,0.8095238095,183.6385714,522.9900952,521.1652236,-1.273362607,519.6454615,522.6849856,-1.289513448,-1.257211767,0.05328897816
yellow_forming,627,4,3,0.7619047619,183.6907143,523.224619,521.2949577,-1.2795558,519.7751956,522.8147198,-1.29570664,-1.26340496,0.05253445124
yellow_forming,628,4,3,0.7142857143,183.7428571,523.4591429,521.4246918,-1.285748992,519.9049297,522.9444539,-1.301899832,-1.269598152,0.05179060779
yellow_forming,629,4,3,0.6666666667,183.795,523.6936667,521.5544259,-1.291942185,520.0346638,523.074188,-1.308093025,-1.275791345,0.05105729653
yellow_forming,630,4,3,0.619047619,183.8471429,523.9281905,521.68416,-1.298135377,520.1643979,523.2039221,-1.314286217,-1.281984537,0.05033436835
yellow_forming,631,4,3,0.5714285714,183.8992857,524.1627143,521.8138941,-1.304328569,520.294132,523.3336562,-1.32047941,-1.288177729,0.04962167621
yellow_forming,632,4,3,0.5238095238,183.9514286,524.3972381,521.9436282,-1.310521762,520.4238661,523.4633903,-1.326672602,-1.294370922,0.04891907519
yellow_forming,633,4,3,0.4761904762,184.0035714,524.6317619,522.0733623,-1.316714954,520.5536002,523.5931244,-1.332865794,-1.300564114,0.04822642241
yellow_forming,634,4,3,0.4285714286,184.0557143,524.8662857,522.2030964,-1.322908147,520.6833344,523.7228585,-1.339058987,-1.306757307,0.04754357701
yellow_forming,635,4,3,0.380952381,184.1078571,525.1008095,522.3328305,-1.329101339,520.8130685,523.8525926,-1.345252179,-1.312950499,0.04687040012
yellow_forming,636,4,3,0.3333333333,184.16,525.3353333,522.4625646,-1.335294531,520.9428026,523.9823267,-1.351445372,-1.319143691,0.04620675485
yellow_forming,637,4,3,0.2857142857,184.2121429,525.5698571,522.5922987,-1.341487724,521.0725367,524.1120608,-1.357638564,-1.325336884,0.04555250623
yellow_forming,638,4,3,0.2380952381,184.2642857,525.804381,522.7220328,-1.347680916,521.2022708,524.2417949,-1.363831756,-1.331530076,0.04490752122
yellow_forming,639,4,3,0.1904761905,184.3164286,526.0389048,522.8517669,-1.353874109,521.3320049,524.371529,-1.370024949,-1.337723268,0.04427166866
yellow_forming,640,4,3,0.1428571429,184.3685714,526.2734286,522.981501,-1.360067301,521.461739,524.5012631,-1.376218141,-1.343916461,0.04364481923
yellow_forming,641,4,3,0.09523809524,184.4207143,526.5079524,523.1112352,-1.366260493,521.5914731,524.6309972,-1.382411333,-1.350109653,0.04302684546
yellow_forming,642,4,3,0.04761904762,184.4728571,526.7424762,523.2409693,-1.372453686,521.7212072,524.7607313,-1.388604526,-1.356302846,0.04241762167
yellow_forming,643,4,2,1,184.525,526.977,523.3707034,-1.378646878,521.8509413,524.8904654,-1.394797718,-1.362496038,0.04181702398
yellow_forming,644,4,2,0.9583333333,184.5769167,527.213125,523.4998747,-1.384882354,521.9801126,525.0196368,-1.401033194,-1.368731514,0.04122091673
yellow_forming,645,4,2,0.9166666667,184.6288333,527.44925,523.629046,-1.39111783,522.109284,525.1488081,-1.40726867,-1.37496699,0.04063330707
yellow_forming,646,4,2,0.875,184.68075,527.685375,523.7582174,-1.397353306,522.2384553,525.2779794,-1.413504146,-1.381202466,0.04005407386
yellow_forming,647,4,2,0.8333333333,184.7326667,527.9215,523.8873887,-1.403588782,522.3676266,525.4071507,-1.419739622,-1.387437941,0.03948309769
yellow_forming,648,4,2,0.7916666667,184.7845833,528.157625,524.01656,-1.409824257,522.496798,525.5363221,-1.425975098,-1.393673417,0.03892026087
yellow_forming,649,4,2,0.75,184.8365,528.39375,524.1457313,-1.416059733,522.6259693,525.6654934,-1.432210573,-1.399908893,0.03836544736
yellow_forming,650,4,2,0.7083333333,184.8884167,528.629875,524.2749027,-1.422295209,522.7551406,525.7946647,-1.438446049,-1.406144369,0.0378185428
yellow_forming,651,4,2,0.6666666667,184.9403333,528.866,524.404074,-1.428530685,522.8843119,525.9238361,-1.444681525,-1.412379845,0.03727943443
yellow_forming,652,4,2,0.625,184.99225,529.102125,524.5332453,-1.434766161,523.0134833,526.0530074,-1.450917001,-1.418615321,0.03674801112
yellow_forming,653,4,2,0.5833333333,185.0441667,529.33825,524.6624167,-1.441001637,523.1426546,526.1821787,-1.457152477,-1.424850797,0.03622416332
yellow_forming,654,4,2,0.5416666667,185.0960833,529.574375,524.791588,-1.447237113,523.2718259,526.3113501,-1.463387953,-1.431086272,0.03570778304
yellow_forming,655,4,2,0.5,185.148,529.8105,524.9207593,-1.453472588,523.4009973,526.4405214,-1.469623429,-1.437321748,0.03519876384
yellow_forming,656,4,2,0.4583333333,185.1999167,530.046625,525.0499307,-1.459708064,523.5301686,526.5696927,-1.475858904,-1.443557224,0.03469700077
yellow_forming,657,4,2,0.4166666667,185.2518333,530.28275,525.179102,-1.46594354,523.6593399,526.6988641,-1.48209438,-1.4497927,0.03420239039
yellow_forming,658,4,2,0.375,185.30375,530.518875,525.3082733,-1.472179016,523.7885113,526.8280354,-1.488329856,-1.456028176,0.03371483076
yellow_forming,659,4,2,0.3333333333,185.3556667,530.755,525.4374447,-1.478414492,523.9176826,526.9572067,-1.494565332,-1.462263652,0.03323422135
yellow_forming,660,4,2,0.2916666667,185.4075833,530.991125,525.566616,-1.484649968,524.0468539,527.0863781,-1.500800808,-1.468499128,0.0327604631
yellow_forming,661,4,2,0.25,185.4595,531.22725,525.6957873,-1.490885444,524.1760253,527.2155494,-1.507036284,-1.474734604,0.03229345833
yellow_forming,662,4,2,0.2083333333,185.5114167,531.463375,525.8249587,-1.497120919,524.3051966,527.3447207,-1.51327176,-1.480970079,0.03183311077
yellow_forming,663,4,2,0.1666666667,185.5633333,531.6995,525.95413,-1.503356395,524.4343679,527.473892,-1.519507235,-1.487205555,0.03137932553
yellow_forming,664,4,2,0.125,185.61525,531.935625,526.0833013,-1.509591871,524.5635392,527.6030634,-1.525742711,-1.493441031,0.03093200907
yellow_forming,665,4,2,0.08333333333,185.6671667,532.17175,526.2124726,-1.515827347,524.6927106,527.7322347,-1.531978187,-1.499676507,0.03049106915
yellow_forming,666,4,2,0.04166666667,185.7190833,532.407875,526.341644,-1.522062823,524.8218819,527.861406,-1.538213663,-1.505911983,0.0300564149
yellow_forming,667,4,1,1,185.771,532.644,526.4708153,-1.528298299,524.9510532,527.9905774,-1.544449139,-1.512147459,0.02962795669
yellow_forming,668,4,1,0.962962963,185.8235185,532.8848148,526.6014841,-1.534657621,525.081722,528.1212461,-1.550808461,-1.518506781,0.02919727894
yellow_forming,669,4,1,0.9259259259,185.876037,533.1256296,526.7321528,-1.541016943,525.2123908,528.2519149,-1.557167783,-1.524866103,0.0287728616
yellow_forming,670,4,1,0.8888888889,185.9285556,533.3664444,526.8628216,-1.547376266,525.3430596,528.3825837,-1.563527106,-1.531225425,0.02835461367
yellow_forming,671,4,1,0.8518518519,185.9810741,533.6072593,526.9934904,-1.553735588,525.4737283,528.5132524,-1.569886428,-1.537584748,0.02794244548
yellow_forming,672,4,1,0.8148148148,186.0335926,533.8480741,527.1241592,-1.56009491,525.6043971,528.6439212,-1.57624575,-1.54394407,0.02753626864
yellow_forming,673,4,1,0.7777777778,186.0861111,534.0888889,527.2548279,-1.566454232,525.7350659,528.77459,-1.582605072,-1.550303392,0.02713599607
yellow_forming,674,4,1,0.7407407407,186.1386296,534.3297037,527.3854967,-1.572813555,525.8657346,528.9052588,-1.588964395,-1.556662714,0.02674154194
yellow_forming,675,4,1,0.7037037037,186.1911481,534.5705185,527.5161655,-1.579172877,525.9964034,529.0359275,-1.595323717,-1.563022037,0.02635282168
yellow_forming,676,4,1,0.6666666667,186.2436667,534.8113333,527.6468342,-1.585532199,526.1270722,529.1665963,-1.601683039,-1.569381359,0.02596975192
yellow_forming,677,4,1,0.6296296296,186.2961852,535.0521481,527.777503,-1.591891521,526.2577409,529.2972651,-1.608042361,-1.575740681,0.02559225054
yellow_forming,678,4,1,0.5925925926,186.3487037,535.292963,527.9081718,-1.598250843,526.3884097,529.4279338,-1.614401684,-1.582100003,0.0252202366
yellow_forming,679,4,1,0.5555555556,186.4012222,535.5337778,528.0388405,-1.604610166,526.5190785,529.5586026,-1.620761006,-1.588459326,0.02485363032
yellow_forming,680,4,1,0.5185185185,186.4537407,535.7745926,528.1695093,-1.610969488,526.6497472,529.6892714,-1.627120328,-1.594818648,0.02449235311
yellow_forming,681,4,1,0.4814814815,186.5062593,536.0154074,528.3001781,-1.61732881,526.780416,529.8199401,-1.63347965,-1.60117797,0.02413632749
yellow_forming,682,4,1,0.4444444444,186.5587778,536.2562222,528.4308468,-1.623688132,526.9110848,529.9506089,-1.639838973,-1.607537292,0.02378547712
yellow_forming,683,4,1,0.4074074074,186.6112963,536.497037,528.5615156,-1.630047455,527.0417536,530.0812777,-1.646198295,-1.613896615,0.02343972679
yellow_forming,684,4,1,0.3703703704,186.6638148,536.7378519,528.6921844,-1.636406777,527.1724223,530.2119465,-1.652557617,-1.620255937,0.02309900235
yellow_forming,685,4,1,0.3333333333,186.7163333,536.9786667,528.8228532,-1.642766099,527.3030911,530.3426152,-1.658916939,-1.626615259,0.02276323075
yellow_forming,686,4,1,0.2962962963,186.7688519,537.2194815,528.9535219,-1.649125421,527.4337599,530.473284,-1.665276262,-1.632974581,0.02243233999
yellow_forming,687,4,1,0.2592592593,186.8213704,537.4602963,529.0841907,-1.655484744,527.5644286,530.6039528,-1.671635584,-1.639333904,0.02210625912
yellow_forming,688,4,1,0.2222222222,186.8738889,537.7011111,529.2148595,-1.661844066,527.6950974,530.7346215,-1.677994906,-1.645693226,0.02178491823
yellow_forming,689,4,1,0.1851851852,186.9264074,537.9419259,529.3455282,-1.668203388,527.8257662,530.8652903,-1.684354228,-1.652052548,0.02146824841
yellow_forming,690,4,1,0.1481481481,186.9789259,538.1827407,529.476197,-1.67456271,527.9564349,530.9959591,-1.690713551,-1.65841187,0.02115618176
yellow_forming,691,4,1,0.1111111111,187.0314444,538.4235556,529.6068658,-1.680922033,528.0871037,531.1266278,-1.697072873,-1.664771193,0.02084865138
yellow_forming,692,4,1,0.07407407407,187.083963,538.6643704,529.7375345,-1.687281355,528.2177725,531.2572966,-1.703432195,-1.671130515,0.02054559132
yellow_forming,693,4,1,0.03703703704,187.1364815,538.9051852,529.8682033,-1.693640677,528.3484412,531.3879654,-1.709791517,-1.677489837,0.0202469366
yellow_forming,694,4,0,0,187.189,539.146,529.9988721,-1.699999999,528.47911,531.5186341,-1.716150839,-1.683849159,0.01995262318
magenta_forming,0,5,0,0,151.016,521.727,439.9985916,-1.240007394,438.4788295,441.5183537,-1.256158234,-1.223856554,0.05754301408
magenta_forming,1,5,1,0.05882352941,151.1722941,521.5503529,440.3874594,-1.235342583,438.8676973,441.9072215,-1.251493423,-1.219191743,0.05816442207
magenta_forming,2,5,1,0.1176470588,151.3285882,521.3737059,440.7763272,-1.230677772,439.2565651,442.2960893,-1.246828612,-1.214526932,0.05879254065
magenta_forming,3,5,1,0.1764705882,151.4848824,521.1970588,441.165195,-1.226012961,439.6454329,442.684957,-1.242163801,-1.209862121,0.0594274423
magenta_forming,4,5,1,0.2352941176,151.6411765,521.0204118,441.5540628,-1.22134815,440.0343007,443.0738248,-1.23749899,-1.20519731,0.06006920025
magenta_forming,5,5,1,0.2941176471,151.7974706,520.8437647,441.9429305,-1.216683339,440.4231685,443.4626926,-1.232834179,-1.200532499,0.06071788857
magenta_forming,6,5,1,0.3529411765,151.9537647,520.6671176,442.3317983,-1.212018528,440.8120363,443.8515604,-1.228169368,-1.195867688,0.06137358208
magenta_forming,7,5,1,0.4117647059,152.1100588,520.4904706,442.7206661,-1.207353717,441.2009041,444.2404282,-1.223504558,-1.191202877,0.06203635643
magenta_forming,8,5,1,0.4705882353,152.2663529,520.3138235,443.1095339,-1.202688907,441.5897718,444.629296,-1.218839747,-1.186538066,0.0627062881
magenta_forming,9,5,1,0.5294117647,152.4226471,520.1371765,443.4984017,-1.198024096,441.9786396,445.0181638,-1.214174936,-1.181873256,0.06338345437
magenta_forming,10,5,1,0.5882352941,152.5789412,519.9605294,443.8872695,-1.193359285,442.3675074,445.4070315,-1.209510125,-1.177208445,0.06406793337
magenta_forming,11,5,1,0.6470588235,152.7352353,519.7838824,444.2761373,-1.188694474,442.7563752,445.7958993,-1.204845314,-1.172543634,0.06475980407
magenta_forming,12,5,1,0.7058823529,152.8915294,519.6072353,444.665005,-1.184029663,443.145243,446.1847671,-1.200180503,-1.167878823,0.06545914629
magenta_forming,13,5,1,0.7647058824,153.0478235,519.4305882,445.0538728,-1.179364852,443.5341108,446.5736349,-1.195515692,-1.163214012,0.06616604073
magenta_forming,14,5,1,0.8235294118,153.2041176,519.2539412,445.4427406,-1.174700041,443.9229786,446.9625027,-1.190850881,-1.158549201,0.06688056892
magenta_forming,15,5,1,0.8823529412,153.3604118,519.0772941,445.8316084,-1.17003523,444.3118463,447.3513705,-1.18618607,-1.15388439,0.06760281332
magenta_forming,16,5,1,0.9411764706,153.5167059,518.9006471,446.2204762,-1.165370419,444.7007141,447.7402383,-1.18152126,-1.149219579,0.06833285725
magenta_forming,17,5,1,1,153.673,518.724,446.609344,-1.160705609,445.0895819,448.129106,-1.176856449,-1.144554768,0.06907078494
magenta_forming,18,5,2,0.07692307692,153.827,518.5501538,446.9925039,-1.156114763,445.4727418,448.5122659,-1.172265603,-1.139963922,0.06980479201
magenta_forming,19,5,2,0.1538461538,153.981,518.3763077,447.3756638,-1.151523917,445.8559017,448.8954258,-1.167674757,-1.135373077,0.07054659928
magenta_forming,20,5,2,0.2307692308,154.135,518.2024615,447.7588237,-1.146933071,446.2390616,449.2785858,-1.163083911,-1.130782231,0.07129628966
magenta_forming,21,5,2,0.3076923077,154.289,518.0286154,448.1419836,-1.142342225,446.6222215,449.6617457,-1.158493065,-1.126191385,0.07205394691
magenta_forming,22,5,2,0.3846153846,154.443,517.8547692,448.5251435,-1.137751379,447.0053814,450.0449056,-1.153902219,-1.121600539,0.07281965569
magenta_forming,23,5,2,0.4615384615,154.597,517.6809231,448.9083034,-1.133160533,447.3885413,450.4280655,-1.149311373,-1.117009693,0.07359350156
magenta_forming,24,5,2,0.5384615385,154.751,517.5070769,449.2914633,-1.128569687,447.7717012,450.8112254,-1.144720527,-1.112418847,0.07437557101
magenta_forming,25,5,2,0.6153846154,154.905,517.3332308,449.6746232,-1.123978841,448.1548611,451.1943853,-1.140129681,-1.107828001,0.07516595141
magenta_forming,26,5,2,0.6923076923,155.059,517.1593846,450.0577831,-1.119387995,448.538021,451.5775452,-1.135538835,-1.103237155,0.0759647311
magenta_forming,27,5,2,0.7692307692,155.213,516.9855385,450.440943,-1.114797149,448.9211809,451.9607051,-1.130947989,-1.098646309,0.07677199932
magenta_forming,28,5,2,0.8461538462,155.367,516.8116923,450.8241029,-1.110206303,449.3043409,452.343865,-1.126357143,-1.094055463,0.07758784629
magenta_forming,29,5,2,0.9230769231,155.521,516.6378462,451.2072628,-1.105615457,449.6875008,452.7270249,-1.121766297,-1.089464617,0.07841236316
magenta_forming,30,5,2,1,155.675,516.464,451.5904227,-1.101024611,450.0706607,453.1101848,-1.117175452,-1.084873771,0.07924564208
magenta_forming,31,5,3,0.1111111111,155.8373333,516.2823333,451.9943164,-1.096227245,450.4745543,453.5140785,-1.112378085,-1.080076405,0.08012586941
magenta_forming,32,5,3,0.2222222222,155.9996667,516.1006667,452.3982101,-1.091429879,450.878448,453.9179721,-1.107580719,-1.075279039,0.08101587393
magenta_forming,33,5,3,0.3333333333,156.162,515.919,452.8021037,-1.086632513,451.2823417,454.3218658,-1.102783353,-1.070481672,0.08191576425
magenta_forming,34,5,3,0.4444444444,156.3243333,515.7373333,453.2059974,-1.081835146,451.6862353,454.7257594,-1.097985986,-1.065684306,0.08282565017
magenta_forming,35,5,3,0.5555555556,156.4866667,515.5556667,453.609891,-1.07703778,452.090129,455.1296531,-1.09318862,-1.06088694,0.08374564273
magenta_forming,36,5,3,0.6666666667,156.649,515.374,454.0137847,-1.072240414,452.4940226,455.5335468,-1.088391254,-1.056089574,0.08467585417
magenta_forming,37,5,3,0.7777777778,156.8113333,515.1923333,454.4176784,-1.067443047,452.8979163,455.9374404,-1.083593888,-1.051292207,0.08561639802
magenta_forming,38,5,3,0.8888888889,156.9736667,515.0106667,454.821572,-1.062645681,453.30181,456.3413341,-1.078796521,-1.046494841,0.08656738903
magenta_forming,39,5,3,1,157.136,514.829,455.2254657,-1.057848315,453.7057036,456.7452278,-1.073999155,-1.041697475,0.08752894325
magenta_forming,40,5,4,0.1428571429,157.281,514.6685714,455.5862331,-1.053611794,454.0664711,457.1059952,-1.069762634,-1.037460954,0.08838696185
magenta_forming,41,5,4,0.2857142857,157.426,514.5081429,455.9470006,-1.049375273,454.4272385,457.4667627,-1.065526113,-1.033224433,0.08925339134
magenta_forming,42,5,4,0.4285714286,157.571,514.3477143,456.307768,-1.045138752,454.788006,457.8275301,-1.061289592,-1.028987912,0.09012831416
magenta_forming,43,5,4,0.5714285714,157.716,514.1872857,456.6685355,-1.040902231,455.1487734,458.1882975,-1.057053072,-1.024751391,0.09101181358
magenta_forming,44,5,4,0.7142857143,157.861,514.0268571,457.0293029,-1.036665711,455.5095408,458.549065,-1.052816551,-1.02051487,0.09190397366
magenta_forming,45,5,4,0.8571428571,158.006,513.8664286,457.3900704,-1.03242919,455.8703083,458.9098324,-1.04858003,-1.01627835,0.0928048793
magenta_forming,46,5,4,1,158.151,513.706,457.7508378,-1.028192669,456.2310757,459.2705999,-1.044343509,-1.012041829,0.09371461624
magenta_forming,47,5,5,0.03125,158.3104111,513.519345,458.1474609,-1.023263572,456.6276988,459.6672229,-1.039414412,-1.007112732,0.09478430449
magenta_forming,48,5,5,0.0625,158.4693359,513.3426816,458.5428739,-1.018598332,457.0231119,460.062636,-1.034749172,-1.002447492,0.0958079766
magenta_forming,49,5,5,0.09375,158.6277803,513.1752439,458.9370916,-1.014176716,457.4173295,460.4568536,-1.030327556,-0.9980258759,0.09678839406
magenta_forming,50,5,5,0.125,158.78575,513.0162656,459.3301284,-1.009978494,457.8103663,460.8498904,-1.026129334,-0.9938276539,0.09772856143
magenta_forming,51,5,5,0.15625,158.943251,512.8649807,459.7219989,-1.005983435,458.2022368,461.2417609,-1.022134275,-0.9898325944,0.09863171064
magenta_forming,52,5,5,0.1875,159.1002891,512.720623,460.1127177,-1.002171306,458.5929556,461.6324798,-1.018322147,-0.9860204663,0.09950128594
magenta_forming,53,5,5,0.21875,159.2568701,512.5824265,460.5022994,-0.9985218786,458.9825373,462.0220615,-1.014672719,-0.9823710385,0.1003409299
magenta_forming,54,5,5,0.25,159.413,512.449625,460.8907586,-0.9950149199,459.3709965,462.4105206,-1.01116576,-0.9788640798,0.1011544703
magenta_forming,55,5,5,0.28125,159.5686846,512.3214524,461.2781098,-0.9916301991,459.7583477,462.7978718,-1.007781039,-0.975479359,0.1019459086
magenta_forming,56,5,5,0.3125,159.7239297,512.1971426,461.6643676,-0.9883474851,460.1446055,463.1841296,-1.004498325,-0.972196645,0.1027194097
magenta_forming,57,5,5,0.34375,159.8787412,512.0759294,462.0495466,-0.9851465467,460.5297845,463.5693087,-1.001297387,-0.9689957066,0.1034792931
magenta_forming,58,5,5,0.375,160.033125,511.9570469,462.4336614,-0.9820071528,460.9138993,463.9534235,-0.9981579929,-0.9658563127,0.1042300263
magenta_forming,59,5,5,0.40625,160.1870869,511.8397288,462.8167265,-0.9789090722,461.2969645,464.3364886,-0.9950599123,-0.9627582321,0.1049762193
magenta_forming,60,5,5,0.4375,160.3406328,511.723209,463.1987566,-0.9758320738,461.6789945,464.7185187,-0.9919829139,-0.9596812337,0.1057226222
magenta_forming,61,5,5,0.46875,160.4937686,511.6067214,463.5797662,-0.9727559264,462.0600041,465.0995283,-0.9889067665,-0.9566050863,0.1064741235
magenta_forming,62,5,5,0.5,160.6465,511.4895,463.9597699,-0.9696603989,462.4400078,465.4795319,-0.985811239,-0.9535095588,0.1072357519
magenta_forming,63,5,5,0.53125,160.798833,511.3707786,464.3387822,-0.9665252601,462.8190201,465.8585443,-0.9826761003,-0.95037442,0.1080126795
magenta_forming,64,5,5,0.5625,160.9507734,511.249791,464.7168178,-0.9633302789,463.1970557,466.2365799,-0.979481119,-0.9471794388,0.1088102282
magenta_forming,65,5,5,0.59375,161.1023271,511.1257712,465.0938912,-0.9600552241,463.5741291,466.6136533,-0.9762060642,-0.943904384,0.1096338779
magenta_forming,66,5,5,0.625,161.2535,510.9979531,465.470017,-0.9566798646,463.950255,466.9897791,-0.9728307047,-0.9405290245,0.1104892779
magenta_forming,67,5,5,0.65625,161.4042979,510.8655706,465.8452098,-0.9531839691,464.3254478,467.3649719,-0.9693348093,-0.937033129,0.1113822613
magenta_forming,68,5,5,0.6875,161.5547266,510.7278574,466.2194842,-0.9495473067,464.6997221,467.7392462,-0.9656981468,-0.9333964666,0.1123188617
magenta_forming,69,5,5,0.71875,161.704792,510.5840476,466.5928547,-0.945749646,465.0730926,468.1126167,-0.9619004861,-0.9295988059,0.1133053337
magenta_forming,70,5,5,0.75,161.8545,510.433375,466.9653359,-0.941770756,465.4455738,468.4850979,-0.9579215961,-0.9256199159,0.1143481767
magenta_forming,71,5,5,0.78125,162.0038564,510.2750735,467.3369424,-0.9375904054,465.8171803,468.8567044,-0.9537412456,-0.9214395653,0.1154541623
magenta_forming,72,5,5,0.8125,162.1528672,510.108377,467.7076887,-0.9331883633,466.1879267,469.2274508,-0.9493392034,-0.9170375232,0.1166303655
magenta_forming,73,5,5,0.84375,162.3015381,509.9325193,468.0775896,-0.9285443983,466.5578275,469.5973516,-0.9446952384,-0.9123935582,0.1178842003
magenta_forming,74,5,5,0.875,162.449875,509.7467344,468.4466594,-0.9236382793,466.9268974,469.9664215,-0.9397891195,-0.9074874392,0.1192234598
magenta_forming,75,5,5,0.90625,162.5978838,509.5502561,468.8149129,-0.9184497753,467.2951508,470.334675,-0.9346006154,-0.9022989352,0.1206563615
magenta_forming,76,5,5,0.921875,162.671767,509.4477675,468.998738,-0.9157433066,467.478976,470.5185001,-0.9318941467,-0.8995924665,0.1214106246
magenta_forming,77,5,5,0.9375,162.7455703,509.3423184,469.1823645,-0.912958655,467.6626025,470.7021266,-0.9291094951,-0.8968078149,0.1221915982
magenta_forming,78,5,5,0.953125,162.8192946,509.2338128,469.3657942,-0.9100932915,467.8460322,470.8855563,-0.9262441316,-0.8939424514,0.1230004523
magenta_forming,79,5,5,0.96875,162.8929404,509.122155,469.5490289,-0.9071446873,468.0292669,471.068791,-0.9232955274,-0.8909938471,0.1238383944
magenta_forming,80,5,5,0.984375,162.9665087,509.0072494,469.7320705,-0.9041103134,468.2123084,471.2518326,-0.9202611535,-0.8879594733,0.1247066712
magenta_forming,81,5,5,1,163.04,508.889,469.9149207,-0.900987641,468.3951586,471.4346828,-0.9171384811,-0.8848368008,0.1256065708
magenta_forming,82,5,6,0.25,163.1625,508.68025,470.219707,-0.895475071,468.6999449,471.7394691,-0.9116259111,-0.8793242309,0.1272110769
magenta_forming,83,5,6,0.5,163.285,508.4715,470.5244933,-0.889962501,469.0047312,472.0442553,-0.9061133411,-0.8738116609,0.128836079
magenta_forming,84,5,6,0.75,163.4075,508.26275,470.8292796,-0.884449931,469.3095175,472.3490416,-0.9006007711,-0.8682990909,0.130481839
magenta_forming,85,5,6,1,163.53,508.054,471.1340659,-0.878937361,469.6143038,472.6538279,-0.8950882012,-0.8627865209,0.132148622
magenta_forming,86,5,7,0.2,163.6222,507.8638,471.3634642,-0.8739146506,469.8437021,472.8832263,-0.8900654907,-0.8577638105,0.1336858216
magenta_forming,87,5,7,0.4,163.7144,507.6736,471.5928625,-0.8688919401,470.0731005,473.1126246,-0.8850427802,-0.8527411,0.1352409024
magenta_forming,88,5,7,0.6,163.8066,507.4834,471.8222609,-0.8638692296,470.3024988,473.3420229,-0.8800200698,-0.8477183895,0.1368140724
magenta_forming,89,5,7,0.8,163.8988,507.2932,472.0516592,-0.8588465192,470.5318971,473.5714212,-0.8749973593,-0.8426956791,0.1384055421
magenta_forming,90,5,7,1,163.991,507.103,472.2810575,-0.8538238087,470.7612955,473.8008196,-0.8699746488,-0.8376729686,0.1400155244
magenta_forming,91,5,8,0.015625,164.0762701,506.8944541,472.4932138,-0.8483166291,470.9734517,474.0129759,-0.8644674692,-0.8321657889,0.1418023313
magenta_forming,92,5,8,0.03125,164.1603597,506.6857267,472.7024331,-0.8428046557,471.182671,474.2221952,-0.8589554959,-0.8266538156,0.1436135257
magenta_forming,93,5,8,0.046875,164.243313,506.4768238,472.9088253,-0.8372880465,471.3890632,474.4285874,-0.8534388866,-0.8211372064,0.1454494065
magenta_forming,94,5,8,0.0625,164.3251743,506.2677512,473.1125004,-0.8317669592,471.5927383,474.6322624,-0.8479177993,-0.815616119,0.1473102752
magenta_forming,95,5,8,0.078125,164.4059877,506.0585151,473.3135682,-0.8262415514,471.7938061,474.8333302,-0.8423923915,-0.8100907113,0.1491964359
magenta_forming,96,5,8,0.09375,164.4857973,505.8491213,473.5121386,-0.820711981,471.9923765,475.0319007,-0.8368628211,-0.8045611409,0.1511081954
magenta_forming,97,5,8,0.109375,164.5646474,505.6395759,473.7083216,-0.8151784057,472.1885595,475.2280837,-0.8313292458,-0.7990275656,0.1530458629
magenta_forming,98,5,8,0.125,164.642582,505.4298848,473.902227,-0.8096409833,472.382465,475.4219891,-0.8257918234,-0.7934901432,0.1550097503
magenta_forming,99,5,8,0.140625,164.7196455,505.2200539,474.0939649,-0.8040998715,472.5742028,475.6137269,-0.8202507116,-0.7879490313,0.1570001721
magenta_forming,100,5,8,0.15625,164.7958819,505.0100894,474.283645,-0.798555228,472.7638829,475.803407,-0.8147060681,-0.7824043879,0.1590174453
magenta_forming,101,5,8,0.171875,164.8713354,504.7999971,474.4713773,-0.7930072107,472.9516152,475.9911393,-0.8091580508,-0.7768563706,0.1610618893
magenta_forming,102,5,8,0.1875,164.9460503,504.589783,474.6572717,-0.7874559773,473.1375096,476.1770337,-0.8036068174,-0.7713051372,0.1631338263
magenta_forming,103,5,8,0.203125,165.0200706,504.379453,474.841438,-0.7819016855,473.321676,476.3612001,-0.7980525256,-0.7657508454,0.1652335808
magenta_forming,104,5,8,0.21875,165.0934406,504.1690133,475.0239863,-0.7763444931,473.5042243,476.5437484,-0.7924953332,-0.760193653,0.1673614797
magenta_forming,105,5,8,0.234375,165.1662044,503.9584696,475.2050265,-0.7707845578,473.6852644,476.7247885,-0.7869353979,-0.7546337177,0.1695178526
magenta_forming,106,5,8,0.25,165.2384062,503.7478281,475.3846683,-0.7652220375,473.8649062,476.9044303,-0.7813728776,-0.7490711973,0.1717030314
magenta_forming,107,5,8,0.265625,165.3100902,503.5370947,475.5630218,-0.7596570897,474.0432597,477.0827838,-0.7758079299,-0.7435062496,0.1739173503
magenta_forming,108,5,8,0.28125,165.3813006,503.3262753,475.7401968,-0.7540898724,474.2204347,477.2599588,-0.7702407125,-0.7379390323,0.1761611463
magenta_forming,109,5,8,0.296875,165.4520815,503.1153759,475.9163032,-0.7485205433,474.3965411,477.4360653,-0.7646713834,-0.7323697031,0.1784347582
magenta_forming,110,5,8,0.3125,165.5224771,502.9044026,476.091451,-0.74294926,474.571689,477.6112131,-0.7591001001,-0.7267984199,0.1807385276
magenta_forming,111,5,8,0.328125,165.5925315,502.6933612,476.2657501,-0.7373761804,474.745988,477.7855122,-0.7535270205,-0.7212253403,0.1830727982
magenta_forming,112,5,8,0.34375,165.662289,502.4822578,476.4393103,-0.7318014622,474.9195483,477.9590724,-0.7479523024,-0.7156506221,0.1854379159
magenta_forming,113,5,8,0.359375,165.7317937,502.2710983,476.6122416,-0.7262252632,475.0924796,478.1320037,-0.7423761033,-0.7100744231,0.1878342291
magenta_forming,114,5,8,0.375,165.8010898,502.0598887,476.7846539,-0.7206477412,475.2648919,478.304416,-0.7367985813,-0.704496901,0.1902620881
magenta_forming,115,5,8,0.390625,165.8702215,501.8486349,476.9566571,-0.7150690538,475.4368951,478.4764192,-0.7312198939,-0.6989182136,0.1927218457
magenta_forming,116,5,8,0.40625,165.939233,501.637343,477.1283611,-0.7094893588,475.6085991,478.6481232,-0.7256401989,-0.6933385187,0.1952138565
magenta_forming,117,5,8,0.421875,166.0081683,501.426019,477.2998758,-0.703908814,475.7801138,478.8196379,-0.7200596541,-0.6877579739,0.1977384775
magenta_forming,118,5,8,0.4375,166.0770718,501.2146687,477.4713112,-0.6983275772,475.9515491,478.9910732,-0.7144784173,-0.682176737,0.2002960676
magenta_forming,119,5,8,0.453125,166.1459875,501.0032982,477.642777,-0.692745806,476.1230149,479.1625391,-0.7088966461,-0.6765949659,0.2028869876
magenta_forming,120,5,8,0.46875,166.2149597,500.7919134,477.8143833,-0.6871636583,476.2946212,479.3341453,-0.7033144984,-0.6710128182,0.2055116006
magenta_forming,121,5,8,0.484375,166.2840324,500.5805204,477.9862399,-0.6815812918,476.4664778,479.506002,-0.6977321319,-0.6654304517,0.2081702713
magenta_forming,122,5,8,0.5,166.35325,500.369125,478.1584568,-0.6759988642,476.6386947,479.6782188,-0.6921497043,-0.6598480241,0.2108633664
magenta_forming,123,5,8,0.515625,166.4226565,500.1577333,478.3311438,-0.6704165334,476.8113817,479.8509058,-0.6865673735,-0.6542656933,0.2135912545
magenta_forming,124,5,8,0.53125,166.4922962,499.9463512,478.5044108,-0.664834457,476.9846488,480.0241729,-0.6809852971,-0.6486836169,0.2163543059
magenta_forming,125,5,8,0.546875,166.5622132,499.7349848,478.6783679,-0.6592527928,477.1586058,480.19813,-0.6754036329,-0.6431019527,0.2191528925
magenta_forming,126,5,8,0.5625,166.6324517,499.5236399,478.8531248,-0.6536716986,477.3333627,480.3728869,-0.6698225387,-0.6375208585,0.2219873881
magenta_forming,127,5,8,0.578125,166.7030558,499.3123226,479.0287915,-0.6480913321,477.5090295,480.5485536,-0.6642421723,-0.631940492,0.2248581679
magenta_forming,128,5,8,0.59375,166.7740698,499.1010388,479.2054779,-0.6425118511,477.6857159,480.72524,-0.6586626913,-0.626361011,0.2277656088
magenta_forming,129,5,8,0.609375,166.8455377,498.8897945,479.3832939,-0.6369334134,477.8635319,480.903056,-0.6530842535,-0.6207825732,0.230710089
magenta_forming,130,5,8,0.625,166.9175039,498.6785957,479.5623494,-0.6313561766,478.0425874,481.0821115,-0.6475070167,-0.6152053365,0.2336919882
magenta_forming,131,5,8,0.640625,166.9900124,498.4674484,479.7427544,-0.6257802985,478.2229923,481.2625164,-0.6419311386,-0.6096294584,0.2367116875
magenta_forming,132,5,8,0.65625,167.0631075,498.2563584,479.9246186,-0.620205937,478.4048565,481.4443807,-0.6363567771,-0.6040550968,0.2397695692
magenta_forming,133,5,8,0.671875,167.1368332,498.0453319,480.1080521,-0.6146332496,478.58829,481.6278141,-0.6307840897,-0.5984824095,0.242866017
magenta_forming,134,5,8,0.6875,167.2112339,497.8343748,480.2931647,-0.6090623943,478.7734026,481.8129268,-0.6252132344,-0.5929115542,0.2460014153
magenta_forming,135,5,8,0.703125,167.2863536,497.623493,480.4800664,-0.6034935287,478.9603043,481.9998284,-0.6196443688,-0.5873426886,0.24917615
magenta_forming,136,5,8,0.71875,167.3622365,497.4126925,480.668867,-0.5979268107,479.1491049,482.188629,-0.6140776508,-0.5817759705,0.2523906077
magenta_forming,137,5,8,0.734375,167.4389268,497.2019793,480.8596765,-0.5923623979,479.3399144,482.3794385,-0.608513238,-0.5762115577,0.2556451761
magenta_forming,138,5,8,0.75,167.5164687,496.9913594,481.0526047,-0.5868004481,479.5328426,482.5723668,-0.6029512882,-0.5706496079,0.2589402434
magenta_forming,139,5,8,0.765625,167.5949064,496.7808387,481.2477616,-0.581241119,479.7279996,482.7675237,-0.5973919591,-0.5650902789,0.2622761989
magenta_forming,140,5,8,0.78125,167.674284,496.5704232,481.4452571,-0.5756845685,479.9254951,482.9650192,-0.5918354086,-0.5595337284,0.2656534323
magenta_forming,141,5,8,0.796875,167.7546457,496.360119,481.6452011,-0.5701309543,480.1254391,483.1649632,-0.5862817944,-0.5539801142,0.2690723339
magenta_forming,142,5,8,0.8125,167.8360356,496.1499319,481.8477035,-0.5645804341,480.3279415,483.3674656,-0.5807312742,-0.5484295939,0.2725332943
magenta_forming,143,5,8,0.828125,167.9184981,495.9398679,482.0528742,-0.5590331656,480.5331122,483.5726363,-0.5751840057,-0.5428823255,0.2760367048
magenta_forming,144,5,8,0.84375,168.0020771,495.7299331,482.2608232,-0.5534893067,480.7410611,483.7805852,-0.5696401468,-0.5373384666,0.2795829566
magenta_forming,145,5,8,0.859375,168.0868169,495.5201333,482.4716602,-0.5479490151,480.9518981,483.9914223,-0.5640998552,-0.531798175,0.2831724412
magenta_forming,146,5,8,0.875,168.1727617,495.3104746,482.6854953,-0.5424124486,481.1657332,484.2052574,-0.5585632887,-0.5262616084,0.2868055502
magenta_forming,147,5,8,0.890625,168.2599557,495.1009629,482.9024383,-0.5368797648,481.3826762,484.4222004,-0.5530306049,-0.5207289247,0.290482675
magenta_forming,148,5,8,0.90625,168.3484429,494.8916043,483.1225992,-0.5313511216,481.6028371,484.6423612,-0.5475019617,-0.5152002814,0.2942042068
magenta_forming,149,5,8,0.921875,168.4382677,494.6824046,483.3460878,-0.5258266766,481.8263257,484.8658498,-0.5419775168,-0.5096758365,0.2979705368
magenta_forming,150,5,8,0.9375,168.5294741,494.4733699,483.5730141,-0.5203065878,482.053252,485.0927761,-0.5364574279,-0.5041557477,0.3017820555
magenta_forming,151,5,8,0.953125,168.6221064,494.2645061,483.8034879,-0.5147910127,482.2837258,485.32325,-0.5309418528,-0.4986401726,0.3056391529
magenta_forming,152,5,8,0.96875,168.7162087,494.0558192,484.0376192,-0.5092801092,482.5178572,485.5573813,-0.5254309493,-0.4931292691,0.3095422184
magenta_forming,153,5,8,0.984375,168.8118252,493.8473152,484.2755179,-0.5037740351,482.7557559,485.79528,-0.5199248752,-0.4876231949,0.3134916408
magenta_forming,154,5,8,1,168.909,493.639,484.5172939,-0.498272948,482.9975319,486.037056,-0.5144237881,-0.4821221078,0.3174878077
magenta_forming,155,5,9,0.1666666667,168.9978333,493.441,484.7383158,-0.4930442588,483.2185537,486.2580779,-0.5091950989,-0.4768934187,0.3213333052
magenta_forming,156,5,9,0.3333333333,169.0866667,493.243,484.9593377,-0.4878155697,483.4395756,486.4790998,-0.5039664098,-0.4716647296,0.3252253804
magenta_forming,157,5,9,0.5,169.1755,493.045,485.1803596,-0.4825868806,483.6605975,486.7001217,-0.4987377207,-0.4664360405,0.3291645974
magenta_forming,158,5,9,0.6666666667,169.2643333,492.847,485.4013815,-0.4773581914,483.8816194,486.9211436,-0.4935090316,-0.4612073513,0.3331515273
magenta_forming,159,5,9,0.8333333333,169.3531667,492.649,485.6224034,-0.4721295023,484.1026413,487.1421654,-0.4882803424,-0.4559786622,0.3371867479
magenta_forming,160,5,9,1,169.442,492.451,485.8434253,-0.4669008132,484.3236632,487.3631873,-0.4830516533,-0.4507499731,0.3412708442
magenta_forming,161,5,10,0.1666666667,169.5306667,492.259,486.0640325,-0.4618305692,484.5442704,487.5837946,-0.4779814093,-0.4456797291,0.3452784161
magenta_forming,162,5,10,0.3333333333,169.6193333,492.067,486.2846397,-0.4567603252,484.7648776,487.8044018,-0.4729111653,-0.4406094851,0.3493330493
magenta_forming,163,5,10,0.5,169.708,491.875,486.5052469,-0.4516900812,484.9854849,488.025009,-0.4678409213,-0.4355392411,0.3534352964
magenta_forming,164,5,10,0.6666666667,169.7966667,491.683,486.7258541,-0.4466198372,485.2060921,488.2456162,-0.4627706773,-0.4304689971,0.3575857164
magenta_forming,165,5,10,0.8333333333,169.8853333,491.491,486.9464614,-0.4415495932,485.4266993,488.4662234,-0.4577004333,-0.425398753,0.3617848753
magenta_forming,166,5,10,1,169.974,491.299,487.1670686,-0.4364793492,485.6473065,488.6868306,-0.4526301893,-0.420328509,0.3660333451
magenta_forming,167,5,11,0.1666666667,170.0628333,491.1093333,487.3880905,-0.4314707227,485.8683284,488.9078525,-0.4476215628,-0.4153198826,0.3702791664
magenta_forming,168,5,11,0.3333333333,170.1516667,490.9196667,487.6091124,-0.4264620963,486.0893503,489.1288744,-0.4426129364,-0.4103112561,0.3745742372
magenta_forming,169,5,11,0.5,170.2405,490.73,487.8301343,-0.4214534698,486.3103722,489.3498963,-0.4376043099,-0.4053026297,0.3789191289
magenta_forming,170,5,11,0.6666666667,170.3293333,490.5403333,488.0511561,-0.4164448433,486.5313941,489.5709182,-0.4325956835,-0.4002940032,0.3833144194
magenta_forming,171,5,11,0.8333333333,170.4181667,490.3506667,488.272178,-0.4114362169,486.752416,489.7919401,-0.427587057,-0.3952853768,0.3877606932
magenta_forming,172,5,11,1,170.507,490.161,488.4931999,-0.4064275904,486.9734379,490.012962,-0.4225784305,-0.3902767503,0.3922585418
magenta_forming,173,5,12,0.0078125,170.6197525,489.9503723,488.773734,-0.4008654347,487.253972,490.2934961,-0.4170162748,-0.3847145946,0.3973146376
magenta_forming,174,5,12,0.015625,170.731801,489.7393848,489.0525165,-0.3952937777,487.5327544,490.5722785,-0.4114446179,-0.3791429376,0.4024447092
magenta_forming,175,5,12,0.0234375,170.84316,489.528045,489.3295832,-0.3897128182,487.8098212,490.8493453,-0.4058636583,-0.3735619781,0.4076497514
magenta_forming,176,5,12,0.03125,170.9538439,489.3163605,489.6049704,-0.3841227545,488.0852084,491.1247325,-0.4002735946,-0.3679719144,0.4129307695
magenta_forming,177,5,12,0.0390625,171.0638672,489.1043387,489.878714,-0.3785237854,488.3589519,491.398476,-0.3946746255,-0.3623729452,0.4182887793
magenta_forming,178,5,12,0.046875,171.1732443,488.8919872,490.15085,-0.3729161092,488.6310879,491.670612,-0.3890669493,-0.3567652691,0.4237248072
magenta_forming,179,5,12,0.0546875,171.2819898,488.6793136,490.4214144,-0.3672999246,488.9016523,491.9411764,-0.3834507647,-0.3511490845,0.4292398905
magenta_forming,180,5,12,0.0625,171.3901182,488.4663252,490.6904432,-0.3616754302,489.1706812,492.2102053,-0.3778262703,-0.3455245901,0.4348350766
magenta_forming,181,5,12,0.0703125,171.4976438,488.2530297,490.9579726,-0.3560428244,489.4382105,492.4777346,-0.3721936645,-0.3398919843,0.4405114239
magenta_forming,182,5,12,0.078125,171.6045813,488.0394345,491.2240384,-0.3504023059,489.7042764,492.7438005,-0.366553146,-0.3342514658,0.4462700013
magenta_forming,183,5,12,0.0859375,171.710945,487.8255472,491.4886768,-0.3447540732,489.9689147,493.0084388,-0.3609049133,-0.328603233,0.4521118882
magenta_forming,184,5,12,0.09375,171.8167494,487.6113754,491.7519236,-0.3390983247,490.2321616,493.2716857,-0.3552491649,-0.3229474846,0.4580381746
magenta_forming,185,5,12,0.1015625,171.922009,487.3969264,492.013815,-0.3334352592,490.494053,493.5335771,-0.3495860993,-0.3172844191,0.4640499613
magenta_forming,186,5,12,0.109375,172.0267384,487.1822079,492.274387,-0.3277650752,490.754625,493.7941491,-0.3439159153,-0.311614235,0.4701483593
magenta_forming,187,5,12,0.1171875,172.1309519,486.9672273,492.5336756,-0.3220879711,491.0139135,494.0534377,-0.3382388112,-0.305937131,0.4763344903
magenta_forming,188,5,12,0.125,172.2346641,486.7519922,492.7917168,-0.3164041455,491.2719547,494.3114788,-0.3325549857,-0.3002533054,0.4826094865
magenta_forming,189,5,12,0.1328125,172.3378893,486.5365101,493.0485466,-0.3107137971,491.5287845,494.5683086,-0.3268646372,-0.294562957,0.4889744906
magenta_forming,190,5,12,0.140625,172.4406422,486.3207885,493.304201,-0.3050171243,491.784439,494.8239631,-0.3211679644,-0.2888662842,0.4954306555
magenta_forming,191,5,12,0.1484375,172.5429372,486.1048349,493.5587161,-0.2993143257,492.0389541,495.0784782,-0.3154651658,-0.2831634856,0.5019791447
magenta_forming,192,5,12,0.15625,172.6447887,485.8886569,493.8121279,-0.2936055999,492.2923659,495.33189,-0.30975644,-0.2774547598,0.508621132
magenta_forming,193,5,12,0.1640625,172.7462112,485.6722619,494.0644724,-0.2878911454,492.5447103,495.5842345,-0.3040419855,-0.2717403052,0.5153578013
magenta_forming,194,5,12,0.171875,172.8472193,485.4556575,494.3157856,-0.2821711607,492.7960235,495.8355477,-0.2983220008,-0.2660203206,0.5221903469
magenta_forming,195,5,12,0.1796875,172.9478273,485.2388512,494.5661036,-0.2764458444,493.0463415,496.0858656,-0.2925966845,-0.2602950043,0.5291199732
magenta_forming,196,5,12,0.1875,173.0480498,485.0218506,494.8154623,-0.2707153951,493.2957002,496.3352243,-0.2868662352,-0.254564555,0.5361478946
magenta_forming,197,5,12,0.1953125,173.1479012,484.8046631,495.0638977,-0.2649800113,493.5441357,496.5836598,-0.2811308514,-0.2488291712,0.5432753355
magenta_forming,198,5,12,0.203125,173.2473961,484.5872962,495.311446,-0.2592398916,493.7916839,496.8312081,-0.2753907317,-0.2430890515,0.5505035303
magenta_forming,199,5,12,0.2109375,173.3465488,484.3697575,495.5581431,-0.2534952345,494.038381,497.0779051,-0.2696460746,-0.2373443944,0.5578337232
magenta_forming,200,5,12,0.21875,173.4453739,484.1520546,495.804025,-0.2477462386,494.2842629,497.3237871,-0.2638970787,-0.2315953985,0.5652671681
magenta_forming,201,5,12,0.2265625,173.5438858,483.9341948,496.0491278,-0.2419931024,494.5293657,497.5688898,-0.2581439425,-0.2258422622,0.5728051284
magenta_forming,202,5,12,0.234375,173.6420991,483.7161858,496.2934874,-0.2362360244,494.7737253,497.8132495,-0.2523868645,-0.2200851843,0.5804488774
magenta_forming,203,5,12,0.2421875,173.7400282,483.498035,496.5371399,-0.2304752033,495.0173779,498.056902,-0.2466260434,-0.2143243632,0.5881996973
magenta_forming,204,5,12,0.25,173.8376875,483.27975,496.7801214,-0.2247108376,495.2603593,498.2998834,-0.2408616777,-0.2085599974,0.59605888
magenta_forming,205,5,12,0.2578125,173.9350916,483.0613383,497.0224677,-0.2189431258,495.5027057,498.5422298,-0.2350939659,-0.2027922856,0.6040277263
magenta_forming,206,5,12,0.265625,174.0322549,482.8428074,497.264215,-0.2131722664,495.744453,498.7839771,-0.2293231066,-0.1970214263,0.6121075461
magenta_forming,207,5,12,0.2734375,174.1291919,482.6241648,497.5053993,-0.2073984581,495.9856372,499.0251614,-0.2235492983,-0.191247618,0.6202996582
magenta_forming,208,5,12,0.28125,174.2259171,482.4054181,497.7460566,-0.2016218994,496.2262945,499.2658186,-0.2177727396,-0.1854710593,0.62860539
magenta_forming,209,5,12,0.2890625,174.322445,482.1865747,497.9862228,-0.1958427889,496.4664608,499.5059849,-0.211993629,-0.1796919488,0.6370260775
magenta_forming,210,5,12,0.296875,174.41879,481.9676423,498.2259341,-0.190061325,496.7061721,499.7456962,-0.2062121651,-0.1739104849,0.6455630652
magenta_forming,211,5,12,0.3046875,174.5149666,481.7486282,498.4652264,-0.1842777064,496.9454644,499.9849885,-0.2004285465,-0.1681268662,0.6542177057
magenta_forming,212,5,12,0.3125,174.6109893,481.52954,498.7041358,-0.1784921315,497.1843738,500.2238979,-0.1946429716,-0.1623412914,0.6629913595
magenta_forming,213,5,12,0.3203125,174.7068725,481.3103853,498.9426983,-0.172704799,497.4229362,500.4624604,-0.1888556391,-0.1565539589,0.6718853953
magenta_forming,214,5,12,0.328125,174.8026308,481.0911716,499.1809499,-0.1669159074,497.6611878,500.7007119,-0.1830667476,-0.1507650673,0.680901189
magenta_forming,215,5,12,0.3359375,174.8982786,480.8719063,499.4189265,-0.1611256553,497.8991645,500.9386886,-0.1772764954,-0.1449748152,0.6900401243
magenta_forming,216,5,12,0.34375,174.9938304,480.652597,499.6566643,-0.1553342411,498.1369023,501.1764264,-0.1714850813,-0.139183401,0.6993035917
magenta_forming,217,5,12,0.3515625,175.0893007,480.4332513,499.8941993,-0.1495418636,498.3744373,501.4139614,-0.1656927037,-0.1333910234,0.7086929891
magenta_forming,218,5,12,0.359375,175.184704,480.2138766,500.1315675,-0.1437487211,498.6118054,501.6513295,-0.1598995612,-0.127597881,0.7182097208
magenta_forming,219,5,12,0.3671875,175.2800546,479.9944804,500.3688048,-0.1379550123,498.8490427,501.8885669,-0.1541058524,-0.1218041721,0.7278551978
magenta_forming,220,5,12,0.375,175.3753672,479.7750703,500.6059473,-0.1321609356,499.0861853,502.1257094,-0.1483117758,-0.1160100955,0.7376308371
magenta_forming,221,5,12,0.3828125,175.4706561,479.5556538,500.8430311,-0.1263666898,499.3232691,502.3627932,-0.1425175299,-0.1102158497,0.7475380619
magenta_forming,222,5,12,0.390625,175.5659359,479.3362384,501.0800922,-0.1205724732,499.5603301,502.5998542,-0.1367233134,-0.1044216331,0.7575783008
magenta_forming,223,5,12,0.3984375,175.6612211,479.1168317,501.3171665,-0.1147784846,499.7974044,502.8369285,-0.1309293247,-0.09862764446,0.7677529882
magenta_forming,224,5,12,0.40625,175.756526,478.897441,501.55429,-0.1089849223,500.034528,503.0740521,-0.1251357624,-0.09283408221,0.7780635631
magenta_forming,225,5,12,0.4140625,175.8518652,478.6780741,501.7914989,-0.103191985,500.2717369,503.311261,-0.1193428252,-0.08704114493,0.7885114697
magenta_forming,226,5,12,0.421875,175.9472532,478.4587383,502.0288291,-0.09739987128,500.5090671,503.5485912,-0.1135507114,-0.08124903117,0.7990981564
magenta_forming,227,5,12,0.4296875,176.0427045,478.2394413,502.2663167,-0.0916087796,500.7465546,503.7860788,-0.1077596197,-0.07545793948,0.8098250759
magenta_forming,228,5,12,0.4375,176.1382334,478.0201904,502.5039976,-0.08581890854,500.9842356,504.0237597,-0.1019697487,-0.06966806842,0.8206936846
magenta_forming,229,5,12,0.4453125,176.2338545,477.8009933,502.7419079,-0.08003045666,501.2221459,504.26167,-0.09618129677,-0.06387961654,0.8317054423
magenta_forming,230,5,12,0.453125,176.3295824,477.5818575,502.9800836,-0.07424362251,501.4603216,504.4998457,-0.09039446262,-0.05809278239,0.8428618121
magenta_forming,231,5,12,0.4609375,176.4254313,477.3627904,503.2185608,-0.06845860464,501.6987987,504.7383228,-0.08460944476,-0.05230776453,0.8541642593
magenta_forming,232,5,12,0.46875,176.5214159,477.1437997,503.4573753,-0.06267560161,501.9376133,504.9771374,-0.07882644173,-0.04652476149,0.8656142522
magenta_forming,233,5,12,0.4765625,176.6175506,476.9248927,503.6965634,-0.05689481196,502.1768013,505.2163254,-0.07304565208,-0.04074397185,0.8772132603
magenta_forming,234,5,12,0.484375,176.7138498,476.7060771,503.9361609,-0.05111643426,502.4163988,505.4559229,-0.06726727437,-0.03496559414,0.8889627552
magenta_forming,235,5,12,0.4921875,176.8103282,476.4873604,504.1762039,-0.04534066704,502.6564418,505.6959659,-0.06149150716,-0.02918982693,0.9008642091
magenta_forming,236,5,12,0.5,176.907,476.26875,504.4167284,-0.03956770887,502.8969663,505.9364905,-0.05571854899,-0.02341686875,0.9129190952
magenta_forming,237,5,12,0.5078125,177.0038799,476.0502535,504.6577704,-0.03379775829,503.1380084,506.1775325,-0.04994859841,-0.01764691818,0.9251288865
magenta_forming,238,5,12,0.515625,177.1009822,475.8318784,504.899366,-0.02803101386,503.379604,506.4191281,-0.04418185398,-0.01188017374,0.9374950561
magenta_forming,239,5,12,0.5234375,177.1983215,475.6136323,505.1415512,-0.02226767413,503.6217892,506.6613133,-0.03841851424,-0.006116834012,0.9500190761
magenta_forming,240,5,12,0.53125,177.2959122,475.3955226,505.384362,-0.01650793765,503.8645999,506.904124,-0.03265877776,-0.0003570975301,0.9627024174
magenta_forming,241,5,12,0.5390625,177.3937689,475.1775568,505.6278344,-0.01075200297,504.1080723,507.1475964,-0.02690284308,0.005398837148,0.9755465492
magenta_forming,242,5,12,0.546875,177.4919059,474.9597426,505.8720044,-0.005000068644,504.3522423,507.3917664,-0.02115090876,0.01115077147,0.9885529384
magenta_forming,243,5,12,0.5546875,177.5903378,474.7420874,506.116908,0.0007476667722,504.5971459,507.6366701,-0.01540317334,0.01689850689,1.001723049
magenta_forming,244,5,12,0.5625,177.6890791,474.5245986,506.3625813,0.00649100473,504.8428193,507.8823434,-0.009659835386,0.02264184485,1.015058342
magenta_forming,245,5,12,0.5703125,177.7881442,474.307284,506.6090603,0.01222974668,505.0892983,508.1288224,-0.00392109344,0.02838058679,1.028560274
magenta_forming,246,5,12,0.578125,177.8875476,474.0901508,506.856381,0.01796369406,505.336619,508.3761431,0.001812853943,0.03411453417,1.042230298
magenta_forming,247,5,12,0.5859375,177.9873037,473.8732068,507.1045795,0.02369264833,505.5848174,508.6243415,0.007541808211,0.03984348844,1.05606986
magenta_forming,248,5,12,0.59375,178.0874271,473.6564594,507.3536917,0.02941641093,505.8339296,508.8734537,0.01326557081,0.04556725104,1.070080404
magenta_forming,249,5,12,0.6015625,178.1879323,473.439916,507.6037536,0.03513478331,506.0839915,509.1235157,0.01898394319,0.05128562343,1.084263363
magenta_forming,250,5,12,0.609375,178.2888336,473.2235843,507.8548013,0.04084756692,506.3350392,509.3745634,0.0246967268,0.05699840704,1.098620167
magenta_forming,251,5,12,0.6171875,178.3901456,473.0074718,508.1068708,0.04655456321,506.5871088,509.6266329,0.03040372309,0.06270540332,1.113152236
magenta_forming,252,5,12,0.625,178.4918828,472.7915859,508.3599982,0.05225557362,506.8402361,509.8797602,0.0361047335,0.06840641373,1.127860985
magenta_forming,253,5,12,0.6328125,178.5940596,472.5759343,508.6142193,0.0579503996,507.0944573,510.1339814,0.04179955949,0.07410123972,1.142747815
magenta_forming,254,5,12,0.640625,178.6966906,472.3605243,508.8695704,0.06363884261,507.3498083,510.3893324,0.04748800249,0.07978968272,1.157814123
magenta_forming,255,5,12,0.6484375,178.7997901,472.1453636,509.1260873,0.06932070408,507.6063252,510.6458493,0.05316986397,0.0854715442,1.173061291
magenta_forming,256,5,12,0.65625,178.9033727,471.9304596,509.3838061,0.07499578547,507.864044,510.9035681,0.05884494536,0.09114662559,1.188490694
magenta_forming,257,5,12,0.6640625,179.0074528,471.7158199,509.6427628,0.08066388823,508.1230007,511.1625249,0.06451304811,0.09681472834,1.204103693
magenta_forming,258,5,12,0.671875,179.112045,471.501452,509.9029934,0.08632481379,508.3832314,511.4227555,0.07017397368,0.1024756539,1.219901636
magenta_forming,259,5,12,0.6796875,179.2171636,471.2873633,510.164534,0.09197836362,508.644772,511.6842961,0.07582752351,0.1081292037,1.235885861
magenta_forming,260,5,12,0.6875,179.3228232,471.0735615,510.4274206,0.09762433916,508.9076585,511.9471827,0.08147349904,0.1137751793,1.252057688
magenta_forming,261,5,12,0.6953125,179.4290383,470.8600541,510.6916892,0.1032625419,509.1719271,512.2114512,0.08711170173,0.119413382,1.268418425
magenta_forming,262,5,12,0.703125,179.5358233,470.6468485,510.9573757,0.1088927731,509.4376137,512.4771378,0.09274193303,0.1250436133,1.284969363
magenta_forming,263,5,12,0.7109375,179.6431927,470.4339522,511.2245163,0.1145148345,509.7047542,512.7442784,0.09836399438,0.1306656746,1.301711778
magenta_forming,264,5,12,0.71875,179.751161,470.2213729,511.493147,0.1201285273,509.9733849,513.012909,0.1039776872,0.1362793675,1.318646928
magenta_forming,265,5,12,0.7265625,179.8597427,470.009118,511.7633037,0.1257336531,510.2435416,513.2830657,0.109582813,0.1418844933,1.335776052
magenta_forming,266,5,12,0.734375,179.9689521,469.7971951,512.0350224,0.1313300133,510.5152604,513.5547845,0.1151791732,0.1474808535,1.353100372
magenta_forming,267,5,12,0.7421875,180.0788039,469.5856115,512.3083393,0.1369174094,510.7885773,513.8281014,0.1207665693,0.1530682495,1.370621088
magenta_forming,268,5,12,0.75,180.1893125,469.374375,512.5832903,0.1424956427,511.0635283,514.1030524,0.1263448026,0.1586464828,1.388339381
magenta_forming,269,5,12,0.7578125,180.3004923,469.163493,512.8599115,0.1480645148,511.3401494,514.3796736,0.1319136747,0.1642153549,1.406256409
magenta_forming,270,5,12,0.765625,180.4123579,468.9529729,513.1382388,0.153623827,511.6184767,514.6580009,0.1374729869,0.1697746672,1.424373309
magenta_forming,271,5,12,0.7734375,180.5249237,468.7428224,513.4183083,0.1591733809,511.8985462,514.9380704,0.1430225408,0.175324221,1.442691194
magenta_forming,272,5,12,0.78125,180.6382042,468.533049,513.700156,0.1647129779,512.1803939,515.2199181,0.1485621378,0.180863818,1.461211151
magenta_forming,273,5,12,0.7890625,180.7522139,468.3236601,513.9838179,0.1702424194,512.4640558,515.50358,0.1540915793,0.1863932595,1.479934244
magenta_forming,274,5,12,0.796875,180.8669672,468.1146633,514.26933,0.1757615069,512.749568,515.7890921,0.1596106668,0.191912347,1.498861509
magenta_forming,275,5,12,0.8046875,180.9824787,467.9060661,514.5567284,0.1812700418,513.0369664,516.0764905,0.1651192017,0.1974208819,1.517993954
magenta_forming,276,5,12,0.8125,181.0987627,467.697876,514.8460491,0.1867678256,513.326287,516.3658112,0.1706169855,0.2029186657,1.537332561
magenta_forming,277,5,12,0.8203125,181.2158338,467.4901005,515.1373281,0.1922546597,513.617566,516.6570901,0.1761038196,0.2084054999,1.55687828
magenta_forming,278,5,12,0.828125,181.3337065,467.2827473,515.4306013,0.1977303456,513.9108393,516.9503634,0.1815795055,0.2138811858,1.576632032
magenta_forming,279,5,12,0.8359375,181.4523952,467.0758237,515.7259049,0.2031946847,514.2061429,517.245667,0.1870438446,0.2193455249,1.596594705
magenta_forming,280,5,12,0.84375,181.5719144,466.8693373,516.0232749,0.2086474785,514.5035128,517.543037,0.1924966384,0.2247983186,1.616767158
magenta_forming,281,5,12,0.8515625,181.6922786,466.6632956,516.3227472,0.2140885284,514.8029852,517.8425093,0.1979376883,0.2302393685,1.637150211
magenta_forming,282,5,12,0.859375,181.8135023,466.4577062,516.6243579,0.2195176359,515.1045959,518.14412,0.2033667958,0.235668476,1.657744653
magenta_forming,283,5,12,0.8671875,181.9355999,466.2525765,516.928143,0.2249346023,515.408381,518.4479051,0.2087837622,0.2410854425,1.678551237
magenta_forming,284,5,12,0.875,182.0585859,466.0479141,517.2341386,0.2303392293,515.7143765,518.7539007,0.2141883892,0.2464900694,1.699570676
magenta_forming,285,5,12,0.8828125,182.1824749,465.8437264,517.5423806,0.2357313181,516.0226185,519.0621426,0.219580478,0.2518821582,1.720803648
magenta_forming,286,5,12,0.890625,182.3072811,465.6400211,517.852905,0.2411106703,516.333143,519.3726671,0.2249598302,0.2572615104,1.742250791
magenta_forming,287,5,12,0.8984375,182.4330193,465.4368057,518.165748,0.2464770873,516.6459859,519.68551,0.2303262472,0.2626279274,1.763912701
magenta_forming,288,5,12,0.90625,182.5597037,465.2340875,518.4809454,0.2518303706,516.9611833,520.0007075,0.2356795304,0.2679812107,1.785789934
magenta_forming,289,5,12,0.9140625,182.687349,465.0318743,518.7985333,0.2571703215,517.2787713,520.3182954,0.2410194814,0.2733211616,1.807883002
magenta_forming,290,5,12,0.921875,182.8159695,464.8301734,519.1185478,0.2624967416,517.5987858,520.6383099,0.2463459015,0.2786475817,1.830192375
magenta_forming,291,5,12,0.9296875,182.9455798,464.6289924,519.4410249,0.2678094323,517.9212628,520.9607869,0.2516585922,0.2839602724,1.852718475
magenta_forming,292,5,12,0.9375,183.0761943,464.4283389,519.7660005,0.273108195,518.2462384,521.2857626,0.2569573549,0.2892590351,1.87546168
magenta_forming,293,5,12,0.9453125,183.2078276,464.2282203,520.0935107,0.2783928312,518.5737487,521.6132728,0.2622419911,0.2945436714,1.89842232
magenta_forming,294,5,12,0.953125,183.340494,464.0286441,520.4235916,0.2836631424,518.9038295,521.9433536,0.2675123023,0.2998139825,1.921600674
magenta_forming,295,5,12,0.9609375,183.474208,463.829618,520.756279,0.28891893,519.236517,522.2760411,0.2727680898,0.3050697701,1.944996974
magenta_forming,296,5,12,0.96875,183.6089843,463.6311493,521.0916092,0.2941599954,519.5718471,522.6113712,0.2780091552,0.3103108355,1.968611398
magenta_forming,297,5,12,0.9765625,183.7448371,463.4332456,521.429618,0.29938614,519.9098559,522.94938,0.2832352999,0.3155369801,1.992444074
magenta_forming,298,5,12,0.984375,183.881781,463.2359145,521.7703415,0.3045971654,520.2505794,523.2901035,0.2884463253,0.3207480055,2.016495074
magenta_forming,299,5,12,0.9921875,184.0198305,463.0391635,522.1138156,0.309792873,520.5940536,523.6335777,0.2936420329,0.3259437131,2.040764416
magenta_forming,300,5,12,1,184.159,462.843,522.4600766,0.3149730642,520.9403145,523.9798386,0.2988222241,0.3311239043,2.065252061
magenta_forming,301,5,13,0.25,184.285,462.654,522.773571,0.3199640857,521.253809,524.2933331,0.3038132455,0.3361149258,2.089123362
magenta_forming,302,5,13,0.5,184.411,462.465,523.0870655,0.3249551071,521.5673034,524.6068276,0.308804267,0.3411059472,2.11327058
magenta_forming,303,5,13,0.75,184.537,462.276,523.40056,0.3299461285,521.8807979,524.920322,0.3137952884,0.3460969687,2.137696905
magenta_forming,304,5,13,1,184.663,462.087,523.7140544,0.33493715,522.1942924,525.2338165,0.3187863099,0.3510879901,2.162405563
magenta_forming,305,5,14,0.25,184.79075,461.89625,524.031903,0.3399743846,522.5121409,525.5516651,0.3238235445,0.3561252247,2.18763259
magenta_forming,306,5,14,0.5,184.9185,461.7055,524.3497516,0.3450116192,522.8299895,525.8695136,0.3288607791,0.3611624593,2.21315392
magenta_forming,307,5,14,0.75,185.04625,461.51475,524.6676001,0.3500488538,523.147838,526.1873622,0.3338980137,0.3661996939,2.238972986
magenta_forming,308,5,14,1,185.174,461.324,524.9854487,0.3550860884,523.4656866,526.5052107,0.3389352483,0.3712369285,2.265093263
magenta_forming,309,5,15,0.25,185.3,461.135,525.2989431,0.3600771098,523.7791811,526.8187052,0.3439262697,0.3762279499,2.291274437
magenta_forming,310,5,15,0.5,185.426,460.946,525.6124376,0.3650681313,524.0926755,527.1321997,0.3489172912,0.3812189714,2.317758227
magenta_forming,311,5,15,0.75,185.552,460.757,525.9259321,0.3700591527,524.40617,527.4456941,0.3539083126,0.3862099928,2.344548131
magenta_forming,312,5,15,1,185.678,460.568,526.2394265,0.3750501742,524.7196645,527.7591886,0.358899334,0.3912010143,2.371647687
magenta_forming,313,5,16,0.25,185.804,460.377,526.552921,0.3800940106,525.0331589,528.0726831,0.3639431705,0.3962448508,2.399352245
magenta_forming,314,5,16,0.5,185.93,460.186,526.8664155,0.3851378471,525.3466534,528.3861775,0.368987007,0.4012886872,2.427380435
magenta_forming,315,5,16,0.75,186.056,459.995,527.1799099,0.3901816836,525.6601479,528.699672,0.3740308435,0.4063325237,2.455736038
magenta_forming,316,5,16,1,186.182,459.804,527.4934044,0.3952255201,525.9736423,529.0131665,0.37907468,0.4113763602,2.484422879
magenta_forming,317,5,17,0.25,186.308,459.60975,527.8068989,0.400355181,526.2871368,529.3266609,0.3842043409,0.4165060211,2.513941579
magenta_forming,318,5,17,0.5,186.434,459.4155,528.1203933,0.4054848419,526.6006313,529.6401554,0.3893340018,0.4216356821,2.543811006
magenta_forming,319,5,17,0.75,186.56,459.22125,528.4338878,0.4106145029,526.9141257,529.9536499,0.3944636627,0.426765343,2.574035326
magenta_forming,320,5,17,1,186.686,459.027,528.7473823,0.4157441638,527.2276202,530.2671443,0.3995933237,0.4318950039,2.604618757
magenta_forming,321,5,18,0.015625,186.773841,458.8909978,528.9659352,0.4193356449,527.4461732,530.4856973,0.4031848048,0.4354864851,2.626247457
magenta_forming,322,5,18,0.03125,186.8613111,458.7546864,529.1835653,0.42293529,527.6638033,530.7033274,0.4067844499,0.4390861301,2.648105541
magenta_forming,323,5,18,0.046875,186.9484247,458.6180776,529.4003084,0.4265427913,527.8805463,530.9200704,0.4103919512,0.4426936315,2.67019385
magenta_forming,324,5,18,0.0625,187.035196,458.4811829,529.6161999,0.4301578413,528.0964379,531.135962,0.4140070011,0.4463086814,2.692513201
magenta_forming,325,5,18,0.078125,187.1216396,458.344014,529.8312758,0.4337801321,528.3115138,531.3510379,0.417629292,0.4499309723,2.71506438
magenta_forming,326,5,18,0.09375,187.2077696,458.2065825,530.0455717,0.4374093563,528.5258096,531.5653338,0.4212585162,0.4535601964,2.737848145
magenta_forming,327,5,18,0.109375,187.2936004,458.0689001,530.2591233,0.4410452062,528.7393612,531.7788854,0.424894366,0.4571960463,2.760865223
magenta_forming,328,5,18,0.125,187.3791465,457.9309785,530.4719663,0.444687374,528.9522042,531.9917284,0.4285365339,0.4608382141,2.784116307
magenta_forming,329,5,18,0.140625,187.4644221,457.7928293,530.6841364,0.4483355522,529.1643743,532.2038985,0.4321847121,0.4644863923,2.807602059
magenta_forming,330,5,18,0.15625,187.5494416,457.6544641,530.8956693,0.4519894331,529.3759073,532.4154314,0.435838593,0.4681402732,2.831323105
magenta_forming,331,5,18,0.171875,187.6342194,457.5158947,531.1066008,0.455648709,529.5868387,532.6263628,0.4394978689,0.4717995492,2.855280038
magenta_forming,332,5,18,0.1875,187.7187698,457.3771326,531.3169665,0.4593130724,529.7972044,532.8367285,0.4431622323,0.4754639125,2.87947341
magenta_forming,333,5,18,0.203125,187.8031071,457.2381895,531.5268021,0.4629822155,530.00704,533.0465642,0.4468313754,0.4791330556,2.903903736
magenta_forming,334,5,18,0.21875,187.8872458,457.099077,531.7361434,0.4666558307,530.2163813,533.2559054,0.4505049906,0.4828066708,2.928571494
magenta_forming,335,5,18,0.234375,187.9712001,456.9598068,531.945026,0.4703336104,530.4252639,533.464788,0.4541827703,0.4864844505,2.953477117
magenta_forming,336,5,18,0.25,188.0549844,456.8203906,532.1534857,0.4740152469,530.6337236,533.6732477,0.4578644068,0.490166087,2.978620999
magenta_forming,337,5,18,0.265625,188.138613,456.68084,532.3615581,0.4777004325,530.841796,533.8813201,0.4615495924,0.4938512726,3.004003487
magenta_forming,338,5,18,0.28125,188.2221004,456.5411667,532.569279,0.4813888596,531.0495169,534.089041,0.4652380195,0.4975396998,3.029624887
magenta_forming,339,5,18,0.296875,188.3054609,456.4013822,532.7766841,0.4850802206,531.256922,534.2964461,0.4689293805,0.5012310608,3.055485455
magenta_forming,340,5,18,0.3125,188.3887087,456.2614983,532.983809,0.4887742078,531.4640469,534.5035711,0.4726233677,0.504925048,3.0815854
magenta_forming,341,5,18,0.328125,188.4718584,456.1215266,533.1906895,0.4924705136,531.6709275,534.7104516,0.4763196735,0.5086213537,3.107924883
magenta_forming,342,5,18,0.34375,188.5549241,455.9814787,533.3973614,0.4961688303,531.8775993,534.9171234,0.4800179901,0.5123196704,3.134504013
magenta_forming,343,5,18,0.359375,188.6379203,455.8413664,533.6038602,0.4998688502,532.0840981,535.1236222,0.4837180101,0.5160196903,3.161322848
magenta_forming,344,5,18,0.375,188.7208613,455.7012012,533.8102217,0.5035702657,532.2904596,535.3299837,0.4874194256,0.5197211058,3.188381391
magenta_forming,345,5,18,0.390625,188.8037615,455.5609948,534.0164816,0.5072727692,532.4967195,535.5362437,0.4911219291,0.5234236093,3.21567959
magenta_forming,346,5,18,0.40625,188.8866352,455.4207588,534.2226756,0.510976053,532.7029136,535.7424377,0.4948252128,0.5271268931,3.243217337
magenta_forming,347,5,18,0.421875,188.9694968,455.280505,534.4288395,0.5146798094,532.9090774,535.9486016,0.4985289693,0.5308306495,3.270994466
magenta_forming,348,5,18,0.4375,189.0523606,455.1402449,534.6350089,0.5183837309,533.1152468,536.1547709,0.5022328907,0.534534571,3.299010751
magenta_forming,349,5,18,0.453125,189.135241,454.9999902,534.8412195,0.5220875097,533.3214574,536.3609815,0.5059366695,0.5382383498,3.327265904
magenta_forming,350,5,18,0.46875,189.2181523,454.8597525,535.047507,0.5257908382,533.527745,536.5672691,0.5096399981,0.5419416783,3.355759576
magenta_forming,351,5,18,0.484375,189.3011088,454.7195436,535.2539072,0.5294934087,533.7341451,536.7736693,0.5133425686,0.5456442489,3.384491352
magenta_forming,352,5,18,0.5,189.384125,454.579375,535.4604557,0.5331949137,533.9406937,536.9802178,0.5170440736,0.5493457538,3.413460752
magenta_forming,353,5,18,0.515625,189.4672152,454.4392584,535.6671883,0.5368950455,534.1474263,537.1869504,0.5207442053,0.5530458856,3.442667229
magenta_forming,354,5,18,0.53125,189.5503936,454.2992055,535.8741407,0.5405934963,534.3543786,537.3939027,0.5244426562,0.5567443364,3.472110165
magenta_forming,355,5,18,0.546875,189.6336748,454.1592278,536.0813485,0.5442899586,534.5615864,537.6011105,0.5281391185,0.5604407987,3.501788875
magenta_forming,356,5,18,0.5625,189.717073,454.0193372,536.2888474,0.5479841247,534.7690854,537.8086095,0.5318332846,0.5641349648,3.531702597
magenta_forming,357,5,18,0.578125,189.8006026,453.8795451,536.4966733,0.551675687,534.9769112,538.0164354,0.5355248469,0.5678265271,3.561850499
magenta_forming,358,5,18,0.59375,189.8842779,453.7398633,536.7048617,0.5553643377,535.1850997,538.2246238,0.5392134976,0.5715151779,3.592231673
magenta_forming,359,5,18,0.609375,189.9681132,453.6003033,536.9134484,0.5590497694,535.3936864,538.4332105,0.5428989293,0.5752006095,3.622845132
magenta_forming,360,5,18,0.625,190.052123,453.460877,537.1224692,0.5627316742,535.6027071,538.6422312,0.5465808341,0.5788825143,3.653689812
magenta_forming,361,5,18,0.640625,190.1363216,453.3215958,537.3319596,0.5664097446,535.8121975,538.8517216,0.5502589045,0.5825605847,3.684764569
magenta_forming,362,5,18,0.65625,190.2207234,453.1824715,537.5419554,0.5700836729,536.0221933,539.0617175,0.5539328328,0.586234513,3.716068175
magenta_forming,363,5,18,0.671875,190.3053426,453.0435157,537.7524923,0.5737531515,536.2327303,539.2722544,0.5576023114,0.5899039916,3.74759932
magenta_forming,364,5,18,0.6875,190.3901936,452.90474,537.9636061,0.5774178727,536.443844,539.4833681,0.5612670325,0.5935687128,3.779356609
magenta_forming,365,5,18,0.703125,190.4752908,452.7661561,538.1753323,0.5810775288,536.6555703,539.6950944,0.5649266887,0.5972283689,3.811338561
magenta_forming,366,5,18,0.71875,190.5606486,452.6277757,538.3877068,0.5847318122,536.8679447,539.9074689,0.5685809721,0.6008826523,3.843543603
magenta_forming,367,5,18,0.734375,190.6462812,452.4896104,538.6007652,0.5883804153,537.0810032,540.1205273,0.5722295752,0.6045312555,3.875970075
magenta_forming,368,5,18,0.75,190.7322031,452.3516719,538.8145433,0.5920230304,537.2947812,540.3343054,0.5758721903,0.6081738706,3.908616225
magenta_forming,369,5,18,0.765625,190.8184286,452.2139717,539.0290767,0.5956593499,537.5093146,540.5488388,0.5795085098,0.61181019,3.941480206
magenta_forming,370,5,18,0.78125,190.904972,452.0765216,539.2444012,0.5992890661,537.7246391,540.7641632,0.583138226,0.6154399062,3.974560079
magenta_forming,371,5,18,0.796875,190.9918477,451.9393332,539.4605524,0.6029118713,537.9407903,540.9803144,0.5867610312,0.6190627114,4.007853805
magenta_forming,372,5,18,0.8125,191.0790701,451.8024182,539.6775661,0.606527458,538.157804,541.1973281,0.5903766179,0.6226782981,4.041359249
magenta_forming,373,5,18,0.828125,191.1666534,451.6657882,539.8954779,0.6101355184,538.3757158,541.41524,0.5939846783,0.6262863585,4.075074176
magenta_forming,374,5,18,0.84375,191.2546121,451.5294548,540.1143236,0.6137357449,538.5945616,541.6340857,0.5975849048,0.629886585,4.10899625
magenta_forming,375,5,18,0.859375,191.3429605,451.3934297,540.3341389,0.6173278299,538.8143769,541.853901,0.6011769898,0.63347867,4.14312303
magenta_forming,376,5,18,0.875,191.4317129,451.2577246,540.5549595,0.6209114657,539.0351974,542.0747216,0.6047606256,0.6370623058,4.177451973
magenta_forming,377,5,18,0.890625,191.5208837,451.1223511,540.7768211,0.6244863446,539.257059,542.2965831,0.6083355045,0.6406371847,4.21198043
magenta_forming,378,5,18,0.90625,191.6104873,450.9873208,540.9997593,0.6280521591,539.4799973,542.5195214,0.611901319,0.6442029992,4.246705641
magenta_forming,379,5,18,0.921875,191.7005379,450.8526455,541.22381,0.6316086014,539.7040479,542.7435721,0.6154577613,0.6477594415,4.281624742
magenta_forming,380,5,18,0.9375,191.79105,450.7183367,541.4490088,0.6351553639,539.9292467,542.9687709,0.6190045238,0.651306204,4.316734755
magenta_forming,381,5,18,0.953125,191.882038,450.5844061,541.6753914,0.638692139,540.1556293,543.1951534,0.6225412989,0.6548429791,4.352032591
magenta_forming,382,5,18,0.96875,191.973516,450.4508653,541.9029935,0.642218619,540.3832314,543.4227556,0.6260677789,0.6583694591,4.387515048
magenta_forming,383,5,18,0.984375,192.0654986,450.3177261,542.1318508,0.6457344963,540.6120888,543.6516129,0.6295836562,0.6618853364,4.423178809
magenta_forming,384,5,18,1,192.158,450.185,542.3619991,0.6492394632,540.842237,543.8817612,0.633088623,0.6653903033,4.45902044
magenta_forming,385,5,19,0.25,192.2805,450.02125,542.6667854,0.6535636947,541.1470233,544.1865475,0.6374128546,0.6697145348,4.503640279
magenta_forming,386,5,19,0.5,192.403,449.8575,542.9715717,0.6578879262,541.4518096,544.4913337,0.6417370861,0.6740387664,4.548706614
magenta_forming,387,5,19,0.75,192.5255,449.69375,543.276358,0.6622121578,541.7565959,544.79612,0.6460613177,0.6783629979,4.594223911
magenta_forming,388,5,19,1,192.648,449.53,543.5811442,0.6665363893,542.0613822,545.1009063,0.6503855492,0.6826872294,4.640196683
magenta_forming,389,5,20,0.25,192.7705,449.38225,543.8859305,0.6704381005,542.3661685,545.4056926,0.6542872604,0.6865889406,4.682072136
magenta_forming,390,5,20,0.5,192.893,449.2345,544.1907168,0.6743398117,542.6709548,545.7104789,0.6581889716,0.6904906518,4.724325494
magenta_forming,391,5,20,0.75,193.0155,449.08675,544.4955031,0.6782415229,542.975741,546.0152652,0.6620906828,0.6943923631,4.766960167
magenta_forming,392,5,20,1,193.138,448.939,544.8002894,0.6821432341,543.2805273,546.3200515,0.665992394,0.6982940743,4.809979597
magenta_forming,393,5,21,0.015625,193.2279989,448.8362143,545.0242112,0.6848575486,543.5044492,546.5439733,0.6687067085,0.7010083887,4.84013582
magenta_forming,394,5,21,0.03125,193.3178153,448.7368182,545.2476791,0.6874823533,543.727917,546.7674412,0.6713315131,0.7036331934,4.869477386
magenta_forming,395,5,21,0.046875,193.4074602,448.6407999,545.4707201,0.69001796,543.950958,546.9904822,0.6738671199,0.7061688001,4.897990743
magenta_forming,396,5,21,0.0625,193.4969443,448.5481475,545.6933613,0.6924646807,544.1735993,547.2131234,0.6763138406,0.7086155208,4.925662835
magenta_forming,397,5,21,0.078125,193.5862787,448.4588492,545.9156299,0.6948228273,544.3958678,547.435392,0.6786719872,0.7109736674,4.952481105
magenta_forming,398,5,21,0.09375,193.6754742,448.3728932,546.1375529,0.6970927116,544.6177908,547.657315,0.6809418715,0.7132435517,4.978433514
magenta_forming,399,5,21,0.125,193.8534922,448.2109609,546.5804707,0.7013689409,545.0607086,548.1002327,0.6852181008,0.717519781,5.027695198
magenta_forming,400,5,21,0.15625,194.0310853,448.0622562,547.0223315,0.7052958637,545.5025695,548.5420936,0.6891450235,0.7214467038,5.07336214
magenta_forming,401,5,21,0.1875,194.2083408,447.9266846,547.4633523,0.708875975,545.9435902,548.9831144,0.6927251348,0.7250268151,5.115357312
magenta_forming,402,5,21,0.21875,194.3853458,447.8041515,547.9037498,0.7121117699,546.3839878,549.4235119,0.6959609297,0.72826261,5.153612607
magenta_forming,403,5,21,0.25,194.5621875,447.6945625,548.343741,0.7150057434,546.8239789,549.8635031,0.6988549033,0.7311565835,5.188068999
magenta_forming,404,5,21,0.28125,194.738953,447.5978231,548.7835426,0.7175603906,547.2637806,550.3033047,0.7014095505,0.7337112307,5.218676672
magenta_forming,405,5,21,0.3125,194.9157295,447.5138389,549.2233716,0.7197782065,547.7036095,550.7431337,0.7036273664,0.7359290466,5.245395103
magenta_forming,406,5,21,0.34375,195.0926041,447.4425153,549.6634448,0.7216616862,548.1436827,551.1832068,0.705510846,0.7378125263,5.268193112
magenta_forming,407,5,21,0.375,195.2696641,447.3837578,550.103979,0.7232133246,548.5842169,551.623741,0.7070624845,0.7393641648,5.287048869
magenta_forming,408,5,21,0.390625,195.3582908,447.3590619,550.3244867,0.7238654831,548.8047247,551.8442488,0.707714643,0.7400163233,5.294994132
magenta_forming,409,5,21,0.40625,195.4469965,447.337472,550.5451911,0.724435617,549.025429,552.0649532,0.7082847769,0.7405864571,5.301949868
magenta_forming,410,5,21,0.421875,195.5357921,447.3189765,550.7661191,0.7249240381,549.2463571,552.2858812,0.7087731979,0.7410748782,5.30791596
magenta_forming,411,5,21,0.4375,195.6246885,447.3035635,550.9872979,0.7253310582,549.4675359,552.50706,0.7091802181,0.7414818984,5.312892863
magenta_forming,412,5,21,0.453125,195.7136966,447.2912211,551.2087547,0.7256569894,549.6889926,552.7285167,0.7095061493,0.7418078295,5.316881602
magenta_forming,413,5,21,0.46875,195.8028273,447.2819376,551.4305164,0.7259021434,549.9107543,552.9502785,0.7097513033,0.7420529836,5.319883765
magenta_forming,414,5,21,0.484375,195.8920914,447.2757012,551.6526103,0.7260668322,550.1328482,553.1723723,0.7099159921,0.7422176723,5.321901501
magenta_forming,415,5,21,0.5,195.9815,447.2725,551.8750633,0.7261513676,550.3553013,553.3948254,0.7100005275,0.7423022078,5.322937509
magenta_forming,416,5,21,0.515625,196.0710638,447.2723223,552.0979027,0.7261560616,550.5781407,553.6176648,0.7100052215,0.7423069017,5.322995041
magenta_forming,417,5,21,0.53125,196.1607938,447.2751561,552.3211556,0.7260812259,550.8013935,553.8409176,0.7099303858,0.742232066,5.322077885
magenta_forming,418,5,21,0.5625,196.3407959,447.2898115,552.76901,0.7256942132,551.2492479,554.288772,0.7095433731,0.7418450533,5.317337337
magenta_forming,419,5,21,0.59375,196.5215934,447.3163717,553.2188434,0.7249928247,551.6990813,554.7386055,0.7088419846,0.7411436648,5.308756732
magenta_forming,420,5,21,0.625,196.7032734,447.3547422,553.6708727,0.7239795554,552.1511106,555.1906347,0.7078287152,0.7401303955,5.296385103
magenta_forming,421,5,21,0.65625,196.8859232,447.4048285,554.1253147,0.7226569003,552.6055526,555.6450768,0.7065060601,0.7388077404,5.280279362
magenta_forming,422,5,21,0.6875,197.0696299,447.4665361,554.5823863,0.7210273544,553.0626243,556.1021484,0.7048765143,0.7371781945,5.260503991
magenta_forming,423,5,21,0.71875,197.2544806,447.5397706,555.0423044,0.7190934129,553.5225423,556.5620664,0.7029425728,0.735244253,5.237130705
magenta_forming,424,5,21,0.75,197.4405625,447.6244375,555.5052857,0.7168575708,553.9855236,557.0250478,0.7007067307,0.7330084109,5.210238105
magenta_forming,425,5,21,0.78125,197.6279628,447.7204423,555.9715472,0.7143223231,554.4517851,557.4913093,0.6981714829,0.7304731632,5.1799113
magenta_forming,426,5,21,0.8125,197.8167686,447.8276904,556.4413057,0.7114901648,554.9215436,557.9610677,0.6953393247,0.7276410049,5.146241525
magenta_forming,427,5,21,0.84375,198.007067,447.9460875,556.914778,0.708363591,555.395016,558.4345401,0.6922127509,0.7245144312,5.109325734
magenta_forming,428,5,21,0.875,198.1989453,448.0755391,557.3921811,0.7049450969,555.872419,558.9119431,0.6887942567,0.721095937,5.06926619
magenta_forming,429,5,21,0.90625,198.3924906,448.2159506,557.8737317,0.7012371773,556.3539696,559.3934937,0.6850863372,0.7173880174,5.026170042
magenta_forming,430,5,21,0.9375,198.58779,448.3672275,558.3596467,0.6972423273,556.8398846,559.8794088,0.6810914872,0.7133931674,4.980148895
magenta_forming,431,5,21,0.953125,198.6861248,448.4469111,558.6043086,0.6951380832,557.0845466,560.1240707,0.6789872431,0.7112889233,4.956077434
magenta_forming,432,5,21,0.96875,198.7849308,448.5292755,558.850143,0.6929630421,557.3303809,560.3699051,0.676812202,0.7091138822,4.931318373
magenta_forming,433,5,21,0.984375,198.8842189,448.6143091,559.0971769,0.6907175159,557.5774148,560.616939,0.6745666758,0.706868356,4.905886721
magenta_forming,434,5,21,1,198.984,448.702,559.3454374,0.6884018166,557.8256754,560.8651995,0.6722509765,0.7045526567,4.879797684
magenta_forming,435,5,22,0.25,199.1245,448.83875,559.6950086,0.6847905881,558.1752466,561.2147707,0.668639748,0.7009414282,4.839389614
magenta_forming,436,5,22,0.5,199.265,448.9755,560.0445798,0.6811793596,558.5248178,561.5643419,0.6650285195,0.6973301998,4.799316151
magenta_forming,437,5,22,0.75,199.4055,449.11225,560.3941511,0.6775681312,558.874389,561.9139131,0.661417291,0.6937189713,4.759574523
magenta_forming,438,5,22,1,199.546,449.249,560.7437223,0.6739569027,559.2239602,562.2634843,0.6578060626,0.6901077428,4.720161983
magenta_forming,439,5,23,0.25,199.6865,449.4055,561.0932935,0.6698241257,559.5735314,562.6130555,0.6536732856,0.6859749658,4.67545763
magenta_forming,440,5,23,0.5,199.827,449.562,561.4428647,0.6656913487,559.9231026,562.9626268,0.6495405085,0.6818421888,4.631176669
magenta_forming,441,5,23,0.75,199.9675,449.7185,561.7924359,0.6615585716,560.2726738,563.312198,0.6454077315,0.6777094118,4.58731509
magenta_forming,442,5,23,1,200.108,449.875,562.1420071,0.6574257946,560.622245,563.6617692,0.6412749545,0.6735766347,4.543868921
magenta_forming,443,5,24,0.25,200.24825,450.055,562.4909563,0.6526724409,560.9711942,564.0107184,0.6365216008,0.668823281,4.494407441
magenta_forming,444,5,24,0.5,200.3885,450.235,562.8399055,0.6479190871,561.3201434,564.3596676,0.631768247,0.6640699272,4.445484365
magenta_forming,445,5,24,0.75,200.52875,450.415,563.1888547,0.6431657334,561.6690926,564.7086168,0.6270148933,0.6593165735,4.397093832
magenta_forming,446,5,24,1,200.669,450.595,563.5378039,0.6384123796,562.0180418,565.057566,0.6222615395,0.6545632197,4.349230046
magenta_forming,447,5,25,0.25,200.80775,450.7985,563.883021,0.6330384491,562.363259,565.4027831,0.616887609,0.6491892892,4.295744563
magenta_forming,448,5,25,0.5,200.9465,451.002,564.2282381,0.6276645186,562.7084761,565.7480002,0.6115136785,0.6438153587,4.242916829
magenta_forming,449,5,25,0.75,201.08525,451.2055,564.5734553,0.6222905881,563.0536932,566.0932173,0.606139748,0.6384414282,4.190738753
magenta_forming,450,5,25,1,201.224,451.409,564.9186724,0.6169166576,563.3989103,566.4384344,0.6007658175,0.6330674978,4.139202347
magenta_forming,451,5,26,0.0078125,201.2982663,451.5292979,565.1034506,0.613739888,563.5836886,566.6232127,0.5975890479,0.6298907281,4.109035449
magenta_forming,452,5,26,0.015625,201.3718185,451.6504187,565.2864524,0.610541388,563.7666904,566.8062145,0.5943905478,0.6266922281,4.078884314
magenta_forming,453,5,26,0.0234375,201.444662,451.7723514,565.4676908,0.6073214475,563.9479288,566.9874529,0.5911706074,0.6234722876,4.048754535
magenta_forming,454,5,26,0.03125,201.516802,451.8950851,565.6471789,0.6040803565,564.1274168,567.1669409,0.5879295164,0.6202311966,4.018651601
magenta_forming,455,5,26,0.0390625,201.5882438,452.0186086,565.8249296,0.6008184048,564.3051675,567.3446917,0.5846675647,0.6169692449,3.988580896
magenta_forming,456,5,26,0.046875,201.6589925,452.1429112,566.0009561,0.5975358824,564.481194,567.5207181,0.5813850423,0.6136867225,3.958547699
magenta_forming,457,5,26,0.0546875,201.7290535,452.2679818,566.1752713,0.5942330791,564.6555092,567.6950334,0.578082239,0.6103839192,3.928557184
magenta_forming,458,5,26,0.0625,201.7984319,452.3938093,566.3478884,0.5909102848,564.8281263,567.8676505,0.5747594447,0.6070611249,3.89861442
magenta_forming,459,5,26,0.0703125,201.867133,452.5203829,566.5188204,0.5875677895,564.9990583,568.0385824,0.5714169494,0.6037186296,3.868724372
magenta_forming,460,5,26,0.078125,201.9351621,452.6476916,566.6880803,0.584205883,565.1683182,568.2078423,0.5680550428,0.6003567231,3.8388919
magenta_forming,461,5,26,0.0859375,202.0025244,452.7757244,566.8556811,0.5808248552,565.3359191,568.3754432,0.564674015,0.5969756953,3.809121759
magenta_forming,462,5,26,0.09375,202.0692252,452.9044702,567.021636,0.577424996,565.501874,568.5413981,0.5612741558,0.5935758361,3.779418599
magenta_forming,463,5,26,0.1015625,202.1352696,453.0339182,567.185958,0.5740065953,565.6661959,568.7057201,0.5578557551,0.5901574354,3.749786967
magenta_forming,464,5,26,0.109375,202.200663,453.1640574,567.3486601,0.570569943,565.828898,568.8684222,0.5544191028,0.5867207831,3.720231305
magenta_forming,465,5,26,0.1171875,202.2654106,453.2948767,567.5097554,0.567115329,565.9899933,569.0295174,0.5509644888,0.5832661691,3.690755953
magenta_forming,466,5,26,0.125,202.3295176,453.4263652,567.6692569,0.5636430431,566.1494948,569.1890189,0.547492203,0.5797938833,3.661365147
magenta_forming,467,5,26,0.1328125,202.3929892,453.558512,567.8271776,0.5601533754,566.3074155,569.3469397,0.5440025353,0.5763042155,3.63206302
magenta_forming,468,5,26,0.140625,202.4558308,453.691306,567.9835307,0.5566466157,566.4637686,569.5032927,0.5404957756,0.5727974558,3.602853604
magenta_forming,469,5,26,0.1484375,202.5180475,453.8247362,568.1383291,0.5531230538,566.618567,569.6580912,0.5369722137,0.5692738939,3.573740828
magenta_forming,470,5,26,0.15625,202.5796447,453.9587917,568.2915859,0.5495829797,566.7718239,569.811348,0.5334321396,0.5657338198,3.544728522
magenta_forming,471,5,26,0.1640625,202.6406275,454.0934616,568.4433142,0.5460266833,566.9235522,569.9630763,0.5298758431,0.5621775234,3.515820412
magenta_forming,472,5,26,0.171875,202.7010011,454.2287347,568.593527,0.5424544544,567.073765,570.1132891,0.5263036143,0.5586052945,3.487020129
magenta_forming,473,5,26,0.1796875,202.7607709,454.3646002,568.7422374,0.5388665829,567.2224753,570.2619994,0.5227157428,0.5550174231,3.458331201
magenta_forming,474,5,26,0.1875,202.8199421,454.5010471,568.8894583,0.5352633589,567.3696963,570.4092204,0.5191125187,0.551414199,3.429757061
magenta_forming,475,5,26,0.1953125,202.87852,454.6380644,569.0352029,0.531645072,567.5154409,570.554965,0.5154942319,0.5477959121,3.401301041
magenta_forming,476,5,26,0.203125,202.9365096,454.7756411,569.1794842,0.5280120123,567.6597222,570.6992463,0.5118611722,0.5441628525,3.37296638
magenta_forming,477,5,26,0.2109375,202.9939164,454.9137663,569.3223153,0.5243644697,567.8025532,570.8420774,0.5082136296,0.5405153098,3.344756217
magenta_forming,478,5,26,0.21875,203.0507456,455.0524289,569.4637091,0.520702734,567.9439471,570.9834712,0.5045518938,0.5368535741,3.3166736
magenta_forming,479,5,26,0.2265625,203.1070023,455.191618,569.6036788,0.517027095,568.0839167,571.1234409,0.5008762549,0.5331779352,3.288721481
magenta_forming,480,5,26,0.234375,203.1626919,455.3313226,569.7422374,0.5133378429,568.2224753,571.2619994,0.4971870027,0.529488683,3.260902719
magenta_forming,481,5,26,0.2421875,203.2178196,455.4715317,569.8793979,0.5096352673,568.3596358,571.39916,0.4934844272,0.5257861074,3.23322008
magenta_forming,482,5,26,0.25,203.2723906,455.6122344,570.0151734,0.5059196582,568.4954113,571.5349355,0.4897688181,0.5220704984,3.20567624
magenta_forming,483,5,26,0.2578125,203.3264102,455.7534196,570.1495769,0.5021913056,568.6298149,571.669339,0.4860404655,0.5183421457,3.178273784
magenta_forming,484,5,26,0.265625,203.3798836,455.8950765,570.2826215,0.4984504992,568.7628595,571.8023836,0.4822996591,0.5146013393,3.151015208
magenta_forming,485,5,26,0.2734375,203.4328161,456.037194,570.4143203,0.4946975291,568.8945582,571.9340823,0.4785466889,0.5108483692,3.12390292
magenta_forming,486,5,26,0.28125,203.4852129,456.1797611,570.5446862,0.490932685,569.0249241,572.0644482,0.4747818449,0.5070835251,3.096939241
magenta_forming,487,5,26,0.2890625,203.5370793,456.3227669,570.6737323,0.4871562569,569.1539703,572.1934944,0.4710054168,0.503307097,3.070126405
magenta_forming,488,5,26,0.296875,203.5884204,456.4662003,570.8014717,0.4833685347,569.2817097,572.3212338,0.4672176946,0.4995193748,3.043466563
magenta_forming,489,5,26,0.3046875,203.6392416,456.6100505,570.9279175,0.4795698083,569.4081554,572.4476795,0.4634189682,0.4957206484,3.016961779
magenta_forming,490,5,26,0.3125,203.6895481,456.7543064,571.0530826,0.4757603675,569.5333205,572.5728446,0.4596095274,0.4919112076,2.990614038
magenta_forming,491,5,26,0.3203125,203.7393451,456.8989571,571.1769801,0.4719405023,569.657218,572.6967422,0.4557896622,0.4880913424,2.96442524
magenta_forming,492,5,26,0.328125,203.7886379,457.0439915,571.2996231,0.4681105026,569.779861,572.8193852,0.4519596625,0.4842613427,2.938397207
magenta_forming,493,5,26,0.3359375,203.8374317,457.1893987,571.4210246,0.4642706582,569.9012625,572.9407867,0.4481198181,0.4804214983,2.912531682
magenta_forming,494,5,26,0.34375,203.8857318,457.3351678,571.5411977,0.4604212591,570.0214356,573.0609597,0.444270419,0.4765720992,2.886830327
magenta_forming,495,5,26,0.3515625,203.9335434,457.4812876,571.6601553,0.4565625951,570.1403933,573.1799174,0.440411755,0.4727134352,2.861294731
magenta_forming,496,5,26,0.359375,203.9808717,457.6277474,571.7779107,0.4526949561,570.2581486,573.2976727,0.436544116,0.4688457963,2.835926404
magenta_forming,497,5,26,0.3671875,204.027722,457.774536,571.8944767,0.4488186321,570.3747146,573.4142388,0.432667792,0.4649694722,2.810726784
magenta_forming,498,5,26,0.375,204.0740996,457.9216426,572.0098665,0.444933913,570.4901044,573.5296285,0.4287830728,0.4610847531,2.785697234
magenta_forming,499,5,26,0.3828125,204.1200097,458.0690561,572.1240931,0.4410410885,570.604331,573.6438551,0.4248902484,0.4571919286,2.760839046
magenta_forming,500,5,26,0.390625,204.1654575,458.2167655,572.2371695,0.4371404487,570.7174074,573.7569316,0.4209896086,0.4532912888,2.736153442
magenta_forming,501,5,26,0.3984375,204.2104482,458.3647599,572.3491088,0.4332322833,570.8293468,573.8688709,0.4170814432,0.4493831235,2.711641572
magenta_forming,502,5,26,0.40625,204.2549872,458.5130283,572.4599241,0.4293168824,570.9401621,573.9796862,0.4131660423,0.4454677226,2.687304519
magenta_forming,503,5,26,0.4140625,204.2990797,458.6615597,572.5696284,0.4253945358,571.0498663,574.0893905,0.4092436957,0.441545376,2.6631433
magenta_forming,504,5,26,0.421875,204.3427308,458.8103432,572.6782347,0.4214655334,571.1584726,574.1979968,0.4053146933,0.4376163736,2.639158865
magenta_forming,505,5,26,0.4296875,204.3859459,458.9593677,572.7857561,0.4175301651,571.2659941,574.3055182,0.401379325,0.4336810052,2.615352098
magenta_forming,506,5,26,0.4375,204.4287302,459.1086223,572.8922057,0.4135887208,571.3724436,574.4119677,0.3974378807,0.4297395609,2.591723823
magenta_forming,507,5,26,0.4453125,204.471089,459.258096,572.9975964,0.4096414904,571.4778343,574.5173584,0.3934906503,0.4257923305,2.568274799
magenta_forming,508,5,26,0.453125,204.5130274,459.4077779,573.1019413,0.4056887637,571.5821793,574.6217034,0.3895379236,0.4218396039,2.545005726
magenta_forming,509,5,26,0.4609375,204.5545507,459.5576569,573.2052536,0.4017308308,571.6854915,574.7250156,0.3855799906,0.4178816709,2.521917241
magenta_forming,510,5,26,0.46875,204.5956643,459.7077221,573.3075461,0.3977679814,571.7877841,574.8273082,0.3816171412,0.4139188215,2.499009927
magenta_forming,511,5,26,0.4765625,204.6363732,459.8579625,573.4088321,0.3938005054,571.88907,574.9285942,0.3776496653,0.4099513455,2.476284307
magenta_forming,512,5,26,0.484375,204.6766828,460.0083671,573.5091245,0.3898286928,571.9893624,575.0288865,0.3736778527,0.405979533,2.453740848
magenta_forming,513,5,26,0.4921875,204.7165983,460.1589249,573.6084363,0.3858528335,572.0886742,575.1281984,0.3697019934,0.4020036736,2.431379964
magenta_forming,514,5,26,0.5,204.756125,460.309625,573.7067807,0.3818732174,572.1870186,575.2265427,0.3657223772,0.3980240575,2.409202013
magenta_forming,515,5,26,0.5078125,204.7952681,460.4604564,573.8041706,0.3778901342,572.2844085,575.3239327,0.3617392941,0.3940409743,2.387207302
magenta_forming,516,5,26,0.515625,204.8340327,460.6114081,573.9006191,0.373903874,572.3808571,575.4203812,0.3577530339,0.3900547142,2.365396087
magenta_forming,517,5,26,0.5234375,204.8724243,460.7624691,573.9961393,0.3699147267,572.4763773,575.5159014,0.3537638866,0.3860655668,2.343768573
magenta_forming,518,5,26,0.53125,204.910448,460.9136285,574.0907443,0.3659229821,572.5709822,575.6105063,0.349772142,0.3820738222,2.322324918
magenta_forming,519,5,26,0.5390625,204.9481091,461.0648753,574.184447,0.3619289301,572.6646849,575.704209,0.34577809,0.3780797702,2.30106523
magenta_forming,520,5,26,0.546875,204.9854128,461.2161984,574.2772605,0.3579328606,572.7574984,575.7970225,0.3417820205,0.3740837007,2.279989572
magenta_forming,521,5,26,0.5546875,205.0223643,461.367587,574.3691978,0.3539350636,572.8494357,575.8889599,0.3377842235,0.3700859037,2.259097961
magenta_forming,522,5,26,0.5625,205.058969,461.51903,574.4602721,0.3499358288,572.94051,575.9800341,0.3337849887,0.3660866689,2.23839037
magenta_forming,523,5,26,0.5703125,205.095232,461.6705165,574.5504963,0.3459354463,573.0307342,576.0702583,0.3297846062,0.3620862864,2.217866731
magenta_forming,524,5,26,0.578125,205.1311586,461.8220355,574.6398835,0.3419342059,573.1201214,576.1596455,0.3257833657,0.358085046,2.19752693
magenta_forming,525,5,26,0.5859375,205.166754,461.973576,574.7284467,0.3379323974,573.2086847,576.2482088,0.3217815573,0.3540832375,2.177370815
magenta_forming,526,5,26,0.59375,205.2020235,462.125127,574.8161991,0.3339303109,573.296437,576.3359611,0.3177794707,0.350081151,2.157398194
magenta_forming,527,5,26,0.6015625,205.2369724,462.2766776,574.9031536,0.3299282361,573.3833915,576.4229156,0.313777396,0.3460790762,2.137608837
magenta_forming,528,5,26,0.609375,205.2716058,462.4282167,574.9893233,0.325926463,573.4695612,576.5090853,0.3097756229,0.3420773031,2.118002474
magenta_forming,529,5,26,0.6171875,205.305929,462.5797334,575.0747212,0.3219252815,573.5549591,576.5944833,0.3057744414,0.3380761216,2.098578801
magenta_forming,530,5,26,0.625,205.3399473,462.7312168,575.1593604,0.3179249815,573.6395984,576.6791225,0.3017741414,0.3340758216,2.079337479
magenta_forming,531,5,26,0.6328125,205.3736658,462.8826558,575.243254,0.3139258528,573.7234919,576.763016,0.2977750127,0.3300766929,2.060278132
magenta_forming,532,5,26,0.640625,205.40709,463.0340395,575.3264149,0.3099281854,573.8066528,576.846177,0.2937773453,0.3260790255,2.041400352
magenta_forming,533,5,26,0.6484375,205.4402249,463.1853568,575.4088563,0.3059322692,573.8890942,576.9286183,0.289781429,0.3220831093,2.022703701
magenta_forming,534,5,26,0.65625,205.4730758,463.3365969,575.4905911,0.301938394,573.9708291,577.0103532,0.2857875538,0.3180892341,2.004187707
magenta_forming,535,5,26,0.6640625,205.5056481,463.4877487,575.5716325,0.2979468497,574.0518704,577.0913946,0.2817960096,0.3140976898,1.985851868
magenta_forming,536,5,26,0.671875,205.5379468,463.6388012,575.6519935,0.2939579263,574.1322314,577.1717555,0.2778070862,0.3101087664,1.967695654
magenta_forming,537,5,26,0.6796875,205.5699773,463.7897436,575.7316871,0.2899719136,574.211925,577.2514491,0.2738210735,0.3061227537,1.949718505
magenta_forming,538,5,26,0.6875,205.6017449,463.9405647,575.8107263,0.2859891016,574.2909642,577.3304884,0.2698382615,0.3021399417,1.931919836
magenta_forming,539,5,26,0.6953125,205.6332547,464.0912536,575.8891243,0.2820097801,574.3693622,577.4088863,0.26585894,0.2981606202,1.914299033
magenta_forming,540,5,26,0.703125,205.664512,464.2417994,575.966894,0.278034239,574.4471319,577.4866561,0.2618833989,0.2941850791,1.89685546
magenta_forming,541,5,26,0.7109375,205.695522,464.3921911,576.0440486,0.2740627682,574.5242865,577.5638106,0.2579119281,0.2902136083,1.879588452
magenta_forming,542,5,26,0.71875,205.72629,464.5424176,576.120601,0.2700956576,574.6008389,577.6403631,0.2539448175,0.2862464977,1.862497325
magenta_forming,543,5,26,0.7265625,205.7568213,464.6924681,576.1965643,0.2661331972,574.6768023,577.7163264,0.2499823571,0.2822840373,1.845581368
magenta_forming,544,5,26,0.734375,205.787121,464.8423315,576.2719516,0.2621756767,574.7521896,577.7917137,0.2460248366,0.2783265168,1.828839852
magenta_forming,545,5,26,0.7421875,205.8171945,464.9919968,576.3467759,0.2582233862,574.8270139,577.866538,0.242072546,0.2743742263,1.812272023
magenta_forming,546,5,26,0.75,205.8470469,465.1414531,576.4210503,0.2542766154,574.9012882,577.9408123,0.2381257753,0.2704274555,1.795877111
magenta_forming,547,5,26,0.7578125,205.8766835,465.2906894,576.4947877,0.2503356543,574.9750257,578.0145498,0.2341848142,0.2664864944,1.779654325
magenta_forming,548,5,26,0.765625,205.9061096,465.4396948,576.5680013,0.2464007928,575.0482393,578.0877634,0.2302499527,0.2625516329,1.763602853
magenta_forming,549,5,26,0.7734375,205.9353304,465.5884582,576.6407042,0.2424723208,575.1209421,578.1604662,0.2263214807,0.2586231609,1.74772187
magenta_forming,550,5,26,0.78125,205.9643511,465.7369686,576.7129092,0.2385505281,575.1931472,578.2326713,0.222399688,0.2547013682,1.73201053
magenta_forming,551,5,26,0.7890625,205.993177,465.8852151,576.7846296,0.2346357047,575.2648675,578.3043916,0.2184848646,0.2507865449,1.716467974
magenta_forming,552,5,26,0.796875,206.0218134,466.0331868,576.8558783,0.2307281405,575.3361162,578.3756403,0.2145773004,0.2468789806,1.701093325
magenta_forming,553,5,26,0.8046875,206.0502654,466.1808725,576.9266684,0.2268281254,575.4069063,578.4464304,0.2106772852,0.2429789655,1.685885694
magenta_forming,554,5,26,0.8125,206.0785383,466.3282615,576.9970129,0.2229359491,575.4772508,578.516775,0.206785109,0.2390867893,1.670844176
magenta_forming,555,5,26,0.8203125,206.1066374,466.4753426,577.0669249,0.2190519018,575.5471628,578.586687,0.2029010617,0.2352027419,1.655967853
magenta_forming,556,5,26,0.828125,206.134568,466.6221049,577.1364175,0.2151762732,575.6166554,578.6561795,0.199025433,0.2313271133,1.641255797
magenta_forming,557,5,26,0.8359375,206.1623351,466.7685374,577.2055036,0.2113093532,575.6857415,578.7252657,0.1951585131,0.2274601933,1.626707066
magenta_forming,558,5,26,0.84375,206.1899442,466.9146292,577.2741964,0.2074514317,575.7544343,578.7939584,0.1913005916,0.2236022718,1.612320707
magenta_forming,559,5,26,0.8515625,206.2174004,467.0603692,577.3425088,0.2036027987,575.8227468,578.8622709,0.1874519586,0.2197536388,1.598095758
magenta_forming,560,5,26,0.859375,206.244709,467.2057465,577.410454,0.199763744,575.8906919,578.9302161,0.1836129039,0.2159145841,1.584031246
magenta_forming,561,5,26,0.8671875,206.2718752,467.3507502,577.478045,0.1959345575,575.9582829,578.997807,0.1797837174,0.2120853976,1.570126189
magenta_forming,562,5,26,0.875,206.2989043,467.4953691,577.5452947,0.1921155291,576.0255327,579.0650568,0.175964689,0.2082663692,1.556379598
magenta_forming,563,5,26,0.8828125,206.3258015,467.6395925,577.6122164,0.1883069488,576.0924543,579.1319784,0.1721561086,0.2044577889,1.542790474
magenta_forming,564,5,26,0.890625,206.3525721,467.7834092,577.6788229,0.1845091063,576.1590609,579.198585,0.1683582662,0.2006599464,1.529357814
magenta_forming,565,5,26,0.8984375,206.3792213,467.9268083,577.7451275,0.1807222916,576.2253654,579.2648895,0.1645714515,0.1968731317,1.516080604
magenta_forming,566,5,26,0.90625,206.4057543,468.0697788,577.811143,0.1769467946,576.291381,579.3309051,0.1607959545,0.1930976348,1.502957828
magenta_forming,567,5,26,0.9140625,206.4321764,468.2123097,577.8768826,0.1731829053,576.3571206,579.3966447,0.1570320651,0.1893337454,1.489988462
magenta_forming,568,5,26,0.921875,206.4584929,468.3543902,577.9423594,0.1694309133,576.4225973,579.4621214,0.1532800732,0.1855817535,1.477171478
magenta_forming,569,5,26,0.9296875,206.484709,468.4960091,578.0075862,0.1656911088,576.4878242,579.5273483,0.1495402687,0.1818419489,1.464505843
magenta_forming,570,5,26,0.9375,206.5108298,468.6371555,578.0725763,0.1619637816,576.5528143,579.5923384,0.1458129414,0.1781146217,1.451990522
magenta_forming,571,5,26,0.9453125,206.5368608,468.7778185,578.1373427,0.1582492215,576.6175806,579.6571048,0.1420983814,0.1744000616,1.439624475
magenta_forming,572,5,26,0.953125,206.5628071,468.917987,578.2018983,0.1545477184,576.6821363,579.7216604,0.1383968783,0.1706985586,1.427406659
magenta_forming,573,5,26,0.9609375,206.5886739,469.0576501,578.2662563,0.1508595624,576.7464943,579.7860184,0.1347087223,0.1670104025,1.415336029
magenta_forming,574,5,26,0.96875,206.6144665,469.1967968,578.3304297,0.1471850432,576.8106677,579.8501918,0.131034203,0.1633358833,1.403411539
magenta_forming,575,5,26,0.9765625,206.6401902,469.3354161,578.3944316,0.1435244507,576.8746695,579.9141937,0.1273736106,0.1596752908,1.391632141
magenta_forming,576,5,26,0.984375,206.6658502,469.4734971,578.4582749,0.1398780749,576.9385129,579.978037,0.1237272348,0.156028915,1.379996786
magenta_forming,577,5,26,0.9921875,206.6914517,469.6110287,578.5219728,0.1362462056,577.0022108,580.0417349,0.1200953655,0.1523970457,1.368504424
magenta_forming,578,5,26,1,206.717,469.748,578.5855383,0.1326291327,577.0657762,580.1053004,0.1164782926,0.1487799728,1.357154005
magenta_forming,579,5,27,0.09090909091,206.7582727,469.9940909,578.688227,0.1261304819,577.1684649,580.207989,0.1099796418,0.142281322,1.336997151
magenta_forming,580,5,27,0.1818181818,206.7995455,470.2401818,578.7909156,0.1196318311,577.2711536,580.3106777,0.103480991,0.1357826712,1.317139673
magenta_forming,581,5,27,0.2727272727,206.8408182,470.4862727,578.8936043,0.1131331803,577.3738422,580.4133664,0.09698234017,0.1292840204,1.297577124
magenta_forming,582,5,27,0.3636363636,206.8820909,470.7323636,578.9962929,0.1066345295,577.4765309,580.516055,0.09048368936,0.1227853696,1.278305123
magenta_forming,583,5,27,0.4545454545,206.9233636,470.9784545,579.0989816,0.1001358787,577.5792195,580.6187437,0.08398503855,0.1162867188,1.259319356
magenta_forming,584,5,27,0.5454545455,206.9646364,471.2245455,579.2016703,0.09363722785,577.6819082,580.7214323,0.07748638773,0.109788068,1.240615571
magenta_forming,585,5,27,0.6363636364,207.0059091,471.4706364,579.3043589,0.08713857704,577.7845969,580.824121,0.07098773692,0.1032894172,1.222189581
magenta_forming,586,5,27,0.7272727273,207.0471818,471.7167273,579.4070476,0.08063992622,577.8872855,580.9268097,0.06448908611,0.09679076634,1.204037259
magenta_forming,587,5,27,0.8181818182,207.0884545,471.9628182,579.5097363,0.07414127541,577.9899742,581.0294983,0.05799043529,0.09029211552,1.18615454
magenta_forming,588,5,27,0.9090909091,207.1297273,472.2089091,579.6124249,0.06764262459,578.0926629,581.132187,0.05149178448,0.08379346471,1.168537421
magenta_forming,589,5,27,1,207.171,472.455,579.7151136,0.06114397378,578.1953515,581.2348757,0.04499313367,0.0772948139,1.151181956
magenta_forming,590,5,28,0.08333333333,207.2088333,472.69625,579.8092449,0.05477315938,578.2894828,581.3290069,0.03862231926,0.07092399949,1.134418132
magenta_forming,591,5,28,0.1666666667,207.2466667,472.9375,579.9033761,0.04840234497,578.3836141,581.4231382,0.03225150485,0.06455318509,1.117898427
magenta_forming,592,5,28,0.25,207.2845,473.17875,579.9975074,0.04203153056,578.4777454,581.5172695,0.02588069045,0.05818237068,1.101619286
magenta_forming,593,5,28,0.3333333333,207.3223333,473.42,580.0916387,0.03566071616,578.5718766,581.6114008,0.01950987604,0.05181155627,1.085577207
magenta_forming,594,5,28,0.4166666667,207.3601667,473.66125,580.18577,0.02928990175,578.6660079,581.705532,0.01313906164,0.04544074187,1.069768737
magenta_forming,595,5,28,0.5,207.398,473.9025,580.2799012,0.02291908735,578.7601392,581.7996633,0.006768247232,0.03906992746,1.054190474
magenta_forming,596,5,28,0.5833333333,207.4358333,474.14375,580.3740325,0.01654827294,578.8542705,581.8937946,0.0003974328262,0.03269911306,1.038839066
magenta_forming,597,5,28,0.6666666667,207.4736667,474.385,580.4681638,0.01017745854,578.9484017,581.9879259,-0.005973381579,0.02632829865,1.023711209
magenta_forming,598,5,28,0.75,207.5115,474.62625,580.5622951,0.003806644131,579.042533,582.0820571,-0.01234419599,0.01995748425,1.008803648
magenta_forming,599,5,28,0.8333333333,207.5493333,474.8675,580.6564263,-0.002564170275,579.1366643,582.1761884,-0.01871501039,0.01358666984,0.9941131754
magenta_forming,600,5,28,0.9166666667,207.5871667,475.10875,580.7505576,-0.00893498468,579.2307956,582.2703197,-0.0250858248,0.007215855436,0.9796366293
magenta_forming,601,5,28,1,207.625,475.35,580.8446889,-0.01530579909,579.3249268,582.364451,-0.0314566392,0.0008450410299,0.9653708945
magenta_forming,602,5,29,0.00390625,207.6550393,475.5462275,580.9194283,-0.02048768005,579.3996662,582.4391904,-0.03663852017,-0.004336839934,0.953920803
magenta_forming,603,5,29,0.0078125,207.6849704,475.7424723,580.9938983,-0.02567001885,579.4741363,582.5136604,-0.04182085897,-0.009519178738,0.9426055253
magenta_forming,604,5,29,0.01171875,207.7147941,475.9387343,581.0681012,-0.03085281156,579.5483391,582.5878633,-0.04700365167,-0.01470197144,0.9314234944
magenta_forming,605,5,29,0.015625,207.7445113,476.1350133,581.142039,-0.03603605422,579.622277,582.6618011,-0.05218689434,-0.01988521411,0.9203731611
magenta_forming,606,5,29,0.01953125,207.7741228,476.3313092,581.215714,-0.04121974291,579.695952,582.7354761,-0.05737058303,-0.0250689028,0.9094529941
magenta_forming,607,5,29,0.0234375,207.8036295,476.5276219,581.2891283,-0.04640387369,579.7693663,582.8088904,-0.06255471381,-0.03025303358,0.8986614794
magenta_forming,608,5,29,0.02734375,207.8330324,476.7239511,581.3622842,-0.05158844262,579.8425221,582.8820462,-0.06773928273,-0.0354376025,0.8879971203
magenta_forming,609,5,29,0.03125,207.8623322,476.9202968,581.4351836,-0.05677344575,579.9154216,582.9549457,-0.07292428587,-0.04062260564,0.8774584371
magenta_forming,610,5,29,0.03515625,207.8915299,477.1166588,581.5078289,-0.06195887916,579.9880669,583.027591,-0.07810971927,-0.04580803904,0.8670439673
magenta_forming,611,5,29,0.0390625,207.9206263,477.313037,581.5802222,-0.0671447389,580.0604602,583.0999843,-0.08329557901,-0.05099389878,0.8567522647
magenta_forming,612,5,29,0.04296875,207.9496222,477.5094311,581.6523657,-0.07233102103,580.1326036,583.1721278,-0.08848186115,-0.05618018092,0.8465819
magenta_forming,613,5,29,0.046875,207.9785187,477.7058411,581.7242615,-0.07751772162,580.2044995,583.2440236,-0.09366856174,-0.06136688151,0.8365314599
magenta_forming,614,5,29,0.05078125,208.0073165,477.9022668,581.7959118,-0.08270483674,580.2761498,583.3156739,-0.09885567685,-0.06655399662,0.8265995476
magenta_forming,615,5,29,0.0546875,208.0360164,478.098708,581.8673189,-0.08789236243,580.3475568,583.3870809,-0.1040432025,-0.07174152231,0.816784782
magenta_forming,616,5,29,0.05859375,208.0646195,478.2951646,581.9384847,-0.09308029476,580.4187226,583.4582468,-0.1092311349,-0.07692945465,0.807085798
magenta_forming,617,5,29,0.0625,208.0931265,478.4916365,582.0094116,-0.0982686298,580.4896495,583.5291736,-0.1144194699,-0.08211778968,0.7975012459
magenta_forming,618,5,29,0.06640625,208.1215383,478.6881234,582.0801016,-0.1034573636,580.5603396,583.5998637,-0.1196082037,-0.08730652349,0.7880297916
magenta_forming,619,5,29,0.0703125,208.1498558,478.8846254,582.150557,-0.1086464922,580.630795,583.6703191,-0.1247973324,-0.09249565212,0.7786701164
magenta_forming,620,5,29,0.07421875,208.1780799,479.0811421,582.22078,-0.1138360118,580.7010179,583.740542,-0.1299868519,-0.09768517164,0.7694209164
magenta_forming,621,5,29,0.078125,208.2062114,479.2776735,582.2907726,-0.1190259182,580.7710105,583.8105346,-0.1351767584,-0.1028750781,0.7602809028
magenta_forming,622,5,29,0.08203125,208.2342512,479.4742194,582.3605371,-0.1242162077,580.840775,583.8802991,-0.1403670478,-0.1080653676,0.7512488017
magenta_forming,623,5,29,0.0859375,208.2622002,479.6707796,582.4300756,-0.1294068763,580.9103135,583.9498377,-0.1455577164,-0.1132560362,0.7423233536
magenta_forming,624,5,29,0.08984375,208.2900592,479.867354,582.4993903,-0.13459792,580.9796282,584.0191524,-0.1507487601,-0.1184470799,0.7335033134
magenta_forming,625,5,29,0.09375,208.3178292,480.0639425,582.5684834,-0.1397893349,581.0487213,584.0882455,-0.155940175,-0.1236384948,0.7247874506
magenta_forming,626,5,29,0.09765625,208.3455109,480.2605449,582.637357,-0.144981117,581.117595,584.1571191,-0.1611319572,-0.1288302769,0.7161745485
magenta_forming,627,5,29,0.1015625,208.3731053,480.4571611,582.7060134,-0.1501732625,581.1862513,584.2257755,-0.1663241026,-0.1340224224,0.7076634045
magenta_forming,628,5,29,0.10546875,208.4006133,480.6537909,582.7744546,-0.1553657674,581.2546925,584.2942167,-0.1715166075,-0.1392149273,0.6992528298
magenta_forming,629,5,29,0.109375,208.4280357,480.8504341,582.8426829,-0.1605586277,581.3229208,584.362445,-0.1767094678,-0.1444077876,0.6909416492
magenta_forming,630,5,29,0.11328125,208.4553733,481.0470907,582.9107004,-0.1657518395,581.3909383,584.4304624,-0.1819026796,-0.1496009994,0.6827287011
magenta_forming,631,5,29,0.1171875,208.4826271,481.2437604,582.9785093,-0.1709453989,581.4587472,584.4982713,-0.187096239,-0.1547945588,0.6746128371
magenta_forming,632,5,29,0.12109375,208.509798,481.4404431,583.0461117,-0.1761393019,581.5263496,584.5658738,-0.1922901421,-0.1599884618,0.6665929222
magenta_forming,633,5,29,0.125,208.5368867,481.6371387,583.1135099,-0.1813335447,581.5937478,584.6332719,-0.1974843848,-0.1651827045,0.6586678342
magenta_forming,634,5,29,0.12890625,208.5638942,481.833847,583.1807059,-0.1865281231,581.6609438,584.700468,-0.2026789633,-0.170377283,0.650836464
magenta_forming,635,5,29,0.1328125,208.5908214,482.0305678,583.247702,-0.1917230334,581.72794,584.7674641,-0.2078738735,-0.1755721933,0.6430977151
magenta_forming,636,5,29,0.13671875,208.617669,482.2273011,583.3145004,-0.1969182716,581.7947383,584.8342624,-0.2130691117,-0.1807674315,0.6354505039
magenta_forming,637,5,29,0.140625,208.6444381,482.4240467,583.3811031,-0.2021138337,581.8613411,584.9008652,-0.2182646738,-0.1859629936,0.6278937589
magenta_forming,638,5,29,0.14453125,208.6711294,482.6208043,583.4475125,-0.2073097158,581.9277504,584.9672745,-0.2234605559,-0.1911588757,0.6204264212
magenta_forming,639,5,29,0.1484375,208.6977438,482.817574,583.5137305,-0.212505914,581.9939685,585.0334926,-0.2286567541,-0.1963550739,0.6130474439
magenta_forming,640,5,29,0.15234375,208.7242822,483.0143554,583.5797595,-0.2177024243,582.0599975,585.0995216,-0.2338532644,-0.2015515842,0.6057557924
magenta_forming,641,5,29,0.15625,208.7507455,483.2111485,583.6456016,-0.2228992428,582.1258395,585.1653637,-0.2390500829,-0.2067484027,0.5985504439
magenta_forming,642,5,29,0.16015625,208.7771346,483.4079532,583.7112589,-0.2280963655,582.1914968,585.231021,-0.2442472056,-0.2119455254,0.5914303872
magenta_forming,643,5,29,0.1640625,208.8034503,483.6047692,583.7767336,-0.2332937886,582.2569716,585.2964957,-0.2494446287,-0.2171429485,0.5843946231
magenta_forming,644,5,29,0.16796875,208.8296934,483.8015964,583.842028,-0.238491508,582.3222659,585.36179,-0.2546423481,-0.2223406679,0.5774421636
magenta_forming,645,5,29,0.171875,208.8558649,483.9984347,583.907144,-0.2436895199,582.387382,585.4269061,-0.25984036,-0.2275386798,0.5705720324
magenta_forming,646,5,29,0.17578125,208.8819657,484.195284,583.972084,-0.2488878202,582.452322,585.4918461,-0.2650386604,-0.2327369801,0.5637832642
magenta_forming,647,5,29,0.1796875,208.9079965,484.392144,584.0368501,-0.2540864052,582.5170881,585.5566122,-0.2702372453,-0.237935565,0.5570749049
magenta_forming,648,5,29,0.18359375,208.9339584,484.5890146,584.1014445,-0.2592852707,582.5816824,585.6212066,-0.2754361108,-0.2431344306,0.5504460116
magenta_forming,649,5,29,0.1875,208.9598521,484.7858958,584.1658693,-0.2644844129,582.6461072,585.6856314,-0.280635253,-0.2483335728,0.5438956521
magenta_forming,650,5,29,0.19140625,208.9856784,484.9827872,584.2301267,-0.2696838279,582.7103646,585.7498888,-0.285834668,-0.2535329878,0.537422905
magenta_forming,651,5,29,0.1953125,209.0114384,485.1796888,584.2942189,-0.2748835117,582.7744568,585.813981,-0.2910343518,-0.2587326715,0.5310268594
magenta_forming,652,5,29,0.19921875,209.0371329,485.3766005,584.358148,-0.2800834603,582.838386,585.8779101,-0.2962343004,-0.2639326202,0.5247066154
magenta_forming,653,5,29,0.203125,209.0627627,485.573522,584.4219163,-0.2852836699,582.9021542,585.9416783,-0.30143451,-0.2691328298,0.5184612829
magenta_forming,654,5,29,0.20703125,209.0883287,485.7704533,584.4855258,-0.2904841364,582.9657637,586.0052878,-0.3066349766,-0.2743332963,0.5122899824
magenta_forming,655,5,29,0.2109375,209.1138318,485.9673941,584.5489787,-0.2956848561,583.0292167,586.0687408,-0.3118356962,-0.2795340159,0.5061918447
magenta_forming,656,5,29,0.21484375,209.1392728,486.1643444,584.6122773,-0.3008858248,583.0925153,586.1320394,-0.3170366649,-0.2847349847,0.5001660104
magenta_forming,657,5,29,0.21875,209.1646526,486.361304,584.6754237,-0.3060870387,583.1556616,586.1951858,-0.3222378788,-0.2899361986,0.4942116301
magenta_forming,658,5,29,0.22265625,209.1899722,486.5582727,584.73842,-0.3112884938,583.218658,586.2581821,-0.327439334,-0.2951376537,0.4883278643
magenta_forming,659,5,29,0.2265625,209.2152323,486.7552504,584.8012685,-0.3164901863,583.2815064,586.3210306,-0.3326410264,-0.3003393462,0.4825138832
magenta_forming,660,5,29,0.23046875,209.2404339,486.9522369,584.8639713,-0.3216921121,583.3442092,586.3837333,-0.3378429522,-0.305541272,0.4767688666
magenta_forming,661,5,29,0.234375,209.2655777,487.1492321,584.9265305,-0.3268942674,583.4067684,586.4462926,-0.3430451075,-0.3107434272,0.4710920038
magenta_forming,662,5,29,0.23828125,209.2906648,487.3462359,584.9889484,-0.3320966481,583.4691863,586.5087104,-0.3482474882,-0.315945808,0.4654824933
magenta_forming,663,5,29,0.2421875,209.3156959,487.543248,585.051227,-0.3372992503,583.531465,586.5709891,-0.3534500905,-0.3211484102,0.4599395433
magenta_forming,664,5,29,0.24609375,209.3406719,487.7402684,585.1133687,-0.3425020702,583.5936066,586.6331308,-0.3586529103,-0.3263512301,0.4544623708
magenta_forming,665,5,29,0.25,209.3655937,487.9372969,585.1753755,-0.3477051038,583.6556134,586.6951375,-0.3638559439,-0.3315542637,0.4490502021
magenta_forming,666,5,29,0.25390625,209.3904623,488.1343333,585.2372496,-0.3529083471,583.7174875,586.7570116,-0.3690591872,-0.336757507,0.4437022724
magenta_forming,667,5,29,0.2578125,209.4152783,488.3313775,585.2989932,-0.3581117962,583.7792311,586.8187552,-0.3742626363,-0.341960956,0.4384178257
magenta_forming,668,5,29,0.26171875,209.4400427,488.5284294,585.3606084,-0.3633154471,583.8408463,586.8803705,-0.3794662872,-0.347164607,0.4331961148
magenta_forming,669,5,29,0.265625,209.4647565,488.7254887,585.4220975,-0.368519296,583.9023354,586.9418595,-0.3846701361,-0.3523684558,0.4280364012
magenta_forming,670,5,29,0.26953125,209.4894204,488.9225554,585.4834625,-0.3737233388,583.9637005,587.0032246,-0.3898741789,-0.3575724987,0.4229379551
magenta_forming,671,5,29,0.2734375,209.5140353,489.1196293,585.5447057,-0.3789275717,584.0249437,587.0644678,-0.3950784118,-0.3627767316,0.417900055
magenta_forming,672,5,29,0.27734375,209.5386022,489.3167102,585.6058293,-0.3841319907,584.0860672,587.1255913,-0.4002828308,-0.3679811506,0.4129219878
magenta_forming,673,5,29,0.28125,209.5631218,489.5137981,585.6668353,-0.3893365918,584.1470733,587.1865974,-0.405487432,-0.3731857517,0.4080030486
magenta_forming,674,5,29,0.28515625,209.587595,489.7108927,585.727726,-0.3945413712,584.207964,587.2474881,-0.4106922113,-0.3783905311,0.4031425409
magenta_forming,675,5,29,0.2890625,209.6120228,489.9079938,585.7885036,-0.3997463249,584.2687415,587.3082656,-0.415897165,-0.3835954848,0.3983397763
magenta_forming,676,5,29,0.29296875,209.6364059,490.1051015,585.8491701,-0.4049514489,584.3294081,587.3689322,-0.421102289,-0.3888006088,0.393594074
magenta_forming,677,5,29,0.296875,209.6607454,490.3022154,585.9097279,-0.4101567394,584.3899658,587.4294899,-0.4263075795,-0.3940058993,0.3889047617
magenta_forming,678,5,29,0.30078125,209.6850419,490.4993355,585.9701789,-0.4153621923,584.4504169,587.489941,-0.4315130324,-0.3992113522,0.3842711745
magenta_forming,679,5,29,0.3046875,209.7092965,490.6964616,586.0305255,-0.4205678037,584.5107635,587.5502876,-0.4367186439,-0.4044169636,0.3796926553
magenta_forming,680,5,29,0.30859375,209.7335099,490.8935935,586.0907698,-0.4257735698,584.5710077,587.6105319,-0.4419244099,-0.4096227297,0.3751685547
magenta_forming,681,5,29,0.3125,209.7576831,491.0907312,586.1509139,-0.4309794865,584.6311519,587.670676,-0.4471303266,-0.4148286464,0.3706982309
magenta_forming,682,5,29,0.31640625,209.7818169,491.2878744,586.2109601,-0.43618555,584.691198,587.7307221,-0.4523363901,-0.4200347098,0.3662810496
magenta_forming,683,5,29,0.3203125,209.8059122,491.485023,586.2709104,-0.4413917562,584.7511483,587.7906725,-0.4575425963,-0.4252409161,0.3619163838
magenta_forming,684,5,29,0.32421875,209.8299699,491.6821769,586.3307671,-0.4465981012,584.811005,587.8505292,-0.4627489414,-0.4304472611,0.3576036136
magenta_forming,685,5,29,0.328125,209.8539908,491.8793359,586.3905323,-0.4518045812,584.8707703,587.9102944,-0.4679554213,-0.4356537411,0.3533421268
magenta_forming,686,5,29,0.33203125,209.8779758,492.0764998,586.4502083,-0.4570111922,584.9304462,587.9699703,-0.4731620323,-0.4408603521,0.3491313179
magenta_forming,687,5,29,0.3359375,209.9019258,492.2736686,586.5097971,-0.4622179302,584.990035,588.0295591,-0.4783687703,-0.44606709,0.3449705887
magenta_forming,688,5,29,0.33984375,209.9258416,492.470842,586.5693009,-0.4674247912,585.0495389,588.089063,-0.4835756313,-0.4512739511,0.3408593479
magenta_forming,689,5,29,0.34375,209.9497242,492.6680199,586.628722,-0.4726317715,585.1089599,588.148484,-0.4887826116,-0.4564809313,0.336797011
magenta_forming,690,5,29,0.34765625,209.9735743,492.8652022,586.6880624,-0.4778388669,585.1683003,588.2078245,-0.493989707,-0.4616880268,0.3327830004
magenta_forming,691,5,29,0.3515625,209.997393,493.0623887,586.7473244,-0.4830460736,585.2275623,588.2670864,-0.4991969137,-0.4668952335,0.3288167454
magenta_forming,692,5,29,0.35546875,210.0211809,493.2595793,586.8065101,-0.4882533877,585.286748,588.3262721,-0.5044042278,-0.4721025476,0.3248976816
magenta_forming,693,5,29,0.359375,210.0449391,493.4567738,586.8656216,-0.4934608052,585.3458596,588.3853837,-0.5096116453,-0.4773099651,0.3210252515
magenta_forming,694,5,29,0.36328125,210.0686684,493.653972,586.9246613,-0.4986683221,585.4048992,588.4444233,-0.5148191622,-0.482517482,0.3171989039
magenta_forming,695,5,29,0.3671875,210.0923696,493.8511739,586.9836311,-0.5038759346,585.4638691,588.5033932,-0.5200267747,-0.4877250945,0.3134180942
magenta_forming,696,5,29,0.37109375,210.1160437,494.0483792,587.0425334,-0.5090836386,585.5227713,588.5622954,-0.5252344787,-0.4929327985,0.309682284
magenta_forming,697,5,29,0.375,210.1396914,494.2455879,587.1013702,-0.5142914303,585.5816081,588.6211322,-0.5304422704,-0.4981405902,0.3059909413
magenta_forming,698,5,29,0.37890625,210.1633137,494.4427997,587.1601437,-0.5194993057,585.6403816,588.6799058,-0.5356501459,-0.5033484656,0.3023435404
magenta_forming,699,5,29,0.3828125,210.1869115,494.6400146,587.2188562,-0.5247072609,585.6990941,588.7386182,-0.540858101,-0.5085564208,0.2987395614
magenta_forming,700,5,29,0.38671875,210.2104856,494.8372323,587.2775097,-0.529915292,585.7577476,588.7972717,-0.5460661321,-0.5137644518,0.2951784909
magenta_forming,701,5,29,0.390625,210.2340368,495.0344527,587.3361064,-0.5351233949,585.8163444,588.8558685,-0.551274235,-0.5189725548,0.2916598211
magenta_forming,702,5,29,0.39453125,210.2575661,495.2316757,587.3946486,-0.5403315658,585.8748865,588.9144106,-0.5564824059,-0.5241807256,0.2881830505
magenta_forming,703,5,29,0.3984375,210.2810744,495.4289012,587.4531383,-0.5455398007,585.9333763,588.9729004,-0.5616906408,-0.5293889605,0.2847476833
magenta_forming,704,5,29,0.40234375,210.3045625,495.6261289,587.5115778,-0.5507480956,585.9918157,589.0313399,-0.5668989358,-0.5345972555,0.2813532294
magenta_forming,705,5,29,0.40625,210.3280312,495.8233587,587.5699692,-0.5559564468,586.0502072,589.0897313,-0.5721072869,-0.5398056067,0.2779992045
magenta_forming,706,5,29,0.41015625,210.3514815,496.0205906,587.6283147,-0.5611648501,586.1085526,589.1480768,-0.5773156902,-0.54501401,0.2746851301
magenta_forming,707,5,29,0.4140625,210.3749142,496.2178242,587.6866165,-0.5663733017,586.1668544,589.2063785,-0.5825241418,-0.5502224616,0.2714105332
magenta_forming,708,5,29,0.41796875,210.3983301,496.4150595,587.7448766,-0.5715817977,586.2251146,589.2646387,-0.5877326378,-0.5554309575,0.2681749463
magenta_forming,709,5,29,0.421875,210.4217303,496.6122964,587.8030974,-0.576790334,586.2833353,589.3228595,-0.5929411741,-0.5606394939,0.2649779074
magenta_forming,710,5,29,0.42578125,210.4451155,496.8095346,587.8612809,-0.5819989068,586.3415189,589.381043,-0.5981497469,-0.5658480667,0.2618189599
magenta_forming,711,5,29,0.4296875,210.4684866,497.0067741,587.9194294,-0.5872075121,586.3996673,589.4391915,-0.6033583522,-0.571056672,0.2586976526
magenta_forming,712,5,29,0.43359375,210.4918444,497.2040146,587.977545,-0.5924161459,586.4577829,589.497307,-0.6085669861,-0.5762653058,0.2556135395
magenta_forming,713,5,29,0.4375,210.5151899,497.4012561,588.0356298,-0.5976248045,586.5158677,589.5553919,-0.6137756446,-0.5814739643,0.2525661799
magenta_forming,714,5,29,0.44140625,210.538524,497.5984984,588.0936861,-0.6028334837,586.573924,589.6134481,-0.6189843238,-0.5866826436,0.2495551383
magenta_forming,715,5,29,0.4453125,210.5618474,497.7957413,588.151716,-0.6080421797,586.6319539,589.671478,-0.6241930198,-0.5918913395,0.2465799842
magenta_forming,716,5,29,0.44921875,210.5851611,497.9929847,588.2097216,-0.6132508885,586.6899596,589.7294837,-0.6294017286,-0.5971000483,0.2436402921
magenta_forming,717,5,29,0.453125,210.6084659,498.1902284,588.2677053,-0.6184596062,586.7479432,589.7874673,-0.6346104463,-0.602308766,0.2407356417
magenta_forming,718,5,29,0.45703125,210.6317628,498.3874723,588.325669,-0.6236683288,586.8059069,589.8454311,-0.6398191689,-0.6075174887,0.2378656176
magenta_forming,719,5,29,0.4609375,210.6550525,498.5847162,588.383615,-0.6288770525,586.863853,589.9033771,-0.6450278926,-0.6127262123,0.2350298089
magenta_forming,720,5,29,0.46484375,210.678336,498.7819601,588.4415455,-0.6340857732,586.9217834,589.9613076,-0.6502366133,-0.6179349331,0.2322278101
magenta_forming,721,5,29,0.46875,210.7016141,498.9792036,588.4994626,-0.639294487,586.9797005,590.0192247,-0.6554453272,-0.6231436469,0.22945922
magenta_forming,722,5,29,0.47265625,210.7248877,499.1764468,588.5573685,-0.6445031901,587.0376065,590.0771306,-0.6606540302,-0.62835235,0.2267236423
magenta_forming,723,5,29,0.4765625,210.7481576,499.3736894,588.6152654,-0.6497118784,587.0955033,590.1350274,-0.6658627185,-0.6335610383,0.2240206854
magenta_forming,724,5,29,0.48046875,210.7714248,499.5709313,588.6731554,-0.654920548,587.1533933,590.1929175,-0.6710713881,-0.6387697079,0.2213499621
magenta_forming,725,5,29,0.484375,210.7946902,499.7681724,588.7310407,-0.660129195,587.2112786,590.2508028,-0.6762800352,-0.6439783549,0.21871109
magenta_forming,726,5,29,0.48828125,210.8179545,499.9654124,588.7889235,-0.6653378155,587.2691614,590.3086855,-0.6814886556,-0.6491869754,0.216103691
magenta_forming,727,5,29,0.4921875,210.8412186,500.1626513,588.8468059,-0.6705464055,587.3270438,590.366568,-0.6866972456,-0.6543955653,0.2135273914
magenta_forming,728,5,29,0.49609375,210.8644835,500.3598889,588.9046901,-0.675754961,587.3849281,590.4244522,-0.6919058011,-0.6596041209,0.2109818222
magenta_forming,729,5,29,0.5,210.88775,500.557125,588.9625783,-0.6809634782,587.4428163,590.4823404,-0.6971143183,-0.664812638,0.2084666185
magenta_forming,730,5,29,0.50390625,210.911019,500.7543595,589.0204727,-0.686171953,587.5007106,590.5402348,-0.7023227931,-0.6700211129,0.2059814196
magenta_forming,731,5,29,0.5078125,210.9342913,500.9515923,589.0783754,-0.6913803816,587.5586133,590.5981375,-0.7075312217,-0.6752295415,0.2035258693
magenta_forming,732,5,29,0.51171875,210.9575678,501.1488232,589.1362886,-0.69658876,587.6165265,590.6560506,-0.7127396001,-0.6804379199,0.2010996154
magenta_forming,733,5,29,0.515625,210.9808494,501.346052,589.1942144,-0.7017970843,587.6744523,590.7139765,-0.7179479244,-0.6856462442,0.1987023099
magenta_forming,734,5,29,0.51953125,211.004137,501.5432786,589.2521551,-0.7070053505,587.732393,590.7719171,-0.7231561907,-0.6908545104,0.1963336088
magenta_forming,735,5,29,0.5234375,211.0274314,501.7405029,589.3101127,-0.7122135548,587.7903507,590.8298748,-0.7283643949,-0.6960627146,0.1939931724
magenta_forming,736,5,29,0.52734375,211.0507335,501.9377247,589.3680895,-0.7174216931,587.8483275,590.8878516,-0.7335725332,-0.7012708529,0.1916806648
magenta_forming,737,5,29,0.53125,211.0740441,502.1349438,589.4260877,-0.7226297615,587.9063256,590.9458498,-0.7387806016,-0.7064789214,0.189395754
magenta_forming,738,5,29,0.53515625,211.0973643,502.3321602,589.4841094,-0.7278377561,587.9643473,591.0038714,-0.7439885962,-0.7116869159,0.1871381121
magenta_forming,739,5,29,0.5390625,211.1206947,502.5293736,589.5421567,-0.7330456729,588.0223946,591.0619188,-0.749196513,-0.7168948328,0.1849074149
magenta_forming,740,5,29,0.54296875,211.1440363,502.7265839,589.6002319,-0.7382535081,588.0804698,591.1199939,-0.7544043482,-0.7221026679,0.1827033422
magenta_forming,741,5,29,0.546875,211.16739,502.9237909,589.6583371,-0.7434612576,588.138575,591.1780991,-0.7596120977,-0.7273104175,0.1805255773
magenta_forming,742,5,29,0.55078125,211.1907567,503.1209946,589.7164744,-0.7486689175,588.1967124,591.2362365,-0.7648197577,-0.7325180774,0.1783738074
magenta_forming,743,5,29,0.5546875,211.2141371,503.3181947,589.7746462,-0.753876484,588.2548841,591.2944082,-0.7700273241,-0.7377256439,0.1762477234
magenta_forming,744,5,29,0.55859375,211.2375322,503.5153911,589.8328544,-0.759083953,588.3130924,591.3526165,-0.7752347931,-0.7429331129,0.1741470199
magenta_forming,745,5,29,0.5625,211.2609429,503.7125837,589.8911014,-0.7642913206,588.3713393,591.4108634,-0.7804421607,-0.7481404805,0.1720713949
magenta_forming,746,5,29,0.56640625,211.28437,503.9097723,589.9493892,-0.7694985829,588.4296271,591.4691512,-0.7856494231,-0.7533477428,0.1700205501
magenta_forming,747,5,29,0.5703125,211.3078143,504.1069568,590.00772,-0.774705736,588.4879579,591.5274821,-0.7908565761,-0.7585548959,0.1679941907
magenta_forming,748,5,29,0.57421875,211.3312769,504.304137,590.066096,-0.7799127758,588.5463339,591.5858581,-0.796063616,-0.7637619357,0.1659920254
magenta_forming,749,5,29,0.578125,211.3547585,504.5013128,590.1245194,-0.7851196986,588.6047573,591.6442815,-0.8012705387,-0.7689688584,0.1640137663
magenta_forming,750,5,29,0.58203125,211.37826,504.6984839,590.1829923,-0.7903265002,588.6632303,591.7027544,-0.8064773403,-0.7741756601,0.1620591288
magenta_forming,751,5,29,0.5859375,211.4017823,504.8956504,590.241517,-0.7955331768,588.7217549,591.761279,-0.8116840169,-0.7793823367,0.1601278318
magenta_forming,752,5,29,0.58984375,211.4253262,505.0928119,590.3000955,-0.8007397245,588.7803334,591.8198575,-0.8168905646,-0.7845888844,0.1582195975
magenta_forming,753,5,29,0.59375,211.4488926,505.2899684,590.35873,-0.8059461393,588.838968,591.8784921,-0.8220969794,-0.7897952992,0.1563341514
magenta_forming,754,5,29,0.59765625,211.4724825,505.4871197,590.4174228,-0.8111524173,588.8976607,591.9371849,-0.8273032574,-0.7950015772,0.1544712222
magenta_forming,755,5,29,0.6015625,211.4960966,505.6842658,590.476176,-0.8163585545,588.9564139,591.995938,-0.8325093946,-0.8002077144,0.1526305417
magenta_forming,756,5,29,0.60546875,211.5197359,505.8814063,590.5349917,-0.821564547,589.0152296,592.0547537,-0.8377153871,-0.8054137069,0.150811845
magenta_forming,757,5,29,0.609375,211.5434012,506.0785412,590.5938721,-0.8267703908,589.07411,592.1136341,-0.842921231,-0.8106195507,0.1490148703
magenta_forming,758,5,29,0.61328125,211.5670933,506.2756703,590.6528194,-0.8319760821,589.1330573,592.1725815,-0.8481269223,-0.815825242,0.1472393589
magenta_forming,759,5,29,0.6171875,211.5908132,506.4727935,590.7118358,-0.8371816169,589.1920737,592.2315978,-0.853332457,-0.8210307768,0.1454850552
magenta_forming,760,5,29,0.62109375,211.6145618,506.6699106,590.7709234,-0.8423869912,589.2511613,592.2906855,-0.8585378313,-0.8262361511,0.1437517064
magenta_forming,761,5,29,0.625,211.6383398,506.8670215,590.8300844,-0.8475922011,589.3103223,592.3498465,-0.8637430413,-0.831441361,0.1420390631
magenta_forming,762,5,29,0.62890625,211.6621483,507.064126,590.889321,-0.8527972427,589.3695589,592.409083,-0.8689480828,-0.8366464026,0.1403468783
magenta_forming,763,5,29,0.6328125,211.6859879,507.261224,590.9486353,-0.8580021121,589.4288732,592.4683974,-0.8741529522,-0.8418512719,0.1386749085
magenta_forming,764,5,29,0.63671875,211.7098597,507.4583153,591.0080295,-0.8632068052,589.4882674,592.5277916,-0.8793576453,-0.847055965,0.1370229126
magenta_forming,765,5,29,0.640625,211.7337645,507.6553998,591.0675058,-0.8684113181,589.5477437,592.5872679,-0.8845621582,-0.852260478,0.1353906527
magenta_forming,766,5,29,0.64453125,211.7577031,507.8524773,591.1270664,-0.873615647,589.6073043,592.6468284,-0.8897664871,-0.8574648069,0.1337778934
magenta_forming,767,5,29,0.6484375,211.7816765,508.0495477,591.1867133,-0.8788197879,589.6669513,592.7064754,-0.894970628,-0.8626689478,0.1321844025
magenta_forming,768,5,29,0.65234375,211.8056855,508.2466109,591.2464489,-0.8840237368,589.7266868,592.7662109,-0.9001745769,-0.8678728967,0.13060995
magenta_forming,769,5,29,0.65625,211.8297309,508.4436666,591.3062752,-0.8892274898,589.7865131,592.8260372,-0.9053783299,-0.8730766497,0.1290543091
magenta_forming,770,5,29,0.66015625,211.8538137,508.6407147,591.3661944,-0.894431043,589.8464323,592.8859564,-0.9105818831,-0.8782802028,0.1275172555
magenta_forming,771,5,29,0.6640625,211.8779347,508.8377552,591.4262087,-0.8996343923,589.9064466,592.9459708,-0.9157852325,-0.8834835522,0.1259985675
magenta_forming,772,5,29,0.66796875,211.9020948,509.0347878,591.4863203,-0.904837534,589.9665582,593.0060823,-0.9209883741,-0.8886866939,0.1244980261
magenta_forming,773,5,29,0.671875,211.9262949,509.2318123,591.5465313,-0.9100404641,590.0267692,593.0662933,-0.9261913042,-0.8938896239,0.123015415
magenta_forming,774,5,29,0.67578125,211.9505358,509.4288287,591.6068439,-0.9152431785,590.0870818,593.126606,-0.9313940186,-0.8990923384,0.1215505201
magenta_forming,775,5,29,0.6796875,211.9748184,509.6258368,591.6672603,-0.9204456734,590.1474982,593.1870223,-0.9365965135,-0.9042948333,0.1201031303
magenta_forming,776,5,29,0.68359375,211.9991436,509.8228364,591.7277826,-0.9256479449,590.2080205,593.2475446,-0.941798785,-0.9094971047,0.1186730366
magenta_forming,777,5,29,0.6875,212.0235122,510.0198274,591.788413,-0.9308499889,590.2686509,593.3081751,-0.947000829,-0.9146991488,0.1172600327
magenta_forming,778,5,29,0.69140625,212.0479252,510.2168096,591.8491537,-0.9360518016,590.3293916,593.3689158,-0.9522026417,-0.9199009615,0.1158639148
magenta_forming,779,5,29,0.6953125,212.0723833,510.413783,591.9100069,-0.941253379,590.3902448,593.4297689,-0.9574042191,-0.9251025389,0.1144844813
magenta_forming,780,5,29,0.69921875,212.0968876,510.6107472,591.9709746,-0.9464547172,590.4512126,593.4907367,-0.9626055573,-0.9303038771,0.1131215332
magenta_forming,781,5,29,0.703125,212.1214387,510.8077023,592.0320592,-0.9516558123,590.5122971,593.5518212,-0.9678066524,-0.9355049722,0.1117748737
magenta_forming,782,5,29,0.70703125,212.1460377,511.004648,592.0932627,-0.9568566602,590.5735006,593.6130248,-0.9730075003,-0.9407058201,0.1104443083
magenta_forming,783,5,29,0.7109375,212.1706853,511.2015842,592.1545873,-0.9620572572,590.6348253,593.6743494,-0.9782080973,-0.945906417,0.1091296451
magenta_forming,784,5,29,0.71484375,212.1953826,511.3985108,592.2160352,-0.9672575991,590.6962732,593.7357973,-0.9834084392,-0.951106759,0.1078306941
magenta_forming,785,5,29,0.71875,212.2201302,511.5954275,592.2776086,-0.9724576821,590.7578466,593.7973707,-0.9886085223,-0.956306842,0.1065472679
magenta_forming,786,5,29,0.72265625,212.2449291,511.7923343,592.3393097,-0.9776575023,590.8195476,593.8590717,-0.9938083425,-0.9615066622,0.105279181
magenta_forming,787,5,29,0.7265625,212.2697802,511.989231,592.4011405,-0.9828570557,590.8813784,593.9209025,-0.9990078959,-0.9667062156,0.1040262503
magenta_forming,788,5,29,0.73046875,212.2946844,512.1861174,592.4631033,-0.9880563384,590.9433412,593.9828653,-1.004207179,-0.9719054983,0.1027882948
magenta_forming,789,5,29,0.734375,212.3196424,512.3829935,592.5252002,-0.9932553465,591.0054381,594.0449623,-1.009406187,-0.9771045063,0.1015651358
magenta_forming,790,5,29,0.73828125,212.3446553,512.579859,592.5874335,-0.9984540759,591.0676714,594.1071955,-1.014604916,-0.9823032358,0.1003565965
magenta_forming,791,5,29,0.7421875,212.3697238,512.7767137,592.6498052,-1.003652523,591.1300431,594.1695672,-1.019803363,-0.9875016826,0.09916250227
magenta_forming,792,5,29,0.74609375,212.3948488,512.9735577,592.7123175,-1.008850683,591.1925555,594.2320796,-1.025001523,-0.9926998431,0.09798268064
magenta_forming,793,5,29,0.75,212.4200312,513.1703906,592.7749727,-1.014048553,591.2552107,594.2947348,-1.030199393,-0.997897713,0.0968169611
magenta_forming,794,5,29,0.75390625,212.445272,513.3672124,592.8377729,-1.019246129,591.3180108,594.357535,-1.035396969,-1.003095289,0.0956651752
magenta_forming,795,5,29,0.7578125,212.4705718,513.5640229,592.9007202,-1.024443406,591.3809582,594.4204823,-1.040594246,-1.008292566,0.09452715648
magenta_forming,796,5,29,0.76171875,212.4959317,513.760822,592.9638169,-1.029640381,591.4440548,594.483579,-1.045791221,-1.013489541,0.09340274046
magenta_forming,797,5,29,0.765625,212.5213524,513.9576094,593.0270651,-1.03483705,591.507303,594.5468271,-1.05098789,-1.01868621,0.09229176462
magenta_forming,798,5,29,0.76953125,212.546835,514.1543851,593.0904669,-1.040033409,591.5707048,594.6102289,-1.056184249,-1.023882569,0.09119406836
magenta_forming,799,5,29,0.7734375,212.5723801,514.351149,593.1540245,-1.045229454,591.6342625,594.6737866,-1.061380294,-1.029078614,0.09010949299
magenta_forming,800,5,29,0.77734375,212.5979888,514.5479008,593.2177402,-1.050425181,591.6979781,594.7375022,-1.066576021,-1.034274341,0.08903788173
magenta_forming,801,5,29,0.78125,212.6236618,514.7446404,593.281616,-1.055620586,591.7618539,594.8013781,-1.071771426,-1.039469745,0.08797907963
magenta_forming,802,5,29,0.78515625,212.6494001,514.9413676,593.3456542,-1.060815665,591.8258921,594.8654162,-1.076966505,-1.044664825,0.08693293359
magenta_forming,803,5,29,0.7890625,212.6752045,515.1380824,593.4098569,-1.066010414,591.8900948,594.9296189,-1.082161254,-1.049859574,0.08589929236
magenta_forming,804,5,29,0.79296875,212.7010759,515.3347845,593.4742262,-1.071204829,591.9544641,594.9939883,-1.08735567,-1.055053989,0.08487800644
magenta_forming,805,5,29,0.796875,212.7270151,515.5314738,593.5387644,-1.076398907,592.0190024,595.0585265,-1.092549747,-1.060248067,0.08386892815
magenta_forming,806,5,29,0.80078125,212.7530231,515.7281502,593.6034736,-1.081592643,592.0837116,595.1232357,-1.097743484,-1.065441803,0.08287191154
magenta_forming,807,5,29,0.8046875,212.7791007,515.9248136,593.6683561,-1.086786034,592.148594,595.1881181,-1.102936874,-1.070635194,0.08188681242
magenta_forming,808,5,29,0.80859375,212.8052488,516.1214636,593.7334138,-1.091979075,592.2136518,595.2531759,-1.108129915,-1.075828235,0.0809134883
magenta_forming,809,5,29,0.8125,212.8314683,516.3181003,593.7986491,-1.097171763,592.2788871,595.3184112,-1.113322603,-1.081020923,0.07995179837
magenta_forming,810,5,29,0.81640625,212.8577599,516.5147235,593.8640641,-1.102364094,592.3443021,595.3838262,-1.118514934,-1.086213253,0.07900160353
magenta_forming,811,5,29,0.8203125,212.8841247,516.711333,593.929661,-1.107556063,592.4098989,595.4494231,-1.123706903,-1.091405223,0.07806276632
magenta_forming,812,5,29,0.82421875,212.9105634,516.9079287,593.9954419,-1.112747667,592.4756798,595.515204,-1.128898507,-1.096596826,0.0771351509
magenta_forming,813,5,29,0.828125,212.937077,517.1045103,594.061409,-1.117938901,592.5416469,595.5811711,-1.134089741,-1.101788061,0.07621862308
magenta_forming,814,5,29,0.83203125,212.9636662,517.3010779,594.1275645,-1.123129763,592.6078024,595.6473265,-1.139280603,-1.106978923,0.07531305024
magenta_forming,815,5,29,0.8359375,212.9903321,517.4976311,594.1939105,-1.128320247,592.6741484,595.7136725,-1.144471087,-1.112169407,0.07441830135
magenta_forming,816,5,29,0.83984375,213.0170754,517.69417,594.2604492,-1.133510351,592.7406871,595.7802113,-1.149661191,-1.117359511,0.07353424694
magenta_forming,817,5,29,0.84375,213.043897,517.8906942,594.3271828,-1.138700069,592.8074208,595.8469449,-1.15485091,-1.122549229,0.07266075908
magenta_forming,818,5,29,0.84765625,213.0707979,518.0872038,594.3941135,-1.143889399,592.8743514,595.9138755,-1.160040239,-1.127738559,0.07179771137
magenta_forming,819,5,29,0.8515625,213.0977788,518.2836984,594.4612434,-1.149078336,592.9414813,595.9810054,-1.165229176,-1.132927496,0.07094497891
magenta_forming,820,5,29,0.85546875,213.1248406,518.4801781,594.5285746,-1.154266876,593.0088126,596.0483367,-1.170417716,-1.138116036,0.07010243829
magenta_forming,821,5,29,0.859375,213.1519843,518.6766426,594.5961095,-1.159455016,593.0763474,596.1158715,-1.175605856,-1.143304176,0.06926996756
magenta_forming,822,5,29,0.86328125,213.1792106,518.8730917,594.66385,-1.164642751,593.144088,596.1836121,-1.180793591,-1.14849191,0.06844744625
magenta_forming,823,5,29,0.8671875,213.2065206,519.0695254,594.7317985,-1.169830077,593.2120364,596.2515605,-1.185980917,-1.153679237,0.0676347553
magenta_forming,824,5,29,0.87109375,213.2339149,519.2659434,594.799957,-1.175016991,593.2801949,596.3197191,-1.191167831,-1.158866151,0.06683177708
magenta_forming,825,5,29,0.875,213.2613945,519.4623457,594.8683278,-1.180203488,593.3485657,596.3880898,-1.196354328,-1.164052648,0.06603839535
magenta_forming,826,5,29,0.87890625,213.2889603,519.6587321,594.9369129,-1.185389565,593.4171509,596.456675,-1.201540405,-1.169238725,0.06525449528
magenta_forming,827,5,29,0.8828125,213.3166132,519.8551024,595.0057147,-1.190575218,593.4859526,596.5254767,-1.206726058,-1.174424378,0.06447996339
magenta_forming,828,5,29,0.88671875,213.344354,520.0514564,595.0747351,-1.195760442,593.5549731,596.5944972,-1.211911282,-1.179609602,0.06371468756
magenta_forming,829,5,29,0.890625,213.3721836,520.2477942,595.1439765,-1.200945234,593.6242145,596.6637386,-1.217096075,-1.184794394,0.062958557
magenta_forming,830,5,29,0.89453125,213.4001028,520.4441154,595.213441,-1.206129591,593.693679,596.7332031,-1.222280431,-1.18997875,0.06221146226
magenta_forming,831,5,29,0.8984375,213.4281125,520.6404199,595.2831307,-1.211313507,593.7633687,596.8028928,-1.227464347,-1.195162667,0.06147329517
magenta_forming,832,5,29,0.90234375,213.4562137,520.8367076,595.3530479,-1.216496979,593.8332858,596.87281,-1.232647819,-1.200346139,0.06074394887
magenta_forming,833,5,29,0.90625,213.4844072,521.0329784,595.4231946,-1.221680003,593.9034326,596.9429567,-1.237830843,-1.205529163,0.06002331776
magenta_forming,834,5,29,0.91015625,213.5126938,521.229232,595.4935731,-1.226862575,593.9738111,597.0133352,-1.243013415,-1.210711735,0.05931129752
magenta_forming,835,5,29,0.9140625,213.5410744,521.4254684,595.5641856,-1.232044691,594.0444235,597.0839476,-1.248195532,-1.215893851,0.05860778506
magenta_forming,836,5,29,0.91796875,213.5695499,521.6216874,595.6350341,-1.237226348,594.115272,597.1547962,-1.253377188,-1.221075508,0.05791267851
magenta_forming,837,5,29,0.921875,213.5981212,521.8178888,595.7061209,-1.242407541,594.1863588,597.225883,-1.258558381,-1.226256701,0.05722587725
magenta_forming,838,5,29,0.92578125,213.6267891,522.0140725,595.7774481,-1.247588266,594.2576861,597.2972102,-1.263739107,-1.231437426,0.05654728182
magenta_forming,839,5,29,0.9296875,213.6555545,522.2102383,595.849018,-1.25276852,594.3292559,597.36878,-1.26891936,-1.23661768,0.05587679398
magenta_forming,840,5,29,0.93359375,213.6844183,522.4063862,595.9208326,-1.257948298,594.4010705,597.4405947,-1.274099139,-1.241797458,0.05521431665
magenta_forming,841,5,29,0.9375,213.7133813,522.6025159,595.9928942,-1.263127597,594.4731321,597.5126562,-1.279278437,-1.246976757,0.05455975391
magenta_forming,842,5,29,0.94140625,213.7424445,522.7986273,596.0652048,-1.268306413,594.5454428,597.5849669,-1.284457253,-1.252155573,0.05391301098
magenta_forming,843,5,29,0.9453125,213.7716087,522.9947202,596.1377668,-1.273484741,594.6180047,597.6575289,-1.289635581,-1.257333901,0.05327399422
magenta_forming,844,5,29,0.94921875,213.8008747,523.1907945,596.2105822,-1.278662578,594.6908201,597.7303443,-1.294813418,-1.262511737,0.05264261111
magenta_forming,845,5,29,0.953125,213.8302435,523.3868501,596.2836532,-1.283839919,594.7638912,597.8034153,-1.299990759,-1.267689079,0.05201877022
magenta_forming,846,5,29,0.95703125,213.8597159,523.5828868,596.3569821,-1.289016762,594.83722,597.8767441,-1.305167602,-1.272865922,0.05140238123
magenta_forming,847,5,29,0.9609375,213.8892928,523.7789044,596.4305709,-1.294193101,594.9108088,597.9503329,-1.310343941,-1.278042261,0.05079335489
magenta_forming,848,5,29,0.96484375,213.918975,523.9749028,596.5044218,-1.299368934,594.9846597,598.0241838,-1.315519774,-1.283218093,0.05019160303
magenta_forming,849,5,29,0.96875,213.9487635,524.1708819,596.578537,-1.304544255,595.0587749,598.0982991,-1.320695095,-1.288393415,0.0495970385
magenta_forming,850,5,29,0.97265625,213.978659,524.3668414,596.6529187,-1.309719062,595.1331566,598.1726808,-1.325869902,-1.293568221,0.04900957523
magenta_forming,851,5,29,0.9765625,214.0086626,524.5627814,596.727569,-1.314893349,595.207807,598.2473311,-1.331044189,-1.298742509,0.04842912815
magenta_forming,852,5,29,0.98046875,214.038775,524.7587015,596.8024902,-1.320067114,595.2827281,598.3222522,-1.336217954,-1.303916274,0.04785561323
magenta_forming,853,5,29,0.984375,214.068997,524.9546017,596.8776843,-1.325240353,595.3579222,598.3974463,-1.341391193,-1.309089512,0.04728894743
magenta_forming,854,5,29,0.98828125,214.0993297,525.1504818,596.9531535,-1.33041306,595.4333915,598.4729156,-1.3465639,-1.31426222,0.0467290487
magenta_forming,855,5,29,0.9921875,214.1297739,525.3463416,597.0289001,-1.335585233,595.509138,598.5486622,-1.351736073,-1.319434393,0.04617583598
magenta_forming,856,5,29,0.99609375,214.1603303,525.5421811,597.1049262,-1.340756868,595.5851641,598.6246882,-1.356907708,-1.324606028,0.04562922918
magenta_forming,857,5,29,1,214.191,525.738,597.1812339,-1.34592796,595.6614718,598.7009959,-1.3620788,-1.32977712,0.04508914916
magenta_forming,858,5,30,0.04347826087,214.2332609,525.9796522,597.2863811,-1.352309395,595.766619,598.8061432,-1.368460235,-1.336158555,0.04443146217
magenta_forming,859,5,30,0.08695652174,214.2755217,526.2213043,597.3915283,-1.358690829,595.8717662,598.9112904,-1.37484167,-1.342539989,0.04378336843
magenta_forming,860,5,30,0.1304347826,214.3177826,526.4629565,597.4966755,-1.365072264,595.9769134,599.0164376,-1.381223104,-1.348921424,0.04314472804
magenta_forming,861,5,30,0.1739130435,214.3600435,526.7046087,597.6018227,-1.371453699,596.0820607,599.1215848,-1.387604539,-1.355302859,0.04251540308
magenta_forming,862,5,30,0.2173913043,214.4023043,526.9462609,597.7069699,-1.377835134,596.1872079,599.226732,-1.393985974,-1.361684294,0.0418952577
magenta_forming,863,5,30,0.2608695652,214.4445652,527.187913,597.8121171,-1.384216569,596.2923551,599.3318792,-1.400367409,-1.368065729,0.04128415798
magenta_forming,864,5,30,0.3043478261,214.4868261,527.4295652,597.9172644,-1.390598004,596.3975023,599.4370264,-1.406748844,-1.374447163,0.04068197199
magenta_forming,865,5,30,0.347826087,214.529087,527.6712174,598.0224116,-1.396979438,596.5026495,599.5421736,-1.413130278,-1.380828598,0.04008856971
magenta_forming,866,5,30,0.3913043478,214.5713478,527.9128696,598.1275588,-1.403360873,596.6077967,599.6473209,-1.419511713,-1.387210033,0.03950382301
magenta_forming,867,5,30,0.4347826087,214.6136087,528.1545217,598.232706,-1.409742308,596.7129439,599.7524681,-1.425893148,-1.393591468,0.03892760564
magenta_forming,868,5,30,0.4782608696,214.6558696,528.3961739,598.3378532,-1.416123743,596.8180911,599.8576153,-1.432274583,-1.399972903,0.0383597932
magenta_forming,869,5,30,0.5217391304,214.6981304,528.6378261,598.4430004,-1.422505178,596.9232384,599.9627625,-1.438656018,-1.406354338,0.03780026307
magenta_forming,870,5,30,0.5652173913,214.7403913,528.8794783,598.5481476,-1.428886612,597.0283856,600.0679097,-1.445037453,-1.412735772,0.03724889446
magenta_forming,871,5,30,0.6086956522,214.7826522,529.1211304,598.6532948,-1.435268047,597.1335328,600.1730569,-1.451418887,-1.419117207,0.03670556832
magenta_forming,872,5,30,0.652173913,214.824913,529.3627826,598.7584421,-1.441649482,597.23868,600.2782041,-1.457800322,-1.425498642,0.03617016733
magenta_forming,873,5,30,0.6956521739,214.8671739,529.6044348,598.8635893,-1.448030917,597.3438272,600.3833513,-1.464181757,-1.431880077,0.0356425759
magenta_forming,874,5,30,0.7391304348,214.9094348,529.846087,598.9687365,-1.454412352,597.4489744,600.4884986,-1.470563192,-1.438261512,0.03512268011
magenta_forming,875,5,30,0.7826086957,214.9516957,530.0877391,599.0738837,-1.460793787,597.5541216,600.5936458,-1.476944627,-1.444642946,0.03461036771
magenta_forming,876,5,30,0.8260869565,214.9939565,530.3293913,599.1790309,-1.467175221,597.6592688,600.698793,-1.483326062,-1.451024381,0.03410552809
magenta_forming,877,5,30,0.8695652174,215.0362174,530.5710435,599.2841781,-1.473556656,597.7644161,600.8039402,-1.489707496,-1.457405816,0.03360805225
magenta_forming,878,5,30,0.9130434783,215.0784783,530.8126957,599.3893253,-1.479938091,597.8695633,600.9090874,-1.496088931,-1.463787251,0.03311783278
magenta_forming,879,5,30,0.9565217391,215.1207391,531.0543478,599.4944725,-1.486319526,597.9747105,601.0142346,-1.502470366,-1.470168686,0.03263476383
magenta_forming,880,5,30,1,215.163,531.296,599.5996198,-1.492700961,598.0798577,601.1193818,-1.508851801,-1.476550121,0.0321587411
magenta_forming,881,5,31,0.04166666667,215.2113333,531.5372083,599.7198756,-1.499070675,598.2001135,601.2396376,-1.515221515,-1.482919835,0.03169051706
magenta_forming,882,5,31,0.08333333333,215.2596667,531.7784167,599.8401314,-1.505440389,598.3203693,601.3598935,-1.521591229,-1.489289549,0.03122911027
magenta_forming,883,5,31,0.125,215.308,532.019625,599.9603872,-1.511810103,598.4406251,601.4801493,-1.527960943,-1.495659263,0.03077442145
magenta_forming,884,5,31,0.1666666667,215.3563333,532.2608333,600.080643,-1.518179817,598.560881,601.6004051,-1.534330657,-1.502028977,0.0303263528
magenta_forming,885,5,31,0.2083333333,215.4046667,532.5020417,600.2008988,-1.524549531,598.6811368,601.7206609,-1.540700371,-1.508398691,0.02988480792
magenta_forming,886,5,31,0.25,215.453,532.74325,600.3211546,-1.530919245,598.8013926,601.8409167,-1.547070085,-1.514768405,0.02944969184
magenta_forming,887,5,31,0.2916666667,215.5013333,532.9844583,600.4414105,-1.537288959,598.9216484,601.9611725,-1.553439799,-1.521138119,0.02902091096
magenta_forming,888,5,31,0.3333333333,215.5496667,533.2256667,600.5616663,-1.543658673,599.0419042,602.0814283,-1.559809514,-1.527507833,0.02859837302
magenta_forming,889,5,31,0.375,215.598,533.466875,600.6819221,-1.550028388,599.16216,602.2016842,-1.566179228,-1.533877547,0.02818198715
magenta_forming,890,5,31,0.4166666667,215.6463333,533.7080833,600.8021779,-1.556398102,599.2824158,602.32194,-1.572548942,-1.540247261,0.02777166375
magenta_forming,891,5,31,0.4583333333,215.6946667,533.9492917,600.9224337,-1.562767816,599.4026716,602.4421958,-1.578918656,-1.546616976,0.02736731458
magenta_forming,892,5,31,0.5,215.743,534.1905,601.0426895,-1.56913753,599.5229275,602.5624516,-1.58528837,-1.55298669,0.02696885264
magenta_forming,893,5,31,0.5416666667,215.7913333,534.4317083,601.1629453,-1.575507244,599.6431833,602.6827074,-1.591658084,-1.559356404,0.02657619221
magenta_forming,894,5,31,0.5833333333,215.8396667,534.6729167,601.2832012,-1.581876958,599.7634391,602.8029632,-1.598027798,-1.565726118,0.02618924883
magenta_forming,895,5,31,0.625,215.888,534.914125,601.403457,-1.588246672,599.8836949,602.923219,-1.604397512,-1.572095832,0.02580793926
magenta_forming,896,5,31,0.6666666667,215.9363333,535.1553333,601.5237128,-1.594616386,600.0039507,603.0434748,-1.610767226,-1.578465546,0.02543218147
magenta_forming,897,5,31,0.7083333333,215.9846667,535.3965417,601.6439686,-1.6009861,600.1242065,603.1637307,-1.61713694,-1.58483526,0.02506189463
magenta_forming,898,5,31,0.75,216.033,535.63775,601.7642244,-1.607355814,600.2444623,603.2839865,-1.623506654,-1.591204974,0.02469699908
magenta_forming,899,5,31,0.7916666667,216.0813333,535.8789583,601.8844802,-1.613725528,600.3647182,603.4042423,-1.629876369,-1.597574688,0.02433741634
magenta_forming,900,5,31,0.8333333333,216.1296667,536.1201667,602.004736,-1.620095243,600.484974,603.5244981,-1.636246083,-1.603944402,0.02398306903
magenta_forming,901,5,31,0.875,216.178,536.361375,602.1249919,-1.626464957,600.6052298,603.6447539,-1.642615797,-1.610314117,0.02363388094
magenta_forming,902,5,31,0.9166666667,216.2263333,536.6025833,602.2452477,-1.632834671,600.7254856,603.7650097,-1.648985511,-1.616683831,0.02328977695
magenta_forming,903,5,31,0.9583333333,216.2746667,536.8437917,602.3655035,-1.639204385,600.8457414,603.8852655,-1.655355225,-1.623053545,0.02295068304
magenta_forming,904,5,31,1,216.323,537.085,602.4857593,-1.645574099,600.9659972,604.0055214,-1.661724939,-1.629423259,0.02261652626
magenta_forming,905,5,32,0.04,216.37828,537.3258,602.6232988,-1.65193303,601.1035367,604.1430608,-1.66808387,-1.63578219,0.0222877881
magenta_forming,906,5,32,0.08,216.43356,537.5666,602.7608382,-1.658291961,601.2410762,604.2806003,-1.674442801,-1.642141121,0.02196382825
magenta_forming,907,5,32,0.12,216.48884,537.8074,602.8983777,-1.664650892,601.3786157,604.4181398,-1.680801732,-1.648500052,0.02164457726
magenta_forming,908,5,32,0.16,216.54412,538.0482,603.0359172,-1.671009823,601.5161551,604.5556793,-1.687160663,-1.654858983,0.02132996668
magenta_forming,909,5,32,0.2,216.5994,538.289,603.1734567,-1.677368754,601.6536946,604.6932187,-1.693519594,-1.661217914,0.02101992906
magenta_forming,910,5,32,0.24,216.65468,538.5298,603.3109962,-1.683727685,601.7912341,604.8307582,-1.699878525,-1.667576845,0.02071439793
magenta_forming,911,5,32,0.28,216.70996,538.7706,603.4485356,-1.690086616,601.9287736,604.9682977,-1.706237456,-1.673935776,0.02041330779
magenta_forming,912,5,32,0.32,216.76524,539.0114,603.5860751,-1.696445547,602.066313,605.1058372,-1.712596387,-1.680294707,0.02011659409
magenta_forming,913,5,32,0.36,216.82052,539.2522,603.7236146,-1.702804478,602.2038525,605.2433767,-1.718955318,-1.686653638,0.01982419322
magenta_forming,914,5,32,0.4,216.8758,539.493,603.8611541,-1.709163409,602.341392,605.3809161,-1.725314249,-1.693012569,0.01953604248
magenta_forming,915,5,32,0.44,216.93108,539.7338,603.9986935,-1.71552234,602.4789315,605.5184556,-1.73167318,-1.6993715,0.0192520801
magenta_forming,916,5,32,0.48,216.98636,539.9746,604.136233,-1.721881271,602.616471,605.6559951,-1.738032111,-1.705730431,0.0189722452
magenta_forming,917,5,32,0.52,217.04164,540.2154,604.2737725,-1.728240202,602.7540104,605.7935346,-1.744391042,-1.712089362,0.01869647778
magenta_forming,918,5,32,0.56,217.09692,540.4562,604.411312,-1.734599133,602.8915499,605.931074,-1.750749973,-1.718448293,0.01842471873
magenta_forming,919,5,32,0.6,217.1522,540.697,604.5488514,-1.740958064,603.0290894,606.0686135,-1.757108904,-1.724807224,0.01815690979
magenta_forming,920,5,32,0.64,217.20748,540.9378,604.6863909,-1.747316995,603.1666289,606.206153,-1.763467835,-1.731166155,0.01789299352
magenta_forming,921,5,32,0.68,217.26276,541.1786,604.8239304,-1.753675926,603.3041683,606.3436925,-1.769826766,-1.737525086,0.01763291337
magenta_forming,922,5,32,0.72,217.31804,541.4194,604.9614699,-1.760034857,603.4417078,606.4812319,-1.776185697,-1.743884017,0.01737661355
magenta_forming,923,5,32,0.76,217.37332,541.6602,605.0990094,-1.766393788,603.5792473,606.6187714,-1.782544628,-1.750242948,0.01712403913
magenta_forming,924,5,32,0.8,217.4286,541.901,605.2365488,-1.772752719,603.7167868,606.7563109,-1.788903559,-1.756601879,0.01687513596
magenta_forming,925,5,32,0.84,217.48388,542.1418,605.3740883,-1.77911165,603.8543262,606.8938504,-1.79526249,-1.76296081,0.01662985068
magenta_forming,926,5,32,0.88,217.53916,542.3826,605.5116278,-1.785470581,603.9918657,607.0313899,-1.801621421,-1.769319741,0.01638813069
magenta_forming,927,5,32,0.92,217.59444,542.6234,605.6491673,-1.791829512,604.1294052,607.1689293,-1.807980353,-1.775678672,0.01614992417
magenta_forming,928,5,32,0.96,217.64972,542.8642,605.7867067,-1.798188443,604.2669447,607.3064688,-1.814339284,-1.782037603,0.01591518006
magenta_forming,929,5,32,1,217.705,543.105,605.9242462,-1.804547374,604.4044842,607.4440083,-1.820698215,-1.788396534,0.01568384803
magenta_forming,930,5,33,0.03846153846,217.7678846,543.3459231,606.0807064,-1.810909556,604.5609443,607.6004684,-1.827060396,-1.794758715,0.01545576281
magenta_forming,931,5,33,0.07692307692,217.8307692,543.5868462,606.2371665,-1.817271737,604.7174045,607.7569286,-1.833422577,-1.801120897,0.01523099457
magenta_forming,932,5,33,0.1153846154,217.8936538,543.8277692,606.3936267,-1.823633918,604.8738646,607.9133887,-1.839784758,-1.807483078,0.01500949505
magenta_forming,933,5,33,0.1538461538,217.9565385,544.0686923,606.5500868,-1.829996099,605.0303248,608.0698489,-1.846146939,-1.813845259,0.01479121674
magenta_forming,934,5,33,0.1923076923,218.0194231,544.3096154,606.706547,-1.83635828,605.1867849,608.226309,-1.85250912,-1.82020744,0.01457611277
magenta_forming,935,5,33,0.2307692308,218.0823077,544.5505385,606.8630071,-1.842720462,605.3432451,608.3827692,-1.858871302,-1.826569621,0.014364137
magenta_forming,936,5,33,0.2692307692,218.1451923,544.7914615,607.0194673,-1.849082643,605.4997052,608.5392293,-1.865233483,-1.832931803,0.01415524392
magenta_forming,937,5,33,0.3076923077,218.2080769,545.0323846,607.1759274,-1.855444824,605.6561654,608.6956895,-1.871595664,-1.839293984,0.0139493887
magenta_forming,938,5,33,0.3461538462,218.2709615,545.2733077,607.3323876,-1.861807005,605.8126255,608.8521496,-1.877957845,-1.845656165,0.01374652718
magenta_forming,939,5,33,0.3846153846,218.3338462,545.5142308,607.4888477,-1.868169186,605.9690857,609.0086098,-1.884320026,-1.852018346,0.0135466158
magenta_forming,940,5,33,0.4230769231,218.3967308,545.7551538,607.6453079,-1.874531367,606.1255458,609.1650699,-1.890682208,-1.858380527,0.01334961167
magenta_forming,941,5,33,0.4615384615,218.4596154,545.9960769,607.801768,-1.880893549,606.282006,609.3215301,-1.897044389,-1.864742708,0.01315547251
magenta_forming,942,5,33,0.5,218.5225,546.237,607.9582282,-1.88725573,606.4384661,609.4779902,-1.90340657,-1.87110489,0.01296415665
magenta_forming,943,5,33,0.5384615385,218.5853846,546.4779231,608.1146883,-1.893617911,606.5949263,609.6344504,-1.909768751,-1.877467071,0.01277562304
magenta_forming,944,5,33,0.5769230769,218.6482692,546.7188462,608.2711485,-1.899980092,606.7513864,609.7909105,-1.916130932,-1.883829252,0.01258983122
magenta_forming,945,5,33,0.6153846154,218.7111538,546.9597692,608.4276086,-1.906342273,606.9078466,609.9473707,-1.922493113,-1.890191433,0.0124067413
magenta_forming,946,5,33,0.6538461538,218.7740385,547.2006923,608.5840688,-1.912704454,607.0643067,610.1038308,-1.928855295,-1.896553614,0.01222631401
magenta_forming,947,5,33,0.6923076923,218.8369231,547.4416154,608.7405289,-1.919066636,607.2207669,610.260291,-1.935217476,-1.902915796,0.01204851061
magenta_forming,948,5,33,0.7307692308,218.8998077,547.6825385,608.8969891,-1.925428817,607.377227,610.4167511,-1.941579657,-1.909277977,0.01187329295
magenta_forming,949,5,33,0.7692307692,218.9626923,547.9234615,609.0534492,-1.931790998,607.5336872,610.5732113,-1.947941838,-1.915640158,0.01170062342
magenta_forming,950,5,33,0.8076923077,219.0255769,548.1643846,609.2099094,-1.938153179,607.6901473,610.7296714,-1.954304019,-1.922002339,0.01153046497
magenta_forming,951,5,33,0.8461538462,219.0884615,548.4053077,609.3663695,-1.94451536,607.8466075,610.8861316,-1.9606662,-1.92836452,0.01136278108
magenta_forming,952,5,33,0.8846153846,219.1513462,548.6462308,609.5228297,-1.950877542,608.0030676,611.0425917,-1.967028382,-1.934726701,0.01119753577
magenta_forming,953,5,33,0.9230769231,219.2142308,548.8871538,609.6792898,-1.957239723,608.1595278,611.1990519,-1.973390563,-1.941088883,0.01103469357
magenta_forming,954,5,33,0.9615384615,219.2771154,549.1280769,609.83575,-1.963601904,608.3159879,611.355512,-1.979752744,-1.947451064,0.01087421952
magenta_forming,955,5,33,1,219.34,549.369,609.9922101,-1.969964085,608.4724481,611.5119722,-1.986114925,-1.953813245,0.01071607921
cyan_forming,0,6,0,0,167.093,545.205,479.9989927,-1.860003168,478.4792307,481.5187548,-1.876154008,-1.843852328,0.01380374195
cyan_forming,1,6,1,0.1428571429,167.2977143,545.1298571,480.5083324,-1.858018832,478.9885703,482.0280944,-1.874169672,-1.841867992,0.01386695698
cyan_forming,2,6,1,0.2857142857,167.5024286,545.0547143,481.017672,-1.856034495,479.4979099,482.5374341,-1.872185335,-1.839883655,0.01393046152
cyan_forming,3,6,1,0.4285714286,167.7071429,544.9795714,481.5270117,-1.854050159,480.0072496,483.0467737,-1.870200999,-1.837899318,0.01399425688
cyan_forming,4,6,1,0.5714285714,167.9118571,544.9044286,482.0363513,-1.852065822,480.5165892,483.5561134,-1.868216662,-1.835914982,0.01405834439
cyan_forming,5,6,1,0.7142857143,168.1165714,544.8292857,482.545691,-1.850081485,481.0259289,484.065453,-1.866232326,-1.833930645,0.01412272539
cyan_forming,6,6,1,0.8571428571,168.3212857,544.7541429,483.0550306,-1.848097149,481.5352685,484.5747927,-1.864247989,-1.831946309,0.01418740123
cyan_forming,7,6,1,1,168.526,544.679,483.5643703,-1.846112812,482.0446082,485.0841323,-1.862263652,-1.829961972,0.01425237326
cyan_forming,8,6,2,0.1666666667,168.7408333,544.6046667,484.0988866,-1.844149853,482.5791246,485.6186487,-1.860300693,-1.827999013,0.01431693808
cyan_forming,9,6,2,0.3333333333,168.9556667,544.5303333,484.633403,-1.842186894,483.1136409,486.153165,-1.858337734,-1.826036054,0.01438179539
cyan_forming,10,6,2,0.5,169.1705,544.456,485.1679193,-1.840223935,483.6481573,486.6876814,-1.856374775,-1.824073095,0.01444694651
cyan_forming,11,6,2,0.6666666667,169.3853333,544.3816667,485.7024357,-1.838260976,484.1826736,487.2221978,-1.854411816,-1.822110136,0.01451239277
cyan_forming,12,6,2,0.8333333333,169.6001667,544.3073333,486.2369521,-1.836298017,484.71719,487.7567141,-1.852448857,-1.820147177,0.01457813551
cyan_forming,13,6,2,1,169.815,544.233,486.7714684,-1.834335058,485.2517063,488.2912305,-1.850485898,-1.818184218,0.01464417608
cyan_forming,14,6,3,0.2,170.0468,544.1552,487.3481987,-1.832280553,485.8284366,488.8679608,-1.848431393,-1.816129713,0.014713617
cyan_forming,15,6,3,0.4,170.2786,544.0774,487.924929,-1.830226048,486.4051669,489.4446911,-1.846376888,-1.814075208,0.01478338721
cyan_forming,16,6,3,0.6,170.5104,543.9996,488.5016593,-1.828171543,486.9818972,490.0214214,-1.844322383,-1.812020702,0.01485348826
cyan_forming,17,6,3,0.8,170.7422,543.9218,489.0783896,-1.826117037,487.5586275,490.5981517,-1.842267878,-1.809966197,0.01492392173
cyan_forming,18,6,3,1,170.974,543.844,489.6551199,-1.824062532,488.1353578,491.174882,-1.840213372,-1.807911692,0.01499468917
cyan_forming,19,6,4,0.2,171.1814,543.772,490.1711417,-1.822161191,488.6513797,491.6909038,-1.838312031,-1.806010351,0.01506047984
cyan_forming,20,6,4,0.4,171.3888,543.7,490.6871636,-1.820259849,489.1674015,492.2069256,-1.836410689,-1.804109009,0.01512655917
cyan_forming,21,6,4,0.6,171.5962,543.628,491.2031854,-1.818358508,489.6834234,492.7229475,-1.834509348,-1.802207668,0.01519292844
cyan_forming,22,6,4,0.8,171.8036,543.556,491.7192073,-1.816457166,490.1994452,493.2389693,-1.832608006,-1.800306326,0.0152595889
cyan_forming,23,6,4,1,172.011,543.484,492.2352291,-1.814555825,490.7154671,493.7549912,-1.830706665,-1.798404985,0.01532654184
cyan_forming,24,6,5,0.0078125,172.1384524,543.4458498,492.5523373,-1.813548372,491.0325753,494.0720994,-1.829699212,-1.797397532,0.0153621368
cyan_forming,25,6,5,0.015625,172.2641825,543.4067322,492.8651602,-1.812515375,491.3453982,494.3849223,-1.828666215,-1.796364535,0.01539872011
cyan_forming,26,6,5,0.0234375,172.3882103,543.366655,493.1737477,-1.811457033,491.6539857,494.6935098,-1.827607873,-1.795306193,0.01543629134
cyan_forming,27,6,5,0.03125,172.5105559,543.3256255,493.4781498,-1.810373547,491.9583877,494.9979118,-1.826524387,-1.794222707,0.01547485019
cyan_forming,28,6,5,0.0390625,172.6312393,543.2836514,493.7784163,-1.809265114,492.2586542,495.2981784,-1.825415954,-1.793114274,0.01551439647
cyan_forming,29,6,5,0.046875,172.7502806,543.2407402,494.0745973,-1.808131936,492.5548352,495.5943593,-1.824282776,-1.791981096,0.01555493011
cyan_forming,30,6,5,0.0625,172.9835173,543.1521367,494.6549022,-1.805792138,493.1351401,496.1746642,-1.821942978,-1.789641298,0.01563895974
cyan_forming,31,6,5,0.078125,173.2104266,543.0598755,495.2194639,-1.80335575,493.6997019,496.739226,-1.81950659,-1.787204909,0.01572694074
cyan_forming,32,6,5,0.09375,173.4311689,542.9640171,495.7686821,-1.800824365,494.24892,497.2884442,-1.816975205,-1.784673525,0.01581887647
cyan_forming,33,6,5,0.109375,173.6459048,542.8646218,496.3029561,-1.798199581,494.7831941,497.8227182,-1.814350421,-1.782048741,0.01591477191
cyan_forming,34,6,5,0.125,173.8547949,542.76175,496.8226855,-1.795482993,495.3029234,498.3424476,-1.811633833,-1.779332153,0.01601463361
cyan_forming,35,6,5,0.140625,174.0579998,542.6554622,497.3282697,-1.792676196,495.8085076,498.8480318,-1.808827036,-1.776525356,0.01611846958
cyan_forming,36,6,5,0.15625,174.25568,542.5458188,497.8201082,-1.789780786,496.3003462,499.3398703,-1.805931627,-1.773629946,0.01622628925
cyan_forming,37,6,5,0.171875,174.4479961,542.4328803,498.2986005,-1.78679836,496.7788385,499.8183626,-1.8029492,-1.77064752,0.0163381034
cyan_forming,38,6,5,0.1875,174.6351086,542.316707,498.7641461,-1.783730511,497.244384,500.2839082,-1.799881352,-1.767579671,0.01645392406
cyan_forming,39,6,5,0.203125,174.8171782,542.1973594,499.2171444,-1.780578837,497.6973824,500.7369065,-1.796729677,-1.764427997,0.01657376447
cyan_forming,40,6,5,0.21875,174.9943653,542.0748979,499.657995,-1.777344933,498.1382329,501.1777571,-1.793495773,-1.761194093,0.01669763898
cyan_forming,41,6,5,0.234375,175.1668305,541.949383,500.0870973,-1.774030394,498.5673352,501.6068594,-1.790181234,-1.757879554,0.01682556302
cyan_forming,42,6,5,0.25,175.3347344,541.820875,500.5048508,-1.770636817,498.9850888,502.0246129,-1.786787657,-1.754485977,0.01695755301
cyan_forming,43,6,5,0.265625,175.4982375,541.6894344,500.911655,-1.767165796,499.391893,502.4314171,-1.783316636,-1.751014956,0.01709362625
cyan_forming,44,6,5,0.28125,175.6575005,541.5551216,501.3079094,-1.763618928,499.7881473,502.8276715,-1.779769768,-1.747468088,0.01723380094
cyan_forming,45,6,5,0.296875,175.8126838,541.417997,501.6940134,-1.759997808,500.1742514,503.2137755,-1.776148648,-1.743846968,0.01737809601
cyan_forming,46,6,5,0.3125,175.963948,541.2781211,502.0703666,-1.756304032,500.5506045,503.5901287,-1.772454872,-1.740153192,0.01752653112
cyan_forming,47,6,5,0.328125,176.1114537,541.1355543,502.4373684,-1.752539195,500.9176063,503.9571305,-1.768690035,-1.736388355,0.01767912657
cyan_forming,48,6,5,0.34375,176.2553615,540.9903569,502.7954183,-1.748704894,501.2756562,504.3151804,-1.764855734,-1.732554053,0.01783590319
cyan_forming,49,6,5,0.359375,176.3958319,540.8425895,503.1449158,-1.744802723,501.6251537,504.6646779,-1.760953563,-1.728651883,0.01799688233
cyan_forming,50,6,5,0.375,176.5330254,540.6923125,503.4862604,-1.740834279,501.9664983,505.0060224,-1.756985119,-1.724683439,0.01816208572
cyan_forming,51,6,5,0.390625,176.6671027,540.5395862,503.8198515,-1.736801157,502.3000894,505.3396136,-1.752951997,-1.720650317,0.01833153544
cyan_forming,52,6,5,0.40625,176.7982242,540.3844712,504.1460886,-1.732704953,502.6263266,505.6658507,-1.748855793,-1.716554113,0.01850525384
cyan_forming,53,6,5,0.421875,176.9265506,540.2270278,504.4653713,-1.728547263,502.9456093,505.9851334,-1.744698103,-1.712396423,0.01868326343
cyan_forming,54,6,5,0.4375,177.0522424,540.0673164,504.778099,-1.724329682,503.2583369,506.2978611,-1.740480522,-1.708178841,0.01886558681
cyan_forming,55,6,5,0.453125,177.1754602,539.9053975,505.0846712,-1.720053805,503.5649091,506.6044333,-1.736204645,-1.703902965,0.01905224663
cyan_forming,56,6,5,0.46875,177.2963645,539.7413315,505.3854873,-1.71572123,503.8657253,506.9052494,-1.73187207,-1.699570389,0.01924326544
cyan_forming,57,6,5,0.484375,177.4151159,539.5751789,505.6809469,-1.71133355,504.1611849,507.200709,-1.72748439,-1.69518271,0.01943866566
cyan_forming,58,6,5,0.5,177.531875,539.407,505.9714495,-1.706892362,504.4516874,507.4912115,-1.723043202,-1.690741522,0.01963846946
cyan_forming,59,6,5,0.515625,177.6468023,539.2368553,506.2573944,-1.702399262,504.7376323,507.7771565,-1.718550102,-1.686248422,0.01984269869
cyan_forming,60,6,5,0.53125,177.7600583,539.0648052,506.5391813,-1.697855845,505.0194192,508.0589433,-1.714006685,-1.681705005,0.02005137479
cyan_forming,61,6,5,0.546875,177.8718037,538.8909101,506.8172095,-1.693263707,505.2974474,508.3369716,-1.709414548,-1.677112867,0.02026451867
cyan_forming,62,6,5,0.5625,177.982199,538.7152305,507.0918786,-1.688624444,505.5721166,508.6116407,-1.704775284,-1.672473604,0.02048215064
cyan_forming,63,6,5,0.578125,178.0914047,538.5378267,507.3635881,-1.683939651,505.843826,508.8833501,-1.700090491,-1.667788811,0.02070429034
cyan_forming,64,6,5,0.59375,178.1995815,538.3587593,507.6327374,-1.679210924,506.1129753,509.1524994,-1.695361764,-1.663060083,0.02093095656
cyan_forming,65,6,5,0.609375,178.3068898,538.1780886,507.899726,-1.674439858,506.3799639,509.4194881,-1.690590698,-1.658289018,0.02116216724
cyan_forming,66,6,5,0.625,178.4134902,537.995875,508.1649534,-1.669628049,506.6451913,509.6847155,-1.68577889,-1.653477209,0.02139793927
cyan_forming,67,6,5,0.640625,178.5195434,537.812179,508.4288191,-1.664777094,506.909057,509.9485812,-1.680927934,-1.648626254,0.02163828846
cyan_forming,68,6,5,0.65625,178.6252098,537.627061,508.6917226,-1.659888587,507.1719605,510.2114846,-1.676039427,-1.643737747,0.0218832294
cyan_forming,69,6,5,0.671875,178.73065,537.4405815,508.9540633,-1.654964124,507.4343012,510.4738254,-1.671114964,-1.638813284,0.02213277534
cyan_forming,70,6,5,0.6875,178.8360247,537.2528008,509.2162407,-1.650005302,507.6964787,510.7360028,-1.666156142,-1.633854461,0.0223869381
cyan_forming,71,6,5,0.703125,178.9414942,537.0637794,509.4786544,-1.645013714,507.9588923,510.9984165,-1.661164554,-1.628862874,0.02264572795
cyan_forming,72,6,5,0.71875,179.0472193,536.8735776,509.7417038,-1.639990958,508.2219417,511.2614658,-1.656141799,-1.623840118,0.02290915347
cyan_forming,73,6,5,0.734375,179.1533604,536.682256,510.0057883,-1.634938629,508.4860263,511.5255504,-1.65108947,-1.618787789,0.02317722146
cyan_forming,74,6,5,0.75,179.2600781,536.489875,510.2713075,-1.629858323,508.7515455,511.7910696,-1.646009163,-1.613707483,0.02344993682
cyan_forming,75,6,5,0.765625,179.367533,536.2964949,510.5386609,-1.624751635,509.0188988,512.058423,-1.640902475,-1.608600795,0.02372730239
cyan_forming,76,6,5,0.78125,179.4758857,536.1021763,510.8082479,-1.619620161,509.2884858,512.3280099,-1.635771001,-1.603469321,0.02400931885
cyan_forming,77,6,5,0.796875,179.5852967,535.9069794,511.080468,-1.614465496,509.5607059,512.6002301,-1.630616336,-1.598314656,0.02429598461
cyan_forming,78,6,5,0.8125,179.6959265,535.7109648,511.3557207,-1.609289237,509.8359586,512.8754828,-1.625440077,-1.593138397,0.02458729563
cyan_forming,79,6,5,0.828125,179.8079358,535.5141929,511.6344055,-1.604092979,510.1146434,513.1541675,-1.620243819,-1.587942138,0.02488324534
cyan_forming,80,6,5,0.84375,179.921485,535.3167241,511.9169218,-1.598878317,510.3971598,513.4366839,-1.615029157,-1.582727477,0.02518382444
cyan_forming,81,6,5,0.859375,180.0367348,535.1186188,512.2036692,-1.593646847,510.6839071,513.7234313,-1.609797687,-1.577496007,0.02548902086
cyan_forming,82,6,5,0.875,180.1538457,534.9199375,512.4950471,-1.588400166,510.9752851,514.0148092,-1.604551006,-1.572249326,0.02579881951
cyan_forming,83,6,5,0.890625,180.2729783,534.7207405,512.7914551,-1.583139868,511.271693,514.3112171,-1.599290708,-1.566989028,0.02611320223
cyan_forming,84,6,5,0.90625,180.3942931,534.5210884,513.0932925,-1.577867549,511.5735304,514.6130546,-1.594018389,-1.561716709,0.02643214759
cyan_forming,85,6,5,0.921875,180.5179506,534.3210414,513.4009589,-1.572584806,511.8811968,514.920721,-1.588735646,-1.556433966,0.02675563079
cyan_forming,86,6,5,0.9375,180.6441116,534.1206602,513.7148538,-1.567293233,512.1950917,515.2346158,-1.583444073,-1.551142393,0.02708362347
cyan_forming,87,6,5,0.953125,180.7729364,533.9200049,514.0353766,-1.561994426,512.5156145,515.5551387,-1.578145266,-1.545843586,0.02741609359
cyan_forming,88,6,5,0.96875,180.9045857,533.7191362,514.3629268,-1.556689981,512.8431648,515.8826889,-1.572840821,-1.540539141,0.02775300531
cyan_forming,89,6,5,0.984375,181.0392201,533.5181144,514.697904,-1.551381494,513.1781419,516.2176661,-1.567532334,-1.535230654,0.02809431877
cyan_forming,90,6,5,1,181.177,533.317,515.0407075,-1.54607056,513.5209455,516.5604696,-1.5622214,-1.52991972,0.02843999002
cyan_forming,91,6,6,0.25,181.29925,533.128,515.3448718,-1.541079539,513.8251097,516.8646339,-1.557230379,-1.524928699,0.02876871482
cyan_forming,92,6,6,0.5,181.4215,532.939,515.6490361,-1.536088517,514.129274,517.1687981,-1.552239358,-1.519937677,0.02910123919
cyan_forming,93,6,6,0.75,181.54375,532.75,515.9532004,-1.531097496,514.4334383,517.4729624,-1.547248336,-1.514946656,0.02943760706
cyan_forming,94,6,6,1,181.666,532.561,516.2573646,-1.526106475,514.7376026,517.7771267,-1.542257315,-1.509955634,0.02977786286
cyan_forming,95,6,7,0.25,181.792,532.3775,516.5708591,-1.521260694,515.051097,518.0906212,-1.537411535,-1.505109854,0.03011197946
cyan_forming,96,6,7,0.5,181.918,532.194,516.8843536,-1.516414914,515.3645915,518.4041156,-1.532565755,-1.500264074,0.03044984495
cyan_forming,97,6,7,0.75,182.044,532.0105,517.197848,-1.511569134,515.678086,518.7176101,-1.527719974,-1.495418294,0.0307915014
cyan_forming,98,6,7,1,182.17,531.827,517.5113425,-1.506723354,515.9915804,519.0311046,-1.522874194,-1.490572514,0.03113699133
cyan_forming,99,6,8,0.015625,182.2761724,531.6714793,517.7755049,-1.502616438,516.2557429,519.295267,-1.518767278,-1.486465598,0.03143283569
cyan_forming,100,6,8,0.03125,182.3826382,531.5172815,518.0403971,-1.498544457,516.5206351,519.5601592,-1.514695297,-1.482393617,0.03172893849
cyan_forming,101,6,8,0.046875,182.4894137,531.3643908,518.3060601,-1.494506993,516.786298,519.8258221,-1.510657833,-1.478356153,0.03202528529
cyan_forming,102,6,8,0.0625,182.5965154,531.2127913,518.5725347,-1.490503624,517.0527726,520.0922967,-1.506654464,-1.474352784,0.03232186231
cyan_forming,103,6,8,0.078125,182.7039598,531.0624669,518.8398619,-1.486533931,517.3200998,520.3596239,-1.502684772,-1.470383091,0.03261865644
cyan_forming,104,6,8,0.09375,182.8117633,530.9134019,519.1080826,-1.482597495,517.5883205,520.6278447,-1.498748335,-1.466446655,0.03291565528
cyan_forming,105,6,8,0.109375,182.9199425,530.7655804,519.3772379,-1.478693894,517.8574758,520.8969999,-1.494844734,-1.462543053,0.03321284713
cyan_forming,106,6,8,0.125,183.0285137,530.6189863,519.6473686,-1.474822708,518.1276065,521.1671306,-1.490973548,-1.458671868,0.033510221
cyan_forming,107,6,8,0.140625,183.1374934,530.4736039,519.9185157,-1.470983518,518.3987536,521.4382777,-1.487134358,-1.454832678,0.03380776663
cyan_forming,108,6,8,0.15625,183.246898,530.3294171,520.1907201,-1.467175904,518.670958,521.7104822,-1.483326744,-1.451025064,0.03410547451
cyan_forming,109,6,8,0.171875,183.3567441,530.1864102,520.4640228,-1.463399445,518.9442607,521.9837849,-1.479550285,-1.447248605,0.03440333585
cyan_forming,110,6,8,0.1875,183.4670481,530.0445671,520.7384647,-1.459653721,519.2187027,522.2582268,-1.475804561,-1.443502881,0.03470134265
cyan_forming,111,6,8,0.203125,183.5778264,529.9038721,521.0140868,-1.455938313,519.4943248,522.5338489,-1.472089153,-1.439787473,0.03499948766
cyan_forming,112,6,8,0.21875,183.6890955,529.7643091,521.29093,-1.4522528,519.771168,522.8106921,-1.46840364,-1.43610196,0.0352977644
cyan_forming,113,6,8,0.234375,183.8008718,529.6258622,521.5690353,-1.448596762,520.0492732,523.0887974,-1.464747602,-1.432445922,0.03559616718
cyan_forming,114,6,8,0.25,183.9131719,529.4885156,521.8484436,-1.444969779,520.3286815,523.3682056,-1.461120619,-1.428818939,0.03589469113
cyan_forming,115,6,8,0.265625,184.0260121,529.3522534,522.1291958,-1.441371432,520.6094337,523.6489579,-1.457522272,-1.425220591,0.03619333215
cyan_forming,116,6,8,0.28125,184.1394089,529.2170596,522.4113329,-1.437801299,520.8915709,523.931095,-1.453952139,-1.421650459,0.03649208697
cyan_forming,117,6,8,0.296875,184.2533788,529.0829183,522.6948959,-1.434258961,521.1751338,524.2146579,-1.450409801,-1.418108121,0.03679095314
cyan_forming,118,6,8,0.3125,184.3679382,528.9498137,522.9799256,-1.430743998,521.4601636,524.4996877,-1.446894838,-1.414593157,0.03708992904
cyan_forming,119,6,8,0.328125,184.4831036,528.8177298,523.2664631,-1.427255989,521.746701,524.7862252,-1.443406829,-1.411105149,0.03738901387
cyan_forming,120,6,8,0.34375,184.5988915,528.6866507,523.5545492,-1.423794515,522.0347872,525.0743113,-1.439945355,-1.407643675,0.0376882077
cyan_forming,121,6,8,0.359375,184.7153183,528.5565605,523.844225,-1.420359156,522.3244629,525.3639871,-1.436509996,-1.404208316,0.03798751144
cyan_forming,122,6,8,0.375,184.8324004,528.4274434,524.1355313,-1.416949491,522.6157692,525.6552934,-1.433100332,-1.400798651,0.03828692686
cyan_forming,123,6,8,0.390625,184.9501543,528.2992833,524.4285091,-1.413565101,522.9087471,525.9482712,-1.429715941,-1.397414261,0.03858645658
cyan_forming,124,6,8,0.40625,185.0685965,528.1720644,524.7231994,-1.410205565,523.2034374,526.2429615,-1.426356405,-1.394054725,0.03888610413
cyan_forming,125,6,8,0.421875,185.1877435,528.0457707,525.0196431,-1.406870464,523.499881,526.5394052,-1.423021304,-1.390719623,0.03918587389
cyan_forming,126,6,8,0.4375,185.3076116,527.9203865,525.3178811,-1.403559376,523.7981191,526.8376432,-1.419710216,-1.387408536,0.03948577113
cyan_forming,127,6,8,0.453125,185.4282173,527.7958957,525.6179544,-1.400271883,524.0981924,527.1377165,-1.416422723,-1.384121043,0.03978580202
cyan_forming,128,6,8,0.46875,185.5495772,527.6722824,525.919904,-1.397007564,524.4001419,527.439666,-1.413158404,-1.380856724,0.04008597362
cyan_forming,129,6,8,0.484375,185.6717076,527.5495308,526.2237707,-1.393765998,524.7040086,527.7435327,-1.409916839,-1.377615158,0.04038629391
cyan_forming,130,6,8,0.5,185.794625,527.427625,526.5295955,-1.390546767,525.0098335,528.0493576,-1.406697607,-1.374395927,0.04068677177
cyan_forming,131,6,8,0.515625,185.9183459,527.306549,526.8374194,-1.38734945,525.3176574,528.3571815,-1.40350029,-1.37119861,0.040987417
cyan_forming,132,6,8,0.53125,186.0428867,527.1862869,527.1472833,-1.384173626,525.6275213,528.6670454,-1.400324466,-1.368022786,0.04128824031
cyan_forming,133,6,8,0.546875,186.1682639,527.0668228,527.4592282,-1.381018876,525.9394661,528.9789903,-1.397169716,-1.364868036,0.04158925336
cyan_forming,134,6,8,0.5625,186.2944939,526.9481409,527.773295,-1.37788478,526.2535329,529.2930571,-1.39403562,-1.36173394,0.04189046874
cyan_forming,135,6,8,0.578125,186.4215932,526.8302251,528.0895246,-1.374770917,526.5697625,529.6092867,-1.390921757,-1.358620077,0.04219189996
cyan_forming,136,6,8,0.59375,186.5495783,526.7130597,528.407958,-1.371676868,526.888196,529.9277201,-1.387827708,-1.355526028,0.04249356148
cyan_forming,137,6,8,0.609375,186.6784655,526.5966286,528.7286362,-1.368602212,527.2088741,530.2483982,-1.384753052,-1.352451372,0.04279546874
cyan_forming,138,6,8,0.625,186.8082715,526.480916,529.0516,-1.36554653,527.5318379,530.5713621,-1.38169737,-1.34939569,0.04309763811
cyan_forming,139,6,8,0.640625,186.9390125,526.365906,529.3768904,-1.362509401,527.8571284,530.8966525,-1.378660241,-1.346358561,0.04340008691
cyan_forming,140,6,8,0.65625,187.0707052,526.2515827,529.7045485,-1.359490405,528.1847864,531.2243105,-1.375641245,-1.343339565,0.04370283344
cyan_forming,141,6,8,0.671875,187.2033658,526.1379301,530.034615,-1.356489122,528.5148529,531.5543771,-1.372639962,-1.340338282,0.04400589699
cyan_forming,142,6,8,0.6875,187.337011,526.0249324,530.367131,-1.353505132,528.8473689,531.8868931,-1.369655973,-1.337354292,0.04430929781
cyan_forming,143,6,8,0.703125,187.4716571,525.9125736,530.7021374,-1.350538016,529.1823754,532.2218995,-1.366688856,-1.334387176,0.04461305711
cyan_forming,144,6,8,0.71875,187.6073206,525.8008379,531.0396752,-1.347587352,529.5199131,532.5594372,-1.363738192,-1.331436512,0.04491719713
cyan_forming,145,6,8,0.734375,187.7440179,525.6897093,531.3797852,-1.344652721,529.8600232,532.8995473,-1.360803561,-1.328501881,0.04522174108
cyan_forming,146,6,8,0.75,187.8817656,525.5791719,531.7225085,-1.341733703,530.2027464,533.2422706,-1.357884543,-1.325582863,0.04552671317
cyan_forming,147,6,8,0.765625,188.0205801,525.4692098,532.067886,-1.338829877,530.5481239,533.587648,-1.354980717,-1.322679037,0.04583213861
cyan_forming,148,6,8,0.78125,188.1604778,525.3598072,532.4159586,-1.335940824,530.8961965,533.9357207,-1.352091665,-1.319789984,0.04613804364
cyan_forming,149,6,8,0.796875,188.3014751,525.250948,532.7667673,-1.333066124,531.2470052,534.2865293,-1.349216964,-1.316915284,0.04644445551
cyan_forming,150,6,8,0.8125,188.4435886,525.1426165,533.120353,-1.330205356,531.6005909,534.640115,-1.346356197,-1.314054516,0.04675140247
cyan_forming,151,6,8,0.828125,188.5868347,525.0347966,533.4767566,-1.327358101,531.9569946,534.9965187,-1.343508941,-1.311207261,0.04705891383
cyan_forming,152,6,8,0.84375,188.7312299,524.9274725,533.8360192,-1.324523938,532.3162571,535.3557813,-1.340674778,-1.308373098,0.04736701991
cyan_forming,153,6,8,0.859375,188.8767906,524.8206283,534.1981816,-1.321702447,532.6784196,535.7179437,-1.337853287,-1.305551607,0.04767575208
cyan_forming,154,6,8,0.875,189.0235332,524.714248,534.5632848,-1.318893209,533.0435228,536.0830469,-1.335044049,-1.302742369,0.04798514277
cyan_forming,155,6,8,0.890625,189.1714743,524.6083159,534.9313698,-1.316095802,533.4116077,536.4511319,-1.332246642,-1.299944962,0.04829522544
cyan_forming,156,6,8,0.90625,189.3206302,524.5028158,535.3024775,-1.313309808,533.7827154,536.8222395,-1.329460648,-1.297158968,0.04860603464
cyan_forming,157,6,8,0.921875,189.4710175,524.397732,535.6766488,-1.310534806,534.1568867,537.1964108,-1.326685646,-1.294383965,0.04891760596
cyan_forming,158,6,8,0.9375,189.6226526,524.2930486,536.0539246,-1.307770375,534.5341626,537.5736867,-1.323921215,-1.291619535,0.04922997609
cyan_forming,159,6,8,0.953125,189.7755519,524.1887496,536.434346,-1.305016097,534.9145839,537.9541081,-1.321166937,-1.288865256,0.0495431828
cyan_forming,160,6,8,0.96875,189.929732,524.0848191,536.8179539,-1.30227155,535.2981918,538.3377159,-1.31842239,-1.28612071,0.04985726493
cyan_forming,161,6,8,0.984375,190.0852092,523.9812412,537.2047891,-1.299536315,535.6850271,538.7245512,-1.315687155,-1.283385474,0.05017226246
cyan_forming,162,6,8,1,190.242,523.878,537.5948928,-1.296809971,536.0751307,539.1146548,-1.312960811,-1.280659131,0.05048821644
cyan_forming,163,6,9,0.3333333333,190.4173333,523.7603333,538.0311311,-1.293702686,536.511369,539.5508932,-1.309853526,-1.277551846,0.05085074429
cyan_forming,164,6,9,0.6666666667,190.5926667,523.6426667,538.4673694,-1.290595401,536.9476074,539.9871315,-1.306746241,-1.274444561,0.05121587524
cyan_forming,165,6,9,1,190.768,523.525,538.9036078,-1.287488116,537.3838457,540.4233698,-1.303638956,-1.271337276,0.051583628
cyan_forming,166,6,10,0.3333333333,190.9453333,523.4073333,539.3448222,-1.284380831,537.8250601,540.8645843,-1.300531671,-1.268229991,0.05195402139
cyan_forming,167,6,10,0.6666666667,191.1226667,523.2896667,539.7860366,-1.281273546,538.2662746,541.3057987,-1.297424386,-1.265122706,0.05232707436
cyan_forming,168,6,10,1,191.3,523.172,540.2272511,-1.278166261,538.707489,541.7470131,-1.294317101,-1.262015421,0.05270280602
cyan_forming,169,6,11,0.3333333333,191.4826667,523.052,540.6817351,-1.274997359,539.161973,542.2014972,-1.291148199,-1.258846519,0.05308876729
cyan_forming,170,6,11,0.6666666667,191.6653333,522.932,541.1362191,-1.271828456,539.6164571,542.6559812,-1.287979296,-1.255677616,0.05347755508
cyan_forming,171,6,11,1,191.848,522.812,541.5907032,-1.268659554,540.0709411,543.1104653,-1.284810394,-1.252508714,0.05386919011
cyan_forming,172,6,12,0.3333333333,192.0303333,522.6846667,542.0443579,-1.265296996,540.5245958,543.5641199,-1.281447836,-1.249146156,0.05428789519
cyan_forming,173,6,12,0.6666666667,192.2126667,522.5573333,542.4980126,-1.261934438,540.9782505,544.0177746,-1.278085279,-1.245783598,0.05470985472
cyan_forming,174,6,12,1,192.395,522.43,542.9516673,-1.258571881,541.4319052,544.4714293,-1.274722721,-1.242421041,0.05513509398
cyan_forming,175,6,13,0.015625,192.6002875,522.2919374,543.462433,-1.25492599,541.9426709,544.9821951,-1.27107683,-1.23877515,0.05559989991
cyan_forming,176,6,13,0.03125,192.8011766,522.149137,543.9622556,-1.251154986,542.4424935,545.4820176,-1.267305826,-1.235004146,0.05608477915
cyan_forming,177,6,13,0.046875,192.9977546,522.0017111,544.4513516,-1.247261833,542.9315896,545.9711137,-1.263412673,-1.231110993,0.05658980102
cyan_forming,178,6,13,0.0625,193.1901084,521.849772,544.9299378,-1.243249497,543.4101757,546.4496998,-1.259400337,-1.227098657,0.05711504232
cyan_forming,179,6,13,0.078125,193.3783251,521.6934319,545.3982306,-1.239120943,543.8784686,546.9179927,-1.255271783,-1.222970103,0.05766058667
cyan_forming,180,6,13,0.09375,193.5624918,521.5328032,545.8564468,-1.234879137,544.3366848,547.3762089,-1.251029977,-1.218728296,0.05822652386
cyan_forming,181,6,13,0.109375,193.7426956,521.3679981,546.304803,-1.230527043,544.7850409,547.8245651,-1.246677883,-1.214376203,0.05881294913
cyan_forming,182,6,13,0.125,193.9190234,521.1991289,546.7435158,-1.226067627,545.2237537,548.2632779,-1.242218467,-1.209916787,0.05941996248
cyan_forming,183,6,13,0.140625,194.0915625,521.026308,547.1728018,-1.221503854,545.6530397,548.6925639,-1.237654694,-1.205353014,0.06004766801
cyan_forming,184,6,13,0.15625,194.2603998,520.8496475,547.5928777,-1.21683869,546.0731156,549.1126397,-1.23298953,-1.20068785,0.06069617318
cyan_forming,185,6,13,0.171875,194.4256224,520.6692599,548.00396,-1.212075099,546.4841979,549.5237221,-1.228225939,-1.195924259,0.06136558809
cyan_forming,186,6,13,0.1875,194.5873174,520.4852573,548.4062654,-1.207216048,546.8865034,549.9260275,-1.223366888,-1.191065208,0.06205602479
cyan_forming,187,6,13,0.203125,194.7455718,520.2977521,548.8000106,-1.202264501,547.2802485,550.3197727,-1.218415341,-1.186113661,0.06276759649
cyan_forming,188,6,13,0.21875,194.9004728,520.1068566,549.1854121,-1.197223424,547.6656501,550.7051742,-1.213374264,-1.181072584,0.06350041685
cyan_forming,189,6,13,0.234375,195.0521073,519.9126831,549.5626866,-1.192095781,548.0429246,551.0824487,-1.208246622,-1.175944941,0.06425459915
cyan_forming,190,6,13,0.25,195.2005625,519.7153438,549.9320507,-1.186884539,548.4122887,551.4518128,-1.203035379,-1.170733699,0.06503025556
cyan_forming,191,6,13,0.265625,195.3459254,519.514951,550.2937211,-1.181592663,548.773959,551.8134832,-1.197743503,-1.165441823,0.0658274963
cyan_forming,192,6,13,0.28125,195.4882831,519.311617,550.6479143,-1.176223117,549.1281523,552.1676764,-1.192373957,-1.160072277,0.06664642882
cyan_forming,193,6,13,0.296875,195.6277226,519.1054542,550.994847,-1.170778867,549.475085,552.5146091,-1.186929707,-1.154628027,0.06748715695
cyan_forming,194,6,13,0.3125,195.7643311,518.8965747,551.3347358,-1.165262879,549.8149738,552.8544979,-1.181413719,-1.149112039,0.06834978004
cyan_forming,195,6,13,0.3203125,195.8316008,518.7911513,551.5021065,-1.162478909,549.9823444,553.0218686,-1.178629749,-1.146328069,0.06878933179
cyan_forming,196,6,13,0.328125,195.8981955,518.685091,551.6677974,-1.159678117,550.1480353,553.1875595,-1.175828957,-1.143527277,0.06923439205
cyan_forming,197,6,13,0.3359375,195.9641259,518.5784075,551.8318357,-1.156860873,550.3120736,553.3515977,-1.173011713,-1.140710033,0.06968497158
cyan_forming,198,6,13,0.34375,196.029403,518.4711152,551.9942483,-1.154027547,550.4744863,553.5140104,-1.170178387,-1.137876707,0.07014108067
cyan_forming,199,6,13,0.3515625,196.0940375,518.3632279,552.1550625,-1.151178511,550.6353004,553.6748246,-1.167329351,-1.135027671,0.07060272915
cyan_forming,200,6,13,0.359375,196.1580405,518.2547597,552.3143053,-1.148314135,550.7945432,553.8340673,-1.164464975,-1.132163295,0.07106992635
cyan_forming,201,6,13,0.3671875,196.2214228,518.1457246,552.4720037,-1.145434789,550.9522416,553.9917657,-1.161585629,-1.129283949,0.07154268102
cyan_forming,202,6,13,0.375,196.2841953,518.0361367,552.6281848,-1.142540845,551.1084227,554.1479469,-1.158691685,-1.126390004,0.07202100136
cyan_forming,203,6,13,0.3828125,196.3463688,517.92601,552.7828758,-1.139632672,551.2631137,554.3026378,-1.155783512,-1.123481832,0.07250489498
cyan_forming,204,6,13,0.390625,196.4079543,517.8153586,552.9361036,-1.136710642,551.4163415,554.4558657,-1.152861482,-1.120559802,0.07299436883
cyan_forming,205,6,13,0.3984375,196.4689626,517.7041965,553.0878954,-1.133775126,551.5681333,554.6076575,-1.149925966,-1.117624286,0.07348942921
cyan_forming,206,6,13,0.40625,196.5294047,517.5925377,553.2382783,-1.130826493,551.7185162,554.7580403,-1.146977333,-1.114675653,0.07399008169
cyan_forming,207,6,13,0.4140625,196.5892913,517.4803962,553.3872792,-1.127865115,551.8675172,554.9070413,-1.144015955,-1.111714275,0.07449633116
cyan_forming,208,6,13,0.421875,196.6486334,517.3677861,553.5349254,-1.124891362,552.0151633,555.0546875,-1.141042202,-1.108740522,0.07500818169
cyan_forming,209,6,13,0.4296875,196.7074418,517.2547215,553.6812439,-1.121905605,552.1614818,555.2010059,-1.138056446,-1.105754765,0.07552563658
cyan_forming,210,6,13,0.4375,196.7657275,517.1412163,553.8262617,-1.118908215,552.3064996,555.3460238,-1.135059055,-1.102757375,0.0760486983
cyan_forming,211,6,13,0.4453125,196.8235014,517.0272846,553.970006,-1.115899562,552.4502439,555.489768,-1.132050402,-1.099748722,0.07657736844
cyan_forming,212,6,13,0.453125,196.8807742,516.9129405,554.1125037,-1.112880017,552.5927417,555.6322658,-1.129030857,-1.096729177,0.07711164768
cyan_forming,213,6,13,0.4609375,196.937557,516.7981979,554.2537821,-1.10984995,552.73402,555.7735442,-1.12600079,-1.09369911,0.07765153579
cyan_forming,214,6,13,0.46875,196.9938605,516.683071,554.3938681,-1.106809733,552.8741061,555.9136302,-1.122960573,-1.090658893,0.07819703154
cyan_forming,215,6,13,0.4765625,197.0496957,516.5675737,554.5327889,-1.103759735,553.0130269,556.052551,-1.119910576,-1.087608895,0.07874813271
cyan_forming,216,6,13,0.484375,197.1050734,516.4517201,554.6705716,-1.100700328,553.1508095,556.1903336,-1.116851169,-1.084549488,0.07930483603
cyan_forming,217,6,13,0.4921875,197.1600045,516.3355241,554.8072431,-1.097631883,553.287481,556.3270052,-1.113782723,-1.081481043,0.07986713714
cyan_forming,218,6,13,0.5,197.2145,516.219,554.9428306,-1.094554769,553.4230685,556.4625927,-1.110705609,-1.078403929,0.08043503057
cyan_forming,219,6,13,0.5078125,197.2685707,516.1021616,555.0773612,-1.091469357,553.5575991,556.5971233,-1.107620198,-1.075318517,0.0810085097
cyan_forming,220,6,13,0.515625,197.3222274,515.9850231,555.2108619,-1.088376019,553.6910998,556.730624,-1.104526859,-1.072225179,0.08158756671
cyan_forming,221,6,13,0.5234375,197.3754811,515.8675984,555.3433599,-1.085275125,553.8235978,556.8631219,-1.101425965,-1.069124285,0.08217219256
cyan_forming,222,6,13,0.53125,197.4283427,515.7499017,555.4748821,-1.082167045,553.95512,556.9946442,-1.098317885,-1.066016205,0.08276237693
cyan_forming,223,6,13,0.5390625,197.4808229,515.6319468,555.6054557,-1.07905215,554.0856937,557.1252178,-1.09520299,-1.06290131,0.08335810819
cyan_forming,224,6,13,0.546875,197.5329328,515.513748,555.7351078,-1.075930811,554.2153457,557.2548699,-1.092081651,-1.059779971,0.08395937339
cyan_forming,225,6,13,0.5546875,197.5846832,515.3953191,555.8638654,-1.072803399,554.3441033,557.3836275,-1.088954239,-1.056652559,0.08456615817
cyan_forming,226,6,13,0.5625,197.636085,515.2766743,555.9917556,-1.069670284,554.4719936,557.5115177,-1.085821124,-1.053519444,0.08517844675
cyan_forming,227,6,13,0.5703125,197.687149,515.1578276,556.1188055,-1.066531836,554.5990435,557.6385676,-1.082682676,-1.050380996,0.0857962219
cyan_forming,228,6,13,0.578125,197.7378862,515.038793,556.2450422,-1.063388427,554.7252802,557.7648043,-1.079539267,-1.047237587,0.08641946488
cyan_forming,229,6,13,0.5859375,197.7883074,514.9195845,556.3704927,-1.060240427,554.8507307,557.8902548,-1.076391267,-1.044089587,0.08704815541
cyan_forming,230,6,13,0.59375,197.8384235,514.8002162,556.4951842,-1.057088207,554.9754221,558.0149463,-1.073239047,-1.040937367,0.08768227162
cyan_forming,231,6,13,0.6015625,197.8882454,514.6807022,556.6191437,-1.053932138,555.0993816,558.1389057,-1.070082978,-1.037781298,0.08832179002
cyan_forming,232,6,13,0.609375,197.937784,514.5610564,556.7423982,-1.050772589,555.2226361,558.2621603,-1.066923429,-1.034621749,0.08896668547
cyan_forming,233,6,13,0.6171875,197.9870501,514.4412929,556.8649749,-1.047609932,555.3452128,558.384737,-1.063760772,-1.031459092,0.08961693111
cyan_forming,234,6,13,0.625,198.0360547,514.3214258,556.9869008,-1.044444538,555.4671388,558.5066629,-1.060595378,-1.028293698,0.09027249834
cyan_forming,235,6,13,0.6328125,198.0848086,514.201469,557.1082031,-1.041276777,555.588441,558.6279652,-1.057427617,-1.025125937,0.09093335677
cyan_forming,236,6,13,0.640625,198.1333227,514.0814366,557.2289087,-1.038107019,555.7091467,558.7486708,-1.054257859,-1.021956179,0.09159947418
cyan_forming,237,6,13,0.6484375,198.181608,513.9613427,557.3490449,-1.034935636,555.8292828,558.8688069,-1.051086476,-1.018784796,0.09227081651
cyan_forming,238,6,13,0.65625,198.2296752,513.8412012,557.4686385,-1.031762998,555.9488765,558.9884006,-1.047913838,-1.015612158,0.09294734775
cyan_forming,239,6,13,0.6640625,198.2775352,513.7210263,557.5877168,-1.028589476,556.0679548,559.1074789,-1.044740316,-1.012438636,0.09362902997
cyan_forming,240,6,13,0.671875,198.3251991,513.6008319,557.7063069,-1.02541544,556.1865448,559.2260689,-1.04156628,-1.0092646,0.09431582324
cyan_forming,241,6,13,0.6796875,198.3726775,513.4806321,557.8244356,-1.022241261,556.3046736,559.3441977,-1.038392101,-1.006090421,0.09500768558
cyan_forming,242,6,13,0.6875,198.4199814,513.3604409,557.9421303,-1.01906731,556.4223682,559.4618924,-1.03521815,-1.00291647,0.09570457296
cyan_forming,243,6,13,0.6953125,198.4671218,513.2402724,558.0594179,-1.015893958,556.5396559,559.57918,-1.032044798,-0.9997431174,0.09640643923
cyan_forming,244,6,13,0.703125,198.5141094,513.1201406,558.1763255,-1.012721574,556.6565635,559.6960876,-1.028872414,-0.9965707337,0.09711323606
cyan_forming,245,6,13,0.7109375,198.5609552,513.0000595,558.2928803,-1.00955053,556.7731182,559.8126423,-1.02570137,-0.9933996897,0.09782491296
cyan_forming,246,6,13,0.71875,198.60767,512.8800432,558.4091092,-1.006381196,556.8893471,559.9288712,-1.022532036,-0.9902303561,0.09854141717
cyan_forming,247,6,13,0.7265625,198.6542648,512.7601056,558.5250393,-1.003213944,557.0052773,560.0448014,-1.019364784,-0.9870631035,0.09926269368
cyan_forming,248,6,13,0.734375,198.7007504,512.6402609,558.6406978,-1.000049143,557.1209358,560.1604599,-1.016199983,-0.9838983025,0.09998868512
cyan_forming,249,6,13,0.7421875,198.7471377,512.5205231,558.7561117,-0.9968871641,557.2363497,560.2758738,-1.013038004,-0.980736324,0.1007193318
cyan_forming,250,6,13,0.75,198.7934375,512.4009062,558.8713081,-0.9937283785,557.3515461,560.3910702,-1.009879219,-0.9775775384,0.1014545716
cyan_forming,251,6,13,0.7578125,198.8396608,512.2814243,558.9863141,-0.9905731566,557.466552,560.5060762,-1.006723997,-0.9744223164,0.1021943401
cyan_forming,252,6,13,0.765625,198.8858185,512.1620913,559.1011567,-0.9874218689,557.5813947,560.6209188,-1.003572709,-0.9712710288,0.1029385701
cyan_forming,253,6,13,0.7734375,198.9319214,512.0429214,559.2158631,-0.9842748863,557.696101,560.7356251,-1.000425726,-0.9681240462,0.1036871921
cyan_forming,254,6,13,0.78125,198.9779803,511.9239285,559.3304602,-0.9811325793,557.8106982,560.8502223,-0.9972834195,-0.9649817392,0.1044401341
cyan_forming,255,6,13,0.7890625,199.0240063,511.8051267,559.4449752,-0.9779953187,557.9252132,560.9647373,-0.9941461588,-0.9618444785,0.1051973213
cyan_forming,256,6,13,0.796875,199.0700102,511.6865301,559.5594352,-0.9748634749,558.0396732,561.0791973,-0.9910143151,-0.9587126348,0.1059586765
cyan_forming,257,6,13,0.8046875,199.1160028,511.5681526,559.6738673,-0.9717374189,558.1541052,561.1936293,-0.987888259,-0.9555865787,0.1067241197
cyan_forming,258,6,13,0.8125,199.1619951,511.4500083,559.7882984,-0.9686175211,558.2685363,561.3080605,-0.9847683612,-0.9524666809,0.1074935681
cyan_forming,259,6,13,0.8203125,199.2079979,511.3321112,559.9027558,-0.9655041522,558.3829937,561.4225178,-0.9816549923,-0.9493533121,0.1082669364
cyan_forming,260,6,13,0.828125,199.2540221,511.2144755,560.0172664,-0.962397683,558.4975043,561.5370284,-0.9785485231,-0.9462468428,0.1090441363
cyan_forming,261,6,13,0.8359375,199.3000787,511.097115,560.1318573,-0.959298484,558.6120953,561.6516194,-0.9754493241,-0.9431476439,0.1098250769
cyan_forming,262,6,13,0.84375,199.3461783,510.9800439,560.2465557,-0.9562069259,558.7267937,561.7663178,-0.972357766,-0.9400560858,0.1106096643
cyan_forming,263,6,13,0.8515625,199.3923321,510.8632761,560.3613886,-0.9531233795,558.8416266,561.8811507,-0.9692742196,-0.9369725394,0.1113978017
cyan_forming,264,6,13,0.859375,199.4385508,510.7468258,560.4763831,-0.9500482153,558.9566211,561.9961452,-0.9661990554,-0.9338973751,0.1121893895
cyan_forming,265,6,13,0.875,199.5312266,510.5149336,560.7069652,-0.9439245162,559.1872031,562.2267273,-0.9600753564,-0.9277736761,0.1137825031
cyan_forming,266,6,13,0.890625,199.6242927,510.2844795,560.9385185,-0.9378387941,559.4187565,562.4582806,-0.9539896343,-0.921687954,0.1153881488
cyan_forming,267,6,13,0.90625,199.7178363,510.0555757,561.1712598,-0.9317940143,559.6514977,562.6910219,-0.9479448544,-0.9156431741,0.1170054216
cyan_forming,268,6,13,0.921875,199.8119444,509.8283347,561.4054056,-0.9257931419,559.8856435,562.9251677,-0.941943982,-0.9096423018,0.1186333674
cyan_forming,269,6,13,0.9375,199.9067041,509.6028687,561.6411726,-0.9198391423,560.1214105,563.1609346,-0.9359899824,-0.9036883022,0.1202709822
cyan_forming,270,6,13,0.953125,200.0022024,509.3792899,561.8787773,-0.9139349807,560.3590153,563.3985394,-0.9300858209,-0.8977841406,0.121917211
cyan_forming,271,6,13,0.96875,200.0985265,509.1577106,562.1184365,-0.9080836226,560.5986745,563.6381986,-0.9242344627,-0.8919327825,0.1235709477
cyan_forming,272,6,13,0.984375,200.1957633,508.9382432,562.3603668,-0.9022880331,560.8406047,563.8801288,-0.9184388732,-0.8861371929,0.1252310341
cyan_forming,273,6,13,1,200.294,508.721,562.6047847,-0.8965511775,561.0850226,564.1245467,-0.9127020176,-0.8804003373,0.1268962601
cyan_forming,274,6,14,0.1666666667,200.3743333,508.5218333,562.8046581,-0.8912916795,561.284896,564.3244202,-0.9074425197,-0.8751408394,0.1284423729
cyan_forming,275,6,14,0.3333333333,200.4546667,508.3226667,563.0045316,-0.8860321816,561.4847695,564.5242936,-0.9021830218,-0.8698813415,0.1300073238
cyan_forming,276,6,14,0.5,200.535,508.1235,563.204405,-0.8807726837,561.684643,564.7241671,-0.8969235239,-0.8646218436,0.1315913421
cyan_forming,277,6,14,0.6666666667,200.6153333,507.9243333,563.4042785,-0.8755131858,561.8845164,564.9240405,-0.891664026,-0.8593623457,0.1331946602
cyan_forming,278,6,14,0.8333333333,200.6956667,507.7251667,563.6041519,-0.8702536879,562.0843899,565.123914,-0.8864045281,-0.8541028478,0.1348175132
cyan_forming,279,6,14,1,200.776,507.526,563.8040254,-0.86499419,562.2842633,565.3237875,-0.8811450301,-0.8488433499,0.1364601392
cyan_forming,280,6,15,0.1666666667,200.8576667,507.322,564.0072162,-0.8596070558,562.4874542,565.5269783,-0.8757578959,-0.8434562157,0.1381633784
cyan_forming,281,6,15,0.3333333333,200.9393333,507.118,564.2104071,-0.8542199215,562.690645,565.7301692,-0.8703707616,-0.8380690814,0.1398878768
cyan_forming,282,6,15,0.5,201.021,506.914,564.413598,-0.8488327873,562.8938359,565.93336,-0.8649836274,-0.8326819472,0.1416338996
cyan_forming,283,6,15,0.6666666667,201.1026667,506.71,564.6167888,-0.843445653,563.0970268,566.1365509,-0.8595964931,-0.8272948129,0.1434017156
cyan_forming,284,6,15,0.8333333333,201.1843333,506.506,564.8199797,-0.8380585188,563.3002176,566.3397417,-0.8542093589,-0.8219076786,0.1451915967
cyan_forming,285,6,15,1,201.266,506.302,565.0231705,-0.8326713845,563.5034085,566.5429326,-0.8488222246,-0.8165205444,0.1470038184
cyan_forming,286,6,16,0.0078125,201.3529204,506.0906397,565.239433,-0.8270898842,563.7196709,566.7591951,-0.8432407244,-0.8109390441,0.1489052862
cyan_forming,287,6,16,0.015625,201.439263,505.8793233,565.4542578,-0.8215095409,563.9344957,566.9740199,-0.837660381,-0.8053587008,0.1508309474
cyan_forming,288,6,16,0.0234375,201.5250326,505.6680487,565.6676569,-0.8159303026,564.1478948,567.1874189,-0.8320811427,-0.7997794625,0.1527811228
cyan_forming,289,6,16,0.03125,201.6102339,505.456814,565.8796422,-0.8103521175,564.3598801,567.3994043,-0.8265029576,-0.7942012774,0.1547561378
cyan_forming,290,6,16,0.0390625,201.6948719,505.2456172,566.0902257,-0.8047749335,564.5704637,567.6099878,-0.8209257736,-0.7886240934,0.1567563225
cyan_forming,291,6,16,0.046875,201.7789512,505.0344563,566.2994195,-0.7991986989,564.7796574,567.8191816,-0.815349539,-0.7830478588,0.1587820121
cyan_forming,292,6,16,0.0546875,201.8624768,504.8233295,566.5072354,-0.7936233617,564.9874733,568.0269974,-0.8097742018,-0.7774725216,0.1608335464
cyan_forming,293,6,16,0.0625,201.9454534,504.6122346,566.7136854,-0.78804887,565.1939233,568.2334475,-0.8041997101,-0.7718980299,0.1629112703
cyan_forming,294,6,16,0.0703125,202.0278858,504.4011698,566.9187815,-0.7824751719,565.3990194,568.4385436,-0.798626012,-0.7663243318,0.1650155336
cyan_forming,295,6,16,0.078125,202.1097789,504.1901331,567.1225356,-0.7769022155,565.6027736,568.6422977,-0.7930530556,-0.7607513754,0.1671466915
cyan_forming,296,6,16,0.0859375,202.1911374,503.9791225,567.3249598,-0.7713299489,565.8051977,568.8447219,-0.787480789,-0.7551791088,0.1693051041
cyan_forming,297,6,16,0.09375,202.2719662,503.7681361,567.526066,-0.7657583201,566.0063039,569.045828,-0.7819091603,-0.74960748,0.171491137
cyan_forming,298,6,16,0.1015625,202.35227,503.5571718,567.7258661,-0.7601872774,566.206104,569.2456281,-0.7763381175,-0.7440364373,0.1737051612
cyan_forming,299,6,16,0.109375,202.4320537,503.3462278,567.9243721,-0.7546167688,566.40461,569.4441341,-0.7707676089,-0.7384659286,0.175947553
cyan_forming,300,6,16,0.1171875,202.5113222,503.135302,568.121596,-0.7490467423,566.6018339,569.641358,-0.7651975824,-0.7328959022,0.1782186944
cyan_forming,301,6,16,0.125,202.5900801,502.9243926,568.3175497,-0.7434771461,566.7977877,569.8373118,-0.7596279862,-0.727326306,0.1805189729
cyan_forming,302,6,16,0.1328125,202.6683323,502.7134974,568.5122453,-0.7379079282,566.9924832,570.0320074,-0.7540587684,-0.7217570881,0.182848782
cyan_forming,303,6,16,0.140625,202.7460837,502.5026147,568.7056946,-0.7323390369,567.1859326,570.2254567,-0.748489877,-0.7161881968,0.1852085208
cyan_forming,304,6,16,0.1484375,202.8233389,502.2917423,568.8979097,-0.7267704201,567.3781476,570.4176718,-0.7429212602,-0.7106195799,0.1875985943
cyan_forming,305,6,16,0.15625,202.9001029,502.0808783,569.0889025,-0.7212020259,567.5691404,570.6086646,-0.737352866,-0.7050511858,0.1900194139
cyan_forming,306,6,16,0.1640625,202.9763805,501.8700208,569.278685,-0.7156338025,567.7589229,570.798447,-0.7317846426,-0.6994829624,0.1924713966
cyan_forming,307,6,16,0.171875,203.0521764,501.6591679,569.4672691,-0.7100656979,567.947507,570.9870312,-0.726216538,-0.6939148578,0.1949549659
cyan_forming,308,6,16,0.1796875,203.1274955,501.4483174,569.6546668,-0.7044976603,568.1349048,571.1744289,-0.7206485004,-0.6883468202,0.1974705518
cyan_forming,309,6,16,0.1875,203.2023425,501.2374675,569.8408901,-0.6989296377,568.3211281,571.3606522,-0.7150804778,-0.6827787976,0.2000185904
cyan_forming,310,6,16,0.1953125,203.2767224,501.0266163,570.025951,-0.6933615782,568.5061889,571.545713,-0.7095124183,-0.6772107381,0.2025995245
cyan_forming,311,6,16,0.203125,203.3506398,500.8157616,570.2098613,-0.68779343,568.6900993,571.7296234,-0.7039442701,-0.6716425899,0.2052138036
cyan_forming,312,6,16,0.2109375,203.4240996,500.6049017,570.3926331,-0.6822251411,568.8728711,571.9123952,-0.6983759812,-0.6660743009,0.2078618838
cyan_forming,313,6,16,0.21875,203.4971067,500.3940344,570.5742784,-0.6766566596,569.0545163,572.0940405,-0.6928074997,-0.6605058194,0.2105442283
cyan_forming,314,6,16,0.2265625,203.5696657,500.1831579,570.7548091,-0.6710879336,569.235047,572.2745711,-0.6872387737,-0.6549370934,0.213261307
cyan_forming,315,6,16,0.234375,203.6417816,499.9722701,570.9342371,-0.6655189112,569.4144751,572.4539992,-0.6816697513,-0.6493680711,0.216013597
cyan_forming,316,6,16,0.2421875,203.7134591,499.7613692,571.1125745,-0.6599495405,569.5928124,572.6323366,-0.6761003806,-0.6437987004,0.2188015829
cyan_forming,317,6,16,0.25,203.7847031,499.5504531,571.2898332,-0.6543797696,569.7700711,572.8095952,-0.6705306097,-0.6382289295,0.2216257562
cyan_forming,318,6,16,0.2578125,203.8555184,499.3395199,571.4660251,-0.6488095466,569.9462631,572.9857872,-0.6649603867,-0.6326587065,0.2244866161
cyan_forming,319,6,16,0.265625,203.9259097,499.1285676,571.6411623,-0.6432388196,570.1214002,573.1609244,-0.6593896598,-0.6270879795,0.2273846693
cyan_forming,320,6,16,0.2734375,203.9958819,498.9175943,571.8152567,-0.6376675367,570.2954946,573.3350188,-0.6538183768,-0.6215166966,0.2303204303
cyan_forming,321,6,16,0.28125,204.0654397,498.7065979,571.9883203,-0.632095646,570.4685582,573.5080823,-0.6482464861,-0.6159448059,0.2332944214
cyan_forming,322,6,16,0.2890625,204.1345881,498.4955766,572.1603649,-0.6265230955,570.6406029,573.680127,-0.6426739356,-0.6103722554,0.2363071729
cyan_forming,323,6,16,0.296875,204.2033318,498.2845283,572.3314027,-0.6209498334,570.8116407,573.8511648,-0.6371006736,-0.6047989933,0.2393592231
cyan_forming,324,6,16,0.3046875,204.2716756,498.0734511,572.5014456,-0.6153758078,570.9816835,574.0212076,-0.6315266479,-0.5992249677,0.2424511186
cyan_forming,325,6,16,0.3125,204.3396243,497.862343,572.6705055,-0.6098009668,571.1507434,574.1902675,-0.6259518069,-0.5936501266,0.2455834144
cyan_forming,326,6,16,0.3203125,204.4071827,497.6512021,572.8385943,-0.6042252584,571.3188323,574.3583564,-0.6203760985,-0.5880744182,0.2487566741
cyan_forming,327,6,16,0.328125,204.4743557,497.4400264,573.0057242,-0.5986486307,571.4859621,574.5254862,-0.6147994708,-0.5824977906,0.2519714698
cyan_forming,328,6,16,0.3359375,204.541148,497.2288138,573.171907,-0.5930710319,571.6521449,574.691669,-0.609221872,-0.5769201918,0.2552283825
cyan_forming,329,6,16,0.34375,204.6075645,497.0175626,573.3371546,-0.58749241,571.8173926,574.8569167,-0.6036432502,-0.5713415699,0.2585280021
cyan_forming,330,6,16,0.3515625,204.67361,496.8062706,573.5014792,-0.5819127132,571.9817171,575.0212412,-0.5980635533,-0.5657618731,0.2618709277
cyan_forming,331,6,16,0.359375,204.7392893,496.594936,573.6648925,-0.5763318895,572.1451304,575.1846546,-0.5924827297,-0.5601810494,0.2652577677
cyan_forming,332,6,16,0.3671875,204.8046071,496.3835567,573.8274067,-0.5707498871,572.3076446,575.3471687,-0.5869007272,-0.554599047,0.2686891398
cyan_forming,333,6,16,0.375,204.8695684,496.1721309,573.9890336,-0.5651666539,572.4692715,575.5087956,-0.5813174941,-0.5490158138,0.2721656713
cyan_forming,334,6,16,0.3828125,204.9341778,495.9606564,574.1497852,-0.5595821382,572.6300231,575.6695473,-0.5757329783,-0.5434312981,0.2756879994
cyan_forming,335,6,16,0.390625,204.9984403,495.7491314,574.3096735,-0.553996288,572.7899114,575.8294356,-0.5701471282,-0.5378454479,0.279256771
cyan_forming,336,6,16,0.3984375,205.0623606,495.537554,574.4687105,-0.5484090515,572.9489484,575.9884726,-0.5645598916,-0.5322582113,0.2828726432
cyan_forming,337,6,16,0.40625,205.1259435,495.325922,574.6269081,-0.5428203766,573.107146,576.1466702,-0.5589712167,-0.5266695365,0.2865362834
cyan_forming,338,6,16,0.4140625,205.1891939,495.1142337,574.7842783,-0.5372302115,573.2645162,576.3040404,-0.5533810516,-0.5210793714,0.2902483694
cyan_forming,339,6,16,0.421875,205.2521165,494.9024869,574.940833,-0.5316385043,573.421071,576.4605951,-0.5477893444,-0.5154876642,0.2940095895
cyan_forming,340,6,16,0.4296875,205.3147162,494.6906798,575.0965843,-0.5260452031,573.5768222,576.6163464,-0.5421960432,-0.509894363,0.2978206429
cyan_forming,341,6,16,0.4375,205.3769978,494.4788103,575.2515441,-0.520450256,573.731782,576.7713061,-0.5366010962,-0.5042994159,0.3016822399
cyan_forming,342,6,16,0.4453125,205.4389661,494.2668766,575.4057243,-0.5148536111,573.8859622,576.9254863,-0.5310044512,-0.498702771,0.3055951018
cyan_forming,343,6,16,0.453125,205.5006258,494.0548765,575.5591369,-0.5092552165,574.0393748,577.078899,-0.5254060566,-0.4931043764,0.3095599612
cyan_forming,344,6,16,0.4609375,205.5619819,493.8428083,575.7117939,-0.5036550202,574.1920318,577.231556,-0.5198058603,-0.4875041801,0.3135775624
cyan_forming,345,6,16,0.46875,205.623039,493.6306699,575.8637073,-0.4980529704,574.3439452,577.3834693,-0.5142038106,-0.4819021303,0.3176486614
cyan_forming,346,6,16,0.4765625,205.6838021,493.4184593,576.0148889,-0.4924490152,574.4951269,577.534651,-0.5085998553,-0.4762981751,0.3217740263
cyan_forming,347,6,16,0.484375,205.7442759,493.2061746,576.1653509,-0.4868431026,574.6455888,577.685113,-0.5029939428,-0.4706922625,0.3259544371
cyan_forming,348,6,16,0.4921875,205.8044653,492.9938138,576.3151051,-0.4812351808,574.795343,577.8348672,-0.497386021,-0.4650843407,0.3301906865
cyan_forming,349,6,16,0.5,205.864375,492.781375,576.4641635,-0.4756251979,574.9444015,577.9839256,-0.491776038,-0.4594743578,0.3344835794
cyan_forming,350,6,16,0.5078125,205.9240099,492.5688561,576.6125381,-0.4700131019,575.0927761,578.1323002,-0.486163942,-0.4538622618,0.338833934
cyan_forming,351,6,16,0.515625,205.9833747,492.3562553,576.7602409,-0.4643988409,575.2404788,578.280003,-0.480549681,-0.4482480008,0.3432425811
cyan_forming,352,6,16,0.5234375,206.0424743,492.1435705,576.9072838,-0.4587823631,575.3875217,578.4270458,-0.4749332032,-0.442631523,0.347710365
cyan_forming,353,6,16,0.53125,206.1013135,491.9307998,577.0536787,-0.4531636165,575.5339166,578.5734408,-0.4693144566,-0.4370127764,0.3522381435
cyan_forming,354,6,16,0.5390625,206.1598971,491.7179413,577.1994377,-0.4475425492,575.6796756,578.7191998,-0.4636933893,-0.4313917091,0.3568267881
cyan_forming,355,6,16,0.546875,206.2182299,491.5049928,577.3445727,-0.4419191094,575.8248106,578.8643348,-0.4580699495,-0.4257682693,0.3614771842
cyan_forming,356,6,16,0.5546875,206.2763167,491.2919526,577.4890957,-0.436293245,575.9693336,579.0088577,-0.4524440852,-0.4201424049,0.3661902316
cyan_forming,357,6,16,0.5625,206.3341624,491.0788186,577.6330186,-0.4306649043,576.1132565,579.1527806,-0.4468157445,-0.4145140642,0.3709668443
cyan_forming,358,6,16,0.5703125,206.3917716,490.8655889,577.7763534,-0.4250340353,576.2565913,579.2961155,-0.4411848755,-0.4088831952,0.3758079513
cyan_forming,359,6,16,0.578125,206.4491493,490.6522614,577.9191121,-0.4194005862,576.39935,579.4388742,-0.4355514263,-0.403249746,0.3807144965
cyan_forming,360,6,16,0.5859375,206.5063003,490.4388343,578.0613067,-0.4137645049,576.5415446,579.5810687,-0.429915345,-0.3976136647,0.3856874391
cyan_forming,361,6,16,0.59375,206.5632293,490.2253055,578.202949,-0.4081257396,576.6831869,579.7227111,-0.4242765797,-0.3919748994,0.3907277536
cyan_forming,362,6,16,0.6015625,206.6199412,490.0116731,578.3440511,-0.4024842384,576.8242891,579.8638132,-0.4186350785,-0.3863333982,0.3958364305
cyan_forming,363,6,16,0.609375,206.6764408,489.7979352,578.484625,-0.3968399493,576.9648629,580.004387,-0.4129907895,-0.3806891092,0.4010144764
cyan_forming,364,6,16,0.6171875,206.7327329,489.5840897,578.6246825,-0.3911928206,577.1049205,580.1444446,-0.4073436607,-0.3750419805,0.4062629141
cyan_forming,365,6,16,0.625,206.7888223,489.3701348,578.7642358,-0.3855428003,577.2444737,580.2839978,-0.4016936404,-0.3693919601,0.4115827833
cyan_forming,366,6,16,0.6328125,206.8447137,489.1560683,578.9032966,-0.3798898364,577.3835346,580.4230587,-0.3960406765,-0.3637389963,0.4169751404
cyan_forming,367,6,16,0.640625,206.9004121,488.9418885,579.0418771,-0.3742338771,577.5221151,580.5616392,-0.3903847172,-0.358083037,0.4224410593
cyan_forming,368,6,16,0.6484375,206.9559223,488.7275932,579.1799892,-0.3685748704,577.6602271,580.6997512,-0.3847257105,-0.3524240303,0.4279816311
cyan_forming,369,6,16,0.65625,207.0112489,488.5131806,579.3176447,-0.3629127645,577.7978827,580.8374068,-0.3790636047,-0.3467619244,0.4335979652
cyan_forming,370,6,16,0.6640625,207.0663969,488.2986486,579.4548558,-0.3572475075,577.9350938,580.9746179,-0.3733983476,-0.3410966674,0.4392911889
cyan_forming,371,6,16,0.671875,207.1213711,488.0839954,579.5916344,-0.3515790474,578.0718723,581.1113964,-0.3677298875,-0.3354282073,0.4450624482
cyan_forming,372,6,16,0.6796875,207.1761762,487.8692189,579.7279923,-0.3459073324,578.2082303,581.2477544,-0.3620581725,-0.3297564923,0.4509129078
cyan_forming,373,6,16,0.6875,207.2308171,487.6543171,579.8639417,-0.3402323105,578.3441796,581.3837038,-0.3563831506,-0.3240814704,0.4568437518
cyan_forming,374,6,16,0.6953125,207.2852986,487.4392882,579.9994944,-0.3345539298,578.4797324,581.5192565,-0.35070477,-0.3184030897,0.4628561836
cyan_forming,375,6,16,0.703125,207.3396255,487.2241301,580.1346625,-0.3288721385,578.6149004,581.6544246,-0.3450229786,-0.3127212984,0.4689514267
cyan_forming,376,6,16,0.7109375,207.3938026,487.008841,580.2694579,-0.3231868846,578.7496958,581.7892199,-0.3393377247,-0.3070360445,0.4751307248
cyan_forming,377,6,16,0.71875,207.4478347,486.7934187,580.4038925,-0.3174981163,578.8841304,581.9236546,-0.3336489564,-0.3013472761,0.481395342
cyan_forming,378,6,16,0.7265625,207.5017266,486.5778613,580.5379784,-0.3118057815,579.0182163,582.0577404,-0.3279566216,-0.2956549414,0.4877465639
cyan_forming,379,6,16,0.734375,207.5554832,486.362167,580.6717274,-0.3061098285,579.1519653,582.1914895,-0.3222606686,-0.2899589883,0.4941856969
cyan_forming,380,6,16,0.7421875,207.6091091,486.1463337,580.8051516,-0.3004102052,579.2853896,582.3249137,-0.3165610453,-0.2842593651,0.5007140695
cyan_forming,381,6,16,0.75,207.6626094,485.9303594,580.938263,-0.2947068599,579.4185009,582.458025,-0.3108577,-0.2785560198,0.5073330324
cyan_forming,382,6,16,0.7578125,207.7159887,485.7142422,581.0710734,-0.2889997406,579.5513113,582.5908354,-0.3051505807,-0.2728489005,0.5140439586
cyan_forming,383,6,16,0.765625,207.7692518,485.4979801,581.2035949,-0.2832887954,579.6838328,582.7233569,-0.2994396355,-0.2671379552,0.5208482444
cyan_forming,384,6,16,0.7734375,207.8224037,485.2815712,581.3358394,-0.2775739723,579.8160773,582.8556014,-0.2937248124,-0.2614231322,0.5277473092
cyan_forming,385,6,16,0.78125,207.875449,485.0650135,581.4678189,-0.2718552196,579.9480568,582.9875809,-0.2880060597,-0.2557043794,0.5347425964
cyan_forming,386,6,16,0.7890625,207.9283926,484.848305,581.5995453,-0.2661324852,580.0797833,583.1193074,-0.2822833253,-0.2499816451,0.5418355737
cyan_forming,387,6,16,0.796875,207.9812394,484.6314437,581.7310307,-0.2604057173,580.2112686,583.2507928,-0.2765565574,-0.2442548772,0.5490277333
cyan_forming,388,6,16,0.8046875,208.033994,484.4144278,581.862287,-0.254674864,580.3425249,583.382049,-0.2708257041,-0.2385240239,0.5563205927
cyan_forming,389,6,16,0.8125,208.0866614,484.1972551,581.9933261,-0.2489398733,580.473564,583.5130882,-0.2650907135,-0.2327890332,0.563715695
cyan_forming,390,6,16,0.8203125,208.1392463,483.9799239,582.12416,-0.2432006935,580.604398,583.6439221,-0.2593515336,-0.2270498533,0.5712146095
cyan_forming,391,6,16,0.828125,208.1917535,483.762432,582.2548008,-0.2374572724,580.7350387,583.7745628,-0.2536081125,-0.2213064323,0.578818932
cyan_forming,392,6,16,0.8359375,208.2441879,483.5447776,582.3852602,-0.2317095584,580.8654982,583.9050223,-0.2478603985,-0.2155587182,0.5865302853
cyan_forming,393,6,16,0.84375,208.2965543,483.3269586,582.5155504,-0.2259574993,580.9957884,584.0353125,-0.2421083394,-0.2098066592,0.5943503197
cyan_forming,394,6,16,0.8515625,208.3488574,483.1089731,582.6456833,-0.2202010435,581.1259213,584.1654454,-0.2363518836,-0.2040502033,0.602280714
cyan_forming,395,6,16,0.859375,208.4011021,482.8908192,582.7756708,-0.2144401388,581.2559088,584.2954329,-0.2305909789,-0.1982892987,0.610323175
cyan_forming,396,6,16,0.8671875,208.4532932,482.6724948,582.905525,-0.2086747335,581.3857629,584.4252871,-0.2248255736,-0.1925238934,0.6184794392
cyan_forming,397,6,16,0.875,208.5054355,482.453998,583.0352577,-0.2029047756,581.5154957,584.5550198,-0.2190556158,-0.1867539355,0.6267512725
cyan_forming,398,6,16,0.8828125,208.5575339,482.2353269,583.164881,-0.1971302133,581.6451189,584.6846431,-0.2132810534,-0.1809793732,0.6351404709
cyan_forming,399,6,16,0.890625,208.609593,482.0164795,583.2944068,-0.1913509946,581.7746447,584.8141689,-0.2075018347,-0.1752001545,0.6436488615
cyan_forming,400,6,16,0.8984375,208.6616177,481.7974537,583.4238471,-0.1855670676,581.904085,584.9436091,-0.2017179077,-0.1694162275,0.6522783027
cyan_forming,401,6,16,0.90625,208.7136129,481.5782477,583.5532138,-0.1797783804,582.0334517,585.0729758,-0.1959292205,-0.1636275403,0.6610306846
cyan_forming,402,6,16,0.9140625,208.7655834,481.3588595,583.6825189,-0.1739848811,582.1627568,585.202281,-0.1901357212,-0.157834041,0.6699079302
cyan_forming,403,6,16,0.921875,208.8175339,481.1392871,583.8117744,-0.1681865178,582.2920123,585.3315365,-0.184337358,-0.1520356777,0.6789119955
cyan_forming,404,6,16,0.9296875,208.8694692,480.9195285,583.9409923,-0.1623832387,582.4212302,585.4607543,-0.1785340788,-0.1462323985,0.6880448703
cyan_forming,405,6,16,0.9375,208.9213943,480.6995818,584.0701844,-0.1565749917,582.5504224,585.5899465,-0.1727258318,-0.1404241516,0.6973085789
cyan_forming,406,6,16,0.9453125,208.9733138,480.479445,584.1993629,-0.150761725,582.6796008,585.7191249,-0.1669125651,-0.1346108849,0.7067051806
cyan_forming,407,6,16,0.953125,209.0252326,480.2591162,584.3285395,-0.1449433867,582.8087775,585.8483016,-0.1610942268,-0.1287925466,0.7162367706
cyan_forming,408,6,16,0.9609375,209.0771555,480.0385933,584.4577264,-0.1391199249,582.9379643,585.9774885,-0.155270765,-0.1229690847,0.7259054803
cyan_forming,409,6,16,0.96875,209.1290874,479.8178745,584.5869355,-0.1332912876,583.0671734,586.1066975,-0.1494421277,-0.1171404475,0.7357134783
cyan_forming,410,6,16,0.9765625,209.1810329,479.5969577,584.7161787,-0.127457423,583.1964166,586.2359407,-0.1436082632,-0.1113065829,0.7456629711
cyan_forming,411,6,16,0.984375,209.232997,479.375841,584.845468,-0.1216182792,583.3257059,586.36523,-0.1377691193,-0.1054674391,0.7557562036
cyan_forming,412,6,16,0.9921875,209.2849844,479.1545224,584.9748153,-0.1157738043,583.4550533,586.4945774,-0.1319246444,-0.09962296417,0.7659954602
cyan_forming,413,6,16,1,209.337,478.933,585.1042328,-0.1099239463,583.5844707,586.6239948,-0.1260747864,-0.09377310618,0.776383065
cyan_forming,414,6,17,0.125,209.39275,478.71975,585.2429416,-0.1042925425,583.7231796,586.7627037,-0.1204433826,-0.08814170236,0.7865158111
cyan_forming,415,6,17,0.25,209.4485,478.5065,585.3816505,-0.09866113866,583.8618884,586.9014125,-0.1148119788,-0.08251029854,0.7967808018
cyan_forming,416,6,17,0.375,209.50425,478.29325,585.5203593,-0.09302973483,584.0005973,587.0401214,-0.109180575,-0.07687889472,0.8071797632
cyan_forming,417,6,17,0.5,209.56,478.08,585.6590682,-0.08739833101,584.1393061,587.1788303,-0.1035491711,-0.0712474909,0.8177144437
cyan_forming,418,6,17,0.625,209.61575,477.86675,585.7977771,-0.08176692719,584.278015,587.3175391,-0.09791776731,-0.06561608708,0.8283866147
cyan_forming,419,6,17,0.75,209.6715,477.6535,585.9364859,-0.07613552337,584.4167239,587.456248,-0.09228636349,-0.05998468325,0.8391980705
cyan_forming,420,6,17,0.875,209.72725,477.44025,586.0751948,-0.07050411955,584.5554327,587.5949569,-0.08665495966,-0.05435327943,0.850150629
cyan_forming,421,6,17,1,209.783,477.227,586.2139036,-0.06487271573,584.6941416,587.7336657,-0.08102355584,-0.04872187561,0.8612461317
cyan_forming,422,6,18,0.1428571429,209.8488571,476.9965714,586.3777596,-0.05878766842,584.8579975,587.8975217,-0.07493850854,-0.04263682831,0.8733982785
cyan_forming,423,6,18,0.2857142857,209.9147143,476.7661429,586.5416156,-0.05270262112,585.0218535,588.0613776,-0.06885346123,-0.036551781,0.8857218916
cyan_forming,424,6,18,0.4285714286,209.9805714,476.5357143,586.7054715,-0.04661757381,585.1857094,588.2252336,-0.06276841393,-0.0304667337,0.8982193904
cyan_forming,425,6,18,0.5714285714,210.0464286,476.3052857,586.8693275,-0.04053252651,585.3495654,588.3890895,-0.05668336662,-0.02438168639,0.9108932283
cyan_forming,426,6,18,0.7142857143,210.1122857,476.0748571,587.0331834,-0.0344474792,585.5134213,588.5529455,-0.05059831932,-0.01829663909,0.9237458936
cyan_forming,427,6,18,0.8571428571,210.1781429,475.8444286,587.1970394,-0.0283624319,585.6772773,588.7168014,-0.04451327201,-0.01221159178,0.9367799094
cyan_forming,428,6,18,1,210.244,475.614,587.3608953,-0.02227738459,585.8411332,588.8806574,-0.03842822471,-0.006126544475,0.9499978347
cyan_forming,429,6,19,0.1428571429,210.313,475.398,587.5325708,-0.01657336009,586.0128088,589.0523329,-0.0327242002,-0.000422519971,0.9625574061
cyan_forming,430,6,19,0.2857142857,210.382,475.182,587.7042464,-0.01086933558,586.1844843,589.2240085,-0.0270201757,0.005281504533,0.975283023
cyan_forming,431,6,19,0.4285714286,210.451,474.966,587.8759219,-0.005165311079,586.3561599,589.395684,-0.02131615119,0.01098552904,0.9881768806
cyan_forming,432,6,19,0.5714285714,210.52,474.75,588.0475975,0.0005387134254,586.5278354,589.5673595,-0.01561212669,0.01668955354,1.001241203
cyan_forming,433,6,19,0.7142857143,210.589,474.534,588.219273,0.00624273793,586.6995109,589.7390351,-0.009908102186,0.02239357805,1.014478244
cyan_forming,434,6,19,0.8571428571,210.658,474.318,588.3909486,0.01194676243,586.8711865,589.9107106,-0.004204077682,0.02809760255,1.027890287
cyan_forming,435,6,19,1,210.727,474.102,588.5626241,0.01765078694,587.042862,590.0823862,0.001499946822,0.03380162705,1.041479646
cyan_forming,436,6,20,0.1666666667,210.8098333,473.8716667,588.7687177,0.02373331924,587.2489556,590.2884797,0.007582479125,0.03988415936,1.056168764
cyan_forming,437,6,20,0.3333333333,210.8926667,473.6413333,588.9748113,0.02981585154,587.4550492,590.4945733,0.01366501143,0.04596669166,1.071065059
cyan_forming,438,6,20,0.5,210.9755,473.411,589.1809048,0.03589838385,587.6611428,590.7006669,0.01974754373,0.05204922396,1.086171452
cyan_forming,439,6,20,0.6666666667,211.0583333,473.1806667,589.3869984,0.04198091615,587.8672364,590.9067605,0.02583007603,0.05813175627,1.101490907
cyan_forming,440,6,20,0.8333333333,211.1411667,472.9503333,589.593092,0.04806344845,588.07333,591.1128541,0.03191260834,0.06421428857,1.117026428
cyan_forming,441,6,20,1,211.224,472.72,589.7991856,0.05414598076,588.2794235,591.3189477,0.03799514064,0.07029682087,1.132781064
cyan_forming,442,6,21,0.1666666667,211.3103333,472.5075,590.0139874,0.05975757894,588.4942253,591.5337494,0.04360673882,0.07590841905,1.147512907
cyan_forming,443,6,21,0.3333333333,211.3966667,472.295,590.2287891,0.06536917712,588.7090271,591.7485512,0.049218337,0.08152001723,1.162436337
cyan_forming,444,6,21,0.5,211.483,472.0825,590.4435909,0.0709807753,588.9238288,591.963353,0.05482993518,0.08713161542,1.177553846
cyan_forming,445,6,21,0.6666666667,211.5693333,471.87,590.6583927,0.07659237348,589.1386306,592.1781547,0.06044153336,0.0927432136,1.192867959
cyan_forming,446,6,21,0.8333333333,211.6556667,471.6575,590.8731944,0.08220397166,589.3534324,592.3929565,0.06605313155,0.09835481178,1.208381233
cyan_forming,447,6,21,1,211.742,471.445,591.0879962,0.08781556984,589.5682341,592.6077583,0.07166472973,0.10396641,1.224096257
cyan_forming,448,6,22,0.1666666667,211.8308333,471.2518333,591.3090181,0.09291662262,589.789256,592.8287801,0.0767657825,0.1090674627,1.238558781
cyan_forming,449,6,22,0.3333333333,211.9196667,471.0586667,591.53004,0.0980176754,590.0102779,593.049802,0.08186683528,0.1141685155,1.253192178
cyan_forming,450,6,22,0.5,212.0085,470.8655,591.7510619,0.1031187282,590.2312998,593.2708239,0.08696788806,0.1192695683,1.267998466
cyan_forming,451,6,22,0.6666666667,212.0973333,470.6723333,591.9720838,0.108219781,590.4523217,593.4918458,0.09206894084,0.1243706211,1.282979689
cyan_forming,452,6,22,0.8333333333,212.1861667,470.4791667,592.1931057,0.1133208337,590.6733436,593.7128677,0.09716999362,0.1294716738,1.298137912
cyan_forming,453,6,22,1,212.275,470.286,592.4141275,0.1184218865,590.8943655,593.9338896,0.1022710464,0.1345727266,1.313475228
cyan_forming,454,6,23,0.015625,212.3832158,470.0629303,592.6833741,0.1243126044,591.163612,594.2031362,0.1081617643,0.1404634445,1.331412422
cyan_forming,455,6,23,0.03125,212.4920587,469.8437519,592.9541808,0.1301005618,591.4344188,594.4739429,0.1139497217,0.146251402,1.349275274
cyan_forming,456,6,23,0.046875,212.6015406,469.6283704,593.2265772,0.1357882544,591.7068151,594.7463393,0.1196374143,0.1519390945,1.367062135
cyan_forming,457,6,23,0.0625,212.7116731,469.4166912,593.5005926,0.1413781778,591.9808306,595.0203547,0.1252273377,0.1575290179,1.384771695
cyan_forming,458,6,23,0.078125,212.8224682,469.2086198,593.7762565,0.1468728276,592.2564945,595.2960186,0.1307219875,0.1630236677,1.402402985
cyan_forming,459,6,23,0.09375,212.9339377,469.0040617,594.0535984,0.1522746995,592.5338363,595.5733605,0.1361238594,0.1684255396,1.419955387
cyan_forming,460,6,23,0.109375,213.0460935,468.8029224,594.3326476,0.1575862892,592.8128856,595.8524097,0.1414354491,0.1737371293,1.437428625
cyan_forming,461,6,23,0.125,213.1589473,468.6051074,594.6134337,0.1628100923,593.0936716,596.1331958,0.1466592522,0.1789609324,1.454822779
cyan_forming,462,6,23,0.140625,213.272511,468.4105222,594.895986,0.1679486045,593.376224,596.4157481,0.1517977644,0.1840994446,1.472138275
cyan_forming,463,6,23,0.15625,213.3867964,468.2190724,595.1803341,0.1730043213,593.660572,596.7000962,0.1568534812,0.1891551615,1.489375897
cyan_forming,464,6,23,0.171875,213.5018154,468.0306633,595.4665073,0.1779797386,593.9467452,596.9862693,0.1618288984,0.1941305787,1.506536779
cyan_forming,465,6,23,0.1875,213.6175798,467.8452004,595.7545351,0.1828773518,594.234773,597.2742971,0.1667265117,0.1990281919,1.52362241
cyan_forming,466,6,23,0.203125,213.7341015,467.6625894,596.0444469,0.1876996567,594.5246848,597.564209,0.1715488166,0.2038504968,1.540634634
cyan_forming,467,6,23,0.21875,213.8513922,467.4827356,596.3362722,0.1924491489,594.8165101,597.8560343,0.1762983088,0.208599989,1.557575649
cyan_forming,468,6,23,0.234375,213.9694638,467.3055446,596.6300404,0.1971283241,595.1102783,598.1498025,0.180977484,0.2132791642,1.574448009
cyan_forming,469,6,23,0.25,214.0883281,467.1309219,596.925781,0.2017396779,595.4060189,598.445543,0.1855888378,0.217890518,1.591254621
cyan_forming,470,6,23,0.265625,214.207997,466.9587729,597.2235234,0.2062857059,595.7037613,598.7432854,0.1901348658,0.2224365461,1.607998747
cyan_forming,471,6,23,0.28125,214.3284823,466.7890031,597.523297,0.2107689039,596.0035349,599.043059,0.1946180638,0.226919744,1.624684001
cyan_forming,472,6,23,0.296875,214.4497959,466.6215181,597.8251313,0.2151917675,596.3053692,599.3448933,0.1990409274,0.2313426076,1.641314353
cyan_forming,473,6,23,0.3125,214.5719495,466.4562234,598.1290557,0.2195567922,596.6092936,599.6488178,0.2034059521,0.2357076323,1.657894124
cyan_forming,474,6,23,0.328125,214.694955,466.2930244,598.4350997,0.2238664739,596.9153376,599.9548617,0.2077156338,0.240017314,1.674427985
cyan_forming,475,6,23,0.34375,214.8188242,466.1318266,598.7432927,0.228123308,597.2235306,600.2630547,0.2119724679,0.2442741481,1.690920962
cyan_forming,476,6,23,0.359375,214.943569,465.9725355,599.0536641,0.2323297904,597.5339021,600.5734262,0.2161789502,0.2484806305,1.707378429
cyan_forming,477,6,23,0.375,215.0692012,465.8150566,599.3662435,0.2364884165,597.8464814,600.8860055,0.2203375764,0.2526392566,1.723806113
cyan_forming,478,6,23,0.390625,215.1957326,465.6592955,599.6810601,0.2406016821,598.1612981,601.2008222,0.224450842,0.2567525222,1.740210089
cyan_forming,479,6,23,0.40625,215.3231751,465.5051576,599.9981436,0.2446720829,598.4783815,601.5179056,0.2285212428,0.260822923,1.756596782
cyan_forming,480,6,23,0.421875,215.4515405,465.3525483,600.3175232,0.2487021144,598.7977612,601.8372853,0.2325512743,0.2648529545,1.772972969
cyan_forming,481,6,23,0.4375,215.5808406,465.2013733,600.6392286,0.2526942724,599.1194665,602.1589906,0.2365434322,0.2688451125,1.789345776
cyan_forming,482,6,23,0.453125,215.7110873,465.0515379,600.963289,0.2566510524,599.4435269,602.483051,0.2405002123,0.2728018925,1.805722678
cyan_forming,483,6,23,0.46875,215.8422923,464.9029478,601.2897339,0.2605749501,599.7699719,602.809496,0.24442411,0.2767257903,1.822111504
cyan_forming,484,6,23,0.484375,215.9744676,464.7555083,601.6185929,0.2644684613,600.0988308,603.1383549,0.2483176212,0.2806193014,1.838520435
cyan_forming,485,6,23,0.5,216.107625,464.609125,601.9498952,0.2683340814,600.4301332,603.4696573,0.2521832413,0.2844849216,1.854958003
cyan_forming,486,6,23,0.515625,216.2417763,464.4637034,602.2836705,0.2721743063,600.7639084,603.8034325,0.2560234662,0.2883251464,1.871433099
cyan_forming,487,6,23,0.53125,216.3769333,464.3191489,602.619948,0.2759916315,601.1001859,604.1397101,0.2598407914,0.2921424716,1.887954969
cyan_forming,488,6,23,0.546875,216.5131078,464.1753671,602.9587573,0.2797885526,601.4389952,604.4785194,0.2636377125,0.2959393928,1.904533222
cyan_forming,489,6,23,0.5625,216.6503118,464.0322634,603.3001278,0.2835675654,601.7803657,604.8198898,0.2674167253,0.2997184056,1.921177826
cyan_forming,490,6,23,0.578125,216.7885569,463.8897434,603.6440889,0.2873311655,602.1243268,605.1638509,0.2711803254,0.3034820056,1.93789912
cyan_forming,491,6,23,0.59375,216.9278552,463.7477126,603.9906701,0.2910818486,602.470908,605.5104321,0.2749310084,0.3072326887,1.954707812
cyan_forming,492,6,23,0.609375,217.0682183,463.6060763,604.3399008,0.2948221102,602.8201387,605.8596628,0.27867127,0.3109729503,1.971614984
cyan_forming,493,6,23,0.625,217.2096582,463.4647402,604.6918104,0.298554446,603.1720483,606.2115725,0.2824036059,0.3147052861,1.988632103
cyan_forming,494,6,23,0.640625,217.3521866,463.3236098,605.0464285,0.3022813517,603.5266664,606.5661905,0.2861305116,0.3184321919,2.005771018
cyan_forming,495,6,23,0.65625,217.4958155,463.1825904,605.4037843,0.306005323,603.8840223,606.9235464,0.2898544829,0.3221561631,2.023043974
cyan_forming,496,6,23,0.671875,217.6405565,463.0415877,605.7639075,0.3097288555,604.2441455,607.2836696,0.2935780154,0.3258796956,2.040463618
cyan_forming,497,6,23,0.6875,217.7864216,462.9005071,606.1268274,0.3134544448,604.6070654,607.6465895,0.2973036047,0.3296052849,2.058043001
cyan_forming,498,6,23,0.703125,217.9334226,462.7592541,606.4925735,0.3171845866,604.9728114,608.0123355,0.3010337465,0.3333354267,2.075795598
cyan_forming,499,6,23,0.71875,218.0815714,462.6177342,606.8611751,0.3209217765,605.3414131,608.3809372,0.3047709364,0.3370726167,2.093735306
cyan_forming,500,6,23,0.734375,218.2308797,462.4758528,607.2326619,0.3246685103,605.7128998,608.7524239,0.3085176702,0.3408193504,2.111876465
cyan_forming,501,6,23,0.75,218.3813594,462.3335156,607.6070631,0.3284272835,606.087301,609.1268251,0.3122764434,0.3445781236,2.13023386
cyan_forming,502,6,23,0.765625,218.5330223,462.190628,607.9844082,0.3322005918,606.4646461,609.5041703,0.3160497516,0.3483514319,2.148822742
cyan_forming,503,6,23,0.78125,218.6858803,462.0470954,608.3647267,0.3359909308,606.8449646,609.8844888,0.3198400907,0.3521417709,2.167658838
cyan_forming,504,6,23,0.796875,218.8399452,461.9028234,608.748048,0.3398007962,607.228286,610.2678101,0.3236499561,0.3559516363,2.186758364
cyan_forming,505,6,23,0.8125,218.9952288,461.7577175,609.1344016,0.3436326837,607.6146395,610.6541637,0.3274818436,0.3597835238,2.206138043
cyan_forming,506,6,23,0.828125,219.1517429,461.6116832,609.5238169,0.3474890889,608.0040548,611.0435789,0.3313382488,0.363639929,2.225815123
cyan_forming,507,6,23,0.84375,219.3094995,461.4646259,609.9163233,0.3513725074,608.3965612,611.4360853,0.3352216673,0.3675233475,2.245807394
cyan_forming,508,6,23,0.859375,219.4685103,461.3164511,610.3119503,0.3552854349,608.7921882,611.8317123,0.3391345948,0.371436275,2.266133208
cyan_forming,509,6,23,0.875,219.6287871,461.1670645,610.7107273,0.3592303671,609.1909652,612.2304893,0.343079527,0.3753812072,2.286811498
cyan_forming,510,6,23,0.890625,219.7903418,461.0163713,611.1126838,0.3632097996,609.5929217,612.6324458,0.3470589595,0.3793606397,2.307861805
cyan_forming,511,6,23,0.90625,219.9531863,460.8642772,611.5178491,0.367226228,609.9980871,613.0376112,0.3510753879,0.3833770682,2.329304298
cyan_forming,512,6,23,0.921875,220.1173323,460.7106876,611.9262529,0.3712821481,610.4064908,613.4460149,0.355131308,0.3874329882,2.351159803
cyan_forming,513,6,23,0.9375,220.2827917,460.5555081,612.3379244,0.3753800554,610.8181623,613.8576865,0.3592292153,0.3915308955,2.373449827
cyan_forming,514,6,23,0.953125,220.4495764,460.398644,612.7528931,0.3795224456,611.2331311,614.2726552,0.3633716055,0.3956732857,2.396196589
cyan_forming,515,6,23,0.96875,220.6176981,460.240001,613.1711886,0.3837118144,611.6514265,614.6909506,0.3675609743,0.3998626545,2.419423053
cyan_forming,516,6,23,0.984375,220.7871687,460.0794845,613.5928401,0.3879506574,612.073078,615.1126021,0.3717998173,0.4041014975,2.443152957
cyan_forming,517,6,23,1,220.958,459.917,614.0178772,0.3922414702,612.4981151,615.5376392,0.3760906301,0.4083923103,2.467410851
cyan_forming,518,6,24,0.25,221.0895,459.775,614.3450559,0.3959913382,612.8252939,615.864818,0.3798404981,0.4121421783,2.48880768
cyan_forming,519,6,24,0.5,221.221,459.633,614.6722347,0.3997412062,613.1524726,616.1919967,0.383590366,0.4158920463,2.510390057
cyan_forming,520,6,24,0.75,221.3525,459.491,614.9994134,0.4034910741,613.4796514,616.5191755,0.387340234,0.4196419142,2.532159592
cyan_forming,521,6,24,1,221.484,459.349,615.3265922,0.4072409421,613.8068301,616.8463542,0.391090102,0.4233917822,2.554117908
cyan_forming,522,6,25,0.25,221.6135,459.196,615.6487948,0.4112812928,614.1290327,617.1685569,0.3951304526,0.4274321329,2.577990382
cyan_forming,523,6,25,0.5,221.743,459.043,615.9709975,0.4153216435,614.4512354,617.4907595,0.3991708033,0.4314724836,2.602085984
cyan_forming,524,6,25,0.75,221.8725,458.89,616.2932001,0.4193619941,614.773438,617.8129622,0.403211154,0.4355128343,2.6264068
cyan_forming,525,6,25,1,222.002,458.737,616.6154028,0.4234023448,615.0956407,618.1351648,0.4072515047,0.439553185,2.650954934
cyan_forming,526,6,26,0.0078125,222.0797978,458.6357622,616.8089677,0.4260757843,615.2892057,618.3287298,0.4099249442,0.4422266244,2.667324071
cyan_forming,527,6,26,0.015625,222.1566396,458.5341772,617.0001541,0.4287583935,615.480392,618.5199162,0.4126075533,0.4449092336,2.683850951
cyan_forming,528,6,26,0.0234375,222.2325417,458.4322499,617.1890024,0.4314500389,615.6692404,618.7087645,0.4152991988,0.447600879,2.700536421
cyan_forming,529,6,26,0.03125,222.3075204,458.3299856,617.3755532,0.434150587,615.8557912,618.8953153,0.4179997469,0.4503014271,2.717381329
cyan_forming,530,6,26,0.0390625,222.381592,458.2273891,617.559847,0.4368599044,616.0400849,619.0796091,0.4207090643,0.4530107445,2.73438652
cyan_forming,531,6,26,0.046875,222.4547726,458.1244657,617.7419243,0.4395778575,616.2221623,619.2616864,0.4234270174,0.4557286976,2.751552841
cyan_forming,532,6,26,0.0546875,222.5270788,458.0212203,617.9218257,0.4423043128,616.4020636,619.4415877,0.4261534727,0.4584551529,2.768881138
cyan_forming,533,6,26,0.0625,222.5985266,457.917658,618.0995916,0.4450391369,616.5798295,619.6193536,0.4288882968,0.461189977,2.786372254
cyan_forming,534,6,26,0.0703125,222.6691325,457.8137838,618.2752626,0.4477821961,616.7555005,619.7950246,0.431631356,0.4639330363,2.804027032
cyan_forming,535,6,26,0.078125,222.7389126,457.7096028,618.4488792,0.4505333572,616.9291171,619.9686413,0.434382517,0.4666841973,2.821846314
cyan_forming,536,6,26,0.0859375,222.8078834,457.6051201,618.620482,0.4532924864,617.1007199,620.140244,0.4371416463,0.4694433265,2.839830939
cyan_forming,537,6,26,0.09375,222.876061,457.5003407,618.7901114,0.4560594503,617.2703493,620.3098735,0.4399086102,0.4722102904,2.857981744
cyan_forming,538,6,26,0.109375,223.010102,457.2899121,619.1236123,0.4616163484,617.6038503,620.6433744,0.4454655083,0.4777671885,2.894785232
cyan_forming,539,6,26,0.125,223.141166,457.0783574,619.4497063,0.4672029833,617.9299442,620.9694683,0.4510521432,0.4833538234,2.932263425
cyan_forming,540,6,26,0.140625,223.2693833,456.8657171,619.7687173,0.4728182871,618.2489553,621.2884794,0.456667447,0.4889691272,2.970422919
cyan_forming,541,6,26,0.15625,223.3948841,456.6520316,620.0809698,0.4784611917,618.5612077,621.6007319,0.4623103516,0.4946120318,3.00927025
cyan_forming,542,6,26,0.171875,223.5177987,456.4373413,620.3867878,0.4841306292,618.8670257,621.9065499,0.4679797891,0.5002814693,3.048811888
cyan_forming,543,6,26,0.1875,223.6382576,456.2216868,620.6864956,0.4898255315,619.1667335,622.2062576,0.4736746914,0.5059763716,3.089054222
cyan_forming,544,6,26,0.203125,223.7563909,456.0051083,620.9804173,0.4955448306,619.4606552,622.5001793,0.4793939905,0.5116956707,3.130003553
cyan_forming,545,6,26,0.21875,223.8723289,455.7876465,621.2688772,0.5012874585,619.7491151,622.7886392,0.4851366184,0.5174382986,3.171666087
cyan_forming,546,6,26,0.234375,223.9862021,455.5693417,621.5521994,0.5070523472,620.0324373,623.0719615,0.4909015071,0.5232031873,3.214047917
cyan_forming,547,6,26,0.25,224.0981406,455.3502344,621.8307082,0.5128384287,620.3109461,623.3504703,0.4966875886,0.5289892688,3.25715502
cyan_forming,548,6,26,0.265625,224.2082748,455.130365,622.1047278,0.518644635,620.5849657,623.6244898,0.5024937949,0.5347954751,3.30099324
cyan_forming,549,6,26,0.28125,224.316735,454.9097739,622.3745823,0.524469898,620.8548202,623.8943443,0.5083190579,0.5406207381,3.345568281
cyan_forming,550,6,26,0.296875,224.4236515,454.6885016,622.6405959,0.5303131498,621.1208339,624.160358,0.5141623097,0.5464639899,3.390885692
cyan_forming,551,6,26,0.3125,224.5291545,454.4665886,622.9030929,0.5361733223,621.3833309,624.422855,0.5200224822,0.5523241624,3.436950856
cyan_forming,552,6,26,0.328125,224.6333745,454.2440753,623.1623975,0.5420493476,621.6426355,624.6821596,0.5258985075,0.5582001877,3.483768978
cyan_forming,553,6,26,0.34375,224.7364416,454.0210021,623.4188338,0.5479401576,621.8990718,624.9385959,0.5317893175,0.5640909977,3.531345072
cyan_forming,554,6,26,0.359375,224.8384862,453.7974095,623.6727261,0.5538446843,622.152964,625.1924882,0.5376938441,0.5699955244,3.579683948
cyan_forming,555,6,26,0.375,224.9396387,453.5733379,623.9243985,0.5597618597,622.4046365,625.4441606,0.5436110195,0.5759126998,3.628790197
cyan_forming,556,6,26,0.390625,225.0400292,453.3488278,624.1741753,0.5656906158,622.6544132,625.6939374,0.5495397756,0.5818414559,3.67866818
cyan_forming,557,6,26,0.40625,225.1397881,453.1239195,624.4223806,0.5716298845,622.9026186,625.9421427,0.5554790444,0.5877807246,3.729322012
cyan_forming,558,6,26,0.421875,225.2390457,452.8986536,624.6693387,0.577578598,623.1495766,626.1891008,0.5614277578,0.5937294381,3.780755547
cyan_forming,559,6,26,0.4375,225.3379324,452.6730706,624.9153737,0.5835356881,623.3956116,626.4351358,0.5673848479,0.5996865282,3.832972365
cyan_forming,560,6,26,0.453125,225.4365783,452.4472107,625.1608099,0.5895000868,623.6410478,626.6805719,0.5733492467,0.6056509269,3.885975756
cyan_forming,561,6,26,0.46875,225.5351139,452.2211145,625.4059714,0.5954707262,623.8862093,626.9257334,0.5793198861,0.6116215663,3.939768706
cyan_forming,562,6,26,0.484375,225.6336693,451.9948225,625.6511824,0.6014465382,624.1314203,627.1709445,0.5852956981,0.6175973783,3.994353877
cyan_forming,563,6,26,0.5,225.732375,451.768375,625.8967672,0.6074264548,624.3770051,627.4165293,0.5912756147,0.623577295,4.049733595
cyan_forming,564,6,26,0.515625,225.8313612,451.5418125,626.1430499,0.6134094081,624.6232879,627.662812,0.597258568,0.6295602482,4.105909835
cyan_forming,565,6,26,0.53125,225.9307582,451.3151755,626.3903548,0.6193943299,624.8705927,627.9101169,0.6032434898,0.63554517,4.162884197
cyan_forming,566,6,26,0.546875,226.0306963,451.0885044,626.639006,0.6253801523,625.119244,628.1587681,0.6092293122,0.6415309924,4.220657899
cyan_forming,567,6,26,0.5625,226.1313059,450.8618396,626.8893278,0.6313658073,625.3695657,628.4090898,0.6152149672,0.6475166474,4.279231751
cyan_forming,568,6,26,0.578125,226.2327172,450.6352216,627.1416443,0.6373502269,625.6218822,628.6614063,0.6211993868,0.653501067,4.338606144
cyan_forming,569,6,26,0.59375,226.3350605,450.4086908,627.3962797,0.643332343,625.8765176,628.9160418,0.6271815029,0.6594831831,4.398781025
cyan_forming,570,6,26,0.609375,226.4384662,450.1822877,627.6535583,0.6493110877,626.1337962,629.1733203,0.6331602475,0.6654619278,4.459755889
cyan_forming,571,6,26,0.625,226.5430645,449.9560527,627.9138042,0.6552853929,626.3940421,629.4335662,0.6391345527,0.671436233,4.521529752
cyan_forming,572,6,26,0.640625,226.6489857,449.7300263,628.1773416,0.6612541906,626.6575795,629.6971037,0.6451033505,0.6774050307,4.584101136
cyan_forming,573,6,26,0.6484375,226.7024831,449.6171039,628.310446,0.6642361904,626.7906839,629.830208,0.6480853503,0.6803870305,4.615685296
cyan_forming,574,6,26,0.65625,226.7563601,449.5042489,628.4444948,0.6672164128,626.9247327,629.9642568,0.6510655727,0.6833672529,4.64746805
cyan_forming,575,6,26,0.6640625,226.8106331,449.3914662,628.5795286,0.6701947244,627.0597665,630.0992906,0.6540438842,0.6863455645,4.679449064
cyan_forming,576,6,26,0.671875,226.8653181,449.2787609,628.7155879,0.6731709915,627.1958258,630.2353499,0.6570201514,0.6893218317,4.711627973
cyan_forming,577,6,26,0.6796875,226.9204317,449.1661381,628.8527132,0.6761450808,627.3329512,630.3724753,0.6599942407,0.692295921,4.744004375
cyan_forming,578,6,26,0.6875,226.97599,449.0536028,628.9909451,0.6791168588,627.4711831,630.5107072,0.6629660186,0.6952676989,4.776577832
cyan_forming,579,6,26,0.6953125,227.0320093,448.9411601,629.1303241,0.6820861918,627.610562,630.6500862,0.6659353517,0.6982370319,4.809347872
cyan_forming,580,6,26,0.703125,227.088506,448.828815,629.2708907,0.6850529465,627.7511286,630.7906528,0.6689021063,0.7012037866,4.842313984
cyan_forming,581,6,26,0.7109375,227.1454963,448.7165726,629.4126854,0.6880169892,627.8929233,630.9324475,0.6718661491,0.7041678294,4.875475622
cyan_forming,582,6,26,0.71875,227.2029964,448.604438,629.5557488,0.6909781866,628.0359867,631.0755109,0.6748273465,0.7071290268,4.908832199
cyan_forming,583,6,26,0.7265625,227.2610228,448.4924162,629.7001214,0.6939364052,628.1803593,631.2198834,0.677785565,0.7100872453,4.942383091
cyan_forming,584,6,26,0.734375,227.3195916,448.3805122,629.8458436,0.6968915113,628.3260816,631.3656057,0.6807406712,0.7130423514,4.976127635
cyan_forming,585,6,26,0.7421875,227.3787192,448.2687312,629.9929561,0.6998433715,628.4731941,631.5127182,0.6836925314,0.7159942116,5.010065128
cyan_forming,586,6,26,0.75,227.4384219,448.1570781,630.1414994,0.7027918524,628.6217373,631.6612614,0.6866410122,0.7189426925,5.044194826
cyan_forming,587,6,26,0.7578125,227.4987159,448.0455581,630.2915139,0.7057368203,628.7717519,631.811276,0.6895859802,0.7218876604,5.078515945
cyan_forming,588,6,26,0.765625,227.5596175,447.9341761,630.4430403,0.7086781419,628.9232782,631.9628023,0.6925273018,0.724828982,5.113027657
cyan_forming,589,6,26,0.7734375,227.621143,447.8229373,630.596119,0.7116156836,629.0763569,632.115881,0.6954648435,0.7277665237,5.147729095
cyan_forming,590,6,26,0.78125,227.6833087,447.7118466,630.7507905,0.7145493118,629.2310284,632.2705526,0.6983984717,0.730700152,5.182619346
cyan_forming,591,6,26,0.7890625,227.746131,447.6009093,630.9070954,0.7174788932,629.3873333,632.4268575,0.7013280531,0.7336297333,5.217697455
cyan_forming,592,6,26,0.796875,227.809626,447.4901302,631.0650742,0.7204042942,629.5453122,632.5848363,0.7042534541,0.7365551343,5.252962425
cyan_forming,593,6,26,0.8046875,227.87381,447.3795145,631.2247675,0.7233253813,629.7050054,632.7445295,0.7071745412,0.7394762214,5.288413209
cyan_forming,594,6,26,0.8125,227.9386995,447.2690671,631.3862157,0.726242021,629.8664536,632.9059778,0.7100911809,0.7423928611,5.32404872
cyan_forming,595,6,26,0.8203125,228.0043105,447.1587933,631.5494594,0.7291540798,630.0296973,633.0692215,0.7130032397,0.7453049199,5.359867822
cyan_forming,596,6,26,0.828125,228.0706595,447.048698,631.7145391,0.7320614242,630.194777,633.2343012,0.7159105841,0.7482122643,5.395869333
cyan_forming,597,6,26,0.8359375,228.1377627,446.9387862,631.8814953,0.7349639207,630.3617333,633.4012574,0.7188130806,0.7511147608,5.432052024
cyan_forming,598,6,26,0.84375,228.2056364,446.8290631,632.0503686,0.7378614358,630.5306065,633.5701307,0.7217105956,0.7540122759,5.46841462
cyan_forming,599,6,26,0.8515625,228.274297,446.7195337,632.2211995,0.7407538359,630.7014374,633.7409615,0.7246029958,0.756904676,5.504955795
cyan_forming,600,6,26,0.859375,228.3437605,446.6102031,632.3940284,0.7436409877,630.8742664,633.9137905,0.7274901476,0.7597918278,5.541674175
cyan_forming,601,6,26,0.8671875,228.4140435,446.5010762,632.568896,0.7465227576,631.049134,634.0886581,0.7303719174,0.7626735977,5.578568337
cyan_forming,602,6,26,0.875,228.4851621,446.3921582,632.7458428,0.749399012,631.2260807,634.2656049,0.7332481719,0.7655498521,5.615636808
cyan_forming,603,6,26,0.8828125,228.5571327,446.2834541,632.9249092,0.7522696175,631.4051472,634.4446713,0.7361187774,0.7684204577,5.652878064
cyan_forming,604,6,26,0.890625,228.6299715,446.174969,633.1061359,0.7551344407,631.5863738,634.625898,0.7389836006,0.7712852808,5.690290528
cyan_forming,605,6,26,0.8984375,228.7036948,446.0667079,633.2895633,0.7579933479,631.7698012,634.8093253,0.7418425078,0.774144188,5.727872575
cyan_forming,606,6,26,0.90625,228.7783189,445.9586759,633.4752319,0.7608462057,631.9554698,634.994994,0.7446953656,0.7769970458,5.765622524
cyan_forming,607,6,26,0.9140625,228.8538601,445.850878,633.6631823,0.7636928806,632.1434202,635.1829444,0.7475420404,0.7798437207,5.803538643
cyan_forming,608,6,26,0.921875,228.9303347,445.7433193,633.853455,0.766533239,632.333693,635.3732171,0.7503823989,0.7826840791,5.841619146
cyan_forming,609,6,26,0.9296875,229.0077589,445.6360048,634.0460906,0.7693671476,632.5263285,635.5658526,0.7532163075,0.7855179877,5.879862193
cyan_forming,610,6,26,0.9375,229.0861492,445.5289397,634.2411295,0.7721944727,632.7213674,635.7608915,0.7560436326,0.7883453128,5.918265888
cyan_forming,611,6,26,0.9453125,229.1655216,445.4221289,634.4386122,0.7750150809,632.9188502,635.9583743,0.7588642408,0.791165921,5.956828283
cyan_forming,612,6,26,0.953125,229.2458926,445.3155775,634.6385794,0.7778288387,633.1188174,636.1583415,0.7616779986,0.7939796788,5.995547371
cyan_forming,613,6,26,0.9609375,229.3272785,445.2092906,634.8410715,0.7806356125,633.3213095,636.3608336,0.7644847724,0.7967864527,6.03442109
cyan_forming,614,6,26,0.96875,229.4096954,445.1032732,635.0461291,0.783435269,633.526367,636.5658912,0.7672844289,0.7995861091,6.073447322
cyan_forming,615,6,26,0.9765625,229.4931597,444.9975304,635.2537926,0.7862276745,633.7340306,636.7735547,0.7700768344,0.8023785146,6.11262389
cyan_forming,616,6,26,0.984375,229.5776878,444.8920672,635.4641027,0.7890126956,633.9443406,636.9838648,0.7728618554,0.8051635357,6.151948562
cyan_forming,617,6,26,0.9921875,229.6632957,444.7868887,635.6770998,0.7917901987,634.1573377,637.1968618,0.7756393586,0.8079410388,6.191419044
cyan_forming,618,6,26,1,229.75,444.682,635.8928244,0.7945600504,634.3730623,637.4125865,0.7784092103,0.8107108905,6.231032987
cyan_forming,619,6,27,0.25,229.8885,444.50375,636.2374195,0.799267191,634.7176574,637.7571816,0.7831163509,0.8154180311,6.298935931
cyan_forming,620,6,27,0.5,230.027,444.3255,636.5820146,0.8039743316,635.0622525,638.1017767,0.7878234915,0.8201251717,6.367578851
cyan_forming,621,6,27,0.75,230.1655,444.14725,636.9266097,0.8086814722,635.4068477,638.4463718,0.7925306321,0.8248323123,6.436969809
cyan_forming,622,6,27,1,230.304,443.969,637.2712048,0.8133886128,635.7514428,638.7909669,0.7972377727,0.8295394529,6.507116958
cyan_forming,623,6,28,0.25,230.44625,443.7925,637.6251301,0.8180495402,636.1053681,639.1448922,0.8018987001,0.8342003803,6.57732861
cyan_forming,624,6,28,0.5,230.5885,443.616,637.9790554,0.8227104676,636.4592934,639.4988175,0.8065596275,0.8388613078,6.648297844
cyan_forming,625,6,28,0.75,230.73075,443.4395,638.3329807,0.8273713951,636.8132187,639.8527428,0.811220555,0.8435222352,6.720032835
cyan_forming,626,6,28,1,230.873,443.263,638.686906,0.8320323225,637.167144,640.2066681,0.8158814824,0.8481831626,6.792541844
cyan_forming,627,6,29,0.25,231.017,443.0885,639.0451854,0.8366404349,637.5254234,640.5649475,0.8204895948,0.852791275,6.864998314
cyan_forming,628,6,29,0.5,231.161,442.914,639.4034648,0.8412485473,637.8837027,640.9232269,0.8250977072,0.8573993874,6.938227681
cyan_forming,629,6,29,0.75,231.305,442.7395,639.7617442,0.8458566597,638.2419821,641.2815063,0.8297058196,0.8620074998,7.01223819
cyan_forming,630,6,29,1,231.449,442.565,640.1200236,0.8504647721,638.6002615,641.6397857,0.8343139319,0.8666156122,7.087038174
cyan_forming,631,6,30,0.25,231.593,442.39225,640.478303,0.8550266713,638.9585409,641.998065,0.8388758312,0.8711775114,7.16187392
cyan_forming,632,6,30,0.5,231.737,442.2195,640.8365824,0.8595885705,639.3168203,642.3563444,0.8434377304,0.8757394106,7.237499896
cyan_forming,633,6,30,0.75,231.881,442.04675,641.1948618,0.8641504697,639.6750997,642.7146238,0.8479996296,0.8803013099,7.313924447
cyan_forming,634,6,30,1,232.025,441.874,641.5531412,0.868712369,640.0333791,643.0729032,0.8525615289,0.8848632091,7.391156004
cyan_forming,635,6,31,0.25,232.17075,441.70825,641.9157746,0.8730894155,640.3960126,643.4355367,0.8569385754,0.8892402557,7.466024583
cyan_forming,636,6,31,0.5,232.3165,441.5425,642.2784081,0.8774664621,640.758646,643.7981702,0.861315622,0.8936173022,7.541651541
cyan_forming,637,6,31,0.75,232.46225,441.37675,642.6410416,0.8818435087,641.1212795,644.1608037,0.8656926686,0.8979943488,7.618044561
cyan_forming,638,6,31,1,232.608,441.211,643.0036751,0.8862205553,641.483913,644.5234371,0.8700697152,0.9023713954,7.695211403
cyan_forming,639,6,32,0.25,232.752,441.0615,643.3619545,0.8901684797,641.8421924,644.8817165,0.8740176395,0.9063193198,7.765483114
cyan_forming,640,6,32,0.5,232.896,440.912,643.7202339,0.894116404,642.2004718,645.2399959,0.8779655639,0.9102672441,7.836396537
cyan_forming,641,6,32,0.75,233.04,440.7625,644.0785132,0.8980643284,642.5587512,645.5982753,0.8819134883,0.9142151685,7.907957533
cyan_forming,642,6,32,1,233.184,440.613,644.4367926,0.9020122528,642.9170306,645.9565547,0.8858614126,0.9181630929,7.980172014
cyan_forming,643,6,33,0.25,233.32625,440.489,644.7907179,0.9052867853,643.2709559,646.31048,0.8891359452,0.9214376255,8.04056904
cyan_forming,644,6,33,0.5,233.4685,440.365,645.1446432,0.9085613179,643.6248812,646.6644053,0.8924104778,0.924712158,8.101423174
cyan_forming,645,6,33,0.75,233.61075,440.241,645.4985685,0.9118358505,643.9788065,647.0183306,0.8956850104,0.9279866906,8.162737876
cyan_forming,646,6,33,1,233.753,440.117,645.8524938,0.9151103831,644.3327318,647.3722559,0.898959543,0.9312612232,8.22451663
cyan_forming,647,6,34,0.3333333333,233.9403333,439.9943333,646.3185888,0.9183497057,644.7988267,647.8383508,0.9021988655,0.9345005458,8.286091136
cyan_forming,648,6,34,0.6666666667,234.1276667,439.8716667,646.7846837,0.9215890282,645.2649217,648.3044458,0.9054381881,0.9377398683,8.348126632
cyan_forming,649,6,34,1,234.315,439.749,647.2507787,0.9248283508,645.7310166,648.7705407,0.9086775107,0.9409791909,8.410626569
cyan_forming,650,6,35,0.3333333333,234.4996667,439.682,647.7102388,0.9265976547,646.1904768,649.2300009,0.9104468146,0.9427484948,8.444961124
cyan_forming,651,6,35,0.6666666667,234.6843333,439.615,648.169699,0.9283669586,646.6499369,649.689461,0.9122161185,0.9445177987,8.479435843
cyan_forming,652,6,35,1,234.869,439.548,648.6291591,0.9301362625,647.109397,650.1489212,0.9139854224,0.9462871026,8.514051297
cyan_forming,653,6,36,0.3333333333,235.0466667,439.548,649.0712029,0.9301362625,647.5514408,650.590965,0.9139854224,0.9462871026,8.514051297
cyan_forming,654,6,36,0.6666666667,235.2243333,439.548,649.5132467,0.9301362625,647.9934846,651.0330087,0.9139854224,0.9462871026,8.514051297
cyan_forming,655,6,36,1,235.402,439.548,649.9552905,0.9301362625,648.4355284,651.4750525,0.9139854224,0.9462871026,8.514051297
cyan_forming,656,6,37,0.3333333333,235.5723333,439.6246667,650.3790885,0.9281116859,648.8593265,651.8988506,0.9119608458,0.944262526,8.474453204
cyan_forming,657,6,37,0.6666666667,235.7426667,439.7013333,650.8028866,0.9260871093,649.2831245,652.3226487,0.9099362692,0.9422379494,8.435039279
cyan_forming,658,6,37,1,235.913,439.778,651.2266847,0.9240625327,649.7069226,652.7464468,0.9079116926,0.9402133728,8.395808664
cyan_forming,659,6,38,0.3333333333,236.0763333,439.939,651.6330664,0.9198109218,650.1133043,653.1528285,0.9036600817,0.9359617619,8.314017261
cyan_forming,660,6,38,0.6666666667,236.2396667,440.1,652.0394481,0.915559311,650.5196861,653.5592102,0.8994084708,0.9317101511,8.233022664
cyan_forming,661,6,38,1,236.403,440.261,652.4458298,0.9113077001,650.9260678,653.9655919,0.89515686,0.9274585402,8.152817112
cyan_forming,662,6,39,0.25,236.52175,440.44275,652.7412859,0.9065081332,651.2215239,654.261048,0.8903572931,0.9226589733,8.063213015
cyan_forming,663,6,39,0.5,236.6405,440.6245,653.036742,0.9017085663,651.51698,654.5565041,0.8855577262,0.9178594064,7.974593718
cyan_forming,664,6,39,0.75,236.75925,440.80625,653.3321981,0.8969089994,651.8124361,654.8519602,0.8807581592,0.9130598395,7.886948398
cyan_forming,665,6,39,1,236.878,440.988,653.6276542,0.8921094324,652.1078922,655.1474163,0.8759585923,0.9082602726,7.800266349
cyan_forming,666,6,40,0.015625,236.937655,441.1049442,653.7760789,0.8890212267,652.2563168,655.295841,0.8728703866,0.9051720668,7.744996515
cyan_forming,667,6,40,0.03125,236.9965348,441.2228835,653.9225749,0.8859067419,652.4028129,655.442337,0.8697559018,0.9020575821,7.689652991
cyan_forming,668,6,40,0.046875,237.0546524,441.3417906,654.0671745,0.8827666999,652.5474125,655.5869366,0.8666158598,0.89891754,7.634255663
cyan_forming,669,6,40,0.0625,237.1120208,441.4616382,654.2099099,0.8796018222,652.6901478,655.7296719,0.8634509821,0.8957526623,7.578824009
cyan_forming,670,6,40,0.078125,237.1686527,441.5823989,654.3508131,0.8764128306,652.831051,655.8705751,0.8602619905,0.8925636707,7.523377096
cyan_forming,671,6,40,0.09375,237.2245612,441.7040455,654.4899164,0.8732004467,652.9701543,656.0096785,0.8570496066,0.8893512868,7.467933581
cyan_forming,672,6,40,0.109375,237.2797593,441.8265505,654.6272519,0.8699653923,653.1074899,656.147014,0.8538145521,0.8861162324,7.412511707
cyan_forming,673,6,40,0.125,237.3342598,441.9498867,654.7628519,0.8667083889,653.2430899,656.282614,0.8505575487,0.882859229,7.357129302
cyan_forming,674,6,40,0.140625,237.3880756,442.0740268,654.8967485,0.8634301582,653.3769864,656.4165106,0.8472793181,0.8795809983,7.301803783
cyan_forming,675,6,40,0.15625,237.4412198,442.1989433,655.0289739,0.860131422,653.5092118,656.5487359,0.8439805819,0.8762822622,7.246552151
cyan_forming,676,6,40,0.171875,237.4937051,442.324609,655.1595602,0.856812902,653.6397981,656.6793223,0.8406620619,0.8729637421,7.191390996
cyan_forming,677,6,40,0.1875,237.5455447,442.4509966,655.2885396,0.8534753197,653.7687776,656.8083017,0.8373244796,0.8696261598,7.136336492
cyan_forming,678,6,40,0.203125,237.5967513,442.5780787,655.4159444,0.8501193969,653.8961823,656.9357064,0.8339685568,0.866270237,7.081404407
cyan_forming,679,6,40,0.21875,237.647338,442.7058279,655.5418066,0.8467458552,654.0220445,657.0615687,0.8305950151,0.8628966954,7.026610094
cyan_forming,680,6,40,0.234375,237.6973176,442.8342171,655.6661585,0.8433554164,654.1463964,657.1859205,0.8272045763,0.8595062565,6.971968503
cyan_forming,681,6,40,0.25,237.7467031,442.9632188,655.7890322,0.8399488021,654.2692701,657.3087942,0.823797962,0.8560996422,6.917494175
cyan_forming,682,6,40,0.265625,237.7955075,443.0928056,655.9104599,0.836526734,654.3906978,657.4302219,0.8203758939,0.8526775741,6.863201251
cyan_forming,683,6,40,0.28125,237.8437436,443.2229504,656.0304738,0.8330899337,654.5107117,657.5502358,0.8169390936,0.8492407738,6.80910347
cyan_forming,684,6,40,0.296875,237.8914243,443.3536257,656.149106,0.829639123,654.6293439,657.6688681,0.8134882829,0.8457899631,6.755214176
cyan_forming,685,6,40,0.3125,237.9385627,443.4848042,656.2663888,0.8261750235,654.7466267,657.7861508,0.8100241834,0.8423258636,6.701546317
cyan_forming,686,6,40,0.328125,237.9851717,443.6164586,656.3823542,0.8226983569,654.8625922,657.9021163,0.8065475168,0.838849197,6.648112452
cyan_forming,687,6,40,0.34375,238.0312641,443.7485616,656.4970346,0.8192098448,654.9772725,658.0167966,0.8030590047,0.835360685,6.594924755
cyan_forming,688,6,40,0.359375,238.076853,443.8810858,656.610462,0.815710209,655.0906999,658.130224,0.7995593689,0.8318610492,6.541995018
cyan_forming,689,6,40,0.375,238.1219512,444.0140039,656.7226686,0.8122001712,655.2029065,658.2424306,0.7960493311,0.8283510113,6.489334653
cyan_forming,690,6,40,0.390625,238.1665716,444.1472886,656.8336866,0.8086804529,655.3139245,658.3534487,0.7925296128,0.8248312931,6.436954702
cyan_forming,691,6,40,0.40625,238.2107273,444.2809125,656.9435482,0.805151776,655.4237861,658.4633103,0.7890009359,0.8213026161,6.384865836
cyan_forming,692,6,40,0.421875,238.2544311,444.4148484,657.0522856,0.801614862,655.5325235,658.5720476,0.7854640218,0.8177657021,6.333078365
cyan_forming,693,6,40,0.4375,238.297696,444.5490688,657.1599308,0.7980704326,655.6401688,658.6796929,0.7819195925,0.8142212727,6.281602237
cyan_forming,694,6,40,0.453125,238.3405349,444.6835466,657.2665162,0.7945192095,655.7467542,658.7862783,0.7783683694,0.8106700497,6.230447051
cyan_forming,695,6,40,0.46875,238.3829608,444.8182542,657.3720739,0.7909619145,655.8523118,658.891836,0.7748110744,0.8071127546,6.179622055
cyan_forming,696,6,40,0.484375,238.4249865,444.9531645,657.476636,0.7873992691,655.9568739,658.9963981,0.771248429,0.8035501092,6.129136156
cyan_forming,697,6,40,0.5,238.466625,445.08825,657.5802347,0.7838319951,656.0604727,659.0999968,0.767681155,0.7999828352,6.078997924
cyan_forming,698,6,40,0.515625,238.5078892,445.2234835,657.6829023,0.7802608141,656.1631402,659.2026644,0.7641099739,0.7964116542,6.029215598
cyan_forming,699,6,40,0.53125,238.5487921,445.3588376,657.7846708,0.7766864478,656.2649088,659.3044329,0.7605356076,0.7928372879,5.979797094
cyan_forming,700,6,40,0.546875,238.5893466,445.494285,657.8855725,0.7731096178,656.3658104,659.4053346,0.7569587777,0.789260458,5.930750004
cyan_forming,701,6,40,0.5625,238.6295657,445.6297983,657.9856395,0.769531046,656.4658774,659.5054016,0.7533802059,0.7856818861,5.882081613
cyan_forming,702,6,40,0.578125,238.6694622,445.7653503,658.084904,0.7659514539,656.565142,659.6046661,0.7498006138,0.782102294,5.833798895
cyan_forming,703,6,40,0.59375,238.709049,445.9009136,658.1833982,0.7623715632,656.6636361,659.7031603,0.7462207231,0.7785224033,5.785908525
cyan_forming,704,6,40,0.609375,238.7483392,446.0364609,658.2811542,0.7587920956,656.7613922,659.8009163,0.7426412555,0.7749429357,5.738416883
cyan_forming,705,6,40,0.625,238.7873457,446.1719648,658.3782043,0.7552137727,656.8584423,659.8979664,0.7390629326,0.7713646128,5.691330062
cyan_forming,706,6,40,0.640625,238.8260813,446.3073981,658.4745806,0.7516373163,656.9548185,659.9943427,0.7354864762,0.7677881565,5.644653873
cyan_forming,707,6,40,0.65625,238.8645591,446.4427333,658.5703152,0.7480634481,657.0505532,660.0900773,0.731912608,0.7642142882,5.59839385
cyan_forming,708,6,40,0.671875,238.9027919,446.5779432,658.6654404,0.7444928896,657.1456784,660.1852025,0.7283420495,0.7606437298,5.552555263
cyan_forming,709,6,40,0.6875,238.9407927,446.7130005,658.7599884,0.7409263627,657.2402263,660.2797504,0.7247755226,0.7570772028,5.507143115
cyan_forming,710,6,40,0.703125,238.9785744,446.8478777,658.8539912,0.7373645889,657.3342292,660.3737533,0.7212137487,0.753515429,5.462162155
cyan_forming,711,6,40,0.71875,239.01615,446.9825477,658.9474811,0.7338082899,657.4277191,660.4672432,0.7176574498,0.74995913,5.417616884
cyan_forming,712,6,40,0.734375,239.0535323,447.1169829,659.0404903,0.7302581874,657.5207282,660.5602524,0.7141073473,0.7464090275,5.373511559
cyan_forming,713,6,40,0.75,239.0907344,447.2511563,659.1330509,0.7267150032,657.6132888,660.652813,0.7105641631,0.7428658433,5.329850202
cyan_forming,714,6,40,0.765625,239.1277691,447.3850402,659.2251951,0.7231794588,657.705433,660.7449572,0.7070286187,0.7393302989,5.286636606
cyan_forming,715,6,40,0.78125,239.1646493,447.5186076,659.3169551,0.7196522759,657.797193,660.8367171,0.7035014358,0.7358031161,5.243874339
cyan_forming,716,6,40,0.796875,239.2013881,447.651831,659.408363,0.7161341763,657.888601,660.9281251,0.6999833362,0.7322850164,5.201566754
cyan_forming,717,6,40,0.8125,239.2379983,447.7846831,659.4994511,0.7126258816,657.979689,661.0192131,0.6964750415,0.7287767217,5.159716994
cyan_forming,718,6,40,0.828125,239.2744929,447.9171366,659.5902515,0.7091281135,658.0704894,661.1100135,0.6929772734,0.7252789536,5.118327999
cyan_forming,719,6,40,0.84375,239.3108847,448.0491641,659.6807963,0.7056415936,658.1610342,661.2005584,0.6894907535,0.7217924337,5.077402513
cyan_forming,720,6,40,0.859375,239.3471868,448.1807384,659.7711178,0.7021670437,658.2513557,661.2908799,0.6860162036,0.7183178838,5.036943086
cyan_forming,721,6,40,0.875,239.3834121,448.311832,659.8612481,0.6987051854,658.3414861,661.3810102,0.6825543452,0.7148560255,4.996952088
cyan_forming,722,6,40,0.890625,239.4195735,448.4424177,659.9512195,0.6952567403,658.4314574,661.4709815,0.6791059002,0.7114075804,4.957431709
cyan_forming,723,6,40,0.90625,239.4556839,448.5724682,660.041064,0.6918224303,658.5213019,661.560826,0.6756715902,0.7079732704,4.918383969
cyan_forming,724,6,40,0.921875,239.4917562,448.7019561,660.1308138,0.6884029769,658.6110518,661.6505759,0.6722521368,0.704553817,4.879810721
cyan_forming,725,6,40,0.9375,239.5278035,448.830854,660.2205012,0.6849991018,658.7007392,661.7402633,0.6688482617,0.7011499419,4.841713662
cyan_forming,726,6,40,0.953125,239.5638385,448.9591347,660.3101583,0.6816115267,658.7903963,661.8299204,0.6654606866,0.6977623668,4.804094334
cyan_forming,727,6,40,0.96875,239.5998744,449.0867708,660.3998173,0.6782409733,658.8800552,661.9195794,0.6620901332,0.6943918134,4.766954134
cyan_forming,728,6,40,0.984375,239.6359239,449.213735,660.4895103,0.6748881633,658.9697483,662.0092724,0.6587373232,0.6910390034,4.730294318
cyan_forming,729,6,40,1,239.672,449.34,660.5792696,0.6715538183,659.0595075,662.0990317,0.6554029782,0.6877046584,4.694116008
cyan_forming,730,6,41,0.125,239.735875,449.574,660.7381939,0.6653744584,659.2184318,662.257956,0.6492236183,0.6815252985,4.627798686
cyan_forming,731,6,41,0.25,239.79975,449.808,660.8971182,0.6591950985,659.3773561,662.4168802,0.6430442584,0.6753459386,4.562418279
cyan_forming,732,6,41,0.375,239.863625,450.042,661.0560424,0.6530157386,659.5362804,662.5758045,0.6368648985,0.6691665788,4.49796155
cyan_forming,733,6,41,0.5,239.9275,450.276,661.2149667,0.6468363788,659.6952047,662.7347288,0.6306855387,0.6629872189,4.43441545
cyan_forming,734,6,41,0.625,239.991375,450.51,661.373891,0.6406570189,659.8541289,662.8936531,0.6245061788,0.656807859,4.371767115
cyan_forming,735,6,41,0.75,240.05525,450.744,661.5328153,0.634477659,660.0130532,663.0525773,0.6183268189,0.6506284991,4.310003859
cyan_forming,736,6,41,0.875,240.119125,450.978,661.6917396,0.6282982991,660.1719775,663.2115016,0.612147459,0.6444491392,4.24911318
cyan_forming,737,6,41,1,240.183,451.212,661.8506638,0.6221189392,660.3309018,663.3704259,0.6059680991,0.6382697794,4.189082749
cyan_forming,738,6,42,0.1111111111,240.2414444,451.4336667,661.9960766,0.6162652721,660.4763145,663.5158387,0.600114432,0.6324161122,4.132998733
cyan_forming,739,6,42,0.2222222222,240.2998889,451.6553333,662.1414894,0.610411605,660.6217273,663.6612515,0.5942607649,0.6265624451,4.077665577
cyan_forming,740,6,42,0.3333333333,240.3583333,451.877,662.2869022,0.6045579379,660.7671401,663.8066642,0.5884070978,0.620708778,4.02307323
cyan_forming,741,6,42,0.4444444444,240.4167778,452.0986667,662.4323149,0.5987042708,660.9125529,663.952077,0.5825534306,0.6148551109,3.969211772
cyan_forming,742,6,42,0.5555555556,240.4752222,452.3203333,662.5777277,0.5928506036,661.0579657,664.0974898,0.5766997635,0.6090014438,3.916071419
cyan_forming,743,6,42,0.6666666667,240.5336667,452.542,662.7231405,0.5869969365,661.2033784,664.2429026,0.5708460964,0.6031477766,3.863642517
cyan_forming,744,6,42,0.7777777778,240.5921111,452.7636667,662.8685533,0.5811432694,661.3487912,664.3883153,0.5649924293,0.5972941095,3.811915539
cyan_forming,745,6,42,0.8888888889,240.6505556,452.9853333,663.0139661,0.5752896023,661.494204,664.5337281,0.5591387622,0.5914404424,3.76088109
cyan_forming,746,6,42,1,240.709,453.207,663.1593788,0.5694359351,661.6396168,664.6791409,0.553285095,0.5855867753,3.710529897
cyan_forming,747,6,43,0.1111111111,240.7682222,453.4445556,663.3067268,0.5631626819,661.7869647,664.8264888,0.5470118417,0.579313522,3.65731765
cyan_forming,748,6,43,0.2222222222,240.8274444,453.6821111,663.4540747,0.5568894286,661.9343126,664.9738368,0.5407385885,0.5730402687,3.604868513
cyan_forming,749,6,43,0.3333333333,240.8866667,453.9196667,663.6014226,0.5506161753,662.0816605,665.1211847,0.5344653352,0.5667670154,3.553171543
cyan_forming,750,6,43,0.4444444444,240.9458889,454.1572222,663.7487705,0.544342922,662.2290085,665.2685326,0.5281920819,0.5604937621,3.502215953
cyan_forming,751,6,43,0.5555555556,241.0051111,454.3947778,663.8961185,0.5380696687,662.3763564,665.4158805,0.5219188286,0.5542205088,3.451991111
cyan_forming,752,6,43,0.6666666667,241.0643333,454.6323333,664.0434664,0.5317964154,662.5237043,665.5632285,0.5156455753,0.5479472555,3.402486537
cyan_forming,753,6,43,0.7777777778,241.1235556,454.8698889,664.1908143,0.5255231621,662.6710523,665.7105764,0.509372322,0.5416740023,3.353691902
cyan_forming,754,6,43,0.8888888889,241.1827778,455.1074444,664.3381623,0.5192499089,662.8184002,665.8579243,0.5030990687,0.535400749,3.305597024
cyan_forming,755,6,43,1,241.242,455.345,664.4855102,0.5129766556,662.9657481,666.0052722,0.4968258154,0.5291274957,3.258191869
cyan_forming,756,6,44,0.00390625,241.2982807,455.5825847,664.6255394,0.5067026324,663.1057773,666.1453014,0.4905517923,0.5228534725,3.211460853
cyan_forming,757,6,44,0.0078125,241.354156,455.8202369,664.76456,0.500426826,663.2447979,666.284322,0.4842759859,0.5165776661,3.165387085
cyan_forming,758,6,44,0.01171875,241.4096289,456.0579562,664.9025795,0.4941492496,663.3828174,666.4223415,0.4779984095,0.5103000897,3.119961606
cyan_forming,759,6,44,0.015625,241.4647025,456.295742,665.0396054,0.4878699164,663.5198434,666.5593675,0.4717190762,0.5040207565,3.075175574
cyan_forming,760,6,44,0.01953125,241.5193798,456.5335938,665.1756454,0.4815888394,663.6558834,666.6954075,0.4654379993,0.4977396795,3.031020261
cyan_forming,761,6,44,0.0234375,241.5736639,456.7715112,665.310707,0.4753060318,663.7909449,666.830469,0.4591551917,0.491456872,2.987487053
cyan_forming,762,6,44,0.02734375,241.6275577,457.0094936,665.4447976,0.4690215069,663.9250355,666.9645596,0.4528706668,0.485172347,2.94456745
cyan_forming,763,6,44,0.03125,241.6810644,457.2475405,665.5779248,0.4627352777,664.0581628,667.0976869,0.4465844376,0.4788861178,2.90225306
cyan_forming,764,6,44,0.03515625,241.7341868,457.4856515,665.7100963,0.4564473574,664.1903342,667.2298584,0.4402965173,0.4725981976,2.860535603
cyan_forming,765,6,44,0.0390625,241.7869282,457.723826,665.8413195,0.4501577592,664.3215574,667.3610815,0.4340069191,0.4663085993,2.819406906
cyan_forming,766,6,44,0.04296875,241.8392914,457.9620635,665.9716019,0.4438664962,664.4518398,667.491364,0.4277156561,0.4600173363,2.778858905
cyan_forming,767,6,44,0.046875,241.8912796,458.2003636,666.1009511,0.4375735816,664.5811891,667.6207132,0.4214227415,0.4537244217,2.738883638
cyan_forming,768,6,44,0.05078125,241.9428957,458.4387257,666.2293747,0.4312790285,664.7096127,667.7491368,0.4151281884,0.4474298686,2.699473252
cyan_forming,769,6,44,0.0546875,241.9941429,458.6771494,666.3568802,0.4249828501,664.8371182,667.8766423,0.40883201,0.4411336902,2.660619992
cyan_forming,770,6,44,0.05859375,242.045024,458.9156342,666.4834752,0.4186850596,664.9637131,668.0032372,0.4025342194,0.4348358997,2.62231621
cyan_forming,771,6,44,0.0625,242.0955422,459.1541794,666.6091671,0.41238567,665.089405,668.1289291,0.3962348299,0.4285365101,2.584554354
cyan_forming,772,6,44,0.06640625,242.1457005,459.3927848,666.7339635,0.4060846946,665.2142014,668.2537256,0.3899338545,0.4222355347,2.547326975
cyan_forming,773,6,44,0.0703125,242.195502,459.6314497,666.857872,0.3997821465,665.3381099,668.3776341,0.3836313063,0.4159329866,2.510626719
cyan_forming,774,6,44,0.07421875,242.2449495,459.8701736,666.9809001,0.3934780388,665.461138,668.5006622,0.3773271987,0.4096288789,2.474446332
cyan_forming,775,6,44,0.078125,242.2940463,460.1089561,667.1030554,0.3871723848,665.5832933,668.6228174,0.3710215447,0.4033232249,2.438778652
cyan_forming,776,6,44,0.08203125,242.3427953,460.3477967,667.2243453,0.3808651975,665.7045833,668.7441074,0.3647143574,0.3970160377,2.403616616
cyan_forming,777,6,44,0.0859375,242.3911995,460.5866948,667.3447775,0.3745564902,665.8250154,668.8645396,0.3584056501,0.3907073303,2.36895325
cyan_forming,778,6,44,0.08984375,242.439262,460.82565,667.4643595,0.368246276,665.9445974,668.9841215,0.3520954359,0.3843971161,2.334781675
cyan_forming,779,6,44,0.09375,242.4869858,461.0646618,667.5830988,0.361934568,666.0633367,669.1028608,0.3457837279,0.3780854081,2.301095102
cyan_forming,780,6,44,0.09765625,242.534374,461.3037296,667.7010029,0.3556213794,666.1812409,669.220765,0.3394705393,0.3717722195,2.267886832
cyan_forming,781,6,44,0.1015625,242.5814295,461.542853,667.8180795,0.3493067234,666.2983174,669.3378416,0.3331558833,0.3654575635,2.235150255
cyan_forming,782,6,44,0.10546875,242.6281554,461.7820315,667.934336,0.342990613,666.4145739,669.4540981,0.3268397729,0.3591414532,2.202878849
cyan_forming,783,6,44,0.109375,242.6745548,462.0212645,668.04978,0.3366730616,666.530018,669.5695421,0.3205222215,0.3528239017,2.171066177
cyan_forming,784,6,44,0.11328125,242.7206306,462.2605516,668.1644191,0.3303540821,666.644657,669.6841811,0.314203242,0.3465049222,2.13970589
cyan_forming,785,6,44,0.1171875,242.766386,462.4998923,668.2782607,0.3240336879,666.7584986,669.7980228,0.3078828477,0.340184528,2.108791721
cyan_forming,786,6,44,0.12109375,242.8118238,462.7392861,668.3913124,0.3177118919,666.8715504,669.9110745,0.3015610518,0.333862732,2.078317488
cyan_forming,787,6,44,0.125,242.8569473,462.9787324,668.5035819,0.3113887075,666.9838198,670.0233439,0.2952378673,0.3275395476,2.04827709
cyan_forming,788,6,44,0.12890625,242.9017593,463.2182309,668.6150765,0.3050641476,667.0953144,670.1348386,0.2889133075,0.3212149878,2.018664509
cyan_forming,789,6,44,0.1328125,242.9462629,463.4577809,668.7258039,0.2987382256,667.2060418,670.2455659,0.2825873855,0.3148890657,1.989473807
cyan_forming,790,6,44,0.13671875,242.9904613,463.697382,668.8357715,0.2924109546,667.3160095,670.3555336,0.2762601144,0.3085617947,1.960699123
cyan_forming,791,6,44,0.140625,243.0343573,463.9370337,668.944987,0.2860823476,667.425225,670.4647491,0.2699315075,0.3022331877,1.932334677
cyan_forming,792,6,44,0.14453125,243.077954,464.1767354,669.0534579,0.2797524179,667.5336958,670.57322,0.2636015778,0.295903258,1.904374765
cyan_forming,793,6,44,0.1484375,243.1212545,464.4164868,669.1611917,0.2734211786,667.6414297,670.6809538,0.2572703385,0.2895720188,1.876813759
cyan_forming,794,6,44,0.15234375,243.1642617,464.6562873,669.268196,0.2670886429,667.7484339,670.787958,0.2509378028,0.2832394831,1.849646108
cyan_forming,795,6,44,0.15625,243.2069788,464.8961363,669.3744783,0.260754824,667.8547162,670.8942403,0.2446039839,0.2769056641,1.822866333
cyan_forming,796,6,44,0.16015625,243.2494087,465.1360335,669.4800461,0.2544197349,667.960284,670.9998082,0.2382688948,0.270570575,1.796469031
cyan_forming,797,6,44,0.1640625,243.2915545,465.3759782,669.584907,0.2480833889,668.0651449,671.1046691,0.2319325487,0.264234229,1.770448869
cyan_forming,798,6,44,0.16796875,243.3334192,465.6159701,669.6890686,0.241745799,668.1693065,671.2088306,0.2255949589,0.2578966391,1.744800588
cyan_forming,799,6,44,0.171875,243.3750059,465.8560085,669.7925383,0.2354069785,668.2727762,671.3123004,0.2192561384,0.2515578187,1.719518998
cyan_forming,800,6,44,0.17578125,243.4163175,466.0960931,669.8953238,0.2290669406,668.3755617,671.4150858,0.2129161004,0.2452177807,1.69459898
cyan_forming,801,6,44,0.1796875,243.4573572,466.3362233,669.9974325,0.2227256982,668.4776704,671.5171945,0.2065748581,0.2388765384,1.670035482
cyan_forming,802,6,44,0.18359375,243.4981278,466.5763985,670.098872,0.2163832648,668.5791099,671.6186341,0.2002324246,0.2325341049,1.645823521
cyan_forming,803,6,44,0.1875,243.5386326,466.8166184,670.1996499,0.2100396532,668.6798878,671.7194119,0.1938888131,0.2261904934,1.621958183
cyan_forming,804,6,44,0.19140625,243.5788744,467.0568824,670.2997737,0.2036948769,668.7800116,671.8195357,0.1875440367,0.219845717,1.598434619
cyan_forming,805,6,44,0.1953125,243.6188564,467.29719,670.3992509,0.1973489488,668.8794888,671.9190129,0.1811981086,0.2134997889,1.575248043
cyan_forming,806,6,44,0.19921875,243.6585815,467.5375407,670.498089,0.1910018821,668.978327,672.0178511,0.174851042,0.2071527222,1.552393738
cyan_forming,807,6,44,0.203125,243.6980529,467.7779341,670.5962957,0.18465369,669.0765337,672.1160578,0.1685028499,0.2008045302,1.529867047
cyan_forming,808,6,44,0.20703125,243.7372734,468.0183695,670.6938785,0.1783043857,669.1741165,672.2136406,0.1621535456,0.1944552259,1.507663378
cyan_forming,809,6,44,0.2109375,243.7762462,468.2588466,670.7908449,0.1719539823,669.2710828,672.310607,0.1558031422,0.1881048225,1.485778202
cyan_forming,810,6,44,0.21484375,243.8149744,468.4993648,670.8872024,0.165602493,669.3674404,672.4069645,0.1494516529,0.1817533331,1.464207048
cyan_forming,811,6,44,0.21875,243.8534608,468.7399236,670.9829586,0.1592499309,669.4631966,672.5027207,0.1430990908,0.175400771,1.442945509
cyan_forming,812,6,44,0.22265625,243.8917086,468.9805226,671.0781211,0.1528963092,669.558359,672.5978832,0.136745469,0.1690471493,1.421989237
cyan_forming,813,6,44,0.2265625,243.9297207,469.2211611,671.1726973,0.146541641,669.6529353,672.6924594,0.1303908008,0.1626924811,1.401333941
cyan_forming,814,6,44,0.23046875,243.9675003,469.4618388,671.2666949,0.1401859394,669.7469328,672.7864569,0.1240350993,0.1563367796,1.380975391
cyan_forming,815,6,44,0.234375,244.0050504,469.7025552,671.3601213,0.1338292178,669.8403592,672.8798834,0.1176783777,0.1499800579,1.360909412
cyan_forming,816,6,44,0.23828125,244.0423739,469.9433096,671.4529841,0.1274714891,669.9332221,672.9727462,0.111320649,0.1436223292,1.341131889
cyan_forming,817,6,44,0.2421875,244.0794739,470.1841018,671.5452909,0.1211127666,670.0255288,673.065053,0.1049619265,0.1372636067,1.321638759
cyan_forming,818,6,44,0.24609375,244.1163535,470.424931,671.6370492,0.1147530634,670.1172871,673.1568112,0.09860222325,0.1309039035,1.302426018
cyan_forming,819,6,44,0.25,244.1530156,470.6657969,671.7282665,0.1083923926,670.2085044,673.2480285,0.0922415525,0.1245432327,1.283489714
cyan_forming,820,6,44,0.25390625,244.1894634,470.9066989,671.8189503,0.1020307675,670.2991883,673.3387124,0.08587992737,0.1181816076,1.264825951
cyan_forming,821,6,44,0.2578125,244.2256998,471.1476366,671.9091083,0.09566820114,670.3893463,673.4288704,0.07951736102,0.1118190413,1.246430883
cyan_forming,822,6,44,0.26171875,244.2617278,471.3886094,671.998748,0.08930470672,670.4789859,673.5185101,0.0731538666,0.1054555468,1.228300721
cyan_forming,823,6,44,0.265625,244.2975506,471.6296168,672.0878769,0.08294029739,670.5681148,673.6076389,0.06678945727,0.0990911375,1.210431724
cyan_forming,824,6,44,0.26953125,244.3331711,471.8706584,672.1765025,0.0765749863,670.6567404,673.6962645,0.06042414618,0.09272582641,1.192820203
cyan_forming,825,6,44,0.2734375,244.3685923,472.1117337,672.2646324,0.07020878661,670.7448703,673.7843944,0.05405794649,0.08635962672,1.175462521
cyan_forming,826,6,44,0.27734375,244.4038174,472.3528421,672.3522741,0.06384171147,670.8325121,673.8720362,0.04769087135,0.07999255159,1.15835509
cyan_forming,827,6,44,0.28125,244.4388493,472.5939831,672.4394352,0.05747377404,670.9196732,673.9591973,0.04132293393,0.07362461416,1.141494371
cyan_forming,828,6,44,0.28515625,244.473691,472.8351563,672.5261233,0.05110498748,671.0063612,674.0458853,0.03495414736,0.0672558276,1.124876872
cyan_forming,829,6,44,0.2890625,244.5083456,473.0763612,672.6123458,0.04473536494,671.0925837,674.1321079,0.02858452482,0.06088620506,1.108499151
cyan_forming,830,6,44,0.29296875,244.5428162,473.3175972,672.6981103,0.03836491957,671.1783482,674.2178724,0.02221407946,0.05451575969,1.092357814
cyan_forming,831,6,44,0.296875,244.5771057,473.5588639,672.7834244,0.03199366454,671.2636623,674.3031864,0.01584282443,0.04814450466,1.07644951
cyan_forming,832,6,44,0.30078125,244.6112172,473.8001608,672.8682955,0.025621613,671.3485334,674.3880576,0.009470772881,0.04177245311,1.060770938
cyan_forming,833,6,44,0.3046875,244.6451537,474.0414873,672.9527313,0.0192487781,671.4329692,674.4724933,0.003097937979,0.03539961821,1.045318841
cyan_forming,834,6,44,0.30859375,244.6789183,474.2828429,673.0367392,0.01287517299,671.5169772,674.5565013,-0.003275667124,0.02902601311,1.030090004
cyan_forming,835,6,44,0.3125,244.7125139,474.5242273,673.1203269,0.006500810843,671.6005649,674.640089,-0.009650029273,0.02265165096,1.015081262
cyan_forming,836,6,44,0.31640625,244.7459437,474.7656398,673.2035019,0.0001257048034,671.6837398,674.7232639,-0.01602513531,0.01627654492,1.000289488
cyan_forming,837,6,44,0.3203125,244.7792106,475.00708,673.2862716,-0.00625013197,671.7665095,674.8060337,-0.02240097209,0.009900708146,0.9857116014
cyan_forming,838,6,44,0.32421875,244.8123176,475.2485474,673.3686437,-0.01262668632,671.8488816,674.8884058,-0.02877752644,0.003524153793,0.9713445632
cyan_forming,839,6,44,0.328125,244.8452679,475.4900414,673.4506257,-0.0190039451,671.9308636,674.9703878,-0.03515478522,-0.002853104983,0.9571853763
cyan_forming,840,6,44,0.33203125,244.8780644,475.7315616,673.5322251,-0.02538189514,672.012463,675.0519872,-0.04153273526,-0.009231055027,0.943231085
cyan_forming,841,6,44,0.3359375,244.9107102,475.9731075,673.6134495,-0.0317605233,672.0936874,675.1332116,-0.04791136342,-0.01560968318,0.9294787745
cyan_forming,842,6,44,0.33984375,244.9432083,476.2146786,673.6943064,-0.03813981641,672.1745444,675.2140685,-0.05429065653,-0.0219889763,0.9159255703
cyan_forming,843,6,44,0.34375,244.9755617,476.4562743,673.7748034,-0.04451976133,672.2550413,675.2945655,-0.06067060144,-0.02836892121,0.9025686377
cyan_forming,844,6,44,0.34765625,245.0077735,476.6978943,673.854948,-0.05090034489,672.3351859,675.37471,-0.067051185,-0.03474950477,0.8894051813
cyan_forming,845,6,44,0.3515625,245.0398467,476.9395379,673.9347477,-0.05728155393,672.4149856,675.4545098,-0.07343239405,-0.04113071382,0.8764324441
cyan_forming,846,6,44,0.35546875,245.0717843,477.1812047,674.0142101,-0.06366337532,672.4944481,675.5339722,-0.07981421543,-0.0475125352,0.8636477078
cyan_forming,847,6,44,0.359375,245.1035894,477.4228942,674.0933428,-0.07004579588,672.5735807,675.6131049,-0.086196636,-0.05389495576,0.8510482914
cyan_forming,848,6,44,0.36328125,245.135265,477.6646059,674.1721532,-0.07642880247,672.6523912,675.6919153,-0.09257964258,-0.06027796235,0.8386315513
cyan_forming,849,6,44,0.3671875,245.1668141,477.9063393,674.250649,-0.08281238192,672.7308869,675.770411,-0.09896322204,-0.0666615418,0.8263948805
cyan_forming,850,6,44,0.37109375,245.1982397,478.1480939,674.3288376,-0.08919652108,672.8090755,675.8485996,-0.1053473612,-0.07304568097,0.8143357084
cyan_forming,851,6,44,0.375,245.2295449,478.3898691,674.4067266,-0.09558120681,672.8869645,675.9264887,-0.1117320469,-0.07943036669,0.8024515
cyan_forming,852,6,44,0.37890625,245.2607328,478.6316646,674.4843236,-0.1019664259,672.9645615,676.0040856,-0.118117266,-0.08581558581,0.7907397555
cyan_forming,853,6,44,0.3828125,245.2918063,478.8734798,674.561636,-0.1083521653,673.041874,676.0813981,-0.1245030054,-0.09220132518,0.77919801
cyan_forming,854,6,44,0.38671875,245.3227684,479.1153142,674.6386715,-0.1147384118,673.1189094,676.1584336,-0.1308892519,-0.09858757164,0.7678238328
cyan_forming,855,6,44,0.390625,245.3536223,479.3571673,674.7154376,-0.1211251521,673.1956755,676.2351996,-0.1372759923,-0.104974312,0.7566148273
cyan_forming,856,6,44,0.39453125,245.384371,479.5990386,674.7919417,-0.1275123733,673.2721797,676.3117038,-0.1436632134,-0.1113615332,0.74556863
cyan_forming,857,6,44,0.3984375,245.4150174,479.8409276,674.8681916,-0.1339000621,673.3484295,676.3879537,-0.1500509022,-0.117749222,0.7346829106
cyan_forming,858,6,44,0.40234375,245.4455646,480.0828338,674.9441946,-0.1402882054,673.4244326,676.4639567,-0.1564390455,-0.1241373652,0.7239553713
cyan_forming,859,6,44,0.40625,245.4760157,480.3247567,675.0199584,-0.1466767899,673.5001964,676.5397205,-0.1628276301,-0.1305259498,0.7133837461
cyan_forming,860,6,44,0.41015625,245.5063736,480.5666958,675.0954905,-0.1530658027,673.5757285,676.6152526,-0.1692166428,-0.1369149625,0.7029658011
cyan_forming,861,6,44,0.4140625,245.5366414,480.8086507,675.1707984,-0.1594552304,673.6510364,676.6905605,-0.1756060705,-0.1433043903,0.6926993332
cyan_forming,862,6,44,0.41796875,245.5668222,481.0506207,675.2458897,-0.16584506,673.7261277,676.7656518,-0.1819959001,-0.1496942199,0.6825821705
cyan_forming,863,6,44,0.421875,245.5969189,481.2926055,675.3207719,-0.1722352782,673.8010099,676.840534,-0.1883861183,-0.1560844381,0.6726121712
cyan_forming,864,6,44,0.42578125,245.6269346,481.5346045,675.3954526,-0.178625872,673.8756905,676.9152147,-0.1947767121,-0.1624750319,0.6627872235
cyan_forming,865,6,44,0.4296875,245.6568724,481.7766173,675.4699393,-0.1850168282,673.9501772,676.9897014,-0.2011676683,-0.1688659881,0.6531052454
cyan_forming,866,6,44,0.43359375,245.6867352,482.0186432,675.5442395,-0.1914081336,674.0244774,677.0640016,-0.2075589737,-0.1752572935,0.6435641839
cyan_forming,867,6,44,0.4375,245.7165261,482.2606819,675.6183608,-0.1977997751,674.0985988,677.1381229,-0.2139506152,-0.1816489349,0.6341620147
cyan_forming,868,6,44,0.44140625,245.7462482,482.5027328,675.6923108,-0.2041917394,674.1725487,677.2120728,-0.2203425796,-0.1880408993,0.6248967422
cyan_forming,869,6,44,0.4453125,245.7759043,482.7447954,675.7660969,-0.2105840136,674.2463348,677.2858589,-0.2267348537,-0.1944331735,0.6157663986
cyan_forming,870,6,44,0.44921875,245.8054977,482.9868693,675.8397267,-0.2169765843,674.3199647,677.3594888,-0.2331274244,-0.2008257442,0.6067690437
cyan_forming,871,6,44,0.453125,245.8350313,483.2289539,675.9132078,-0.2233694385,674.3934458,677.4329699,-0.2395202786,-0.2072185984,0.5979027646
cyan_forming,872,6,44,0.45703125,245.8645082,483.4710487,675.9865477,-0.2297625629,674.4667857,677.5063098,-0.2459134031,-0.2136117228,0.5891656754
cyan_forming,873,6,44,0.4609375,245.8939313,483.7131533,676.059754,-0.2361559445,674.5399919,677.579516,-0.2523067847,-0.2200051044,0.5805559166
cyan_forming,874,6,44,0.46484375,245.9233037,483.9552671,676.1328341,-0.2425495701,674.613072,677.6525962,-0.2587004102,-0.22639873,0.572071655
cyan_forming,875,6,44,0.46875,245.9526285,484.1973897,676.2057957,-0.2489434265,674.6860336,677.7255577,-0.2650942666,-0.2327925864,0.563711083
cyan_forming,876,6,44,0.47265625,245.9819087,484.4395205,676.2786462,-0.2553375006,674.7588842,677.7984083,-0.2714883407,-0.2391866605,0.5554724186
cyan_forming,877,6,44,0.4765625,246.0111472,484.681659,676.3513933,-0.2617317792,674.8316312,677.8711553,-0.2778826193,-0.2455809391,0.547353905
cyan_forming,878,6,44,0.48046875,246.0403472,484.9238048,676.4240444,-0.2681262491,674.9042823,677.9438065,-0.2842770892,-0.251975409,0.53935381
cyan_forming,879,6,44,0.484375,246.0695117,485.1659573,676.4966071,-0.2745208972,674.9768451,678.0163692,-0.2906717374,-0.2583700571,0.5314704258
cyan_forming,880,6,44,0.48828125,246.0986437,485.4081161,676.569089,-0.2809157104,675.0493269,678.0888511,-0.2970665505,-0.2647648703,0.5237020689
cyan_forming,881,6,44,0.4921875,246.1277462,485.6502807,676.6414976,-0.2873106755,675.1217355,678.1612596,-0.3034615156,-0.2711598354,0.5160470795
cyan_forming,882,6,44,0.49609375,246.1568223,485.8924505,676.7138403,-0.2937057793,675.1940783,678.2336024,-0.3098566194,-0.2775549392,0.5085038211
cyan_forming,883,6,44,0.5,246.185875,486.134625,676.7861249,-0.3001010087,675.2663628,678.305887,-0.3162518488,-0.2839501685,0.5010706805
cyan_forming,884,6,44,0.50390625,246.2149073,486.3768038,676.8583588,-0.3064963505,675.3385967,678.3781209,-0.3226471906,-0.2903455103,0.4937460674
cyan_forming,885,6,44,0.5078125,246.2439223,486.6189864,676.9305495,-0.3128917915,675.4107875,678.4503116,-0.3290426316,-0.2967409514,0.4865284136
cyan_forming,886,6,44,0.51171875,246.272923,486.8611722,677.0027047,-0.3192873187,675.4829426,678.5224667,-0.3354381588,-0.3031364786,0.4794161736
cyan_forming,887,6,44,0.515625,246.3019123,487.1033608,677.0748318,-0.3256829188,675.5550697,678.5945938,-0.341833759,-0.3095320787,0.4724078233
cyan_forming,888,6,44,0.51953125,246.3308935,487.3455516,677.1469384,-0.3320785788,675.6271763,678.6667004,-0.3482294189,-0.3159277387,0.4655018606
cyan_forming,889,6,44,0.5234375,246.3598694,487.5877442,677.219032,-0.3384742853,675.6992699,678.738794,-0.3546251255,-0.3223234452,0.4586968045
cyan_forming,890,6,44,0.52734375,246.3888432,487.8299381,677.2911202,-0.3448700254,675.7713581,678.8108822,-0.3610208655,-0.3287191853,0.451991195
cyan_forming,891,6,44,0.53125,246.4178178,488.0721328,677.3632105,-0.3512657858,675.8434484,678.8829725,-0.3674166259,-0.3351149457,0.4453835927
cyan_forming,892,6,44,0.53515625,246.4467963,488.3143277,677.4353104,-0.3576615534,675.9155483,678.9550725,-0.3738123935,-0.3415107133,0.4388725789
cyan_forming,893,6,44,0.5390625,246.4757817,488.5565224,677.5074276,-0.364057315,675.9876655,679.0271896,-0.3802081551,-0.3479064749,0.4324567548
cyan_forming,894,6,44,0.54296875,246.504777,488.7987164,677.5795695,-0.3704530575,676.0598074,679.0993316,-0.3866038976,-0.3543022173,0.4261347417
cyan_forming,895,6,44,0.546875,246.5337853,489.0409091,677.6517437,-0.3768487676,676.1319816,679.1715057,-0.3929996077,-0.3606979275,0.4199051802
cyan_forming,896,6,44,0.55078125,246.5628097,489.2831002,677.7239577,-0.3832444324,676.2041956,679.2437198,-0.3993952725,-0.3670935922,0.4137667305
cyan_forming,897,6,44,0.5546875,246.591853,489.525289,677.7962191,-0.3896400385,676.276457,679.3159812,-0.4057908786,-0.3734891984,0.4077180717
cyan_forming,898,6,44,0.55859375,246.6209185,489.7674751,677.8685354,-0.3960355729,676.3487734,679.3882975,-0.412186413,-0.3798847327,0.4017579017
cyan_forming,899,6,44,0.5625,246.650009,490.009658,677.9409142,-0.4024310223,676.4211521,679.4606763,-0.4185818624,-0.3862801822,0.395884937
cyan_forming,900,6,44,0.56640625,246.6791277,490.2518371,678.013363,-0.4088263737,676.4936009,679.5331251,-0.4249772138,-0.3926755336,0.3900979125
cyan_forming,901,6,44,0.5703125,246.7082776,490.4940121,678.0858893,-0.4152216139,676.5661272,679.6056514,-0.431372454,-0.3990707738,0.3843955807
cyan_forming,902,6,44,0.57421875,246.7374616,490.7361823,678.1585007,-0.4216167297,676.6387387,679.6782628,-0.4377675698,-0.4054658896,0.3787767124
cyan_forming,903,6,44,0.578125,246.7666829,490.9783474,678.2312048,-0.4280117079,676.7114427,679.7509668,-0.4441625481,-0.4118608678,0.3732400956
cyan_forming,904,6,44,0.58203125,246.7959444,491.2205067,678.304009,-0.4344065355,676.7842469,679.823771,-0.4505573756,-0.4182556954,0.3677845357
cyan_forming,905,6,44,0.5859375,246.8252493,491.4626598,678.3769209,-0.4408011992,676.8571588,679.896683,-0.4569520394,-0.4246503591,0.3624088552
cyan_forming,906,6,44,0.58984375,246.8546004,491.7048062,678.4499481,-0.447195686,676.930186,679.9697102,-0.4633465261,-0.4310448459,0.3571118931
cyan_forming,907,6,44,0.59375,246.8840009,491.9469455,678.5230981,-0.4535899825,677.003336,680.0428602,-0.4697408227,-0.4374391424,0.3518925055
cyan_forming,908,6,44,0.59765625,246.9134539,492.189077,678.5963784,-0.4599840758,677.0766164,680.1161405,-0.4761349159,-0.4438332357,0.3467495644
cyan_forming,909,6,44,0.6015625,246.9429622,492.4312003,678.6697967,-0.4663779526,677.1500346,680.1895587,-0.4825287927,-0.4502271125,0.3416819582
cyan_forming,910,6,44,0.60546875,246.9725289,492.6733149,678.7433603,-0.4727715998,677.2235982,680.2631224,-0.4889224399,-0.4566207596,0.3366885911
cyan_forming,911,6,44,0.609375,247.0021572,492.9154204,678.8170769,-0.4791650041,677.2973149,680.336839,-0.4953158443,-0.463014164,0.3317683828
cyan_forming,912,6,44,0.61328125,247.03185,493.1575161,678.8909541,-0.4855581526,677.371192,680.4107161,-0.5017089927,-0.4694073125,0.3269202689
cyan_forming,913,6,44,0.6171875,247.0616103,493.3996017,678.9649993,-0.491951032,677.4452372,680.4847613,-0.5081018721,-0.4758001918,0.3221431997
cyan_forming,914,6,44,0.62109375,247.0914412,493.6416766,679.0392201,-0.4983436291,677.519458,680.5589822,-0.5144944692,-0.482192789,0.317436141
cyan_forming,915,6,44,0.625,247.1213457,493.8837402,679.113624,-0.5047359308,677.593862,680.6333861,-0.5208867709,-0.4885850907,0.3127980732
cyan_forming,916,6,44,0.62890625,247.1513269,494.1257922,679.1882187,-0.511127924,677.6684566,680.7079807,-0.5272787641,-0.4949770838,0.3082279913
cyan_forming,917,6,44,0.6328125,247.1813877,494.367832,679.2630115,-0.5175195954,677.7432495,680.7827736,-0.5336704355,-0.5013687553,0.3037249048
cyan_forming,918,6,44,0.63671875,247.2115312,494.6098592,679.3380102,-0.523910932,677.8182481,680.8577722,-0.5400617721,-0.5077600919,0.2992878373
cyan_forming,919,6,44,0.640625,247.2417605,494.8518731,679.4132221,-0.5303019205,677.8934601,680.9329842,-0.5464527607,-0.5141510804,0.2949158266
cyan_forming,920,6,44,0.64453125,247.2720785,495.0938734,679.4886549,-0.5366925479,677.9688929,681.008417,-0.552843388,-0.5205417078,0.290607924
cyan_forming,921,6,44,0.6484375,247.3024883,495.3358595,679.5643161,-0.543082801,678.0445541,681.0840782,-0.5592336411,-0.5269319609,0.2863631948
cyan_forming,922,6,44,0.65234375,247.332993,495.5778309,679.6402133,-0.5494726665,678.1204512,681.1599754,-0.5656235066,-0.5333218264,0.2821807175
cyan_forming,923,6,44,0.65625,247.3635955,495.8197872,679.7163539,-0.5558621314,678.1965919,681.236116,-0.5720129716,-0.5397112913,0.2780595839
cyan_forming,924,6,44,0.66015625,247.3942989,496.0617278,679.7927456,-0.5622511825,678.2729835,681.3125077,-0.5784020227,-0.5461003424,0.2739988988
cyan_forming,925,6,44,0.6640625,247.4251062,496.3036522,679.8693958,-0.5686398067,678.3496338,681.3891579,-0.5847906468,-0.5524889666,0.26999778
cyan_forming,926,6,44,0.66796875,247.4560205,496.54556,679.9463122,-0.5750279907,678.4265501,681.4660743,-0.5911788309,-0.5588771506,0.2660553579
cyan_forming,927,6,44,0.671875,247.4870448,496.7874506,680.0235022,-0.5814157215,678.5037402,681.5432643,-0.5975665616,-0.5652648814,0.2621707754
cyan_forming,928,6,44,0.67578125,247.5181821,497.0293235,680.1009734,-0.5878029859,678.5812114,681.6207355,-0.603953826,-0.5716521457,0.2583431878
cyan_forming,929,6,44,0.6796875,247.5494355,497.2711782,680.1787334,-0.5941897706,678.6589713,681.6984955,-0.6103406107,-0.5780389305,0.2545717625
cyan_forming,930,6,44,0.68359375,247.5808079,497.5130143,680.2567896,-0.6005760627,678.7370276,681.7765517,-0.6167269028,-0.5844252225,0.250855679
cyan_forming,931,6,44,0.6875,247.6123025,497.7548313,680.3351497,-0.6069618488,678.8153877,681.8549118,-0.6231126889,-0.5908110087,0.2471941287
cyan_forming,932,6,44,0.69140625,247.6439222,497.9966286,680.4138212,-0.6133471159,678.8940591,681.9335832,-0.629497956,-0.5971962758,0.2435863143
cyan_forming,933,6,44,0.6953125,247.6756701,498.2384057,680.4928115,-0.6197318508,678.9730495,682.0125736,-0.6358826909,-0.6035810107,0.2400314503
cyan_forming,934,6,44,0.69921875,247.7075492,498.4801622,680.5721283,-0.6261160403,679.0523663,682.0918904,-0.6422668805,-0.6099652002,0.2365287625
cyan_forming,935,6,44,0.703125,247.7395625,498.7218976,680.6517792,-0.6324996714,679.1320171,682.1715412,-0.6486505115,-0.6163488312,0.2330774879
cyan_forming,936,6,44,0.70703125,247.7717131,498.9636113,680.7317715,-0.6388827307,679.2120095,682.2515336,-0.6550335708,-0.6227318906,0.2296768744
cyan_forming,937,6,44,0.7109375,247.804004,499.2053028,680.812113,-0.6452652053,679.2923509,682.331875,-0.6614160454,-0.6291143651,0.2263261807
cyan_forming,938,6,44,0.71484375,247.8364383,499.4469717,680.892811,-0.6516470818,679.373049,682.4125731,-0.6677979219,-0.6354962417,0.2230246765
cyan_forming,939,6,44,0.71875,247.8690189,499.6886175,680.9738733,-0.6580283472,679.4541112,682.4936354,-0.6741791874,-0.6418775071,0.2197716419
cyan_forming,940,6,44,0.72265625,247.9017489,499.9302396,681.0553073,-0.6644089884,679.5355452,682.5750693,-0.6805598285,-0.6482581483,0.2165663673
cyan_forming,941,6,44,0.7265625,247.9346314,500.1718376,681.1371205,-0.6707889921,679.6173584,682.6568825,-0.6869398322,-0.6546381519,0.2134081534
cyan_forming,942,6,44,0.73046875,247.9676693,500.4134109,681.2193205,-0.6771683451,679.6995584,682.7390826,-0.6933191852,-0.661017505,0.2102963112
cyan_forming,943,6,44,0.734375,248.0008657,500.6549591,681.3019149,-0.6835470345,679.7821528,682.8216769,-0.6996978746,-0.6673961943,0.2072301615
cyan_forming,944,6,44,0.73828125,248.0342236,500.8964817,681.3849111,-0.6899250469,679.865149,682.9046732,-0.706075887,-0.6737742068,0.204209035
cyan_forming,945,6,44,0.7421875,248.0677461,501.1379781,681.4683168,-0.6963023692,679.9485547,682.9880788,-0.7124532093,-0.6801515291,0.2012322721
cyan_forming,946,6,44,0.74609375,248.1014362,501.3794479,681.5521394,-0.7026789883,680.0323774,683.0719015,-0.7188298285,-0.6865281482,0.1982992226
cyan_forming,947,6,44,0.75,248.1352969,501.6208906,681.6363866,-0.7090548911,680.1166245,683.1561487,-0.7252057312,-0.692904051,0.195409246
cyan_forming,948,6,44,0.75390625,248.1693312,501.8623057,681.7210658,-0.7154300643,680.2013037,683.2408279,-0.7315809044,-0.6992792242,0.1925617108
cyan_forming,949,6,44,0.7578125,248.2035423,502.1036926,681.8061846,-0.7218044948,680.2864226,683.3259467,-0.7379553349,-0.7056536547,0.1897559949
cyan_forming,950,6,44,0.76171875,248.237933,502.3450509,681.8917506,-0.7281781695,680.3719885,683.4115126,-0.7443290096,-0.7120273293,0.186991485
cyan_forming,951,6,44,0.765625,248.2725065,502.5863801,681.9777712,-0.7345510751,680.4580092,683.4975333,-0.7507019152,-0.718400235,0.1842675769
cyan_forming,952,6,44,0.76953125,248.3072658,502.8276797,682.0642541,-0.7409231986,680.544492,683.5840162,-0.7570740388,-0.7247723585,0.181583675
cyan_forming,953,6,44,0.7734375,248.3422139,503.0689492,682.1512067,-0.7472945268,680.6314447,683.6709688,-0.763445367,-0.7311436867,0.1789391925
cyan_forming,954,6,44,0.77734375,248.3773538,503.310188,682.2386367,-0.7536650466,680.7188746,683.7583988,-0.7698158867,-0.7375142064,0.176333551
cyan_forming,955,6,44,0.78125,248.4126886,503.5513957,682.3265515,-0.7600347447,680.8067894,683.8463136,-0.7761855848,-0.7438839045,0.1737661806
cyan_forming,956,6,44,0.78515625,248.4482213,503.7925718,682.4149587,-0.766403608,680.8951967,683.9347208,-0.7825544481,-0.7502527679,0.1712365195
cyan_forming,957,6,44,0.7890625,248.483955,504.0337158,682.5038659,-0.7727716234,680.9841038,684.0236279,-0.7889224635,-0.7566207833,0.1687440144
cyan_forming,958,6,44,0.79296875,248.5198926,504.2748272,682.5932805,-0.7791387777,681.0735184,684.1130426,-0.7952896178,-0.7629879376,0.1662881196
cyan_forming,959,6,44,0.796875,248.5560372,504.5159055,682.6832102,-0.7855050577,681.1634481,684.2029722,-0.8016558978,-0.7693542176,0.1638682977
cyan_forming,960,6,44,0.80078125,248.5923919,504.7569502,682.7736624,-0.7918704504,681.2539003,684.2934245,-0.8080212905,-0.7757196103,0.161484019
cyan_forming,961,6,44,0.8046875,248.6289596,504.9979608,682.8646448,-0.7982349425,681.3448827,684.3844068,-0.8143857826,-0.7820841023,0.1591347615
cyan_forming,962,6,44,0.80859375,248.6657434,505.2389368,682.9561648,-0.8045985208,681.4364027,684.4759268,-0.820749361,-0.7884476807,0.1568200107
cyan_forming,963,6,44,0.8125,248.7027463,505.4798777,683.04823,-0.8109611723,681.5284679,684.567992,-0.8271120125,-0.7948103322,0.1545392598
cyan_forming,964,6,44,0.81640625,248.7399714,505.720783,683.1408479,-0.8173228838,681.6210859,684.66061,-0.8334737239,-0.8011720437,0.1522920091
cyan_forming,965,6,44,0.8203125,248.7774217,505.9616522,683.2340261,-0.8236836421,681.7142641,684.7537882,-0.8398344822,-0.807532802,0.1500777665
cyan_forming,966,6,44,0.82421875,248.8151002,506.2024848,683.3277722,-0.8300434341,681.8080101,684.8475343,-0.8461942742,-0.813892594,0.1478960469
cyan_forming,967,6,44,0.828125,248.85301,506.4432803,683.4220936,-0.8364022466,681.9023316,684.9418557,-0.8525530867,-0.8202514065,0.1457463722
cyan_forming,968,6,44,0.83203125,248.891154,506.6840382,683.516998,-0.8427600664,681.9972359,685.03676,-0.8589109065,-0.8266092263,0.1436282714
cyan_forming,969,6,44,0.8359375,248.9295354,506.924758,683.6124928,-0.8491168804,682.0927307,685.1322548,-0.8652677206,-0.8329660403,0.1415412803
cyan_forming,970,6,44,0.83984375,248.9681571,507.1654393,683.7085856,-0.8554726755,682.1888235,685.2283476,-0.8716235156,-0.8393218354,0.1394849415
cyan_forming,971,6,44,0.84375,249.0070222,507.4060815,683.8052839,-0.8618274385,682.2855218,685.325046,-0.8779782786,-0.8456765983,0.1374588042
cyan_forming,972,6,44,0.84765625,249.0461337,507.646684,683.9025953,-0.8681811561,682.3828333,685.4223574,-0.8843319963,-0.852030316,0.1354624244
cyan_forming,973,6,44,0.8515625,249.0854946,507.8872465,684.0005274,-0.8745338154,682.4807653,685.5202894,-0.8906846555,-0.8583829753,0.1334953642
cyan_forming,974,6,44,0.85546875,249.125108,508.1277685,684.0990876,-0.8808854031,682.5793255,685.6188496,-0.8970362432,-0.864734563,0.1315571925
cyan_forming,975,6,44,0.859375,249.164977,508.3682493,684.1982835,-0.887235906,682.6785214,685.7180456,-0.9033867462,-0.8710850659,0.1296474843
cyan_forming,976,6,44,0.86328125,249.2051044,508.6086886,684.2981227,-0.8935853111,682.7783606,685.8178848,-0.9097361512,-0.877434471,0.1277658207
cyan_forming,977,6,44,0.8671875,249.2454935,508.8490858,684.3986127,-0.8999336051,682.8788506,685.9183747,-0.9160844452,-0.883782765,0.1259117891
cyan_forming,978,6,44,0.87109375,249.2861471,509.0894404,684.499761,-0.9062807749,682.9799989,686.0195231,-0.922431615,-0.8901299348,0.1240849829
cyan_forming,979,6,44,0.875,249.3270684,509.329752,684.6015752,-0.9126268073,683.0818131,686.1213373,-0.9287776475,-0.8964759672,0.1222850013
cyan_forming,980,6,44,0.87890625,249.3682603,509.5700199,684.7040628,-0.9189716893,683.1843008,686.2238249,-0.9351225294,-0.9028208492,0.1205114497
cyan_forming,981,6,44,0.8828125,249.4097259,509.8102439,684.8072314,-0.9253154075,683.2874694,686.3269935,-0.9414662477,-0.9091645674,0.1187639388
cyan_forming,982,6,44,0.88671875,249.4514683,510.0504232,684.9110886,-0.931657949,683.3913265,686.4308506,-0.9478087891,-0.9155071089,0.1170420853
cyan_forming,983,6,44,0.890625,249.4934904,510.2905575,685.0156417,-0.9379993004,683.4958797,686.5354038,-0.9541501406,-0.9218484603,0.1153455116
cyan_forming,984,6,44,0.89453125,249.5357953,510.5306463,685.1208985,-0.9443394488,683.6011364,686.6406606,-0.9604902889,-0.9281886086,0.1136738453
cyan_forming,985,6,44,0.8984375,249.578386,510.7706889,685.2268664,-0.9506783808,683.7071043,686.7466285,-0.9668292209,-0.9345275407,0.1120267197
cyan_forming,986,6,44,0.90234375,249.6212656,511.0106851,685.333553,-0.9570160834,683.8137909,686.853315,-0.9731669235,-0.9408652433,0.1104037733
cyan_forming,987,6,44,0.90625,249.664437,511.2506341,685.4409658,-0.9633525433,683.9212037,686.9607279,-0.9795033835,-0.9472017032,0.1088046501
cyan_forming,988,6,44,0.91015625,249.7079034,511.4905356,685.5491124,-0.9696877476,684.0293503,687.0688745,-0.9858385877,-0.9535369075,0.1072289992
cyan_forming,989,6,44,0.9140625,249.7516678,511.7303891,685.6580003,-0.9760216829,684.1382382,687.1777623,-0.992172523,-0.9598708428,0.1056764747
cyan_forming,990,6,44,0.91796875,249.7957331,511.970194,685.767637,-0.9823543361,684.247875,687.2873991,-0.9985051762,-0.966203496,0.1041467361
cyan_forming,991,6,44,0.921875,249.8401024,512.2099499,685.8780302,-0.9886856941,684.3582681,687.3977922,-1.004836534,-0.972534854,0.1026394476
cyan_forming,992,6,44,0.92578125,249.8847787,512.4496562,685.9891873,-0.9950157438,684.4694252,687.5089493,-1.011166584,-0.9788649036,0.1011542784
cyan_forming,993,6,44,0.9296875,249.9297652,512.6893125,686.1011158,-1.001344472,684.5813538,687.6208779,-1.017495312,-0.9851936317,0.09969090261
cyan_forming,994,6,44,0.93359375,249.9750647,512.9289182,686.2138234,-1.007671865,684.6940614,687.7335855,-1.023822705,-0.9915210251,0.0982489991
cyan_forming,995,6,44,0.9375,250.0206804,513.1684729,686.3273176,-1.013997911,684.8075555,687.8470797,-1.030148751,-0.9978470707,0.09682825142
cyan_forming,996,6,44,0.94140625,250.0666153,513.4079761,686.4416059,-1.020322595,684.9218438,687.9613679,-1.036473435,-1.004171755,0.09542834778
cyan_forming,997,6,44,0.9453125,250.1128723,513.6474272,686.5566958,-1.026645906,685.0369338,688.0764579,-1.042796746,-1.010495066,0.09404898096
cyan_forming,998,6,44,0.94921875,250.1594546,513.8868258,686.6725949,-1.032967829,685.1528329,688.192357,-1.049118669,-1.016816989,0.09268984826
cyan_forming,999,6,44,0.953125,250.2063652,514.1261713,686.7893108,-1.039288351,685.2695487,688.3090729,-1.055439192,-1.023137511,0.0913506514
cyan_forming,1000,6,44,0.95703125,250.253607,514.3654633,686.906851,-1.04560746,685.3870889,688.426613,-1.061758301,-1.02945662,0.09003109652
cyan_forming,1001,6,44,0.9609375,250.3011832,514.6047013,687.0252229,-1.051925143,685.5054609,688.544985,-1.068075983,-1.035774303,0.08873089403
cyan_forming,1002,6,44,0.96484375,250.3490967,514.8438848,687.1444343,-1.058241385,685.6246722,688.6641963,-1.074392225,-1.042090545,0.08744975863
cyan_forming,1003,6,44,0.96875,250.3973507,515.0830132,687.2644925,-1.064556174,685.7447305,688.7842546,-1.080707014,-1.048405334,0.08618740919
cyan_forming,1004,6,44,0.97265625,250.445948,515.3220861,687.3854052,-1.070869497,685.8656432,688.9051673,-1.087020337,-1.054718657,0.08494356873
cyan_forming,1005,6,44,0.9765625,250.4948918,515.561103,687.50718,-1.077181341,685.9874179,689.026942,-1.093332181,-1.0610305,0.08371796431
cyan_forming,1006,6,44,0.98046875,250.5441851,515.8000634,687.6298242,-1.083491691,686.1100621,689.1495863,-1.099642532,-1.067340851,0.08251032704
cyan_forming,1007,6,44,0.984375,250.5938309,516.0389667,687.7533455,-1.089800537,686.2335835,689.2731076,-1.105951377,-1.073649697,0.08132039197
cyan_forming,1008,6,44,0.98828125,250.6438323,516.2778126,687.8777515,-1.096107863,686.3579894,689.3975135,-1.112258703,-1.079957023,0.08014789802
cyan_forming,1009,6,44,0.9921875,250.6941922,516.5166004,688.0030496,-1.102413657,686.4832875,689.5228117,-1.118564498,-1.086262817,0.07899258798
cyan_forming,1010,6,44,0.99609375,250.7449138,516.7553297,688.1292474,-1.108717907,686.6094854,689.6490095,-1.124868747,-1.092567067,0.07785420842
cyan_forming,1011,6,44,1,250.796,516.994,688.2563525,-1.115020597,686.7365904,689.7761146,-1.131171438,-1.098869757,0.07673250963
cyan_forming,1012,6,45,0.05,250.84425,517.2352,688.376401,-1.121390091,686.8566389,689.8961631,-1.137540932,-1.105239251,0.07561533987
cyan_forming,1013,6,45,0.1,250.8925,517.4764,688.4964495,-1.127759586,686.9766874,690.0162115,-1.143910426,-1.111608745,0.07451443529
cyan_forming,1014,6,45,0.15,250.94075,517.7176,688.6164979,-1.13412908,687.0967359,690.13626,-1.15027992,-1.117978239,0.07342955908
cyan_forming,1015,6,45,0.2,250.989,517.9588,688.7365464,-1.140498574,687.2167844,690.2563085,-1.156649414,-1.124347733,0.07236047789
cyan_forming,1016,6,45,0.25,251.03725,518.2,688.8565949,-1.146868068,687.3368328,690.376357,-1.163018908,-1.130717227,0.07130696175
cyan_forming,1017,6,45,0.3,251.0855,518.4412,688.9766434,-1.153237562,687.4568813,690.4964054,-1.169388402,-1.137086722,0.07026878403
cyan_forming,1018,6,45,0.35,251.13375,518.6824,689.0966918,-1.159607056,687.5769298,690.6164539,-1.175757896,-1.143456216,0.06924572144
cyan_forming,1019,6,45,0.4,251.182,518.9236,689.2167403,-1.16597655,687.6969783,690.7365024,-1.18212739,-1.14982571,0.06823755389
cyan_forming,1020,6,45,0.45,251.23025,519.1648,689.3367888,-1.172346044,687.8170267,690.8565509,-1.188496884,-1.156195204,0.06724406453
cyan_forming,1021,6,45,0.5,251.2785,519.406,689.4568373,-1.178715538,687.9370752,690.9765993,-1.194866378,-1.162564698,0.06626503966
cyan_forming,1022,6,45,0.55,251.32675,519.6472,689.5768858,-1.185085032,688.0571237,691.0966478,-1.201235872,-1.168934192,0.06530026868
cyan_forming,1023,6,45,0.6,251.375,519.8884,689.6969342,-1.191454526,688.1771722,691.2166963,-1.207605366,-1.175303686,0.06434954407
cyan_forming,1024,6,45,0.65,251.42325,520.1296,689.8169827,-1.19782402,688.2972206,691.3367448,-1.21397486,-1.18167318,0.06341266132
cyan_forming,1025,6,45,0.7,251.4715,520.3708,689.9370312,-1.204193514,688.4172691,691.4567932,-1.220344354,-1.188042674,0.0624894189
cyan_forming,1026,6,45,0.75,251.51975,520.612,690.0570797,-1.210563008,688.5373176,691.5768417,-1.226713848,-1.194412168,0.06157961823
cyan_forming,1027,6,45,0.8,251.568,520.8532,690.1771281,-1.216932502,688.6573661,691.6968902,-1.233083342,-1.200781662,0.06068306359
cyan_forming,1028,6,45,0.85,251.61625,521.0944,690.2971766,-1.223301996,688.7774145,691.8169387,-1.239452836,-1.207151156,0.05979956214
cyan_forming,1029,6,45,0.9,251.6645,521.3356,690.4172251,-1.22967149,688.897463,691.9369872,-1.24582233,-1.21352065,0.05892892383
cyan_forming,1030,6,45,0.95,251.71275,521.5768,690.5372736,-1.236040984,689.0175115,692.0570356,-1.252191824,-1.219890144,0.05807096138
cyan_forming,1031,6,45,1,251.761,521.818,690.657322,-1.242410478,689.13756,692.1770841,-1.258561318,-1.226259638,0.05722549025
cyan_forming,1032,6,46,0.04545454545,251.8107727,522.0562727,690.7811591,-1.24870267,689.2613971,692.3009212,-1.26485351,-1.23255183,0.05640236698
cyan_forming,1033,6,46,0.09090909091,251.8605455,522.2945455,690.9049962,-1.254994862,689.3852342,692.4247583,-1.271145702,-1.238844022,0.05559108339
cyan_forming,1034,6,46,0.1363636364,251.9103182,522.5328182,691.0288333,-1.261287054,689.5090713,692.5485954,-1.277437894,-1.245136214,0.0547914692
cyan_forming,1035,6,46,0.1818181818,251.9600909,522.7710909,691.1526704,-1.267579246,689.6329084,692.6724325,-1.283730086,-1.251428406,0.05400335654
cyan_forming,1036,6,46,0.2272727273,252.0098636,523.0093636,691.2765075,-1.273871438,689.7567455,692.7962696,-1.290022278,-1.257720598,0.05322657997
cyan_forming,1037,6,46,0.2727272727,252.0596364,523.2476364,691.4003446,-1.28016363,689.8805826,692.9201067,-1.29631447,-1.26401279,0.05246097646
cyan_forming,1038,6,46,0.3181818182,252.1094091,523.4859091,691.5241817,-1.286455822,690.0044197,693.0439438,-1.302606662,-1.270304982,0.05170638527
cyan_forming,1039,6,46,0.3636363636,252.1591818,523.7241818,691.6480188,-1.292748014,690.1282568,693.1677809,-1.308898854,-1.276597174,0.05096264802
cyan_forming,1040,6,46,0.4090909091,252.2089545,523.9624545,691.7718559,-1.299040206,690.2520939,693.291618,-1.315191046,-1.282889366,0.05022960857
cyan_forming,1041,6,46,0.4545454545,252.2587273,524.2007273,691.895693,-1.305332398,690.375931,693.4154551,-1.321483238,-1.289181558,0.04950711306
cyan_forming,1042,6,46,0.5,252.3085,524.439,692.0195301,-1.31162459,690.4997681,693.5392922,-1.32777543,-1.29547375,0.04879500983
cyan_forming,1043,6,46,0.5454545455,252.3582727,524.6772727,692.1433672,-1.317916782,690.6236052,693.6631293,-1.334067622,-1.301765942,0.04809314938
cyan_forming,1044,6,46,0.5909090909,252.4080455,524.9155455,692.2672043,-1.324208974,690.7474423,693.7869664,-1.340359814,-1.308058134,0.04740138439
cyan_forming,1045,6,46,0.6363636364,252.4578182,525.1538182,692.3910414,-1.330501166,690.8712794,693.9108035,-1.346652006,-1.314350326,0.04671956966
cyan_forming,1046,6,46,0.6818181818,252.5075909,525.3920909,692.5148785,-1.336793358,690.9951165,694.0346406,-1.352944198,-1.320642518,0.04604756205
cyan_forming,1047,6,46,0.7272727273,252.5573636,525.6303636,692.6387156,-1.34308555,691.1189536,694.1584777,-1.35923639,-1.32693471,0.0453852205
cyan_forming,1048,6,46,0.7727272727,252.6071364,525.8686364,692.7625527,-1.349377742,691.2427907,694.2823148,-1.365528582,-1.333226902,0.04473240597
cyan_forming,1049,6,46,0.8181818182,252.6569091,526.1069091,692.8863898,-1.355669934,691.3666278,694.4061519,-1.371820774,-1.339519094,0.04408898144
cyan_forming,1050,6,46,0.8636363636,252.7066818,526.3451818,693.0102269,-1.361962126,691.4904649,694.529989,-1.378112966,-1.345811286,0.04345481183
cyan_forming,1051,6,46,0.9090909091,252.7564545,526.5834545,693.134064,-1.368254318,691.614302,694.6538261,-1.384405158,-1.352103478,0.04282976403
cyan_forming,1052,6,46,0.9545454545,252.8062273,526.8217273,693.2579011,-1.37454651,691.7381391,694.7776632,-1.39069735,-1.35839567,0.04221370683
cyan_forming,1053,6,46,1,252.856,527.06,693.3817382,-1.380838702,691.8619762,694.9015003,-1.396989542,-1.364687862,0.0416065109
cyan_forming,1054,6,47,0.04166666667,252.907875,527.2994167,693.5108059,-1.387161103,691.9910438,695.030568,-1.403311943,-1.371010263,0.04100519646
cyan_forming,1055,6,47,0.08333333333,252.95975,527.5388333,693.6398736,-1.393483504,692.1201115,695.1596356,-1.409634344,-1.377332663,0.04041257247
cyan_forming,1056,6,47,0.125,253.011625,527.77825,693.7689412,-1.399805904,692.2491792,695.2887033,-1.415956744,-1.383655064,0.03982851332
cyan_forming,1057,6,47,0.1666666667,253.0635,528.0176667,693.8980089,-1.406128305,692.3782468,695.417771,-1.422279145,-1.389977465,0.03925289523
cyan_forming,1058,6,47,0.2083333333,253.115375,528.2570833,694.0270765,-1.412450705,692.5073145,695.5468386,-1.428601546,-1.396299865,0.03868559622
cyan_forming,1059,6,47,0.25,253.16725,528.4965,694.1561442,-1.418773106,692.6363821,695.6759063,-1.434923946,-1.402622266,0.03812649604
cyan_forming,1060,6,47,0.2916666667,253.219125,528.7359167,694.2852119,-1.425095507,692.7654498,695.8049739,-1.441246347,-1.408944667,0.03757547621
cyan_forming,1061,6,47,0.3333333333,253.271,528.9753333,694.4142795,-1.431417907,692.8945175,695.9340416,-1.447568747,-1.415267067,0.03703241995
cyan_forming,1062,6,47,0.375,253.322875,529.21475,694.5433472,-1.437740308,693.0235851,696.0631093,-1.453891148,-1.421589468,0.03649721216
cyan_forming,1063,6,47,0.4166666667,253.37475,529.4541667,694.6724149,-1.444062709,693.1526528,696.1921769,-1.460213549,-1.427911868,0.03596973941
cyan_forming,1064,6,47,0.4583333333,253.426625,529.6935833,694.8014825,-1.450385109,693.2817205,696.3212446,-1.466535949,-1.434234269,0.03544988991
cyan_forming,1065,6,47,0.5,253.4785,529.933,694.9305502,-1.45670751,693.4107881,696.4503122,-1.47285835,-1.44055667,0.0349375535
cyan_forming,1066,6,47,0.5416666667,253.530375,530.1724167,695.0596178,-1.46302991,693.5398558,696.5793799,-1.479180751,-1.44687907,0.03443262158
cyan_forming,1067,6,47,0.5833333333,253.58225,530.4118333,695.1886855,-1.469352311,693.6689234,696.7084476,-1.485503151,-1.453201471,0.03393498714
cyan_forming,1068,6,47,0.625,253.634125,530.65125,695.3177532,-1.475674712,693.7979911,696.8375152,-1.491825552,-1.459523872,0.03344454473
cyan_forming,1069,6,47,0.6666666667,253.686,530.8906667,695.4468208,-1.481997112,693.9270588,696.9665829,-1.498147952,-1.465846272,0.03296119039
cyan_forming,1070,6,47,0.7083333333,253.737875,531.1300833,695.5758885,-1.488319513,694.0561264,697.0956506,-1.504470353,-1.472168673,0.03248482168
cyan_forming,1071,6,47,0.75,253.78975,531.3695,695.7049562,-1.494641913,694.1851941,697.2247182,-1.510792754,-1.478491073,0.03201533765
cyan_forming,1072,6,47,0.7916666667,253.841625,531.6089167,695.8340238,-1.500964314,694.3142618,697.3537859,-1.517115154,-1.484813474,0.0315526388
cyan_forming,1073,6,47,0.8333333333,253.8935,531.8483333,695.9630915,-1.507286715,694.4433294,697.4828535,-1.523437555,-1.491135875,0.03109662707
cyan_forming,1074,6,47,0.875,253.945375,532.08775,696.0921591,-1.513609115,694.5723971,697.6119212,-1.529759955,-1.497458275,0.0306472058
cyan_forming,1075,6,47,0.9166666667,253.99725,532.3271667,696.2212268,-1.519931516,694.7014647,697.7409889,-1.536082356,-1.503780676,0.03020427975
cyan_forming,1076,6,47,0.9583333333,254.049125,532.5665833,696.3502945,-1.526253917,694.8305324,697.8700565,-1.542404757,-1.510103076,0.02976775506
cyan_forming,1077,6,47,1,254.101,532.806,696.4793621,-1.532576317,694.9596001,697.9991242,-1.548727157,-1.516425477,0.02933753919
cyan_forming,1078,6,48,0.03846153846,254.1553077,533.05,696.6144825,-1.539019752,695.0947204,698.1342445,-1.555170592,-1.522868912,0.02890548414
cyan_forming,1079,6,48,0.07692307692,254.2096154,533.294,696.7496028,-1.545463187,695.2298407,698.2693648,-1.561614027,-1.529312347,0.02847979197
cyan_forming,1080,6,48,0.1153846154,254.2639231,533.538,696.8847231,-1.551906622,695.364961,698.4044852,-1.568057463,-1.535755782,0.02806036898
cyan_forming,1081,6,48,0.1538461538,254.3182308,533.782,697.0198434,-1.558350058,695.5000814,698.5396055,-1.574500898,-1.542199217,0.02764712286
cyan_forming,1082,6,48,0.1923076923,254.3725385,534.026,697.1549638,-1.564793493,695.6352017,698.6747258,-1.580944333,-1.548642653,0.02723996263
cyan_forming,1083,6,48,0.2307692308,254.4268462,534.27,697.2900841,-1.571236928,695.770322,698.8098462,-1.587387768,-1.555086088,0.02683879866
cyan_forming,1084,6,48,0.2692307692,254.4811538,534.514,697.4252044,-1.577680363,695.9054423,698.9449665,-1.593831203,-1.561529523,0.02644354265
cyan_forming,1085,6,48,0.3076923077,254.5354615,534.758,697.5603247,-1.584123798,696.0405627,699.0800868,-1.600274638,-1.567972958,0.02605410758
cyan_forming,1086,6,48,0.3461538462,254.5897692,535.002,697.6954451,-1.590567233,696.175683,699.2152071,-1.606718073,-1.574416393,0.02567040775
cyan_forming,1087,6,48,0.3846153846,254.6440769,535.246,697.8305654,-1.597010668,696.3108033,699.3503275,-1.613161508,-1.580859828,0.02529235867
cyan_forming,1088,6,48,0.4230769231,254.6983846,535.49,697.9656857,-1.603454103,696.4459236,699.4854478,-1.619604943,-1.587303263,0.02491987714
cyan_forming,1089,6,48,0.4615384615,254.7526923,535.734,698.100806,-1.609897538,696.581044,699.6205681,-1.626048378,-1.593746698,0.02455288116
cyan_forming,1090,6,48,0.5,254.807,535.978,698.2359264,-1.616340973,696.7161643,699.7556884,-1.632491813,-1.600190133,0.02419128994
cyan_forming,1091,6,48,0.5384615385,254.8613077,536.222,698.3710467,-1.622784408,696.8512846,699.8908088,-1.638935249,-1.606633568,0.02383502389
cyan_forming,1092,6,48,0.5769230769,254.9156154,536.466,698.506167,-1.629227843,696.986405,700.0259291,-1.645378684,-1.613077003,0.02348400459
cyan_forming,1093,6,48,0.6153846154,254.9699231,536.71,698.6412873,-1.635671279,697.1215253,700.1610494,-1.651822119,-1.619520438,0.02313815475
cyan_forming,1094,6,48,0.6538461538,255.0242308,536.954,698.7764077,-1.642114714,697.2566456,700.2961697,-1.658265554,-1.625963874,0.02279739827
cyan_forming,1095,6,48,0.6923076923,255.0785385,537.198,698.911528,-1.648558149,697.3917659,700.4312901,-1.664708989,-1.632407309,0.02246166011
cyan_forming,1096,6,48,0.7307692308,255.1328462,537.442,699.0466483,-1.655001584,697.5268863,700.5664104,-1.671152424,-1.638850744,0.02213086639
cyan_forming,1097,6,48,0.7692307692,255.1871538,537.686,699.1817686,-1.661445019,697.6620066,700.7015307,-1.677595859,-1.645294179,0.02180494427
cyan_forming,1098,6,48,0.8076923077,255.2414615,537.93,699.316889,-1.667888454,697.7971269,700.836651,-1.684039294,-1.651737614,0.02148382203
cyan_forming,1099,6,48,0.8461538462,255.2957692,538.174,699.4520093,-1.674331889,697.9322472,700.9717714,-1.690482729,-1.658181049,0.02116742896
cyan_forming,1100,6,48,0.8846153846,255.3500769,538.418,699.5871296,-1.680775324,698.0673676,701.1068917,-1.696926164,-1.664624484,0.02085569542
cyan_forming,1101,6,48,0.9230769231,255.4043846,538.662,699.7222499,-1.687218759,698.2024879,701.242012,-1.703369599,-1.671067919,0.0205485528
cyan_forming,1102,6,48,0.9615384615,255.4586923,538.906,699.8573703,-1.693662194,698.3376082,701.3771323,-1.709813034,-1.677511354,0.02024593348
cyan_forming,1103,6,48,1,255.513,539.15,699.9924906,-1.700105629,698.4727285,701.5122527,-1.71625647,-1.683954789,0.01994777085
